content_id,content_type_id,content_type_name,title,address,zipcode,longitude,latitude,overview,homepage,contact,hours,fees,parking,closed_days,restroom,credit_card,detail_information,region_code,signgu_code,large_category_code,large_category_name,middle_category_code,middle_category_name,small_category_code,small_category_name,Score_Nature,Score_Food,Score_Photo,Score_Culture,Score_Activity,Score_Shopping,market_days,sale_items,stay_time_minutes,stay_min,stay_max,stay_src,satisfaction_score,qual,qual_rel,qual_category,satisfaction_src
1861656,12,관광지,1100고지습지,제주특별자치도 서귀포시 1100로 1555,63554,126.4630149420,33.3576728826,"1100고지 습지는 한라산 고원지대에 형성된 대표적인 산지습지로서 16개 이상의 습지가 불연속적으로 분포하고 있으며, 이 습지들을 따라 2009년 습지보호지역이 설정되었으며 같은 해에 람사르 습지에 등록되었다. 1100고지 습지의 동물과 식생환경에 대한 안내문이 탐방로 곳곳에 설치되어 있어 습지의 정보를 알 수 있다. 이곳에는 한라산에서만 서식하는 멸종위기 1급의 야생동물인 매와 야생생물 등이 존재하고 있으며, 습지의 낮은 곳에 고여있는 물은 야생동물의 식수원 역할을 하고 있다. 습지 안에는 나무로 이루어진 자연 생태 탐방로가 있어 걸으면서 습지를 관람할 수 있다. / (출처 : 비짓제주 홈페이지)",https://www.visitjeju.net,제주시 관광정보센터 064-740-6000,상시 개방,무료,가능,연중무휴,Unknown,없음,입 장 료: 무료,50,130,NA,자연관광,NA03,자연생태,NA030400,생태습지,100,0,80,50,70,0,,,30,15,45,observed,0.9062,1.0,0.4512,0.829,blend
4039339,12,관광지,1100도로,제주특별자치도 서귀포시 대포동 산6-2,697825,126.458399,33.301492,"제주특별자치도 서귀포시에 위치한 1100도로는 한라산 중턱을 가로지르는 드라이브 코스로 유명한 곳이다. 한라산 서쪽 해발 1,100m를 정점으로 하는 곳이라 이름도 1100도로다. 사계절 내내 경관이 아름다워 제주 여행 필수 코스로 자리매김하고 있다. 봄과 여름에는 푸릇푸릇한 모습을, 겨울에는 하얀 눈으로 뒤덮인 아름다운 설경도 마주할 수 있다.",Unknown,서귀포종합관광안내소 064-732-1330,상시 개방,무료,불가능,연중무휴,Unknown,Unknown,입장료: 무료,50,130,NA,자연관광,NA05,기타자연관광,NA050100,기타자연관광,90,0,90,0,70,0,,,30,15,45,category,0.8465,,0.0,0.8465,category
2740067,12,관광지,5.16 도로숲터널,제주특별자치도 서귀포시 남원읍 신례천로 267-110,63608,126.6304291801,33.3140386947,"5.16 도로숲터널은 제주에서 최초로 개통된 국도로 제주시와 서귀포를 이어주는 길이다. 한라산 성판악 휴게소를 기점으로 서귀포 방향으로 구불구불한 길을 따라가다 보면 2.6㎞ 지점에서부터 약 1.2㎞가량에 이르는 도로 주변에 상록수와 낙엽수가 아치형으로 도로를 감싸고 있는 듯한 숲 터널을 이루고 있다. 숲 터널이 시작되는 북쪽 입구에는 ‘천천히 달리면 더 아름다운 길’이라는 문구가 적힌 표지판이 설치되어 있다. 이곳은 도로의 폭이 좁고 커브가 많아 사고의 위험이 있으니 주의해야 하며, 아름다운 숲 터널의 풍경을 감상하기 위해서도 천천히 서행해야 한다. 제주의 한라산 산기슭에 자리하여 사계절 내내 다양한 자연의 모습을 만날 수 있다. 길 양쪽에서 뻗어 나와 하늘을 감싸 안듯 구부러진 나무들이 여름엔 시원한 그늘을, 가을엔 붉은 단풍을, 겨울엔 눈부신 설경을 선사한다. 아름다운 산속 터널을 천천히 달리며 제주의 사계절을 느껴볼 수 있는 숲 터널이다.",비짓제주 https://www.visitjeju.net,064-710-8590,상시개방,무료,불가능,연중무휴,Unknown,Unknown,입 장 료: 무료,50,130,VE,문화관광,VE01,랜드마크관광,VE010600,터널,90,0,90,50,40,0,,,30,15,45,category,0.7774,,0.0,0.7774,category
1884191,12,관광지,가마오름,제주특별자치도 제주시 한경면 청수리 1205,63007,126.2466098987,33.3057279944,"제주시 한경면 수룽이마을 뒷산으로 마을 남동쪽 약 500m 지점에 있는 오름이다. 수룡동 마을안길로 들어가면 쉽게 오를 수 있다. 오름산모양이 가마솥을 엎어 놓은 모양과 같이 생겼다 하여 가마오름이라 부르고 있으나, 학자들의 어원적 해석에 의하면 가마는 감에서 나온 것이고, 감은 북방어로 신 또는 신성하고 거룩하다는 뜻으로 해석하고 있다. 즉, 가마오름은 신령스러운 산이라는 뜻으로 풀이하고 있다. 주봉인 남쪽 봉우리를 중심으로 북쪽으로 뻗은 등성마루에는 언덕 같은 봉우리가 솟아 있고, 완만한 동사면은 북동쪽으로 말굽형 화구를 이루며 얕고 넓게 벌어져 있으며 붉은 송이로 이루어져 있다. 해송과 잡목이 어우러져 숲을 이루고 있으며, 풀밭에는 술패렝이꽃이 여기저기 보인다. 이 오름에는 일제 강점기 때 일본군이 주둔했던 곳으로, 지금도 인공적으로 파인 수직굴이 여러 개 산재해 있다.",http://www.visitjeju.net,제주시 관광정보센터 064-740-6000,※ 일부 출입이 제한되거나 통제되므로 방문 시 전화문의 요망,무료,불가능,연중무휴,없음,없음,화장실: 없음 | 입 장 료: 무료,50,110,NA,자연관광,NA01,자연경관(산),NA010100,"산, 고개, 오름, 봉우리",80,0,70,60,60,0,,,60,45,75,category,0.8706,,0.0,0.8706,category
1884505,12,관광지,가문이오름(감은이오름),제주특별자치도 서귀포시 표선면 가시리,63623,126.6876111209,33.4018299117,"가문이오름은 제주특별자치도 제주시 구좌읍 송당리에 있는 봉우리이며, 성불오름 바로 서쪽에 나지막하게 자리한 오름을 이른다. 붉은오름과 마주하고 있는 이곳은 오름의 중턱에 삼나무와 해송이 숲이 우거져 있으며 그 위로는 낙엽수림이 있다. 가문이오름이란 이름은 숲이 우거져 검게 보인다고 하여 지어진 것이다. 말굽형 분화구 모양인 오름에는 흰 노루귀, 분홍 노루귀 등의 생소한 야생화가 자라고 있으며, 분화구 내에 울창한 숲이 음산한 기운을 띠고 있어 신령스러운 산이라는 의미도 있다. 붉은오름뿐만 아니라 구두리오름, 쳇망오름 등 여러 오름과 함께 오름 군락도 형성되어 같이 둘러보기에 좋다. 근처 가 볼 만한 곳으로는 물영아리오름, 부영컨드리클럽이 있다.",http://www.visitjeju.net,064-760-2913,※ 일부 통제될 수 있으므로 방문 시 전화문의 요망,무료,불가능,연중무휴,Unknown,없음,촬영장소: MBC 드라마 '태왕사신기' | 입 장 료: 무료,50,130,NA,자연관광,NA01,자연경관(산),NA010100,"산, 고개, 오름, 봉우리",90,0,80,20,60,0,,,60,45,75,category,0.8706,,0.0,0.8706,category
1884521,12,관광지,가새기오름,제주특별자치도 제주시 오라삼동 2848,63148,126.5038611983,33.4893700755,"가새기오름은 오라동 연미마을 북서쪽에 가로누운 자그마한 화구 없는 원추형 화산체로서, 남북으로 긴 등성이에 해송이 우거져 숲을 이루고 있다. 풍수설에 의하면 이 오름 남쪽에 있는 민오름이 개의 형국이고, 그 밑에 있는 이 오름은 어미개에 딸린 강아지의 형국이라는 것에서 [개새끼오름]이라 불리고 있다. 어미개와 강아지가 어울린 모습에 개의 젖가슴을 상징하는 지세라 하여 북서쪽 오름 자락은 예로부터 길지로 꼽혀왔다고 한다.",https://www.visitjeju.net/kr,제주관광정보센터 064-740-6000,상시 개방,무료,불가능,연중무휴,Unknown,Unknown,입 장 료: 무료,50,110,NA,자연관광,NA01,자연경관(산),NA010100,"산, 고개, 오름, 봉우리",80,0,70,40,50,0,,,60,45,75,category,0.8706,,0.0,0.8706,category
1885746,12,관광지,가세오름,제주특별자치도 서귀포시 표선면 녹산로 554,63622,126.7231832338,33.3931758821,"가세는 제주도 방언으로 가위라는 뜻을 의미한다. 표선면에 위치한 가세오름은 산봉우리가 두 갈래로 나누어진 말굽형의 오름이다. 또한 오름의 형태가 가위처럼 보인다 하여 가세오름으로 불린다. 가세 오름에는 5개의 암설류인 봉우리인 염통 오름, 족은 염통, 달 모루, 진동산, 숨골왓이 있다. 하지만 이 봉우리들은 덤불로 가로막고 있으며 탐방로도 있지 않아 발견하기는 어렵다. 가세 오름 초행길은 안내 표지판이 있으나 탐방로가 복잡하여 헤맬 수 있으니 주의를 요한다. 또한 가시덤불로 인해 상처를 입을 위험이 있어 긴 바지를 입고 가는 것이 좋다. 북쪽 봉우리에는 이동통신사 기지국이 있고 남쪽 봉우리 정상에는 초소가 있어 이동 위치를 쉽게 파악할 수 있다. 오름의 정상에 도착하여 경방 초소에 오르면 가시리의 오름 군락들을 조망할 수 있다.",https://www.visitjeju.net,제주시 관광정보센터 064-740-6000,※ 일부 통제될 수 있으므로 방문 시 전화문의 요망,무료,가능,연중무휴,Unknown,없음,입 장 료: 무료,50,130,NA,자연관광,NA01,자연경관(산),NA010100,"산, 고개, 오름, 봉우리",90,0,80,10,70,0,,,60,45,75,category,0.8706,,0.0,0.8706,category
3026711,12,관광지,가시리국산화풍력발전단지,제주특별자치도 서귀포시 표선면 녹산로 464-78,63622,126.7341100468,33.3939370848,"제주도 서귀포시 동남쪽 끝에 위치한 표선면 가시리는 제주도 내에서 아직 개발되지 않은 지역이라고 할 수 있는데 2009년 1월 국내 최초 지역주민 참여 방식으로 진행된 풍력발전단지 부지 선정 공모에서 최종 부지로 낙점됨에 따라 마을이 새롭게 변화되어 가고 있다. 가시리국산화풍력발전단지는 광활한 평원에 유채꽃단지가 조성되어 있는 가시리 공동목장에 들어서 있다. 봄이 되면 유채꽃과 벚꽃의 콜라보레이션을 즐길 수 있는 드라이브 코스로 유명한 녹산로 유채꽃길과 가까운 곳에 있다. 이곳 바람들판의 가을녁엔 빛나는 억새의 향연과 커다란 풍력발전기가 돌아가는 풍경을 볼 수 있는데 이국적인 아름다움을 선사한다. 이곳에서는 뒤로 보이는 풍력발전단지를 배경 삼아 한라산, 돌담과 어우러진 제주 조랑말들과 소들이 평온하게 풀을 뜯어 먹는 장면을 즐길 수 있다. 픙력단지 입구 왼쪽으로는 유채꽃프라자로 가는 길이고 이곳에서 차 한잔하며 카페 계단으로 올라가서 보는 목가적인 경치도 좋다. 카페 뒤쪽에도 유채꽃 단지가 있다.",Unknown,제주 서귀포시 종합관광안내소 064-732-1330,상시 개방,무료,가능,연중무휴,Unknown,Unknown,촬영장소: 바퀴 달린 집4 제주편 촬영(연날리기 장소) | 입 장 료: 무료,50,130,EX,체험관광,EX06,산업관광,EX060900,친환경/신재생에너지,90,40,90,50,60,10,,,75,60,90,blend,0.8444,1.0,0.1813,0.8099,blend
1885754,12,관광지,가시오름,제주특별자치도 서귀포시 대정읍 하모이삼로21번길 1,63507,126.2500169782,33.2236315617,"가시오름은 서귀포시 대정읍 동일리에 있는 오름으로 옛날부터 오름 곳곳에 가시나무(물참나무)가 많이 자라고 있어 가시오름이라는 이름이 붙여졌다. 오름의 정상에는 남서쪽으로 벌어진 말굽형 분화구가 있다. 오름의 동남쪽은 가파르고 서북쪽은 대체로 완만한 편이며 높지 않아 정상까지 오르기 쉽다. 오름 탐방로가 잘 조성되어 있고 주변 모슬포오름과 대정읍 일대를 관망하는 풍경이 좋은 곳이다. 정상부까지 농로가 나 있고, 잡목과 함께 숲이 우거지고 그사이에 예덕나무, 보리수나무 등이 식생 하며, 일부 사면에는 중턱까지 경작지가 조성되어 있다. 내비게이션에 가시오름을 치고 가면 남서쪽 방향 우사 근처 도로변에 주차 가능하고, 다른 번지수 주소 대정동 동일리를 치고 가면 반대편 주차장에 주차 가능하다.",Unknown,제주관광정보센터 064-740-6000,상시 개방,무료,가능,연중무휴,Unknown,Unknown,입 장 료: 무료,50,130,NA,자연관광,NA01,자연경관(산),NA010100,"산, 고개, 오름, 봉우리",90,0,80,10,70,0,,,60,45,75,category,0.8706,,0.0,0.8706,category
3410648,12,관광지,가을동화 감귤밭,제주특별자치도 서귀포시 남원읍 하례로 504,63607,126.61653673940317,33.291322899887895,"가을동화 감귤밭은 남녀노소 아이들과 어른들 가릴 것 없이 누구나 즐겁게 귤 따기를 체험할 수 있는 곳이다. 각종 다양한 TV 프로그램에도 출연했으며, 싱그러운 귤 맛과 아름다운 풍경을 자랑한다. 이곳에서 재배되는 귤은 맛이 좋기로 유명한데 그 이유는 바로 일반적인 감귤 생산 방식이 아닌 타이벡 감귤 재배 방식을 적용하고 있기 때문이다. 귤 따기 체험과 함께 맛있는 귤을 맛보고 싶다면 방문해 보기에 좋다.",Unknown,010-4518-3678,10:00~17:00 (입장 마감 16:30),"[타이벡 감귤따기 체험 3kg] / - 20,000원 / [타이벡 감귤 무제한 시식] / - 10,000원 / ※ 이용요금은 변동될 수 있으므로 네이버 플레이스 참고",가능,2월~8월 ※ 방문 전 전화문의 요망,있음,Unknown,"시설이용료: [타이벡 감귤따기 체험 3kg] / - 20,000원 / [타이벡 감귤 무제한 시식] / - 10,000원 / ※ 이용요금은 변동될 수 있으므로 네이버 플레이스 참고 | 화장실: 있음",50,130,EX,체험관광,EX03,농.산.어촌 체험,EX030300,체험농장,80,60,70,10,90,20,,,30,15,45,category,0.7753,,0.0,0.7753,category
126446,12,관광지,가파도,제주특별자치도 서귀포시 대정읍 가파로,63514,126.273577321075,33.1664033797004,"제주도 부속섬 중 4번째로 큰 섬 가파도는 위에서 내려다보면 바다를 헤엄쳐 가는 가오리 모양을 하고 있다. 이름은 가오리(가파리)를 닮아 가파도가 되었다는 설과 덮개 모양을 닮아 개도(蓋島)로 부르던 것이 가파도라 굳어졌다는 설 등이 있다. 포구 근처에 자전거를 대여하는 곳도 있지만 오르막길이 없어 1~2시간이면 섬 전체를 도보로 둘러볼 수 있다. 또한 가파도 하면 빼놓을 수 없는 것이 청보리이다. 매년 4월 초에서 5월 초에 가파도 청보리 축제가 열리는데, 청보리 밭 걷기, 올레길 보물찾기, 야외 공연 등 다양한 행사가 열린다. 가파도의 보리는 키가 1m를 훌쩍 넘는다. 바람이 조금만 불어도 파도 너울 같은 보리 물결이 넘실댄다. 가파도의 청보리는 돌담과 바다가 어우러져 아름다운 풍경을 자아내면서 지금은 유명한 관광자원이 되었다. 청보리 관광과 올레길이 조성되면서 하루에도 정기적으로 3~4회의 여객선이 왕복 운항하는 섬이 되었다. 드라마 우리들의 블루스 촬영지 / ◎ 한류의 매력을 만나는 여행 정보 - 드라마 / 드라마 ‘우리들의 블루스’ 11, 12화에서 영옥과 정준이 단둘이 여행을 떠나 행복한 시간을 보내는 장소, 바로 가파도다. 시원하게 펼쳐진 푸른 바다와 해안선을 따라 이어지는 풍경은 드라마 속 인물들의 설렘을 고스란히 전해준다.",비짓제주 www.visitjeju.net 가파도 선사 https://www.wonderfulis.co.kr/boarding_guide/boarding_fee,가파리 사무소 064-794-7130,상시 개방 ※ 여객선 운항시간 확인 요망,"유료, 승선왕복요금(해상공원 입장료 포함) / - 성인 15,500원 / - 청소년(중,고등학생) 15,300원 / - 소인(24개월 이상~초등학생) 7,800원 / - 유공자(본인), 경로(만65세) 11,600원 / - 장애인(중증) 보호자1인 포함 7,300원 / - 장애인(경증) 11,600원 / - 군인(의무복무자) 13,800원",가능,연중무휴,Unknown,Unknown,"입장료: 유료, 승선왕복요금(해상공원 입장료 포함) / - 성인 15,500원 / - 청소년(중,고등학생) 15,300원 / - 소인(24개월 이상~초등학생) 7,800원 / - 유공자(본인), 경로(만65세) 11,600원 / - 장애인(중증) 보호자1인 포함 7,300원 / - 장애인(경증) 11,600원 / - 군인(의무복무자) 13,800원",50,130,NA,자연관광,NA02,자연경관(하천‧해양),NA020500,섬,100,0,100,30,70,0,,,120,90,150,observed,0.8542,0.8523,0.8892,0.8695,blend
3344437,12,관광지,가파도 소망전망대,제주특별자치도 서귀포시 대정읍 가파리 513,63514,126.268899,33.169011,"제주도 부속섬 중 4번째로 큰 섬 가파도는 위에서 내려다보면 바다를 헤엄쳐 가는 가오리 모양을 하고 있다. 이름은 가오리(가파리)를 닮아 가파도가 되었다는 설과 덮개 모양을 닮아 개도(蓋島)로 부르던 것이 가파도라 굳어졌다는 설 등이 있다. 포구 근처에 자전거를 대여하는 곳도 있지만 오르막길이 없어 1~2시간이면 섬 전체를 도보로 둘러볼 수 있다. 또한 가파도 하면 빼놓을 수 없는 것이 청보리이다. 매년 4월 초에서 5월 초에 가파도 청보리 축제가 열리는데, 청보리 밭 걷기, 올레길 보물찾기, 야외 공연 등 다양한 행사가 열린다. 가파도의 보리는 키가 1m를 훌쩍 넘는다. 바람이 조금만 불어도 파도 너울 같은 보리 물결이 넘실댄다. 가파도의 청보리는 돌담과 바다가 어우러져 아름다운 풍경을 자아내면서 지금은 유명한 관광 자원이 되었다. 청보리 관광과 올레길이 조성되면서 하루에도 정기적으로 7~8회의 여객선이 왕복 운항하는 섬이 되었다. 가파도 소망전망대는 가파도에서 제일 높은 위치(해발20.5m)에 2.5m 높이로 설치하여 제주 본 섬과 한라산, 마라도, 그리고 푸른 바다를 한눈에 볼 수 있는 최적의 명소이며, 매년 도민의 무사 안녕과 국태 민안을 기원하는 ‘한라산신제’ 처럼 이곳에서 한라산을 향해 설문대 항망에게 소망을 기원할 수 있는 장소이다.",Unknown,064-794-7130,상시 개방,무료,불가,연중무휴,Unknown,Unknown,입장료: 무료,50,130,VE,문화관광,VE01,랜드마크관광,VE010200,타워 / 전망대,90,0,90,40,70,0,,,45,30,60,blend,0.8178,1.0,0.1813,0.7774,blend
1887368,12,관광지,각시바위오름,제주특별자치도 서귀포시 호근동 2124,63569,126.5259918298,33.2777271543,"각시바위오름은 기생화산으로 분화구의 형태는 원추형이다. 오름 정상에 있는 각시바위의 이름을 따서 각시바위오름이라고 불리게 되었다. 한자로는 각수악이라 하기도 하고 학의 날갯짓을 닮았다고 하여 학수악이라고도 한다. 오름의 북쪽 사면은 완만하며 숲이 무성하고 반면 남쪽 등성이는 매우 가파르다. 남쪽 등성이는 세 가닥의 등성마루가 뻗어 있는 듯한 모습으로 보인다. 남쪽 경사면 바로 아래 영산사 뒤쪽으로 오르는 등산길이 있으며 길에 깔린 조면암질의 돌들이 독특한 모양과 색을 띠고 있다. 각시바위라는 이름은 한 각시가 이 바위에서 떨어져 죽었다는 열녀 설화에서 따온 것이라고 한다. 정상부는 서귀포 앞바다를 전망할 수 있고, 주변의 좋은 경치로 인해 예로부터 선비들이 풍류를 즐겼던 곳이라고 한다. 주변에 가볼 만한 곳으로는 서귀포 치유의 숲, 엉또폭포, 고근산 등이 있다.",http://www.visitjeju.net,064-710-6032,※ 일부 통제될 수 있으므로 방문 시 전화문의 요망,무료,불가능,연중무휴,없음,없음,화장실: 없음 | 입 장 료: 무료,50,130,NA,자연관광,NA01,자연경관(산),NA010100,"산, 고개, 오름, 봉우리",90,0,80,40,70,0,,,60,45,75,category,0.8706,,0.0,0.8706,category
1887381,12,관광지,갈마못(갈뫼못),제주특별자치도 서귀포시 표선면 성읍리,63624,126.8116979172,33.3873529469,"성읍리 사거리에서 성산으로 가는 도로변 남산봉 입구에 위치해 있는 연못으로 행정구역상 성산읍 신풍리에 해당되지만, 오히려 성읍에 가까워 소유도 성읍리 마을 소유이다. 풍수지리설에 의하면 이 못은 목마른 말이 물을 마시는 것과 같고 또 마소의 급수용으로 이용한 데서 연유하여 갈마못이라는 이름이 붙여졌다고 한다. 자연적으로 조성된 이 못은 아무리 가물어도 물이 마르지 않는다고 하며 중앙의 작은 못에는 돌담이 원형으로 둘러져 있고 예전에 식수로 이용되었던 흔적인 물팡돌이 놓여 있다. 물의 유입은 남산봉 화구 쪽에서 수로를 따라 유입되는 것으로 추정되며 이와 아울러 인위적으로 조성된 우수관이 도로변 밑으로 시설되어 연못으로 유입되고 있다. 못의 일부는 농업용수로 활용하기 위해 60㎡ 정도가 도로 높이로 매립되어 있으며 그 너머로는 농경지가 경작되고 있다. 중앙에 있는 작은 못에는 환경부 지정 보호야생식물인 순채가 군락을 이루며 자생하고 있고, 못의 가장자리 및 중앙부에는 대부분 기장대풀이 우점하고 있는 식생을 보이고 있는데, 전체적으로 기장대풀군락, 송이고랭이군락, 좀어리연꽃군락, 순채군락으로 구분될 수 있다. 기장대풀이 우점하는 지역은 주로 연못의 가장자리를 중심으로 비교적 수심이 10cm 이하로 택사, 골풀, 고마리 등이 분포하고 있다.",Unknown,서귀포시청 공원녹지과 064-760-3192,상시 개방,무료,불가능,연중무휴,Unknown,Unknown,입 장 료: 무료,50,130,NA,자연관광,NA02,자연경관(하천‧해양),NA020400,연못·늪,90,0,70,40,20,0,,,30,15,45,category,0.887,,0.0,0.887,category
635593,12,관광지,갈중이(천연염색체험),제주특별자치도 서귀포시 사계남로216번길 24-61 갈중이,63528,126.3136470705,33.2351126968,"갈중이는 감 재배부터 갈옷 제작과 판매, 천연염색 체험까지 운영하는 곳으로, 3대에 걸쳐 제주의 전통 의상이자 문화유산인 갈옷의 맥을 이어오고 있다. 모든 제작 공정을 제주 현지에서 직접 진행하며, 사계리 산방산 아래에 자리하고 있다. 갈옷은 제주에서 쉽게 구할 수 있는 감을 이용해 만든 전통 의상으로, 예로부터 제주 사람들이 일상복으로 즐겨 입어 왔다. 자외선 차단 효과와 뛰어난 통기성을 갖추고 있으며, 항균 및 탈취 기능이 우수해 실용적인 옷으로 알려져 있다. 입구에는 돌하르방이 놓여 있으며, 내부에서는 감물로 염색한 원단을 살펴볼 수 있다. 뒤편 잔디밭에는 감물 염색 체험이 이루어지는 체험 마당이 마련되어 있으며, 갈옷을 비롯해 감물·쑥물로 염색한 침구류와 다양한 소품도 구매할 수 있다.",공식 홈페이지 http://www.jejumg.com/index.html공식 인스타그램 https://www.instagram.com/galjungi,064-794-1686,09:00~18:00,Unknown,가능,연중무휴,있음,가능,화장실: 있음,50,130,EX,체험관광,EX01,전통체험,EX010100,전통문화체험,50,0,60,80,90,70,,,60,45,75,category,0.8032,,0.0,0.8032,category
1887493,12,관광지,감낭오름,제주특별자치도 서귀포시 안덕면 동광리 산41,63523,126.3497088457,33.3250274801,"감낭오름은 제주특별자치도 서귀포시 안덕면 동광리 북동쪽에 있는 측화산이다. 사면은 완만하고 북동쪽으로 벌어진 말굽형 화구를 이루고 있다. 화구쪽 사면은 풀밭을 이루고 그 외 사면은 삼나무 등이 있다. 감낭오름과 원물오름은 마치 샴쌍둥이처럼 등성이가 맞붙어 있어서, 소나무가 울창한 감낭오름으로 등산한 후에 원물오름으로 이동해 하산하는 코스가 유명하다. 소와 말이 노니는 잔디 탐방로를 지나 30분가량 올라가다 보면 정상에 도달한다. 쾌청한 날이면 감낭오름 정상에서 한라산과 산방산의 풍광과 더불어 국토의 끝자락에 있는 가파도까지 조망할 수 있다. 차량으로 10분 거리에 녹차밭과 녹차 디저트로 유명한 오설록이 있고, 카멜리아힐도 근거리에 있어 둘러보기 좋다.",Unknown,064-760-4351,※ 일부 통제될 수 있으므로 방문 시 전화문의 요망,무료,가능,연중무휴,Unknown,없음,입 장 료: 무료,50,130,NA,자연관광,NA01,자연경관(산),NA010100,"산, 고개, 오름, 봉우리",100,10,90,20,80,0,,,60,45,75,category,0.8706,,0.0,0.8706,category
3082301,12,관광지,감사공묘역,제주특별자치도 제주시 조천읍 함대로 362,63335,126.66113556108903,33.51296425339782,"조천읍 함덕리에 있는 감사공묘역은 조선 초기 한림학사와 전라감사를 역임한 영암 강영 선생의 묘역이다. 강영은 태조 7년(1398) 이방원이 일으킨 왕자의 난 때 왕위 계승 문제로 신덕왕후 소생 이방번과 이방석이 화를 입자, 1402년 제주도로 피신한 후 조천읍 함덕리에 정착하여 한림학사의 해박한 지식으로 지역주민 교육과 후진 양성에 기여하다 생을 마쳤다. 묘역 안에는 조천서원, 개명당 등의 건물이 있으며 봄철 겹벚꽃이 아름다워 이를 보기 위해 관광객이 많이 찾는 곳이며, 스냅사진 촬영 장소로도 인기가 있다. 단, 제주도종친회 사유지로 벚꽃기간에만 개방한다.",Unknown,제주관광정보센터 064-740-6000,※ 제주도종친회 사유지로 벚꽃 기간에만 개방,Unknown,불가능,연중무휴,Unknown,Unknown,Unknown,50,110,HS,역사관광,HS01,역사유적지,HS011000,선사유적지,60,0,80,90,10,0,,,30,15,45,category,0.7874,,0.0,0.7874,category
3056401,12,관광지,감수굴 밭담길,제주특별자치도 제주시 구좌읍 평대7길 34,63360,126.84326807148297,33.53102682077065,"평대리 중동에 위치한 감수굴 밭담길은 고즈넉한 마을의 옛 정취 그대로의 풍경을 즐기며 산책하기 좋은 길이다. 평대리 중동마을회관에서 출발한다. 밭담은 화산섬인 제주도에서 경작을 위해 밭을 개간하면서 흩어져 있는 돌들을 밭 옆에 쌓은 담으로, 밭담의 돌들이 얼기설기 물려있고, 틈새가 있어 태풍에도 무너지지 않으며, 바람으로부터 농작물을 보호하고, 가축의 침입을 예방하기 위하여 쌓았다. 감수굴 밭담길에는 감수굴 우물이 있다. 우물의 물맛이 좋아 감수라 이름이 붙었다고 한다. 감수굴 밭담길은 제주 돌담과 농촌의 문화, 환경을 체험하고, 지역홍보 활성화를 위해 난미 밭담길, 진빌레 밭담길, 물메 밭담길, 어멍아방 밭담길 등과 함께 제주 8대 밭담길로 지정되어 있다.",https://www.visitjeju.net/kr,제주시 관광정보센터 064-740-6000,상시 개방,무료,가능,연중무휴,있음,Unknown,입장료: 무료 | 화장실: 있음,50,110,VE,문화관광,VE04,도시.지역문화관광,VE040200,마을관광지,80,0,70,80,70,0,,,30,15,45,category,0.8279,,0.0,0.8279,category
1887866,12,관광지,갑선이오름,제주특별자치도 서귀포시 표선면 가시리,63623,126.7818122232,33.3608276172,"제주특별자치도 서귀포시 표선면 가시리에 있는 갑선이오름은 남서쪽으로 벌어진 말굽형 굼부리를 가지고 있으며, 오름 서쪽으로 가싯내가 지나가고, 서쪽에 가시리가 아늑하게 자리 잡고 있다. 북서쪽에는 설오름, 남쪽에는 가시오름이 있다. 갑선이오름의 갑선이는 제주 고유어로 보이는데, 그 뜻은 확실하지 않다. 한자 차용 표기로는 갑선악(甲先嶽), 갑선악(甲蟬嶽), 갑선악(甲旋嶽) 등으로 표기했다. 일부에서는 한자 차용 표기 갑선악(甲蟬嶽)의 ‘갑선(甲蟬)’을 중시하여, 허물을 벗지 못한 굼벵이나 매미처럼 생겼다는 데에서 이름이 유래했다고 전해진다. 갑선이오름의 주변 지역에는 주로 묘지와 과수원, 농경지가 조성되어 이용되고 있고, 마을과 오름 사이에 있는 가마천은 세화리 바닷가로 이어져 있다. 또한, 오름 기슭에는 삼나무가 조림되어 있는 한편, 오름 각사면에는 상록수와 낙엽수 등 혼효림의 울창한 숲을 이루고 있다.",Unknown,제주관광정보센터 064-740-6000,※ 통제될 수 있으므로 방문 시 전화문의 요망,무료,불가능,연중무휴,Unknown,Unknown,입산통제 기간: [산불 조심 기간] / - 봄철 : 2월 1일~5월 15일 / - 가을철 : 11월 1일~12월 15일 | 입 장 료: 무료,50,130,NA,자연관광,NA01,자연경관(산),NA010100,"산, 고개, 오름, 봉우리",90,0,80,20,70,0,,,60,45,75,category,0.8706,,0.0,0.8706,category
127050,12,관광지,강정천,제주특별자치도 서귀포시 강정동,63564,126.4890000000,33.2325000000,"옛날부터 물이 많아 마을 이름이 물강(江) 물정(汀)인 서귀포시 최남단 마을로 깨끗함과 아름다움을 그대로 간직하고 있는 강정마을이 있다. 이 마을 동쪽에 위치한 강정천은 한라산의 천연 암반수가 사시사철 흘러내려 수려한 자연환경과 함께 조화를 이루는 명소로 한여름에는 더위를 피하여 찾아오는 피서객으로 만원을 이루고 있다. 제주에서는 보기 힘든 은어가 서식하고 있고, 천연기념물 원앙새가 무리를 지어 날아다니는 광경을 목격할 수도 있다. 강정천은 평소 건천을 이루는 제주의 일반 하천과는 달리 사철 맑은 물이 흐르는 곳이며, 서귀포 식수의 70%를 공급하는 생명의 젖줄이기도 하다. / (출처 : 비짓제주)",https://www.visitjeju.net,대천동 안전총괄과 064-760-4802,상시 개방,무료,가능,연중무휴,있음,Unknown,입장료: 무료 | 화장실: 있음,50,130,NA,자연관광,NA01,자연경관(산),NA010400,계곡,100,0,80,20,60,0,,,60,45,75,observed,0.8898,0.8942,0.9257,0.835,blend
2779517,12,관광지,강정포구,제주특별자치도 서귀포시 말질로 291,63563,126.4750196034,33.2271624839,"해외 휴양지 못지않게 아름다운 자연을 가진 제주도, 그중에서도 서귀포 남쪽 해안을 바라보는 강정포구는 풍광이 멋진 곳으로 알려졌다. 해군 기지가 있는 이곳은 제주 민군 복합형 관광미항이 개장되면서 일반인들도 환상적인 일출과 일몰을 감상할 수 있게 됐다. 강정포구 안쪽으로 연결된 해 오름 노을길은 해안을 따라 걸을 수 있는 산책길이며, 많은 사진작가가 인생 사진을 찍기 위해 자주 찾는 명소이기도 하다. 산책길을 따라 그려진 벽화는 물론, 멀리 보이는 군산 오름, 대평 박수기정, 산방산, 송악산은 한 폭의 그림을 완성한다.",Unknown,064-740-6000,상시 개방,Unknown,가능,연중무휴,Unknown,Unknown,이용가능시설: 해안 산책길,50,130,NA,자연관광,NA02,자연경관(하천‧해양),NA020700,항구/포구,90,0,100,10,60,0,,,75,60,90,blend,0.8311,0.75,0.1813,0.849,blend
3057021,12,관광지,개똥이네농장,제주특별자치도 제주시 조천읍 종인내길 133,63344,126.62278314549967,33.49488846768377,"제주 조천읍에 있는 개똥이네 농장은 귤을 마음껏 따서 먹고 바구니 한가득 귤을 담아가는 체험농장이다. 8월부터 2월까지 감귤 체험을 운영하며, 계절별 꽃 농장을 운영하는데 핑크뮬리(9월 말~11월), 가을꽃(9월~11월), 동백정원(12월~1월), 수국정원(5월 말~7월 초)이 열린다. 또 알파카, 말, 염소에게 먹이를 주는 동물체험도 있다. 다양한 체험활동이 가능하다. 부대 시설로 카페를 운영하고 있어 체험이 끝난 후 차 한 잔 마시며 힐링하는 여유를 가질 수 있는 곳이다. 주변 관광지로는 함덕해수욕장, 삼양해수욕장, 너븐숭이 4·3기념관 등이 있다.",Unknown,064-759-0017,09:00~18:00※ 전화 문의 후 방문 요망,"- 핑크뮬리 꽃밭 5,900원 / - 꽃밭+귤체험(작은바구니) 12,800원 / - 감귤체험(작은바구니) 7,800원 / - 감귤체험(작은바구니)+동물체험 10,800원 / ※ 시기 별로 상이할 수 있음으로 자세한 사항은 전화 문의 요망",가능,연중무휴,있음,Unknown,"입장료: - 핑크뮬리 꽃밭 5,900원 / - 꽃밭+귤체험(작은바구니) 12,800원 / - 감귤체험(작은바구니) 7,800원 / - 감귤체험(작은바구니)+동물체험 10,800원 / ※ 시기 별로 상이할 수 있음으로 자세한 사항은 전화 문의 요망 | 화장실: 있음",50,110,EX,체험관광,EX03,농.산.어촌 체험,EX030300,체험농장,80,40,70,10,90,10,,,30,15,45,category,0.7753,,0.0,0.7753,category
1887873,12,관광지,개오름,제주특별자치도 서귀포시 표선면 성읍이리로57번길 162,63624,126.7682286281,33.4238621040,"개오름은 제주도 서귀포시 표선면에 위치해 있다. 산정부의 남쪽이 정상이고 북쪽은 봉긋한 모양으로 부풀어 올라있어 그 사이가 다소 우묵져 있고, 동서사면으로는 작은 골이 얕게 파여 있는 기생화산체이다. 남동사면에는 해송과 삼나무가 조림되어 있고, 그 외 지역은 풀밭을 이루면서 어린나무와 함께 술패랭이, 가시쑥부쟁이, 낭아초, 피뿌리풀 등이 식생하고 있다. 오름모양이 개모양 같다 하여 개오름이라 부른다는 이야기가 있고 풍수지리의 형국설에서 나온 이름이라고 전해지기도 하며, 이 경우에 개오름은 한자로 狗岳(구악)이라고 표기하고 있다. 옛 지도에는 蓋岳(개악)이라고 표기돼 있는데, 이에 따라 산모양이 蓋(개) 즉, 밥그릇 뚜껑, 혹은 양산처럼 생겼다는 풀이가 있다. 정상까지 오르는 둘레길은 탐방이 가능하지만 둘레길 밑으로는 공동목장으로 원칙적으로는 지정된 코스 외에는 탐방이 불가하다. 특히 5얼에서 6월 말까지는 목장 내 말의 임신기간이어서 말들이 상당히 예민하고 방문객들로 인해 유산하는 경우도 종종 있으니 주의해야 한다.",http://www.visitjeju.net,제주관광정보센터 064-740-6000,상시 개방 / ※ 일부 통제될 수 있으므로 방문 시 전화문의 요망,무료,가능,연중무휴,Unknown,Unknown,입 장 료: 무료,50,130,NA,자연관광,NA01,자연경관(산),NA010100,"산, 고개, 오름, 봉우리",90,0,70,20,70,0,,,60,45,75,category,0.8706,,0.0,0.8706,category
1889809,12,관광지,개오리오름,제주특별자치도 제주시 봉개동,63313,126.6125115262,33.4262287923,"개오리오름은 제주시 조랑말 목장 동쪽의 방송중계탑이 설치되어 있는 오름이다. 크고 작은 세 개의 봉우리로 이루어진 다양한 형태를 갖고 있는 복합형 화산체이며, 개오리오름은 주봉인 송신탑이 서 있는 곳의 오름을 말한다. 족은개오리는 북쪽에 서향으로 벌어진 말굽형 화구를 갖는 것이고, 가운데에 샛개오리라 부르는 원추형의 작은 오름이 있다. 전체적으로 두 개의 말굽형 화구를 갖는 복합형이다. 전사면이 낙엽수, 상록수 등이 울창하게 우거진 자연림을 이루고, 일부에 삼나무, 소나무가 있다. 겨울 한동안은 잎이 다 떨어진 회갈색 사면에 층층으로 늘어선 삼나무 대열이 이채롭다. 산 모양이 개오리(가오리)처럼 생겼다는 이름으로 가오리오름, 개워리오름, 개월오름으로 불리기도 한다.",https://www.visitjeju.net,제주시 관광정보센터 064-740-6000,※ 일부 통제될 수 있으므로 방문 시 전화문의 요망,무료,불가능,연중무휴,없음,없음,화장실: 없음 | 입 장 료: 무료,50,110,NA,자연관광,NA01,자연경관(산),NA010100,"산, 고개, 오름, 봉우리",90,0,80,10,50,0,,,60,45,75,category,0.8706,,0.0,0.8706,category
1889833,12,관광지,갯거리오름,제주특별자치도 서귀포시 대포동,63540,126.4578470138,33.3101086116,"갯거리오름은 도로변에 위치한 거린사슴 동측으로 이어져 있는 오름으로, 거린사슴과 가파른 고갯길을 사이에 두고 갈리어 있는 별개의 원추형 화산체이다. 거린사슴 중턱의 도로가에서는 운전자들이 쉴 수 있는 간이 휴게공간이 마련되어 있어 제주도 남서부지역의 풍광은 물론 서귀포시에서부터 모슬포 해안까지의 바다경치를 만끽할 수 있는 전망대가 되고 있다. 갯거리오름으로 불리고 있는 오름이 한림읍 명월리 문수동 동쪽에도 있다. 오름 남쪽에 제주의 역사가 묻어나는 장소로 당시 희생자들이 묻힌 만벵듸 묘역이 있어 추모의 시간을 가져 볼 수 있다.",Unknown,서귀포종합관광안내소 064-732-1330,상시 개방 / ※ 자세한 사항은 전화문의 요망,무료,불가능,연중무휴,Unknown,Unknown,입 장 료: 무료,50,130,NA,자연관광,NA01,자연경관(산),NA010100,"산, 고개, 오름, 봉우리",90,0,80,40,30,0,,,60,45,75,category,0.8706,,0.0,0.8706,category
1890152,12,관광지,거린사슴,제주특별자치도 서귀포시 1100로 823,63554,126.4543696003,33.3073171985,"거린사슴은 기생화산으로 분화구는 서쪽으로 벌어진 말굽형의 형태이다. 한라산 중턱에 있는 오름 중에 사슴과 관련된 이름으로 지어진 오름 중의 하나이며 실제로 사슴이 살았다고 해서 거린사슴이라 불리고 있으며, 거리다는 갈라지다의 옛말로 오름이 두 개의 봉우리로 갈리어져 있음을 말한다. 도로가 오름을 관통하여 지나며 오름의 기슭에는 휴게소 겸 전망대가 만들어져 있다. 이 전망대는 탁 트인 풍경과 서귀포 시내를 한눈에 내려다볼 수 있다. 오름의 전사면 둘레에는 많은 나무가 자라 무성한 숲을 이루며, 동쪽에 갯거리오름이 있고 서귀포 자연휴양림이 위치한다. 거린사슴은 오름 등반, 서귀포 시내 조망, 피톤치드 가득한 숲길 산책까지 일석삼조를 얻을 수 있는 관광지이다.",Unknown,제주시 관광정보센터 064-740-6000,상시 개방,무료,가능,연중무휴,Unknown,없음,입산통제 기간: 산불방지 및 자연생태계 보전으로 인한 입산 통제 / * 봄철 2월 1일 ~ 5월 15일 / * 가을철 11월 1일 ~ 12월 15일 / ※ 기상현황에 따라 변동 가능 / 방문전 확인 요망 | 입 장 료: 무료,50,130,NA,자연관광,NA01,자연경관(산),NA010100,"산, 고개, 오름, 봉우리",90,0,80,10,70,0,,,60,45,75,category,0.8706,,0.0,0.8706,category
3015782,12,관광지,거린사슴전망대,제주특별자치도 서귀포시 1100로 791 (대포동),63554,126.4547,33.3075,"거린사슴전망대는 거린사슴오름의 기슭에 있는 전망대이다. 1100도로 서귀포자연휴양림에서 서귀포 방면으로 내려가다 보면 있다. 서귀포에서 야경을 볼 수 있는 곳들이 흔치 않고 밤에 오름을 올라가기에도 어려움이 있는데 거린사슴전망대는 차로 바로 이동할 수 있어 야경을 즐기기에도 적합한 곳이다. 서귀포 시가지와 앞바다가 한눈에 들어오는 경치 좋은 곳으로 서귀포 앞바다에 위치한 숲섬, 범섬, 문섬 들의 전경이 아름답게 펼쳐진다. 한라산 중턱에 있는 오름 중에 사슴과 관련된 이름으로 지어진 오름 가운데 하나이며 실제로 오름에는 사슴이 살았다고 전해지고 있다. 서귀포의 명승지들이 파노라마 형태로 표시해 둔 사진에 잘 설명되어 있어 이해를 돕고 있다. 이곳에 약 1㎞ 정도 되는 아름다운 숲길인 거린사슴전망대 둘레길이 있는데 원래 민유림 임도로 사용했던 길을 정비하여 제주도민들과 관광객들을 위한 산책로를 조성한 것이다. 아직 많이 알려지지 않아 혼자 조용히 걷기 좋은 명상의 숲길이다. 소나무와 삼나무, 편백나무, 자연림이 한데 어울려 자라는 산책로를 걷다 보면 숲에서 뿜어져 나오는 맑고 신선한 공기는 몸과 마음을 정화시켜 준다. 이곳의 위치는 제주에서 단풍도 잘 드는 곳이라 가을 방문도 좋겠다. 거리가 짧아 노인이나 어린이들도 걷기에 적당한 코스여서 가족 산책길로도 추천한다.",Unknown,제주관광정보센터 064-740-6000,상시 개방,무료,가능,연중무휴,있음,Unknown,입장료: 무료 | 화장실: 있음,50,130,VE,문화관광,VE01,랜드마크관광,VE010200,타워 / 전망대,90,0,90,40,50,0,,,30,15,45,category,0.7774,,0.0,0.7774,category
636266,12,관광지,거문오름,제주특별자치도 제주시 조천읍 선교로 569-36,63341,126.7179000000,33.4547000000,"거문오름은 화구 중심으로부터 유출된 용암류의 침식계곡은 유선형의 골짜기를 이루며 약 4㎞ 정도 연속되어 나타난다. 오름 동남쪽의 목장지에는 화구 없는 화산체인 용암암설류의 원뿔꼴 언덕들이 집중 분포 구좌읍 송당리에 있는 거미오름을 일명 동검은오름이라고 하는데, 이는 이오름(서검은오름)과 구별하기 위한 호칭이라고 한다. 지역주민들 사이에는 분화구의 별칭으로 거물창(거멀창) 이라고 불리기도 하고, 숲으로 덮여 검게 보인다 하여 검은오름이라 부르고 있으나, 학자들의 어원적 해석으로는 검은은 神이란 뜻의 고조선 시대의 [감·검]에 뿌리를 두는 것으로 풀이하고 있다. 즉 검은오름은 신령스런 산이라는 뜻이다. 해송, 삼나무, 측백나무가 조림되어 있고, 울창한 숲을 이룬다.",https://www.jeju.go.kr/wnhcenter,064-710-8981,09:00~14:00(30분 간격 출발)※ 1일 11회 탐방 가능하며 자세한 탐방 시간은 공식 홈페이지 참조,"[개인]- 어른 2,000원- 청소년/군인 1,000원- 어린이 1,000원[단체(10명이상)]- 어른 1,600원- 청소년/군인 800원- 어린이 800원※ 무료- 6세 이하, 65세 이상인 자- 국빈/외교사전달 및 그 수행자/공무수행자- 국민기초생활수급자, 장애인, 국가/독립/5·18 민주 유공자 및 그 유족, 참전 유공자 등",가능,매주 화요일 / 설·추석 연휴※ 기상 악화 시 전면통제,있음,Unknown,"입장료: [개인]- 어른 2,000원- 청소년/군인 1,000원- 어린이 1,000원[단체(10명이상)]- 어른 1,600원- 청소년/군인 800원- 어린이 800원※ 무료- 6세 이하, 65세 이상인 자- 국빈/외교사전달 및 그 수행자/공무수행자- 국민기초생활수급자, 장애인, 국가/독립/5·18 민주 유공자 및 그 유족, 참전 유공자 등 | 화장실: 있음",50,110,NA,자연관광,NA01,자연경관(산),NA010100,"산, 고개, 오름, 봉우리",90,0,80,50,60,0,,,150,120,180,observed,0.9524,1.0,0.6321,0.8706,blend
1918646,12,관광지,거슨새미오름,제주특별자치도 제주시 구좌읍 송당리 산145,63355,126.7610119406,33.4521283086,"거슨세미오름은 제주시 구좌읍 대천동 사거리에서 송당을 잇는 비자림로에 위치해 있다. 이 오름 서남쪽 굼부리(분화구)에는 한라산쪽으로 거슬러 흐르는 샘이 있어 거슨새미 라고 부른다. 서쪽으로 벌어진 말굽형 오름으로 북쪽에는 안돌오름과 밧돌오름이 있고 남쪽에는 칡오름, 민오름이 있다. 오름 입구에서 왼쪽으로는 샘을 거쳐 정상으로 가는 길, 오른쪽으로는 비자나무 산림욕장, 삼나무와 편백나무 숲길이 이어지는 둘레길과 연결되어 있다. 둘레길은 어린아이와 노약자들도 충분히 탐방이 가능할 만큼 평탄한 구간으로 산책과 함께 산림욕을 즐길 수 있다. 이 곳의 비자나무는 송당리민들이 직접 조림한 것으로 비자나무 열매를 채취하고 판매하여 주민소득 창출의 기회가 되고, 이곳을 찾는 여행자들에겐 멋진 산림욕장을 제공하고 있다.",http://www.visitjeju.net,제주시 관광정보센터 064-740-6000 / 구좌읍사무소 064-728-1523,※ 일부 통제될 수 있으므로 방문 시 전화문의 요망,무료,가능,연중무휴,있음,없음,화장실: 있음 | 입 장 료: 무료,50,110,NA,자연관광,NA01,자연경관(산),NA010100,"산, 고개, 오름, 봉우리",90,0,70,20,60,10,,,60,45,75,category,0.8706,,0.0,0.8706,category
1918965,12,관광지,걸서악(걸세오름),제주특별자치도 서귀포시 남원읍 하례리 산 127-2,699946,126.619945,33.282155,"걸서악(걸세오름)은 산 모양이 마치 문을 걸어 잠그는 걸세(걸쇠) 모양으로 생겼다 하여 걸세오름이라 하고, 오름이 일대가 마치 살쾡이와 닮았다 하여 연유한 이름이다. 실제로는 이 오름에 살쾡이들이 많았다고 한다. 전망대도 조성되어 있어 서귀포 시내를 한눈에 내려다볼 수 있다.",Unknown,제주관광정보센터 064-740-6000 / 제주시청 녹색환경과 064-728-3123,상시 개방,Unknown,Unknown,연중무휴,Unknown,Unknown,Unknown,50,110,NA,자연관광,NA01,자연경관(산),NA010100,"산, 고개, 오름, 봉우리",90,0,80,20,60,0,,,60,45,75,category,0.8706,,0.0,0.8706,category
598635,12,관광지,검멀레해변,제주 제주시 우도면 연평리,63365,126.967248,33.497279,"검멀레 해수욕장은 제주도 동쪽 끝 성산포에서 북동쪽 해상에 위치한 화산섬 우도에 있는 유명한 해수욕장이다. 우도봉 아래에 협곡 속에 숨어있다. 폭 1백 여 미터의 작은 해변이지만 모래찜질을 겸한 해수욕을 할 수 있는 장소이다. 도로에서 해변은 계단으로 연결되어 있다. 검멀레의 검은 검다, 멀레는 모래라는 뜻으로, 검은 모래 해변을 뜻한다. 해변 끝에는 고래가 살았다는 전설이 전해지는 동굴이 있다. 동굴 내부는 관광객들이 쌓아 올린 작은 돌탑 등이 있으며, 안에서 작은 음악회가 열렸을 정도로 꽤 큰 규모다. 검은코꾸망을 지나면 또 하나의 동굴이 동안경굴이라고도 하는데 우도 팔경 중 하 나이다. 바다 쪽에서 우도의 비경을 보고 싶다면, 보트를 타고 검멀레 주변 한 바퀴를 돌아보는 것도 좋다.",http://www.visitjeju.net,제주관광정보센터 064-740-6000제주시청 연안관리팀 064-728-3394,상시 개방,무료,가능,연중무휴,Unknown,Unknown,입장료: 무료,50,110,NA,자연관광,NA02,자연경관(하천‧해양),NA020900,해변. 해수욕장,90,0,80,20,70,0,,,30,15,45,observed,0.8929,0.8929,0.9998,0.8632,blend
127051,12,관광지,고근산,제주특별자치도 서귀포시 서호동 1287,63574,126.5139125656,33.2668281661,"고근산은 서귀포 신시가지를 감싸고 있는 기생화산으로 정상에 깊지 않은 원형 분화구를 가지고 있다. 그리 높은 곳에 자리 잡고 있지는 않지만 탁 트인 곳에 있기 때문에 산봉우리에 서면 멀리는 마라도에서부터 지귀도까지 제주 바다와 서귀포시의 풍광을 한눈에 조망할 수 있다. 특히 밤바다와 함께 어우러진 서귀포 칠십리 야경을 감상하기 좋은 장소로 알려져 있으며 남동사면 중턱의 머흔저리라고 하는 곳은 예전에 국상을 당했을 때 곡을 하던 곡배단이 있고, 남서사면 숲 비탈에는 꿩사냥 하던 강생이(강아지)가 떨어져 죽었다고 전해지는 강생이궤(수직동굴)가 있다. 오름 중턱에 삼나무, 편백나무, 해송, 상수리나무, 밤나무 등이 조림되어 있고, 정상 부근에는 자연석과 어우러져 사스레피나무, 예덕나무, 산철쭉이 군락을 이루고 있으나 예전에는 드물게 해송이 있는 풀밭 오름이었다고 한다. 전설상의 거신 설문대 할망이 심심할 때면 한라산 정상부를 베개 삼고 고근산 굼부리에는 궁둥이를 얹고 앞바다 범섬에 다리를 걸치고 누워서 물장구를 쳤다는 재미있는 전설이 전해오고 있다. 최근 산책과 운동을 위하여 방문객이 늘면서 새로운 운동 휴양명소로 떠오르고 있다.",http://www.visitjeju.net,064-760-3031,상시 개방 / ※ 일부 출입이 통제될 수 있으므로 방문 시 전화문의 요망,무료,가능,연중무휴,있음,없음,"입산통제 기간: * 산불조심기간 / 중 입산통제 오름 안내 / 봄철 : 2월1일~5월15일, 가을철 : 11월1일~12월15일 (사전에 해당 읍∙면∙동사무소에 확인하여 탐방) | 입 장 료: 무료 | 화장실: 있음 | 한국어 안내서비스: 불가 | 외국어 안내서비스: 불가",50,130,NA,자연관광,NA01,자연경관(산),NA010100,"산, 고개, 오름, 봉우리",90,0,80,40,70,0,,,60,45,75,category,0.8706,,0.0,0.8706,category
2791433,12,관광지,고내포구,제주특별자치도 제주시 애월읍 고내리 1111-4,63045,126.3379150223,33.4670588041,"제주시 애월읍에 자리한 고내 포구는 에메랄드빛 제주 바다를 감상할 수 있는 애월읍 해안도로를 따라 달리다 보면 지나게 되는 작은 포구이다. 여유롭고 고즈넉한 어촌 마을의 분위기가 가득한 이곳은 맑고 깨끗한 바다와 올레길 16코스로 인해 관광객이 많이 찾는 곳이다. 바다를 향해 길게 나 있는 방파제에는 사진을 찍으려는 사람들은 물론, 의자를 펴고 취미 낚시를 즐기는 사람을 종종 볼 수 있다. 물이 워낙 맑아서 바다를 들여다보면 물고기가 돌아다니는 모습이 직접 보일 정도다. 제주 올레길 16코스의 시작이자 15코스의 종점이기도 하다.",Unknown,제주관광정보센터 064-740-6000,상시 개방,무료,가능 / 요금 (무료),연중무휴,Unknown,Unknown,입 장 료: 무료,50,110,NA,자연관광,NA02,자연경관(하천‧해양),NA020700,항구/포구,90,10,80,20,40,0,,,30,15,45,observed,0.8955,0.9107,0.7534,0.849,blend
2819599,12,관광지,고배기동산,제주특별자치도 서귀포시 안덕면 광평리 산67,63524,126.3816997140,33.3307998722,"서귀포 안덕면 광평리에 위치한 고배기 동산은 제주 4·3 사건 당시 사라졌던 광평리 마을을 1955년 재건하면서 한라산 아래 첫 마을 사람들에게 삶의 터를 내어준 자연에 감사하는 마음을 담아 만든 숲이다. 과거에는 ‘고백’이라는 사람이 살았다고 해서 ‘고백이 동산’이라고 불렸다고 한다. 고배기 동산 곳곳에 편안하게 휴식을 취할 수 있는 그물망 침대와 벤치도 마련되어 있다. 아무도 없는 숲 속에서 바람에 흔들리는 나뭇잎 소리, 지저귀는 새소리를 들으며 조용히 시간을 보내기 좋다.",Unknown,제주관광정보센터 064-740-6000,상시 개방,무료,불가능,연중무휴,Unknown,Unknown,입장료: 무료,50,130,NA,자연관광,NA01,자연경관(산),NA010200,숲,90,0,40,60,30,0,,,45,30,60,blend,0.8105,0.625,0.1813,0.8516,blend
2779522,12,관광지,고산일과해안도로,제주특별자치도 서귀포시 대정읍 영락하동로 9-6,63502,126.2099419548,33.2564245360,"고산일과해안도로는 차귀도항에서 신도리를 거쳐 일과 사거리에 이르는 약 12㎞의 해안도로이며, 해가 지는 방향에 있어 노을이 가장 아름다운 구간 중에 하나이며 '노을해안로'라고도 불린다. 천천히 해안도로를 따라가다 보면 소박한 어촌의 풍경과 차귀도의 낙조를 감상할 수 있다. 고산리에서 신도리로 향하다 보면 수월봉과 엉알해안을 만난다. ‘노꼬물 오름’이라고도 불리는 수월봉은 77m의 작은 오름이며, 오름이 바닷가 방향으로 돌출되어 있어 탁월한 전망을 자랑한다. 엉알해안은 제주도의 숨은 비경 31곳 중 하나에 선정된 아름다운 제주의 대표 자연경관이다. 해안절벽이 독특한 퇴적층 모양을 하고 있으며, 유네스코에서 지정한 세계 지질공원에 속해있다. 올레 12코스에 속해있어 드라이브가 아니더라도, 도보여행을 즐길 수 있다. / (출처 : 제주 문화관광 홈페이지)",www.visitjeju.net,064-740-6000,상시 개방,무료,불가능,연중무휴,Unknown,Unknown,이용가능시설: 쉼터 / 전망대 | 입 장 료: 무료,50,130,NA,자연관광,NA05,기타자연관광,NA050100,기타자연관광,90,0,90,40,60,0,,,30,15,45,category,0.8465,,0.0,0.8465,category
2661519,12,관광지,고살리 숲길,제주특별자치도 서귀포시 남원읍 산 54-2,699946,126.5974860000,33.3166580000,"고살리는 계곡에 샘을 이룬 터와 주변을 말하며 연중 물이 고이고 흐르는 곳으로서 하례리 마을의 상징이기도 하다. 제주도 남단에 위치한 남원읍 하례리는 2013년 환경부 지정 자연생태우수 마을로 지정된 곳이다. 자연환경과 생태가 잘 보존이 된 곳임을 입증하였고, 이를 인정받은 것이다. / 한라산 남쪽의 첫 마을인 하례리에는 고살리라 부르는 샘이 있으며 이곳을 출발로 생태 하천 옆을 지나는 자연 탐방로가 만들어져 있다. 바로, 제주 곶자왈 숲을 온전히 보여주는 고살리 숲길이다. / 촉촉한 제주의 속살을 온몸으로 느낄 수 있는 곳이지만 일반 사람들에게 많이 알려지지 않아 조용하고 여유로운 산책을 즐길 수 있는 숲길이다. 난대림의 상록수가 주를 이루고, 다양한 식물이 함께 자라고 있는 이곳은 사람의 손길이 닿지 않아 자연 그대로의 모습을 그대로 간직하고 있다. / 그만큼 길이 평탄치 않고 고르지 않으니 조심히 걸어야 한다. 또한 마을 주민들의 삶과 자연이 살아가는 이야기를 들을 수 있는 하례리 생태관광 프로그램으로 고살리 숲길 트레킹을 진행하고 있다. / 오전 10시와 오후 2시 두 타임으로 진행되는 고살리 숲길 트레킹의 홈페이지 사전 신청은 필수이다. 편도 2.1㎞의 이 숲길은 쉬지 않고 걷다 보면 왕복 두 시간 정도가 소요된다. 또한 고살리숲길에서 빼놓을 수 없는 사진 포인트로 사시사철 물이 고여 있는 속괴를 놓치지 말고 담아가는 것이 좋다.",비짓제주 https://www.visitjeju.net/kr하례리생태관광마을 http://www.ecori.kr,064-733-8009,10:00 / 14:00,"무료 / - 단체해설비 : 150,000원 / - 개인해설비 2인까지 60,000원(추가 1인당 30,000원)",가능,연중무휴,Unknown,Unknown,"입장료: 무료 | 시설이용료: - 단체해설비 : 150,000원 / - 개인해설비 2인까지 60,000원(추가 1인당 30,000원) | 주차요금: 무료 | 한국어안내서비스: 무료 해설 : 자연환경해설사 10시, 14시 진행일주일전 사전예약 필수유료해설 : 마을해설사 운영(세부사항은 전화문의)* 코로나19 확산이후 해설사 운영 정보는 사전문의 필요",50,130,NA,자연관광,NA01,자연경관(산),NA010200,숲,100,0,80,70,70,0,,,75,60,90,blend,0.7879,0.5,0.1813,0.8516,blend
2759120,12,관광지,고스트타운,제주특별자치도 제주시 애월읍 부룡수길 35-14,63047,126.3568659412,33.4763969581,"고스트타운은 유령을 소재로 하여 유령의집, 유령미로, 공포가상현실 등 이색체험을 비롯하여 휴양 펜션, 해물요리전문테마식당, 카페, 편의점 등 쉴 곳과 각종 먹거리까지도 준비되어 있는 종합 테마파크이다. 제주 고스트타운은 가족, 친구들과 함께 방문하기 좋은 장소로, 신비롭고 색다른 여행을 선사한다. / (출처 : 고스트타운 홈페이지)",ghosttown.co.kr,064-748-4245,10:00~22:00,"[자유이용권] / - 성인 35,000원 / - 청소년(중·고등학생) 32,000원 / ※ 종목별 선택 체험이 가능하며 요금 상이 / ※ 자세한 사항은 홈페이지 참조 / 무료",가능,연중무휴,있음 (남녀 구분),가능,"이용가능시설: 이색팬션, 테마레스토랑, 고스트카페 등 | 입 장 료: [자유이용권] / - 성인 35,000원 / - 청소년(중·고등학생) 32,000원 / ※ 종목별 선택 체험이 가능하며 요금 상이 / ※ 자세한 사항은 홈페이지 참조 | 주차요금: 무료 | 화장실: 있음 (남녀 구분) | 내국인 예약안내: 전화 문의",50,110,VE,문화관광,VE02,테마공원,VE020100,테마파크,20,50,60,20,90,20,,,45,30,60,observed,0.7653,0.6875,0.5507,0.8607,blend
127870,12,관광지,곽지해수욕장,제주특별자치도 제주시 애월읍 곽지리 1565,63034,126.3031045774,33.4485353054,"제주시에 위치한 곽지해수욕장은 입지가 좋아 주변에 청소년 수련장이 설치되고 단체 피서객이 많이 찾는 제주 명소이다. 곽지리는 선사시대의 패총이 발견되었을 정도로 유서 깊은 마을이다. 지금의 곽지해수욕장은 옛날에 마을이 들어서 있던 곳이었으나, 어느 날 갑자기 모래에 파묻혔다는 전설이 전해온다. 곽지해수욕장 끝머리에는 과물노천탕이 있다. 과물은 한라산에서 흘러내리기 시작한 물이 땅속으로 스며들어 100리를 내려와 곽오름을 배경으로 바다에서 솟는 달콤한 물이라는 뜻이다. 과물노천탕은 남탕과 여탕으로 나뉘어 있고 해수욕장에서 놀고 난 후 바닷물을 씻어내기에 안성맞춤이다.",http://www.visitjeju.net,064-728-3985,상시 개방,무료,가능,연중무휴,있음,Unknown,입 장 료: 무료 | 화장실: 있음,50,110,NA,자연관광,NA02,자연경관(하천‧해양),NA020900,해변. 해수욕장,90,0,80,30,70,0,,,60,45,75,observed,0.8403,0.8403,1.0,0.8632,blend
3056205,12,관광지,관곶,제주특별자치도 제주시 조천읍 조함해안로 217-1,63332,126.64406921204653,33.5532235889717,"제주 조천읍 신흥리에 있는 관곶은 일몰 명소로 알려진 관광지이다. 관곶은 제주에서 해남 땅끝마을과 가장 가까운 곳이며, 조천관 시대에 조천포구로 가는 길목에 있는 곶이라는 뜻으로 관곶이라고 불리고 있으며, 제주의 울돌목이라고 비유되는데 지나가는 배가 뒤집어질 정도로 파도가 거센 곳이다. 조망이 아름답고 바다로 지는 노을을 볼 수 있으며 산책로와 각종 편의시설이 잘 조성되어 있어 바다를 바라보며 힐링할 수 있는 제주의 숨은 관광지이다. 가족과 연인과 함께 제주 여행의 추억을 남기기 좋은 장소이다. 주변에는 신흥해수욕장, 신흥바다낚시공원 등이 있어 함께 둘러보기 좋다.",Unknown,제주시 관광정보센터 064-740-6000,상시 개방,무료,가능,연중무휴,있음,Unknown,입장료: 무료 | 화장실: 있음,50,110,NA,자연관광,NA05,기타자연관광,NA050100,기타자연관광,90,0,90,20,40,0,,,60,45,75,observed,0.8487,0.85,0.6321,0.8465,blend
126460,12,관광지,관덕정(제주),제주특별자치도 제주시 관덕로 19,63166,126.5219575322,33.5132642036,"제주도 내에서 오래된 건축물 중의 하나인 보물 관덕정은 조선 시대 세종 30년(1448)에 목사 신숙청이 사졸들을 훈련하고 상무 정신을 함양할 목적으로 이 건물을 세웠다. 관덕정이란 이름은 [사이관덕]이란 문구에서 나온 것으로 활을 쏘는 것은 평화 시에는 심신을 연마하고 유사시에는 나라를 지키는 까닭에 이를 보는 것은 덕행으로 태어난 곳이다. 대들보에는 십장생도, 적벽대첩도, 대수렵도 등의 격조 높은 벽화가 그려져 있고, 편액은 안평대군의 친필로 전해오고 있다.",www.visitjeju.net,064-710-6718,09:00~18:00,무료,Unknown,연중무휴,있음,Unknown,입장료: 무료 | 화장실: 있음,50,110,HS,역사관광,HS01,역사유적지,HS010100,고궁,0,0,70,90,20,0,,,30,15,45,observed,0.8021,0.8015,0.9666,0.8208,blend
126456,12,관광지,관음사(제주),제주특별자치도 제주시 산록북로 660,63244,126.5581312120,33.4237307637,"한라산 650m 기슭에 자리한 대한불교 조계종 제23교구 본사 관음사는 제주의 30여 사찰을 관장하는 제주불교의 중심이다. 그 힘의 근원은 제주의 불교역사에서 찾을 수 있다. 제주의 여러 신화, 전설, 민담을 통해 괴남절(제주 방언으로 관음사), 개남절, 동괴남절, 은중절이라고 전해지며 고려 성종 때 지리서인 에 관음사의 기록이 남아있고, 조선시대에도 존재했던 것으로 알려져 있다. / 조선이 유교를 숭상하여 1702년 이형상 목사에 의해 제주 지역 사찰이 전부 훼철되고 관음사도 사라지게 되었다. 200년의 명맥불교를 유지하다가 1908년 안봉려관 스님에 의해 중창되었다. 스님은 지역의 반대에 부딪히면서도 해월굴에서 3년간 관음기도를 드리며 법당과 요사를 완공했다. 뒤이어 통영 영화사 등지에서 불상과 탱화를 모셔 와 사찰의 모습을 갖추게 되었다. 절의 외형을 갖추는 불사가 일단락되자, 제주 중심지인 중앙로에 시내 포교당인 대각사를 세워 제주 도민과 함께 호흡하는 적극적인 포교활동을 펼쳤다. 이에 따라 오랜 시간 맥이 끊겼던 제주의 불교가 관음사를 중심으로 살아나기 시작했다. 그러나 1939년 불이나 대웅전 등이 모두 불타 없어졌고, 이어 1948년 제주 4·3사건 당시 관음사의 위치가 전략적 요충지였기 때문에 토벌대와 입산 무장대가 관음사를 중심으로 서로 첨예하게 대치하는 과정에서 모든 전각이 소실되었다. / 한라산이 입산 금지가 풀리면서 지난 1969년부터 대웅전을 시작으로 선방, 영산전, 해월각, 사천왕문, 일주문, 종각 등을 다시 지어 지금의 모습을 갖게 됐다. 관음사에서는 템플스테이 체험이 이루어지고 있으며 교원 직무연수교육, 달빛 동동(걷기 치유 명상), 토요 명상여행, 행복 명상&힐링, 만다라 체험 등을 운영하고 있다. / ◎ 한류의 매력을 만나는 여행 정보 - 드라마 / 우영우 일행이 제주행을 떠난 이유는 황지사라는 이름의 사찰에 엮인 사건 때문이었다. 그런데 이 사찰, 예뻐도 너무 예뻐 많은 시청자가 촬영지를 궁금해했는데 이곳의 실제 이름은 ‘관음사’이다. ‘관음사’는 제주의 30여 사찰을 관장하는 제주 불교의 중심이 되는 사찰이다. 연등이 걸려 있는 하늘부터 마음을 정화하는 사찰, 해월궁 등 볼거리가 많은 장소이다.",http://www.jejugwaneumsa.or.kr,064-724-6830,09:00~18:00,무료 / 체험료 별도,가능,연중무휴,있음,Unknown,입장료: 무료 / 체험료 별도 | 화장실: 있음 | 외국어안내서비스: 불가,50,110,HS,역사관광,HS03,종교성지,HS030100,불교,60,0,70,90,80,0,,,60,45,75,observed,0.882,0.8958,0.6988,0.85,blend
778296,12,관광지,광명사(제주),제주특별자치도 서귀포시 중문상로17번길 51,63546,126.4190286405,33.2490155255,"광명사는 제주 서귀포시 중문상로의 천제연폭포와 베릿네오름 사이에 있는 태고종 소속의 작은 사찰이다. 기미독립운동이 일어나기 1년 전인 1918년 제주도 내 스님과 지식인들이 일으킨 무오법정사 항일항쟁을 주도한 방동화 스님이 창건하였다. 창건 역사는 100년이 채 되지 않은 사찰이지만 도내 최초의 대규모 항일항쟁의 발상지로서 후손들에게 애국심과 민족의식을 고취하는 역할을 자임하고 있는 애국애족 실천 도량이다. 올레길 8코스를 거쳐가다 보면 볼 수 있으며, 주변에 가볼 만한 곳으로는 천제연폭포, 베릿네오름, 중문진실캠핑장이 있다.",Unknown,064-739-8338,상시 개방,무료,가능,연중무휴,있음,Unknown,입장료: 무료 | 화장실: 있음,50,130,HS,역사관광,HS03,종교성지,HS030100,불교,60,0,60,90,20,0,,,30,15,45,blend,0.8319,0.75,0.1813,0.85,blend
2564158,12,관광지,광치기해변,제주특별자치도 서귀포시 성산읍 고성리 224-33,63640,126.9246505478,33.4515393485,"성산일출봉에서 섭지코지로 향하는 길목에 있는 광치기 해변은 제주올레 1코스의 마지막이자 2코스가 시작되는 곳이다. 펄펄 끓던 용암이 바다와 만나 빠르게 굳어지며 형성된 지질구조가 특징이며, 특히 썰물 때는 바닷물에 가려져 있던 비경들이 속속들이 드러나 숨은 비경을 선사한다. 용암 지질과 녹색 이끼가 연출하는 장관은 전 세계 어디서도 볼 수 없는 풍경을 자아내어 많은 사진작가가 찾는 사진 명소이기도 하다. 특히 성산일출봉 옆으로 뜨는 일출을 한 프레임에 담을 수 있어 연말연시에 많은 사람들이 찾는다. 광치기 해변의 모래는 현무암의 풍화작용으로 오랜 세월에 걸쳐 만들어진 입자로, 검은색을 띠는 것이 특징이다. / (출처 : 비짓제주)",https://www.visitjeju.net/kr,제주관광정보센터 064-740-6000,상시 개방,무료,가능 / 요금 (무료),연중무휴,Unknown,Unknown,입 장 료: 무료,50,130,NA,자연관광,NA02,자연경관(하천‧해양),NA020900,해변. 해수욕장,90,0,100,20,40,0,,,30,15,45,observed,0.8537,0.8537,0.9999,0.8632,blend
1918950,12,관광지,괴오름,제주특별자치도 제주시 애월읍 봉성리 산41,63039,126.3754586925,33.3560883410,"괴오름은 제주시 애월읍 봉성리에 위치한 오름이다. 북돌아진오름과 이웃한 오름으로 고양이 등처럼 구부러진 모양을 하고 있어서 괴오름이라 부르고 있으며, 북쪽으로 벌어진 말굽형 화구의 굼부리 형태이다. 주요 식생은 잡목으로, 자연림이 울창한 숲을 이루면서 숲그늘 아래에는 새우난, 복수초, 천남성 등이 자생하고, 오름 주변 목장에는 갯취가 분포하고 있다. 지형이 마치 고양이 모양으로 생겼다는 데서 괴오름 또는 괴미라고 불리었으며, 괴(고양이)는 돝(돼지) 따위와 같이 우리나라 옛말이 제주방언으로 남아있는 예이기도 하다.",Unknown,제주관광정보센터 064-740-6000,상시 개방,무료,불가능,연중무휴,Unknown,Unknown,입 장 료: 무료,50,110,NA,자연관광,NA01,자연경관(산),NA010100,"산, 고개, 오름, 봉우리",90,0,80,40,50,0,,,60,45,75,category,0.8706,,0.0,0.8706,category
128443,12,관광지,교래 삼다수마을,제주특별자치도 제주시 조천읍 교래3길 98,63346,126.6746449016,33.4315819724,"교래 삼다수마을은 교래리 마을 전체를 새로운 관광지로 조성한다는 목표 아래 마을과 제주개발공사가 손잡고 탄생시킨 곳이다. 교래 삼다수마을은 교래리의 지역명과 제주 삼다수를 합친 명칭으로, 삼다수 생수 수원 발생지이기 때문에 삼다수마을로 불리고 있다. 동남쪽으로는 넓고 푸른 목장지대와 오름이 펼쳐져 있고 서남쪽으로는 울창한 숲과 계곡이 아름다운 풍경을 이룬다. 2018년 1월 지질공원 대표명소로 추가 지정·고시되었으며, 지질학적 가치가 높은 교래곶자왈, 교래리 퇴적층, 맨틀 포획암, 돌문화공원, 산굼부리 등이 위치해 있다. 생태적 측면에서 삼나무 숲길을 중심으로 희귀 식물인 붓순나무와 활 칠 나무 군락지가 있으며, 다양한 생물들이 공존하고 있다. 역사문화적 측면에서 본향당과 산마장, 잣성, 사냥터 등의 유적지가 분포하고 있다. 제주개발공사와 교래리 마을 간의 협력에 의해 지질공원 대표명소로 확대된 최초의 사례라는 측면에서 중요한 의미가 있다. 삼다수마을 숲길 시작점에는 제주 삼다수의 가치를 알리는 물홍보관이 있으며 방문 전 예약해야 관람할 수 있다. 또한 토종닭유통특구로, 이를 활용한 다양한 토속 음식점들이 자리 잡고 있어 여행의 다양한 재미를 충족시킬 수 있는 마을이다.",https://www.visitjeju.net,064-784-1746,상시 개방,Unknown,가능,연중무휴,있음,Unknown,이용가능시설: 숙박시설 / 전통체험시설 / 농기구전시장 / 쉼터 | 화장실: 있음,50,110,EX,체험관광,EX03,농.산.어촌 체험,EX030100,체험마을,90,70,80,70,70,40,,,30,15,45,category,0.7753,,0.0,0.7753,category
1918984,12,관광지,구두리오름,제주특별자치도 서귀포시 표선면 가시리 산 158-2,63623,126.6885413552,33.4124065362,"구두리오름은 가시리와 교래리의 경계에 있는 오름으로, 한자어로 구두리(九斗里)로 쓰이며, 구돌악(狗乭岳)으로도 표기하는데, 모양새가 개(狗)의 머리와 비슷하여 구두악이란 이름이 붙었다고도 한다. 은오름 자연휴양림 입구 맞은편으로 들어가고 산세는 꽤 높은 데다 좁고 가파른 사면을 이루고 있다. 현재 굼부리는 말굽형으로 되어 있지만, 처음에는 원형이었던 것이 한쪽이 침식되면서 말굽 모양으로 변한 것으로 보고 있다. 전사면은 자연림과 조림되어진 삼나무, 측백나무, 소나무 등이 울창하게 자라나고 있으며, 봄철에는 정상에 피어있는 복수초와 노루귀 같은 야생화들을 만날 수 있다.",Unknown,제주관광정보센터 064-740-6000,상시 개방,무료,가능,연중무휴,Unknown,Unknown,입 장 료: 무료,50,130,NA,자연관광,NA01,자연경관(산),NA010100,"산, 고개, 오름, 봉우리",90,0,80,20,50,0,,,60,45,75,category,0.8706,,0.0,0.8706,category
2781394,12,관광지,구두미포구,제주특별자치도 서귀포시 보목동,63599,126.5965116372,33.2368272299,"구두미포구는 소형 보트들만 정박할 수 있는 작은 포구이다. 구두미포구가 있는 지역이 거북이의 머리와 꼬리를 닮았다고 해서 구두미라고 부른다. 이 포구는 제주올레 6코스로 소천지와 보목포구를 연결한다. / 구두미포구는 섶섬과 가장 가까운 곳이자 아름다운 제주의 석양을 오롯이 담을 수 있는 사진 명소로 더욱 유명하다. 비교적 한적한 스노클링과 다이빙 스폿으로 인기를 끌면서 이곳이 유명해졌다. 아직 이곳을 잘 모르는 사람들은 배가 정박하는 포구 정도로만 생각하고 지나갈 수 있지만, 이제는 입소문이 나 이젠 사람들로 가득하다. 다만, 유명해진 만큼 포구에 쓰레기가 많아졌다. 포구에서 물놀이를 즐긴 뒤에는 다른 관광객과 환경을 위해 뒤처리를 깨끗하게 처리해야 한다.",https://www.visitjeju.net,제주관광정보센터 064-740-6000,상시 개방,무료,가능,연중무휴,Unknown,Unknown,입 장 료: 무료,50,130,NA,자연관광,NA02,자연경관(하천‧해양),NA020700,항구/포구,90,0,90,10,80,0,,,75,60,90,blend,0.8576,0.875,0.3297,0.849,blend
1621059,12,관광지,구시물,제주특별자치도 제주시 애월읍 상귀리 884,63057,126.4097117919,33.4565305490,"구시는 나무와 돌로 수로[水路]를 파 만든 것을 말한다. 구시물은 성[城]동산 북쪽 기슭 샘물로 삼별초의 식수원이었다. 이 물을 보호하기 위하여 성[城]밖인데도, 외성[外城]을 쌓아 나무로 구시를 만들어, 깨끗이 관리하였고, 아무리 가뭄이 닥쳐도 마르지 않는 질 좋은 생수라서 콜레라가 유행할때도 고성은 한 사람도 희생자가 없었다고 한다.",jeju.grandculture.net,제주 관광정보센터 064-740-6000,상시 개방,무료,Unknown,연중무휴,Unknown,Unknown,입 장 료: 무료,50,110,NA,자연관광,NA01,자연경관(산),NA010500,약수터,80,0,50,70,10,0,,,60,45,75,category,0.86,,0.0,0.86,category
2779527,12,관광지,구엄리 돌염전,제주특별자치도 제주시 애월읍 구엄리,Unknown,126.3812109878,33.4789303956,"제주 서쪽 해안 도로를 따라 달리다 보면 우리나라 유일의 돌 염전인 ‘소금 빌레’를 만날 수 있다. 구엄리에 자리한 이 돌 염전은 용암이 굳어져 깨진 널찍한 현무암 지대에 흙을 돋우어 칸 칸마다 바닷물을 채우고 햇볕에 말려 천일염을 제조했다. 한때 소금밭의 규모가 4,958㎡에 이를 만큼 구엄리 사람들에겐 중요한 생계수단이었다. ‘염장이’로 불리던 이들은 귀한 소금밭을 큰딸에게만 상속했다. 여성의 생활력이 훨씬 강했던 제주의 특성을 짐작할 수 있는 부분이다. 1950년대까지도 활발하게 운영됐던 구엄리 돌 염전은 육지에서 들어온 값싼 소금에 밀려 결국 사라졌다. 하지만 관광자원으로 새롭게 복원된 돌 염전은 제주 어디서도 만날 수 없는 특별한 풍경을 선물한다. 특히 염전에 물이 찼을 때 거울처럼 맑은 반영 사진을 찍을 수 있어 관광객들의 발길이 이어진다.",https://www.visitjeju.net/kr,제주관광정보센터 064-740-6000,상시 개방,무료,가능,연중무휴,Unknown,Unknown,입 장 료: 무료,50,110,NA,자연관광,NA02,자연경관(하천‧해양),NA020600,염전,80,10,90,70,20,0,,,60,45,75,category,0.8544,,0.0,0.8544,category
129073,12,관광지,구엄어촌체험마을,제주특별자치도 제주시 애월읍 애월해안로 713,63049,126.3772556628,33.4839964391,"구엄어촌체험마을은 돌염전의 역사를 품고 있는 어촌마을로, 아름다운 해안절경을 자랑한다. 북쪽으로는 남해와 접해있고, 서쪽으로는 원내천이 흐르는 대부분의 지역이 평지로 이루어져 있다. 특히, 구엄포구는 거북이 껍질처럼 독특하게 생긴 자연 염전을 볼 수 있는 곳으로, 넓데 드러누운 현무암 위에 차흙으로 둑을 쌓고 그곳에 고인 바닷물이 햇볕에 마르면서 생기는 소금을 생산하던 곳이다. 약 390여 년 동안 품질이 뛰어난 천일염이 생산되다가 해방 이후 폐기되어 소금 생산을 하지 않고 있지만, 2009년에 제주시에서 돌염전 일부를 복원하였다. / 이 돌염전을 ‘소금빌레’라고도 하는데, 빌레란 제주어로 ‘너럭바위’를 뜻한다고 한다. 구엄어촌체험마을에서는 선상낚시체험, 바릇잡이체험, 보말조배기 만들기 체험, 투명카약 등의 체험 프로그램을 운영하고 있다.",www.구엄어촌체험마을.kr,064-713-2239,체험별 상이,"- 선상낚시 180,000~250,000원 / - 바릇잡이 10,000원 / - 구멍낚시 10,000원 / - 소라, 전복껍데기 공예 10,000원",가능 (소형 20대),Unknown,있음,없음,"화장실: 있음 | 시설이용료: - 선상낚시 180,000~250,000원 / - 바릇잡이 10,000원 / - 구멍낚시 10,000원 / - 소라, 전복껍데기 공예 10,000원",50,110,EX,체험관광,EX03,농.산.어촌 체험,EX030400,체험어장,80,10,80,60,90,0,,,30,15,45,category,0.7753,,0.0,0.7753,category
2738659,12,관광지,구엄포구,제주특별자치도 제주시 애월읍 구엄리,63049,126.3764112840,33.4843297214,"노을이 아름다운 애월 해안도로를 따라가다 보면 작고 아담한 구엄포구를 만난다. 구엄포구 바로 옆에는 제주의 옛 생활을 엿볼 수 있는 돌염전이 있다. 구엄리 돌염전은 넓게 펼쳐진 현무암 위에서 소금을 생산하던 곳이다. 이곳은 ‘소금빌레’라고도 일컬어지는 곳으로, 구엄리 주민들이 천연 암반지대에서 소금을 생산하던 염전이다. 여기서 ‘빌레’란 너럭바위란 뜻의 제주도 사투리로, 즉 돌소금 밭이라는 뜻이다. 돌염전이 있는 해안길은 국내의 아름다운 해안도로인 해안 누리길로 선정된 바 있다. 구엄포구 한편에는 돌로 만든 도대불도 있다. 도대불이란 어부가 밤중에 고기잡이를 마치고 집으로 돌아올 때 불을 밝혀 안전하게 길잡이 역할을 했던 등대다. 도대불과 소금빌레 모두 제주에서만 볼 수 있는 중요한 해양 문화유산이다.",https://www.visitjeju.net/kr,제주관광정보센터 064-740-6000,상시 개방,무료,가능,연중무휴,Unknown,Unknown,입 장 료: 무료 | 주차요금: 무료,50,110,NA,자연관광,NA02,자연경관(하천‧해양),NA020700,항구/포구,80,10,80,70,20,0,,,75,60,90,blend,0.8764,1.0,0.1813,0.849,blend
1945768,12,관광지,군산오름,제주특별자치도 서귀포시 안덕면 창천리 564,63533,126.3707,33.2532,"군산오름은 서귀포의 해안에 위치한 난드르마을을 병풍처럼 에워싸고 있는 오름이다. 난드르란 넓은 들판(대정)을 의미하는 말이다. 화산 쇄설성 퇴적층으로 이루어진 기생화산으로는 제주도에서 최대 규모다. 정상에는 용머리의 쌍봉 모양처럼 솟아오른 두 개의 뿔바위가 있으며, 동남 사면에는 애기업게돌 등 퇴적층의 차별 침식에 의해 형성된 기암괴석이 발달해 있다. 길이 포장되어 있어 쉽게 오를 수 있으며, 걸어 올라갈 시 30분 정도 소요된다. 정상에서는 한라산부터, 중문관광단지, 마라도, 산방산까지 서귀포 일대를 전망할 수 있다. 특히 동쪽 해안에서 떠오르는 일출의 풍경이 장관인 것으로 알려져 있다. 탐방객과 동네 주민의 방문이 점차 늘어남에 따라 탐방로 근처엔 운동 기구 등의 시설물이 설치되어 있다. 맑은 날에 한라산이 정상 부근까지 또렷이 보이고 넓게 펼쳐진 대정 뜰도 색다른 볼거리이다. 중국 곤륜산이 이곳으로 옮겨왔다고 하기도 하고, 어떤 이는 중국에 있는 서산이 옮겨온 것이라고 하여 처음에는 서산이라 부르다가 그 모양이 군막과 같다고 하여 군산이라 부르게 되었고 하며 제주도에서 차로 오를 수 있는 오름 중의 한 곳이지만 가볍게 걷기 좋은 장소로 추천되는 곳이다. / ◎ 한류의 매력을 만나는 여행 정보 - 드라마 / 주인공 삼달이 슬럼프에 빠진 후 고향에 돌아와 나를 찾기 위해 떠났던 올레길이 바로 군산오름이다.",https://www.visitjeju.net,제주시 관광정보센터 064-740-6000,※ 일부 통제될 수 있으므로 방문 시 전화문의 요망,무료,가능 (군산오름주차장),연중무휴,있음,Unknown,입장료: 무료 | 주차요금: 무료 | 화장실: 있음,50,130,NA,자연관광,NA01,자연경관(산),NA010100,"산, 고개, 오름, 봉우리",100,0,90,30,70,0,,,30,15,45,observed,0.8747,0.875,0.9392,0.8706,blend
2765234,12,관광지,궷물오름,제주특별자치도 제주시 애월읍 유수암리,63067,126.4075105427,33.3971037558,제주시 애월읍 유수암리에 있는 궷물오름은 산이 높지 않고 둘러보는 게 오랜 시간이 걸리지도 않아 가벼운 마음으로 걸을 수 있는 오름이다. 오름 동쪽 굼부리에 ‘궷물’이라는 샘이 솟아난다 해서 붙여진 이름이다. 북동 방향에는 말굽형 분화구가 있고 남동쪽에는 노꼬메 오름이 자리하고 동남쪽에는 족은 노꼬메 오름이 있다. 오름까지 이어진 산책로가 잘 조성돼 있고 땀을 식힐 수 있는 시설이 마련되어 있어 남녀노소 가벼운 마음으로 찾을 수 있다. 가을이면 억새가 넘실대는 풍경이 매우 아름다운 곳이기도 하다.,Unknown,제주관광정보센터 064-740-6000,상시 개방 / ※ 일부 통제될 수 있으므로 방문 시 전화문의 요망,무료,가능,연중무휴,Unknown,Unknown,입 장 료: 무료,50,110,NA,자연관광,NA01,자연경관(산),NA010100,"산, 고개, 오름, 봉우리",90,0,80,10,70,0,,,75,60,90,blend,0.8308,0.75,0.3297,0.8706,blend
1960087,12,관광지,귤림서원,제주특별자치도 제주시 이도일동 1438,63194,126.5276032002,33.5060574951,"귤림서원은 제사 기능을 가진 충암묘와 교육 기능을 가진 장수당이 복합되어 이루어진 서원이다. 1578년에 제주판관 조인후가 기묘사화로 제주도에 유배되어 사사된 김정의 넋을 위로하기 위하여 그의 적거지에 사묘를 세운 것에서 비롯되었다. 그 후 1660년 제주목사 이괴가 장수당을 건립하였고, 1667년에는 제주판관 최진남이 김정의 사묘를 장수당 남쪽인 현재의 오현단 안에 옮겨 짓고, 이를 사로 하고 장수당을 재로 하여 귤림서원이라 현액하였다. 1682년 신경윤이 제주목사로 있을 때 예조정량 안건지를 제주도에 파견하여 귤림서원으로 사액을 하고 김정, 송인수, 김상헌, 정온의 4현을 봉향하다가 1696년에 이익태 절제사 때 송시열이 추향됨으로써 5현을 배향하게 되었다. 1871년 서원 철폐령에 의해 폐원되었는데, 1892년 제주 사람 김의정이 중심이 되어 귤림서원 자리에 오현의 뜻을 후세에 기리고자 조두석을 세우고 제단을 쌓아 제사를 지내기도 하였다. 2000년 이후 귤림서원 복원 작업에 들어간 제주시는 학생들이 공부하던 장수당과 협문, 돌담 등을 완성한 데 이어, 2007년 8월 향현사 복원을 마무리 지었다. 조선 시대 유학과 유교 문화의 전당으로 제주 유생들의 지주 역할을 하였던 귤림서원이 복원됨으로써 제주 선현의 정신을 되살리는 계기를 마련할 수 있게 되었다.",Unknown,세계유산본부 064-710-6703,상시 개방,무료,불가능,연중무휴,있음,없음,화장실: 있음 | 입 장 료: 무료,50,110,HS,역사관광,HS01,역사유적지,HS010900,사당,20,0,60,100,10,0,,,30,15,45,category,0.7874,,0.0,0.7874,category
3056519,12,관광지,귤의정원 바령,제주특별자치도 제주시 조천읍 선흘남3길 87,63340,126.70604748291626,33.505387985002336,"귤의정원 바령은 환경을 살리는 친환경 유기농법으로 감귤을 키우는 체험농장이다. 약 50년 동안 2대째 감귤을 재배하고 있는 농장이며 화학비료와 농약을 전혀 쓰지 않고 제주의 청정 바닷물과 미생물을 활용하여 싱그러운 자연의 맛을 담으려 정성껏 키우고 있다. 사시사철 아름다운 농장으로 방문객들이 한가롭고 편안하게 쉬었다 갈 수 있으며 체험농장도 운영하고 있다. 귤밭피크닉, 풋귤 따기 체험, 귤 따기 체험, 농장 둘러보기 등 다양한 체험이 있다. 주변에는 돌하르방 미술관, 함덕해수욕장, 제주올레길, 대명목장 등 관광지가 있다.",https://blog.naver.com/aneesuk,0507-1386-8784,10:00~17:00 (입장 마감 16:00),"6,000원※ 입장만 할 경우 입장료 부과 / - 금귤따기체험 10,000원 / - 풋귤따기체험 10,000원 / - 풋귤청만들기 20,000원 / ※ 자세한 사항은 전화 문의 요망",가능,매주 화요일~목요일,있음,Unknown,"입장료: 6,000원※ 입장만 할 경우 입장료 부과 | 시설이용료: - 금귤따기체험 10,000원 / - 풋귤따기체험 10,000원 / - 풋귤청만들기 20,000원 / ※ 자세한 사항은 전화 문의 요망 | 화장실: 있음",50,110,EX,체험관광,EX03,농.산.어촌 체험,EX030300,체험농장,80,40,70,20,90,10,,,30,15,45,category,0.7753,,0.0,0.7753,category
2765293,12,관광지,귤향기 감귤체험농장,제주특별자치도 제주시 1100로 3118 (노형동),63091,126.4857633249,33.4649252707,"귤향기는 제주 노형동에 자리하고 있는 감귤 체험농장으로, 제주 시내와 국제공항과도 가까워 접근성이 좋은 곳이다. 소정의 체험료를 내면 귤을 담을 바구니와 가위 등 체험 장비를 대여해 주고, 1㎏을 가져갈 수 있다. 귤밭에는 예쁘게 꾸며져 있는 사진 명소가 많아 감귤 수확뿐만 아니라 기념사진도 남길 수 있다. 체험하면서 시식도 가능하며, 규모가 큰 편이라 여유롭게 체험할 수 있다. 체험 시기는 계절적 영향으로 변경될 수 있으며, 귤 따기 외에 하귤 청, 풋귤 청 만들기 등의 체험은 반드시 사전 예약을 해야 한다.",Unknown,010-9630-3618,09:00~17:00,홈페이지 참조 또는 전화 문의 요망,가능,연중무휴,가능 (남녀 구분),가능,"이용가능시설: 화장실, 주차장 / 귤밭체험장 | 화장실: 가능 (남녀 구분) | 입 장 료: 홈페이지 참조 또는 전화 문의 요망",50,110,EX,체험관광,EX03,농.산.어촌 체험,EX030300,체험농장,70,40,80,10,90,10,,,30,15,45,category,0.7753,,0.0,0.7753,category
3037793,12,관광지,금능돌담해변길,제주특별자치도 제주시 한림읍 금능9길 24,63010,126.22905593237593,33.39031479807184,"금능해변돌담길은 한림읍에 위치한 해안길로 탁 트인 바다와 돌담이 조화롭게 어우러진 올레 14코스 중 한 곳이다. 금능해수욕장에서 금능포구 쪽으로 해안을 따라 걸으면 돌담길을 만날 수 있다. 아기자기한 금능포구로 이어지는 길을 따라 걷다 보면 까만 현무암 돌담 위로 색색의 지붕들이 빼꼼히 머리를 내밀고 돌담 너머로 제주도의 푸른 바다가 펼쳐진다. 전형적인 제주의 모습을 간직한 금능포구와 돌담길 주변은 드라마 촬영지로 정겨운 풍경과 드라마의 여운이 남아 사랑받고 있는 곳이다. 또한, 해안 절벽 아래로 펼쳐진 에메랄드빛 바다를 감상할 수 있어, 여유로운 산책을 즐기기 좋은 곳이다. 금능포구에서는 비양도가 떠있는 바다 풍경을 조망할 수 있으며 비양도와 어우러지는 제주 일몰 명소이기도 하다.",Unknown,제주시 관광정보센터 064-740-6000,상시 개방,무료,가능,연중무휴,있음,Unknown,입장료: 무료 | 화장실: 있음,50,110,NA,자연관광,NA05,기타자연관광,NA050100,기타자연관광,90,0,90,40,60,0,,,30,15,45,category,0.8465,,0.0,0.8465,category
127860,12,관광지,금능석물원,제주특별자치도 제주시 한림읍 한림로 176,63010,126.2267487402,33.3854910837,"똑같이 생긴 하르방만 본 여행객들에게 제주 석물의 진수를 감상할 수 있게 하는 곳이 바로 금능석물원이다. 금능석물원은 40여 년을 돌하르방 제작에 힘쓴 장공익 명장이 조성한 공원이다. 돌하르방을 비롯해 해녀상, 동자상, 물허벅을 지고 아이를 돌보는 어머니상 등 제주 지역의 전설을 돌로 표현한 작품, 제주의 생활, 민속, 문화를 상징하는 조각품들이 전시되어 있다. 세계 여러 나라의 대통령과 총리, 지도자들이 제주도를 방문했을 때 선물했던 돌하르방 모형도 함께 전시해 놓았다. 금능석물원의 전체적인 분위기를 주도하는 불교적인 색채가 묻어나는 석불들도 볼 수 있다. 금릉석물원 내에는 정녀굴과 조롱굴 2개의 동굴이 있으며 굴 안에는 불공을 드릴 수 있는 암자가 있다.",https://www.ok114.co.kr/0647962174,064-796-2174,08:30~17:30,"- 성인 6,000원 / - 청소년 5,000원 / - 어린이 무료",가능,연중무휴,있음,없음,"입 장 료: - 성인 6,000원 / - 청소년 5,000원 / - 어린이 무료 | 화장실: 있음",50,110,NA,자연관광,NA04,자연공원,NA040700,수목원ㆍ정원,60,0,80,90,20,0,,,45,30,60,blend,0.7486,0.375,0.1813,0.8313,blend
2946074,12,관광지,금능포구,제주특별자치도 제주시 한림읍 금능리,63010,126.2351090186,33.3902295795,금능포구는 활기찬 해수욕장과는 또 다른 분위기로 한적하고 평화로운 바다의 모습을 감상할 수 있는 곳이다. 작은 선박들이 드나드는 작은 포구로 아담한 느낌이 있다. 어선들이 정박해 있는 모습이 마치 그림처럼 아름답다. 이곳은 2022년도 TVN 방영 드라마 드라마 속 많은 장면의 배경이 된 곳이며 해녀들의 대화 장소였던 정자가 있는 공터도 드라마를 본 이들에겐 특별하다. 극 중 박정준(김우빈)이 버스를 주차해 두고 이영옥(한지민)과 오붓한 시간을 보내곤 했던 장소이기 때문이다. 그 뒤로 보이는 방파제로 들어서면 귀여운 벽화가 그려져 있고 그 끝에 하얀 등대가 있다. 그 주변에는 많은 돌탑들이 쌓여있는데 하얀 등대와 돌탑을 배경으로 멋진 풍경 사진을 찍으며 추억을 남기기 좋은 장소이다.,비짓제주 https://www.visitjeju.net/kr/detail,제주웰컴센터 관광안내소 064-740-6000 / 한림읍 사무소 064-728-1521,상시 개방,Unknown,가능,연중무휴,있음,Unknown,촬영장소: 2022년도 tvN 방영 드라마 ‘우리들의 블루스’ | 화장실: 있음,50,110,VE,문화관광,VE04,도시.지역문화관광,VE040200,마을관광지,80,0,90,40,20,0,,,30,15,45,observed,0.9056,1.0,0.4512,0.8279,blend
591866,12,관광지,금능해수욕장,제주특별자치도 제주시 한림읍 금능길 119-10,63010,126.2360240519,33.3903137402,"제주시 한림읍에 위치한 금능해수욕장은 서쪽의 인기 명소인 협재해수욕장과 바로 이어져 있다. 파란 물감을 풀어놓은 것 같은 바다부터 생김새가 귀여운 비양도, 촉감이 보슬거리는 모래사장까지 이웃한 해변과 비슷한 풍경을 품고 있지만 그보다 사람이 붐비지 않아 여유로운 것이 매력이다. 주차장과 해변이 바로 연결되어 있어 짐을 옮길 때도 부담이 없다. 새로 신축된 샤워실은 온수 샤워가 가능해 편리함을 갖췄다. 이곳을 방문할 땐 물이 빠지는 간조 시간에 맞춰 가기를 추천한다. 바닷물이 멀리까지 빠지면 넓고 고운 모래사장이 드러난다. 곳곳에 수심이 얕고 어린아이도 놀기 좋은 천연 풀장이 만들어진다. 빠져나간 바닷물이 남겨 놓은 해조류나 작은 보말 등은 자연스럽게 아이들의 장난감이 된다. 덕분에 아무런 준비 없이 찾아도 재미있게 즐길 수 있다. 단, 해변 입구에 작게 부서진 조개껍질이 모래와 섞여 있어 되도록 물놀이용 신발 착용을 권한다. / (출처 : 비짓제주 홈페이지)",http://www.visitjeju.net,064-728-3983,상시 개방,무료,가능,연중무휴,있음,Unknown,입장료: 무료 | 화장실: 있음,50,110,NA,자연관광,NA02,자연경관(하천‧해양),NA020900,해변. 해수욕장,90,0,80,0,70,0,,,60,45,75,observed,0.9017,0.9017,1.0,0.8632,blend
2027184,12,관광지,금룡사(제주),제주특별자치도 제주시 구좌읍 김녕로 148-11,63357,126.7536019143,33.5539724801,"제주 금룡사는 1930년 김연화 보살님에 의해 설립된 염불당이 그 창사의 시초가 되었다. 청춘고혼(靑春孤魂)이 된 동생 덕암(德庵)의 넋을 기리며 오십 년 남짓 지낸 세월에 염불당 및 요사체가 폐허 지경까지 왔을 때, 자재 현도(自在賢途) 스님을 만나 인연이 되어 1975년 대웅전 건립을 기점으로 사찰로 면모를 일신했다. 대웅전에는 석가모니를 주불로 모시고 관음대세지보살이 좌우에 협시하고 있다. 법당에는 총 7축의 탱화작품이 있는데 (후불탱화, 신중탱화, 칠성탱화, 독성탱화, 산신탱화, 지장탱화, 영단탱화), 이 작품은 인간문화재 48호인 석정스님에 의한 것으로 1979년에 완성되었다. / (출처 : 제주 문화관광 홈페이지)",https://www.visitjeju.net,064-783-5180,상시 개방,무료 (체험비 별도),가능 / 요금 (무료),연중무휴,Unknown,Unknown,입 장 료: 무료 (체험비 별도),50,110,HS,역사관광,HS03,종교성지,HS030100,불교,20,0,70,90,20,0,,,30,15,45,category,0.85,,0.0,0.85,category
127310,12,관광지,금산공원(납읍난대림지대),제주특별자치도 제주시 애월읍 납읍리,63035,126.330699357454,33.4338648460439,"제주시 애월읍 납읍리 마을에 인접하여 약 일 만평에 이르는 넓은 면적에 속칭 ‘금산공원’이라 불리는 곳에 울창한 상록수림이 있다. 이곳은 자연림의 원형을 보존하고 있는 표본지역으로 원식생 연구에 기초적인 자료를 제공하고 있다. 때문에 학술 자원으로서 가치가 높고, 문화재보호법에서 천연기념물로 지정, 보호되고 있는 납읍난대림지대이다. 이곳은 제주시의 서부 지구에서 평지에 남아있는 유일한 상록수림으로 상록교목 및 60여종의 난대성 식물이 자라고 있으며, 원시적 경관이 그대로 보존되고 있어 수목가지의 절취, 식물 채취 행위 및 야생 동물의 포획 등 자연을 손상시키는 행위가 일체 금지되고 있다. 납읍리는 예로부터 반촌[班村: 양반이 주민의 다수를 차지하는 마을]으로 유명하다. 이곳의 난대림지대는 예로부터 이 마을의 문인들이 시를 짓거나 담소를 나누는 휴양지로서 이용되었기 때문에 경작지와 인가가 주위에 있으며 보존이 잘 되었다고 한다. 이곳의 식생은 주로 후박나무, 생달나무, 종가시나무 등이 상층목을 이루고, 하층에는 자금우, 마삭줄 등이 전면을 덮고 있으며, 송악이 상층목의 수관[樹冠]을 감아 올라가고 있다. 나무의 종류는 비교적 단순하나, 전형적인 난대림상을 이루고 있다. / (출처 : 제주 문화관광 홈페이지)",www.visitjeju.net,064-710-6653,상시 개방,Unknown,불가능,연중무휴,있음,Unknown,화장실: 있음,50,110,NA,자연관광,NA04,자연공원,NA040500,생태관광지,90,0,80,70,40,0,,,30,15,45,category,0.8205,,0.0,0.8205,category
129699,12,관광지,금오름,제주특별자치도 제주시 한림읍 금악리 산1-1,63021,126.3059091921,33.3555289743,"서부 중산간 지역의 대표적인 오름 중의 하나이다. 산정부에 대형의 원형 분화구와 산정화구호(山頂火口湖)를 갖는 신기(新期)의 기생화산체이며, 남북으로 2개의 봉우리가 동서의 낮은 안부로 이어지며 원형의 분화구 (깊이 52m)를 이루고 있다. 분화구내의 산정화구호 (일명 今岳潭)는 예전에는 풍부한 수량을 갖고 있었으나 현재는 화구 바닥이 드러나 있다. ‘검, 감, 곰, 금’ 등은 어원상 신(神)이란 뜻인 ‘곰(고어)’과 상통하며, 동일한 뜻을 지닌 ‘곰’係語(계어)로서 고조선시대부터 쓰여 온 말이라고 한다. 즉 ‘금오름’은 神이란 뜻의 어원을 가진 호칭으로 해석되며, 옛날부터 신성시 되어 온 오름임을 알 수 있다. 해송, 삼나무, 찔레, 보리수, 윤노리나무 등 원형 분화구와 산정화구호이다. / * 표고 427.5m, 비고 178m, 둘레 2,861m, 면적 613,966㎡, 저경 1,008m",https://www.visitjeju.net/kr,064-740-6000,상시 개방,무료,가능,연중무휴,Unknown,Unknown,입 장 료: 무료,50,110,NA,자연관광,NA01,자연경관(산),NA010100,"산, 고개, 오름, 봉우리",90,0,80,50,70,0,,,60,45,75,observed,0.8565,0.8565,1.0,0.8706,blend
600584,12,관광지,금호리조트 제주아쿠아나,제주특별자치도 서귀포시 남원읍 태위로 522-12,63620,126.7028238197,33.2737526275,"금호리조트 제주 아쿠아나는 남원관광지 인근에 위치한 금호리조트제주 내 물놀이 시설이다. 초원과 제주바다의 아름다운 해안절벽을 낀 수영장에서 바라보는 탁 트인 오션뷰가 제주아쿠아나의 자랑거리이다. 실내 수영장, 노천이벤트탕, 실외 수영장, 실외 슬라이드, 사우나 등 디양한 시설을 갖추고 있다. 리조트와 연결된 산책로를 따라 내려가면 남원큰엉해변이 있어 기암절벽과 맑은 바다 풍경을 감상할 수 있다. / 주변 해안가는 제주 올레 5코스에 속한다.",https://www.kumhoresort.co.kr,064-766-8021,[사우나] 06:00~21:00 / [아쿠아나] / - 실내 10:00~18:00 / - 야외 12:00~17:00,"[온천탕] / - 성인 15,000원 / - 소인 12,000원 / [아쿠아나] / - 평일 성인 25,000원 / - 평일 소인 22,000원 / - 주말 성인 28,000원 / - 주말 소인 24,000원 / ※ 자세한 사항은 홈페이지 참조",가능,"매월 첫번째 월요일 (단, 매월 첫째주 월요일이 법정 공휴일인 경우 돌아오는 주의 월요일이 정기 휴무일로 운영)",있음,Unknown,"화장실: 있음 | 이용가능시설: 실내아쿠아시설 / 사우나 / 실외슬라이드 등 | 입 장 료: [온천탕] / - 성인 15,000원 / - 소인 12,000원 / [아쿠아나] / - 평일 성인 25,000원 / - 평일 소인 22,000원 / - 주말 성인 28,000원 / - 주말 소인 24,000원 / ※ 자세한 사항은 홈페이지 참조",50,130,VE,문화관광,VE02,테마공원,VE020200,워터파크,80,10,80,20,90,0,,,135,105,165,blend,0.7453,0.5,0.3297,0.866,blend
3080144,12,관광지,김경숙해바라기농장,제주특별자치도 제주시 번영로 854-1 (회천동),63330,126.62792591776503,33.47770045117845,"제주시생활체육공원 인근에 있는 김경숙 해바라기 농장은 제주 최대 규모의 해바라기 재배 농장으로 약 1만 평에 75만 송이의 해바라기가 자라고 있다. 매년 해바라기가 피는 6월 중순부터 11월 말까지 관광객들이 많이 찾는 제주도 명소 중 하나이며 SNS에 여름철 사진 촬영 명소로 알려져 있다. 꽃이 만개하는 여름철에 방문하면 가장 좋은 풍경을 느껴볼 수 있으며 가을까지 관람할 수 있다. / 제주시 시내와 가깝고 함덕해수욕장, 신흥해수욕장, 삼양해수욕장 등과 가까운 곳에 있어 해바라기 농장과 함께 둘러보면 좋은 추억을 남길 수 있다.",https://www.visitjeju.net/kr,064-721-1482,09:00~19:00,"5,000원",가능 요금 (무료),연중무휴,있음,가능,"입장료: 5,000원 | 화장실: 있음",50,110,NA,자연관광,NA05,기타자연관광,NA050100,기타자연관광,90,0,100,0,30,0,,,45,30,60,observed,0.7417,0.6562,0.5507,0.8465,blend
2863615,12,관광지,김녕 청굴물,제주특별자치도 제주시 구좌읍 김녕리 1296,63357,126.7512000000,33.5583000000,"청굴물이 위치한 동네 이름은 청수동인데, 청수동의 원래 지명은 청굴동이다. / 청굴물은 용암대지 하부에서 지하수(용천수)가 솟아나는 곳이다. 용암대지의 하부에는 물이 잘 스며들지 않는 점토층이 분포하고 있어 지표에 내린 빗물이 지하로 스며들지 못하고 해안선 부근에서 솟아나게 된다. 김녕 해안에는 여러 곳의 용천수가 있지만 청굴물은 그중에서 차갑기로 소문이 나있다.",https://www.visitjeju.net,김녕해녀 정보화마을 070-7098-4665,상시 개방,무료,불가능,연중무휴,Unknown,Unknown,입장료: 무료,50,110,NA,자연관광,NA05,기타자연관광,NA050100,기타자연관광,90,0,60,30,20,0,,,30,15,45,observed,0.8736,0.875,0.9502,0.8465,blend
127046,12,관광지,김녕미로공원,제주특별자치도 제주시 구좌읍 만장굴길 122,63348,126.7720396084,33.5363247299,"제주도 제주시의 만장굴과 김녕사굴 사이에 유명한 관광지인 제주 김녕미로공원이 있다. 키 큰 나무 사이로 샛길이 만들어져 한번 들어가면 방향감각을 잃게 되어 어디로 나와야 할지 헷갈리게 하는 매력의 우리나라 최초 미로공원이다. 제주대학교에서 퇴직한 미국인 더스틴(F.H. Dustin) 교수가 세계적으로 유명한 영국의 미로 디자이너 에드린 피셔(Adrian Flsher Minotaur Maze Designs)와 함께 국제 전화, 국제 우편을 주고받으며 1983년부터 약 3년에 걸쳐 기본 디자인 작업을 마무리하였다. 그 후 1987년 처음으로 랠란디 나무를 산목 후 8년 동안 나무를 가꾸면서 1995년부터 운영을 시작했다. / 김녕미로공원의 수벽을 리우고 있는 나무는 랠란디나무는 사계절 푸른 상록수로서 향기는 사람의 정신을 맑게 해 주고 심리적 압박감을 완화시켜 주는 효과를 지니고 있다. 미로의 붉은빛이 감도는 바닥은 제주 천연 화산석이 송이이며 오염된 공기를 정화시키고 인체의 혈액 순환을 촉진시키는 효과를 지니고 있다. / 미로공원뿐만 아니라 다양한 포토존, 아이들과 놀 수 있는 놀이터, 미로공원에서 자라고 있는 고양이들에게 사료를 주는 등의 체험 프로그램을 진행하고 있어 가족 단위의 관광객들이 많이 방문한다.",http://www.jejumaze.com,064-782-9266,09:00~17:50 (입장 마감 17:00) / ※ 계절별로 상이하니 자세한 시간은 매표소 문의,"[개인] / - 성인 8,800원 / - 청소년 및 경로 7,700원 / - 어린이 6,600원 / [단체 (30인 이상)] / - 성인 7,700원 / - 청소년 및 경로 6,600원 / - 어린이 5,500원 / ※ 자세한 사항은 홈페이지 참조",가능,연중무휴,Unknown,Unknown,"입 장 료: [개인] / - 성인 8,800원 / - 청소년 및 경로 7,700원 / - 어린이 6,600원 / [단체 (30인 이상)] / - 성인 7,700원 / - 청소년 및 경로 6,600원 / - 어린이 5,500원 / ※ 자세한 사항은 홈페이지 참조",50,110,VE,문화관광,VE03,도시공원,VE030100,시민공원,80,0,70,40,80,0,,,90,60,120,observed,0.8344,0.8359,0.9592,0.8,blend
2781326,12,관광지,김녕항,제주특별자치도 제주시 구좌읍 김녕항1길 50-13,63357,126.7400446641,33.5580773628,"제주 바다를 떠올리면 에메랄드빛 예쁜 바다를 상상하기 마련이다. 제주에는 물빛이 아름다운 해변이 많지만, 그중에서도 동쪽에 있는 김녕항은 투명하고 깊은 물과 고즈넉한 분위기로 많은 관광객에게 사랑받는 곳이다. 김녕항은 요트를 탈 수 있는 요트장이 있으며, 근처에는 야영이 가능한 성세기 해변이 있다. 김녕포구의 백사장은 간조에만 볼 수 있으며, 그 외 시간은 항상 물이 차 있어 패들보드나, 스노클링, 다이빙을 즐기는 이들이 많다. 김녕포구의 방파제는 낚시꾼들에게 좋은 낚시터가 되어주기도 한다.",www.visitjeju.net,제주관광정보센터 064-740-6000,상시 개방,무료,가능,연중무휴,있음,Unknown,화장실: 있음 | 입 장 료: 무료 | 주차요금: 무료,50,110,NA,자연관광,NA02,자연경관(하천‧해양),NA020700,항구/포구,90,0,80,10,80,0,,,60,45,75,blend,0.8311,0.75,0.1813,0.849,blend
129400,12,관광지,김녕해수욕장,제주특별자치도 제주시 구좌읍 구좌해안로 237,63348,126.7365512139,33.5572081368,"하늘에서 바라본 모습이 한문 평(平) 자를 이룬 모양을 하고 있어 김녕이라고 불리는 김녕마을에 있는 해수욕장이다. 거대한 너럭바위 용암 위에 모래가 쌓여 만들어졌으며, 성세기는 외세의 침략을 막기 위한 작은 성이라는 뜻이 담겨 있다. 하얀 모래에 부서지는 파도들이 시원한 소리를 내고, 코발트빛 바다 풍경이 제주 자연의 아름다움을 새삼 느끼게 해주는 곳이다. / 해변가를 걷다 보면 제주의 바람으로 돌아가는 김녕풍력발전기들을 관찰할 수 있다. 인근에는 갓돔과 노래미돔이 잘 잡히는 갯바위 낚시터가 낚시꾼들에게 인기 명소이며, 용천동굴, 당처물동굴, 만장굴 등 다양한 굴이 근처에 위치해 있어 여름에 시원하게 피서를 즐길 수 있다. / 김녕해수욕장은 특이한 지형으로 인해 지질트레일도 조성이 되어 있는데, 지질트레일은 유네스코 세계지질공원을 활용해 각 지역의 지질자원과 마을의 역사 및 문화와 어울려진 도보길이다.",비짓제주 http://www.visitjeju.net,064-728-3988,상시 개방,무료,가능,연중무휴,있음,Unknown,입장료: 무료 | 화장실: 있음,50,110,NA,자연관광,NA02,자연경관(하천‧해양),NA020900,해변. 해수욕장,100,0,90,60,60,0,,,60,45,75,observed,0.8902,0.8902,1.0,0.8632,blend
3505052,12,관광지,꽃귤농장,제주특별자치도 서귀포시 대포로 116 (대포동),63544,126.43365754364268,33.23980796182953,"꽃귤농장에서는 9월~5월 중순까지 월별로 감귤 따기 체험을 진행하고 있다. 9월부터 10월은 하우스감귤(유라) 따기 체험, 11월부터 2월은 달콤 플러스 감귤 따기 체험, 1월부터 2월은 꽃귤향 따기 체험, 2월부터 3월은 겨울하우스감귤 따기 체험, 4월부터 5월은 카라향 따기 체험이 있으며 월별로 그 시기에 맞는 제철인 감귤을 직접 따면서 먹고, 1㎏은 갖고 갈 수 있다. / 달콤한 감귤을 직접 맛보며 달콤새콤함을 가득 느낄 수 있는 곳이다.",https://www.instagram.com/seungbeom1214,0507-1410-1219,11:00~16:00,※ 자세한 이용요금은 문의요망,가능,매주 수요일 / 일요일,있음,Unknown,입장료: ※ 자세한 이용요금은 문의요망 | 화장실: 있음,50,130,EX,체험관광,EX03,농.산.어촌 체험,EX030300,체험농장,50,40,40,10,90,20,,,30,15,45,category,0.7753,,0.0,0.7753,category
3331534,12,관광지,나무와열매 체험농장,제주특별자치도 서귀포시 안덕면 덕수동로25번길 42-8,63527,126.30800722797906,33.25819487104735,"제주에서 재배되는 로컬 과일을 이용한 수제청 원데이 클래스와 감귤 시즌에는 귤 따기와 한라봉 체험을 중점으로 하는 서귀포에 위치한 체험 농장이다. 깔끔한 시설에 농장 내부를 아기자기하게 꾸며 놓아 모든 곳이 포토스폿이 되어 인생샷을 남기기에 좋다. 10월부터 2월까지는 감귤 따기 체험, 2월부터 3월까지는 한라봉 따기 체험, 6월부터 9월까지는 수제 과일청 만들기 체험이 진행되어 가족단위나 친구들끼리 방문해 체험을 즐기기 좋다. 예약 없이 방문해도 자유롭게 체험이 가능하다.",https://www.instagram.com/jeju_dsr2180,064-792-2180,11:00~17:00※ 시기 별로 상이함으로 홈페이지 참조 및 전화 문의 요망,"감귤따기 16,000원",가능,매주 화요일~목요일※ 시기 별로 상이함으로 홈페이지 참조 및 전화 문의 요망,Unknown,Unknown,"입장료: 감귤따기 16,000원",50,130,EX,체험관광,EX03,농.산.어촌 체험,EX030300,체험농장,60,50,90,20,90,10,,,30,15,45,category,0.7753,,0.0,0.7753,category
2863882,12,관광지,나바론하늘길,제주특별자치도 제주시 추자면 대서리 산186,63000,126.2866221544,33.9612503055,"나바론하늘길은 돈대산, 추석산 등과 더불어 추자를 대표하는 큰산에서 독산의 해안으로 이어지는 급경사면 기암을 말한다. 큰 산에서 독산까지 이어지는 도보길로 산의 능선을 따라 걷는다. 길을 걷는 동안 추자섬에서 보이는 망망대해를 감상하며, 중간에는 숲길을 지나고, 상추자도항과 포구마을의 모습도 볼 수 있다. 아찔한 절벽을 옆으로 하여 걷는 과정에서 경사가 이어지는 절벽과 해수면과의 차이가 심하기 때문에 이와 같이 부르며, 영화 ‘나바론요새’에 등장하는 지중해섬과 닮았다고 해서 붙여진 이름이라는 이야기도 있다. 산 위로 오르는 길이 가파를 뿐 아니라 길폭이 좁으며 가드 바깥은 낭떠러지이므로 안전에 유의하여 걸어야 한다.",https://www.visitjeju.net/kr,제주시 관광정보센터 064-740-6000,상시 개방,무료,불가능,연중무휴,없음,Unknown,입 장 료: 무료 | 화장실: 없음,50,110,NA,자연관광,NA05,기타자연관광,NA050100,기타자연관광,90,0,90,20,70,0,,,30,15,45,category,0.8465,,0.0,0.8465,category
128444,12,관광지,낙천아홉굿마을,제주특별자치도 제주시 한경면 낙수로 97,63004,126.2264222730,33.3278474553,"낙천리 아홉굿 마을은 올레길 13코스 중간지점에 위치해 있으며, 아홉굿은 제주도에서 보기 드문 9개의 샘이 있다는 뜻과 마을 방문객에게 아홉 가지 좋은(good) 것을 나눠주는 즐거운 마을이라는 의미를 가지고 있다. 땅이 기름져서 밭작물이 맛있기로 유명하며, 특히 보리가 맛있기로 유명하다. 천혜의 자연경관으로 북제주 10경을 볼 수 있는 아홉굿 마을은 100m 지하 암반수로 키워낸 보리, 토마토, 파프리카, 브로콜리 등 건강한 먹거리와 다양한 체험거리가 있는 전통 농촌문화마을이다.",https://www.visitjeju.net/kr,064-773-1946,09:00~17:00,"무료 / ※ 단, 체험비용은 별도",가능,매주 토요일 / 일요일,Unknown,Unknown,"입 장 료: 무료 / ※ 단, 체험비용은 별도 | 내국인 예약안내: 전화 문의",50,110,EX,체험관광,EX03,농.산.어촌 체험,EX030100,체험마을,80,70,80,60,80,20,,,30,15,45,category,0.7753,,0.0,0.7753,category
2516416,12,관광지,낙타트레킹,제주특별자치도 서귀포시 표선면 번영로 2564-21 (포니밸리) 내 낙타트레킹,63624,126.7786837609,33.4026812788,제주도에서 낙타와 가까이서 교감할 수 있는 이색 체험을 할 수 있는 곳이다. 호주 청정지역의 낙타를 국내 최초로 수입하여 제주도의 아름다운 자연경관과 더불어 낙타 트레킹 체험을 할 수 있다. 안전요원이 동행하기 때문에 누구나 쉽고 안전하게 체험이 가능하다. 예약은 패키지 관광 혹은 단체일 때만 가능하다.,https://www.instagram.com/jeju__camel__trekking,064-787-2256,- 09:00~17:00 / - 휴게시간 12:00~13:00 / - 입장 마감 16:30,"15,000원 / ※ 무료 : 36개월 미만 유아 (보호자 동반 시 탑승 가능) / 무료",가능,연중무휴 / ※ 우천 시 사전확인 필요,Unknown,Unknown,"시설이용료: 15,000원 / ※ 무료 : 36개월 미만 유아 (보호자 동반 시 탑승 가능) | 주차요금: 무료",50,130,EX,체험관광,EX03,농.산.어촌 체험,EX030200,체험목장,70,0,70,10,90,0,,,30,15,45,observed,0.7299,0.7188,0.7981,0.7738,blend
128795,12,관광지,남원 큰엉해안,제주특별자치도 서귀포시 남원읍 태위로 522-17,63620,126.7037237502,33.2733776834,"‘엉’이란 제주도 방언으로 언덕을 뜻하는데, 남원 큰엉은 큰 바위가 바다를 집어 삼킬듯이 입을 크게 벌리고 있는 언덕이라 하여 붙여진 명칭으로 절벽 위는 평지로 부드러운 잔디가 깔려 있다. / 바다를 향하여 높이 30m, 길이 200m의 기암절벽이 오랜 세월동안 쉬지 않고 밀려오는 파도를 감싸안은 2개의 자연동굴을 보노라면 세속을 떠난듯한 다른 세계, 때 묻지 않은 자연에 대한 감동을 느낄 수 있다. 해안절벽을 따라 2㎞의 산책길, 전망대, 간이휴게실, 기초체력단련시설, 화장실 등이 마련되어 있다. 갯바위 낚시터로, 조용한 휴식처로, 연인들의 데이트 코스로도 유명하다. 주변에 신영영화박물관·표선해수욕장·섭지코지 등 관광명소가 있다.",https://www.visitjeju.net,064-760-4181,상시 개방,Unknown,가능,연중무휴,있음,Unknown,화장실: 있음,50,130,NA,자연관광,NA02,자연경관(하천‧해양),NA020800,해안절경,100,0,90,10,70,0,,,30,15,45,observed,0.8231,0.8235,0.9666,0.8101,blend
2472824,12,관광지,넥슨컴퓨터박물관,제주특별자치도 제주시 1100로 3198-8 (노형동),63091,126.4857714937,33.4721633588,"넥슨컴퓨터박물관은 인류의 삶을 가장 빠르게 변화시킨 현재 진행형 매체인 컴퓨터와 그 발전에 기여해 온 게임의 역사를 함께 조망함으로써 우리의 미래를 상상해 볼 수 있는 체험형 박물관이다. 유리 케이스 너머로 바라보는 전시에서 벗어나, 대부분의 소장품들을 관람객의 직접적인 체험이 가능하도록 전시되어 있으며, 쾌적한 관람 환경을 위해 예약 관람제로 운영하고 있다. 컴퓨터의 역사에 대해 알아보며 아이들에게 흥미를 심어주고 게임도 할 수 있는 곳이다.",http://nexoncomputermuseum.org,064-745-1994,10:00~18:00 (입장 마감 17:30),"- 성인 8,000원 / - 청소년 7,000원 / - 어린이 6,000원",가능,매주 월요일 / 설·추석 당일,있음,가능,"화장실: 있음 | 입 장 료: - 성인 8,000원 / - 청소년 7,000원 / - 어린이 6,000원 | 외국어 안내서비스: 전시해설(영어), 오디오가이드(영어, 중국어), 홍보 리플렛(영어, 일어, 중국어)",50,110,EX,체험관광,EX06,산업관광,EX060200,게임 등 첨단IT산업,0,0,20,90,90,0,,,90,60,120,observed,0.8191,0.8194,0.9727,0.8099,blend
2704456,12,관광지,노리매공원,제주특별자치도 서귀포시 대정읍 중산간서로 2260-15,63519,126.2873513183,33.2825728584,"노리매는 순우리말 '놀이'와 매화의 '매'가 합쳐져 만들어진 이름으로 자연 속에서 현대적 감성을 즐길 수 있는 자연공원이다. 수선화, 매화, 목련, 작약, 동백, 조팝나무 등 다양한 꽃과 나무들이 사시사철 화사한 자연을 만끽할 수 있고, 투박한 제주의 돌과 인공 폭포, 인공 호수 등은 자연과 사람이 만든 조형물이 어우러져 감각적인 모습의 공원이다. 인공 연못 한가운데는 해담 홍완표 대목장이 지은 정자가 우뚝 솟아있는데, 특히 저녁 시간에는 석양과 어우러져 신비스러운 분위기를 연출한다. 이 밖에도 자연의 이미지를 현대적으로 해석한 360도 서클비전과 3D영상전시장이 있어 자연과 현대가 공존하는 독특함을 즐길 수 있다. 산책로 곳곳에 생기발랄한 사진 명소가 잘 조성되어 있어 사진 찍기 좋아하는 젊은 층과 가족 단위 여행객이 즐겨 찾는다. / (출처: 비짓제주)",www.norimae.com,064-792-8211,09:00~18:00,"[개인] / - 일반 9,000원 / - 청소년, 군인, 유공자, 경로, 장애인 6,000원 / - 어린이 5,000원 / [단체(30명 이상)] / - 일반 7,000원 / - 청소년, 군인, 유공자, 경로, 장애인 5,000원 / - 어린이 4,000원",가능,연중무휴,있음,가능,"이용가능시설: 매화공원 /써클비젼 / 영상관 등 | 입 장 료: [개인] / - 일반 9,000원 / - 청소년, 군인, 유공자, 경로, 장애인 6,000원 / - 어린이 5,000원 / [단체(30명 이상)] / - 일반 7,000원 / - 청소년, 군인, 유공자, 경로, 장애인 5,000원 / - 어린이 4,000원 | 화장실: 있음",50,130,VE,문화관광,VE03,도시공원,VE030100,시민공원,90,0,90,40,50,0,,,90,60,120,category,0.8,,0.0,0.8,category
2778890,12,관광지,노을해안로,제주특별자치도 서귀포시 대정읍 영락리,Unknown,126.2027620245,33.2563744294,"노을해안로는 이름에 걸맞게 일몰에 가면 멋진 노을을 감상할 수 있는 곳이다. 노을 뷰가 멋진 곳으로 알려졌지만 돌고래를 볼 수 있는 곳으로도 유명하다. 도로 주변을 지나다 보면 돌고래 관련 커피숍, 펜션 등의 상호들을 심심치 않게 볼 수 있다. 노을해안로는 대정읍 일과리에서 신도 1리로 향하는 약 12㎞ 코스로 국토해양부에서 선정한 전국 52개의 해안 누리길 중 46코스에 속하는 길이다. 해안 길 곳곳에 전망대와 정자가 있어 쉬어 가며 경치를 볼 수 있고 날씨가 좋을 경우, 후반부 2㎞ 구간에서는 마라도의 모습까지 볼 수 있다. 제주 해안 길 중 일몰이 가장 아름답다는 후기로 유명하다.",https://www.visitjeju.net,제주관광정보센터 064-740-6000,상시 개방,무료,불가능,연중무휴,Unknown,Unknown,입 장 료: 무료,50,130,NA,자연관광,NA05,기타자연관광,NA050100,기타자연관광,90,10,100,10,40,0,,,30,15,45,category,0.8465,,0.0,0.8465,category
1993734,12,관광지,녹산로 유채꽃도로,제주특별자치도 서귀포시 표선면 가시로565번길 20,63623,126.7716354990,33.3532755098,"녹산로 유채꽃도로는 서귀포 가시리마을 진입로부터 10km 구간에 펼쳐지는 유채꽃과 벚꽃이 어우러져 그림 같은 드라이브 코스를 자랑하는 곳이다. 한국의 아름다운 길 100선에 선정되기도 한 가시리마을 녹산로는 조선시대 최고의 목마장이던 녹산장과 갑마장을 관통하는 길로 멀리 보이는 한라산과 유채꽃밭이 어우러져 아름다운 풍광을 만들어낸다. 또한 인근에 가시리 풍력발전단지가 위치하고 있어 더욱 다채로운 뷰를 선사한다. 인근에는 조랑말 체험 공원, 갑선이 오름 등 제주의 자연환경을 느낄 수 있는 명소가 위치하고 있다.",Unknown,서귀포종합관광안내소 064-732-1330,상시 개방,무료,불가능,연중무휴,Unknown,Unknown,"관광코스안내: - 먹거리 : 유채 비빔밥, 유채 우동, 유채 튀김 / - 인근볼거리 : 조랑말체험공원, 정석항공관, 성읍민속마을 | 입 장 료: 무료",50,130,EX,체험관광,EX03,농.산.어촌 체험,EX030100,체험마을,90,0,100,20,40,0,,,30,15,45,category,0.7753,,0.0,0.7753,category
2740047,12,관광지,논짓물,제주특별자치도 서귀포시 예래해안로 256 (하예동),63538,126.3887657618,33.2365767524,"논짓물은 용천수가 바다로 흘러나가며 바닷물과 민물이 만나 만들어진 천연 해수욕장이다. 많은 양의 민물이 해안과 너무 가까운 곳에서 솟아나 농업용수나 식수로 사용할 수 없어서 물을 그냥 버린다(논다)는 의미로 논짓물이라고 불렀다. 지금은 바다로 유입되는 민물의 양이 많아 둑을 막아 풀장과 샤워장을 만들어 여름 물놀이 장소로 인기가 좋다. 물놀이 시 부상을 방지하기 위해 슬리퍼나 샌들을 신는 것을 권장한다. / 논짓물 유원지는 하예마을회와 청년회에서 관리하고 운영하고 있다. 방문 이용 시 관리비 및 운영에 필요한 경비를 그늘막, 평상, 파라솔, 캠핑텐트 이용요금으로 징수하고 있다. / 논짓물은 바당올레(바다올레)인 올레길 8코스 ‘월평-대평 올레’의 구간 중 하나이다. 옆에 쭉 뻗어있는 예래해안로는 바다를 감상할 수 있는 멋진 드라이브코스이기 때문에 논짓물과 함께 들러보면 좋다.",https://www.visitjeju.net,064-760-4854,- 평일 08:00~19:00 / - 주말 08:00~19:00 / ※ 이용시간은 변동될 수 있으므로 전화 문의 요망,Unknown,가능,연중무휴,있음,Unknown,화장실: 있음,50,130,NA,자연관광,NA02,자연경관(하천‧해양),NA020900,해변. 해수욕장,90,0,80,10,80,0,,,60,45,75,observed,0.8823,0.8833,0.9502,0.8632,blend
1965800,12,관광지,높은오름,제주특별자치도 제주시 구좌읍 송당리,63355,126.7928118419,33.4573282459,"이 오름은 주변 일대에서 유일하게 고도가 높은 오름으로 능선미가 선하고, 주위에 산재된 뭇 오름을 압도하는 느낌을 주어 높은 오름이라 불리고 있다. 정상에는 원형 굼부리가 세 개의 봉우리를 이어가면서 위용을 자랑하고 있다. 등성이 여기저기에는 크고 작은 바위들이 있고 그 틈새에는 사스레피나무와 부처손이 자라나고 있으며, 등성이 일부에서는 물매화, 미나리아제비, 제비꽃, 피뿌리풀들도 서식되고 있음이 발견된다. 표고가 높기 때문에 정상에서는 사방을 시원스레 조망할 수 있으며, 특히 다랑쉬, 거미오름, 백약이로 이어지는 조망이 매우 뛰어나다.",https://www.visitjeju.net,제주관광정보센터 064-740-6000,※ 일부 통제될 수 있으므로 방문 시 전화문의 요망,무료,불가능,연중무휴,Unknown,Unknown,입 장 료: 무료,50,110,NA,자연관광,NA01,자연경관(산),NA010100,"산, 고개, 오름, 봉우리",90,0,90,20,60,0,,,60,45,75,category,0.8706,,0.0,0.8706,category
3056279,12,관광지,누웨마루거리,제주특별자치도 제주시 신광로 47 (연동),63123,126.49029390914617,33.487754418626565,"제주도에서 2010년 제주시 연동7길에 조성한 차 없는 거리이다. 조성 당시 이름은 로데오거리였다고 한다. 누웨마루거리라는 이름은 2017년 12월 명칭 공모를 통해 선정된 이름으로, 누웨는 누에의 제주도 방언이고 마루는 언덕을 가리키는 제주도 방언이다. 본래 누웨마루 거리가 조성된 제주시 연동 일대의 지형이 누에고치가 꿈틀대는 형상을 띠고 있어 지역의 인재를 배출하고 부자가 많이 나온다는 명당자리라 하여 붙여졌다. 누웨마루 거리에는 우리나라 유명 배우들의 핸드프린팅과 인물정보를 나열한 조형물이 있고, 쇼핑점, 음식점, 옷 가게 등이 많으며 지금까지도 중국인 관광객이 많이 찾고 있어 제주 속의 작은 중국이라는 별명도 있다.",https://www.visitjeju.net/kr,제주시 관광정보센터 064-740-6000,상시 개방,무료,가능,연중무휴,있음,Unknown,입장료: 무료 | 화장실: 있음,50,110,VE,문화관광,VE04,도시.지역문화관광,VE040100,"골목길, 문화거리",20,50,70,60,40,70,,,30,15,45,observed,0.6105,0.4688,0.5507,0.7841,blend
2740127,12,관광지,느지리오름,제주특별자치도 제주시 한림읍 봉수대길 5,63018,126.2607962828,33.3629135599,"느지리오름은 어린이나 어르신들도 가볍게 오를 수 있는 오름으로, 상명리의 옛 이름인 느지리에서 유래된 이름이다. 16세기 이후 봉수가 설치되면서 망오름으로 불리기도 한다. 그만큼 오름 정상에 오르면 제주도 북서부 전역을 둘러볼 수 있을 정도의 넓은 시야를 자랑한다. 전망대까지 오르는 길은 나무가 우거져 있어 숲을 걷는 듯한 기분을 느낄 수 있고, 맑은 날에는 정상 전망대에서 한라산을 비롯한 북서부 오름을 두루두루 조망할 수 있다. 특히 정상에서 바라보는 해안과 석양의 모습은 장관으로 널리 알려져 있다. 전망대에서 선명하게 찾아볼 수 있는 새별오름부터 조금은 낯선 바리메오름, 북돌아진오름, 이달봉까지 찬찬히 돌아보며 안내판과 오름의 실제 모습을 비교하며 살펴보는 재미도 있다. 등산로가 오름의 완만한 능선과 두 개의 굼부리 둘레를 따라 조성되어 있어 급경사가 거의 없이 평탄하게 이어져 있다.",https://www.visitjeju.net,제주관광정보센터 064-740-6000,상시 개방,무료,가능,연중무휴,Unknown,Unknown,입 장 료: 무료,50,110,NA,자연관광,NA01,자연경관(산),NA010100,"산, 고개, 오름, 봉우리",90,0,90,60,70,0,,,60,45,75,category,0.8706,,0.0,0.8706,category
577461,12,관광지,다랑쉬오름(월랑봉),제주특별자치도 제주시 구좌읍 세화리 산6,63361,126.822816539054,33.4759678473848,"다랑쉬오름은 지도상 거의 원형으로 된 밑지름과 큰 몸집에 사자체의 높이가 둥긋한 사면은 돌아가며 어느 쪽으로나 급경사를 이루고 있다. 산정부에는 크고 깊은 깔때기 모양의 원형 분화구가 움푹 패어있는데, 이 화구는 남북으로 긴 타원을 이루며 북쪽은 비교적 평탄하고 화구의 깊이는 한라산 백록담의 깊이와 똑같다고 한다. 대부분의 오름이 비대칭적인 경사를 가진데 비해 동심원적 등고선으로 가지런히 빨려진 원추체란 것이 흔하지 않은 형태이다. 빼어난 균제미에 있어서는 구좌읍 일대에서 단연 여왕의 자리를 차지한다. 화구 바닥은 잡풀이 무성하고 산정부 주변에는 듬성듬성 나무가 자라고 있으며 각 사면 기슭에는 삼나무가 조림되어 있고, 풀밭에는 시호 꽃, 송장 꽃, 섬잔대, 가재 쑥부쟁이 등이 식생 한다. 산봉우리의 분화구가 마치 달처럼 둥글게 보인다 하여 다랑쉬 또는 달랑쉬라고 부른다고 한다.",비짓제주 https://www.visitjeju.net/kr,제주관광정보센터 064-740-6000,상시 개방,무료,불가능,연중무휴,Unknown,Unknown,입장료: 무료,50,110,NA,자연관광,NA01,자연경관(산),NA010100,"산, 고개, 오름, 봉우리",90,0,90,20,70,0,,,90,60,120,observed,0.9438,0.9583,0.8347,0.8706,blend
1928421,12,관광지,다려도,제주특별자치도 제주시 조천읍 북촌리,63339,126.6953319009,33.5572322923,"섬의 모습이 물개를 닮았다고 해서 달서도라고도 한다. 제주도 북부 끝의 북촌리 마을 해안에서 400m 정도 거리의 앞바다에 떠 있는 무인도이다. 온통 현무암으로 이루어진 바위섬으로 독립된 작은 섬이 모여 이 섬을 이룬다. 거센 파도와 해풍에 의해 바위가 갈라지는 절리 현상을 곳곳에서 볼 수 있으며, 작은 섬과 섬 사이는 소규모의 모래벌판으로 연결되어 있다. 다려도는 천연기념물 원앙의 집단 도래지로 유명하여 해마다 12월에서 2월 사이에 적게는 수백 마리에서 많게는 수천 마리의 원앙이 찾아온다. 제주시가 발표한 제주시 숨은 비경 31곳 중 하나이며 북촌리 마을의 어선을 이용해 바다 위에 그림같이 떠있는 듯한 절경의 다려도 주변을 둘러볼 수 있다.",https://www.visitjeju.net,064-783-8522,상시 개방,무료,가능,연중무휴,Unknown,Unknown,입 장 료: 무료,50,110,NA,자연관광,NA02,자연경관(하천‧해양),NA020500,섬,100,0,90,10,40,0,,,30,15,45,manual_override,0.8695,,0.0,0.8695,category
2418778,12,관광지,다이나믹 메이즈 제주,제주특별자치도 서귀포시 표선면 번영로 2644,63624,126.7847499840,33.3990984383,"다이나믹 메이즈는 여럿이서 협동하여 장애물을 뛰어넘고, 순발력과 집중력을 필요로 하는 미션을 수행하면서 미로를 탈출하는 실내 놀이 공간이다. 커다란 미로 공간 속에서 벽을 타고 올라가고, 촘촘한 밴드를 탈출하는 등 다양한 장애물을 넘어 탈출해야 한다. 2015년 7월, 인사동에 선보인 이후 수많은 국내외 고객들로부터 사랑을 받은 다이나믹 메이즈 는 2016년 3월 강원도 속초와,제주도 성읍에도 문을 열었다.",www.dynamicmaze.com,064-787-8774,09:00~18:00 (입장마감 17:00),"무료 / 16,000원",Unknown,연중무휴,Unknown,가능,"주차요금: 무료 | 입 장 료: 16,000원 | 내국인 예약안내: 현장예매 / 홈페이지 예매 가능",50,130,VE,문화관광,VE02,테마공원,VE020100,테마파크,0,0,40,10,90,0,,,90,60,120,observed,0.7544,0.625,0.4512,0.8607,blend
745449,12,관광지,다희연,제주특별자치도 제주시 조천읍 선교로 266-4,63341,126.7006637850,33.4789799258,"제주도 제주시 조천읍 선흘리 일대 6만 평 대지에 자리 잡은 다희연은 국내 최고 수준의 친환경 녹차를 생산하는 다원이다. 제주도는 연평균 온도가 섭씨 16도를 유지해야 하고, 뿌리가 쉽게 썩어 물이 잘 빠지는 녹차 재배의 최적의 조건을 갖추고 있다. 에버그린루체 야외 정원은 화산이 폭발하면서 흘러내린 용암에 의해 생성된 조그만 동굴들을 활용한 곳이다. 동굴 연못과 동굴 다리 그리고 제주 자생수와 야생화 등이 어우러져 있다. 이브홀은 동굴 천정이 뚫린 부분에 있다. 사방에 동공들이 뚫려 있는데 가장 긴 것은 30여 미터까지 된다. 여기에는 박쥐도 서식하고 있어 운이 좋으면 직접 볼 수도 있다. 이브홀은 터널 같은 동굴을 통과하여야 들어갈 수 있다. 경덕원 정상부(그린루체)와 입구(이브홀)에 각각 자리한 두 곳의 동굴 카페에서는 천연 녹차 발효 빵, 녹차 쿠키, 녹차 머핀, 녹차라떼, 천연 녹차 발효즙 카테킹 등이 판매되고 있다.",www.daheeyeon.com,064-783-0882,09:00~18:00 / ※ 방문 전 입장시간 문의 요망,Unknown,가능,연중무휴,있음,Unknown,화장실: 있음 | 내국인 예약안내: 체험프로그램 사전 예약제,50,110,EX,체험관광,EX06,산업관광,EX061000,기타산업관광지,90,70,90,50,50,30,,,90,60,120,category,0.8022,,0.0,0.8022,category
3027466,12,관광지,달달미깡감귤밭,제주 제주시 애월읍 광령리 3899-5,695904,126.421894,33.459298,"달달미깡감귤밭은 감귤이 맛있기로 소문난 남원읍에 위치해 있다. 주변에 건물도 없고 깨끗하게 관리가 잘 되어있어 상업적이지 않은 느낌이라 방문객들의 반응도 상당히 좋다. 감귤밭 곳곳에 다양한 포토존이 있어 감귤 체험을 하며 멋진 사진도 남길 수 있다. 전망대에서 주변 풍경을 한눈에 담고 파라솔 테이블에 앉아 감귤 체험에서 직접 수확한 귤을 먹으면서 힐링해도 좋다. 또한, 초록색 감귤나무와 빨간 지붕이 특색인 카페 자체만으로도 소담하고 아늑한 감성을 자극한다. 감귤 체험 후 예쁜 감귤밭이 보이는 뷰 맛집 카페에서 다양한 음료를 마시며, 창가 앞 포토존에서 예쁜 SNS 감성 사진은 덤으로 건질 수 있다. 맞은편에는 걸서악(걸세오름)이 병풍처럼 펼쳐져 있는데 도보로 12분 정도면 도착하니 관심이 있다면 감귤 체험 후 오름도 함께 다녀와도 좋겠다. / 모든 나무 아래는 눈이 내린 듯 하얀색 타이백원단이 깔려 있는데, 이것은 햇빛을 반사시켜 더욱 많은 빛을 감귤나무가 받게 해서 당도를 높이는 재배 방식이라고 한다. 9월 초가 지나면서부터 그다음 해 1월까지 본격적으로 타이벡감귤체험이 시작된다고 한다. 한여름 8월 한 달 정도 기간 동안에는 청귤 체험도 가능하다고 하니, 직접 청을 담아 에이드를 만들어 먹는 것도 가능하다.",www.instagram.com/daldalmikkang,0507-1348-3678,10:00~17:00 (입장마감 16:30)※ 체험시기 매년 상이하므로 자세한 사항은 전화 문의,"하우스감귤따기체험3KG 20,000원 / ※ 체험 별로 상이함, 자세한 사항은 전화 문의",가능,연중무휴,있음,Unknown,"입장료: 하우스감귤따기체험3KG 20,000원 / ※ 체험 별로 상이함, 자세한 사항은 전화 문의 | 화장실: 있음",50,130,EX,체험관광,EX03,농.산.어촌 체험,EX030300,체험농장,90,80,90,20,90,10,,,30,15,45,category,0.7753,,0.0,0.7753,category
2652545,12,관광지,닭머르해안길,제주특별자치도 제주시 조천읍 신촌북3길 62-1,63338,126.613251253838,33.5378017018462,"닭머루 입구에서 신촌포구까지의 구간으로 나무데크로 이어진 전망대와 산책로가 있으며, 가을에서 초겨울까지가 닭머르 해안길을 방문하기에 좋다. 닭머르 바위는 마치 닭이 흙을 파헤치고 그 안에 들어앉은 모습을 닮았다하여 이름이 붙여졌다. 아름다운 바다 전망을 자랑하는 이곳은 도민들은 이미 잘 알고 있는 곳이지만, 아직 여행객들에게는 잘 알려지지 않았다. 그렇기에 한적하게 산책을 즐기며 사진을 찍기에 제격인 장소이다. 닭머르 바위가 있는 곳은 나무갑판으로 길이 만들어져 있고, 그 길의 끝엔 해안정자가 자리 잡고 있다. 해안정자까지 이르는 길은 가을을 맞아 풍성해진 억새가 사진 찍기에 더없이 좋은 배경을 만들어준다. 특히 이곳은 일몰 장소로도 손꼽히는 곳이기에 해가 지기 바로 직전에 사진을 담는 것을 추천한다. 억새와 저물어가는 가을 해가 아름다운 배경과 조명을 만들어 줄 것이다. / (출처 : 제주 문화관광 홈페이지)",https://www.visitjeju.net,제주시관광안내센터 064-728-3918,상시 개방,무료,가능,연중무휴,Unknown,Unknown,입장료: 무료,50,110,NA,자연관광,NA05,기타자연관광,NA050100,기타자연관광,90,0,90,30,60,0,,,30,15,45,observed,0.8411,0.8393,0.7534,0.8465,blend
2854437,12,관광지,답다니수국밭,제주특별자치도 서귀포시 월평로50번길 17-30 (월평동),63562,126.4642562450,33.2438593703,"답다니수국밭은 제주 서귀포시 월평동, 동병듸 버스정류장 근처에 위치한 아름다운 수국 명소로, 매년 수국 개화 시기에 맞춰 개방되는 정원이다. 밭 곳곳에는 집, 벤치, 테이블, 작은 오두막 등 다양한 포토존이 마련되어 있어 방문객들이 인생 사진을 남기기 좋으며, 수국 특유의 풍성하고 화려한 꽃송이 덕분에 이곳은 웨딩 스냅샷이나 커플 사진 촬영지로도 널리 알려져 있다. 단, 개화 시기와 날씨에 따라 개장 여부가 달라질 수 있으므로, 공식 SNS 채널을 통해 운영 상황을 사전 확인 후 방문하는 것을 추천한다. 수국밭 관람을 마친 뒤에는 인근의 약천사, 대포주상절리, 중문관광단지 등 제주 서귀포의 주요 관광지를 함께 둘러보며 여행 일정을 더욱 풍성하게 채울 수 있다.",https://www.instagram.com/dabdani_sugug,0507-1488-1009,08:00~20:00,"- 입장 7,000원 / - 입장+수국 한 송이 8,000원",가능,오픈일로부터 한달간 휴무없이 운영※ 자세한 개장일은 공식 SNS 채널 확인 요망,Unknown,Unknown,"입장료: - 입장 7,000원 / - 입장+수국 한 송이 8,000원",50,130,NA,자연관광,NA05,기타자연관광,NA050100,기타자연관광,90,0,100,0,10,0,,,30,15,45,observed,0.844,0.8438,0.9093,0.8465,blend
2767790,12,관광지,답다니탑망대,제주특별자치도 제주시 우도면 연평리,63365,126.9526464263,33.5249205816,우도 해안도로를 따라 돌다 보면 유난히 돌탑을 많이 만난다. 거의 바위 크기로 쌓아 올린 탑으로 무척 이색적이다. 이런 돌탑들이 모인 것이 답다니탑망대인데 4·3 사건 당시에 제주도 본섬과 바다의 상황들을 알아보고자 쌓아 올린 초소의 역할을 했다고 한다. 바위 크기로 쌓아 올려 이색적인 경관을 자아내는 답다니탑망대는 돌탑으로 쌓아 올린 봉수대와 그 옆 하얀 등대가 자리하고 있다. 등대 바로 옆으로 하트 모양 원담이 있어 사진 촬영 장소로 유명하다. / (출처 : 제주 문화관광 홈페이지),www.visitjeju.net,064-728-1527,상시 개방,무료,가능,연중무휴,있음,Unknown,화장실: 있음 | 주차요금: 무료,50,110,VE,문화관광,VE01,랜드마크관광,VE010200,타워 / 전망대,40,0,90,80,10,0,,,30,15,45,blend,0.7724,0.75,0.1813,0.7774,blend
2704703,12,관광지,당산봉,제주특별자치도 제주시 한경면 고산리 산 15,63008,126.1727968238,33.3078071658,"당산봉은 세계지질공원 주요 명소인 곳으로, 올레 12코스의 끝자락에 있다. 당산봉은 오래전부터 당오름이라고도 불렸는데, 당이 신당을 뜻하는 말로, 옛날 당산봉 기슭에 뱀을 신으로 모시는 신당이 있었다고 하여 붙여진 이름이다. 당산봉은 물과 마그마의 폭발적인 반응에 의해 형성된 수성화산체로 안덕면에 있는 산방산, 용머리와 더불어 제주도에서 가장 오래된 화산체 중 하나이다. 당산봉 정상까지 경치를 감상하면서 오르다 보면 정상 바로 밑으로 거북바위와 전망대가 있다. 전망대에서 북쪽으로는 신창 풍차해안도로가 이어지고 남쪽으로는 수월봉, 산방산까지의 푸른 해안이 한눈에 펼쳐진다. 푸른 해안과 함께 한경면의 고즈넉한 평야의 풍경을 즐기는 것 또한 일품이다.",https://www.visitjeju.net/kr,제주시 관광정보센터 064-740-6000,※ 출입 통제 구역이 있어 방문 시 전화문의 요망,무료,불가능,※ 출입 통제 구역이 있어 방문 시 전화문의 요망,Unknown,없음,입 장 료: 무료,50,110,NA,자연관광,NA01,자연경관(산),NA010100,"산, 고개, 오름, 봉우리",90,0,90,40,60,0,,,45,30,60,blend,0.8487,0.75,0.1813,0.8706,blend
2704447,12,관광지,당케포구,제주특별자치도 서귀포시 표선면 민속해안로 566-1,63629,126.8451186744,33.3247853896,"올레 4코스 출발 지점에 있는 당케포구는 제주에서 가장 넓은 면적의 백사장인 표선 해비치 해변에 있는 포구이다. 조선 시대부터 어업과 무역이 이루어지면서 일제 강점기 이후에는 포구에 마을이 형성되었으며, 당케포구의 백사장에서 성산일출봉 방향으로 바라보면 표선해변과 당케마을이 보인다. 당케는 ‘당이 있는 케(경작지)’라는 의미인데 여기서 ‘당’은 ‘할망당’을 가리킨다. 포구 사이에 바다를 향해 나 있는 길의 끝에는 하얀 등대가 자리하고 있다. 등대와 어우러진 바다 풍경과 간혹 드나드는 통통배가 멋진 풍광을 자아내며 제주도 내 해돋이 명소로도 유명하다.",https://www.visitjeju.net,제주 관광정보센터 064-740-6000,상시 개방,무료,가능,연중무휴,Unknown,Unknown,입 장 료: 무료,50,130,NA,자연관광,NA02,자연경관(하천‧해양),NA020700,항구/포구,90,10,90,50,30,0,,,60,45,75,category,0.849,,0.0,0.849,category
3559716,12,관광지,대수산봉,제주특별자치도 서귀포시 성산읍 서성일로1168번길 89-17,63641,126.9023,33.438,"성산읍 사무소 뒤편에 위치한 오름으로 전 사면이 완만하게 서너 개의 기복이 있다. 정상 부분에서 얕게 팬 타원형의 분화구가 존재한다. 산정부를 제외한 전 사면이 삼나무와 해송으로 조림되어 아름답고 울창한 숲을 이루고 있다. 조선 시대 때 이 오름 정상에 봉수대가 있어 북동쪽으로는 성산 봉수, 남서쪽으로는 독자 봉수와 교신했었다는 봉수대 흔적이 남아있다. 단, 일부 오름은 사유지로 출입이 제한되거나 통제되는 곳이 있으니 전화 문의 후 방문을 해야 한다. / (출처 : 비짓제주 홈페이지)",비짓제주 https://www.visitjeju.net/kr,제주관광정보센터 064-740-6000,상시 개방,무료,가능,연중무휴,있음,Unknown,입장료: 무료 | 주차요금: 무료 | 화장실: 있음,50,130,NA,자연관광,NA01,자연경관(산),NA010100,"산, 고개, 오름, 봉우리",90,0,80,60,70,0,,,60,45,75,blend,0.8941,1.0,0.1813,0.8706,blend
2852643,12,관광지,대왕수천예래생태공원,제주 서귀포시 상예동 5002-26,697301,126.396617,33.247745,"대왕수천예래생태공원은 올레 8코스, 서귀포 상예동에 있는 습지공원이다. 이곳은 대왕수라는 산물(용천수)이 흐르는데 아무리 가물어도 수량이 줄지 않고, 예래동 일대에 가장 큰 물이라는 의미로 대왕수라 불러왔다. 보통 제주의 하천은 비가 오지 않을 때 물이 없는 경우가 대부분이라 사시사철 흐르는 이곳의 물은 독특한 풍경이다. / 예래생태공원 일대는 한국반딧불이연구회가 지정한 반딧불이 보호지역이며, 이 대왕수천 하류 쪽에는 여름철 물놀이 장소로 유명한 논짓물이 있다. / 공원 남쪽에는 예래생태체험관이 있으며, 봄에는 이 일대가 벚꽃명소로 유명하다.",Unknown,서귀포 예래생태마을 064-738-6613,상시 개방,무료,가능,연중무휴,있음,Unknown,입장료: 무료 | 주차요금: 무료 | 화장실: 있음,50,130,NA,자연관광,NA04,자연공원,NA040500,생태관광지,90,0,80,20,60,0,,,30,15,45,blend,0.7973,0.75,0.3297,0.8205,blend
1621175,12,관광지,대정향교,제주특별자치도 서귀포시 안덕면 향교로 165-17,63528,126.2883840008,33.2395439887,"대정향교는 서귀포시 안덕면에 있으며, 1416년에 세웠는데 이후 터가 좋지 않다고 하여 여러 차례 옮기다가 1653년 지금 있는 자리로 옮겼다. 대정향교는 2단으로 지어진 정지된 부지 위에 상단부는 제향 공간인 대성전, 하단부에는 강학 공간인 명륜당이 배치되어 전학후묘의 전형적인 향교 배치를 하고 있다. 현존 건물로는 대성전·명륜당, 동재·서재·신삼문·정문·대성문 등이 있으며, 대정향교의 대성전과 명륜당은 조선시대 그 어느 지역보다 척박했던 제주 대정지역의 향토성과 역사성을 투영시켜 소박하고 절제된 양식으로 표현해 냈다. 추사 김정희가 유배 생활을 할 때 이곳에서 학생들을 가르치기도 했다고 전한다.",https://www.visitjeju.net,064-794-7944,09:00~16:00,무료,가능,매주 월요일,있음,Unknown,입장료: 무료 | 주차요금: 무료 | 화장실: 있음,50,130,HS,역사관광,HS01,역사유적지,HS010900,사당,30,0,70,100,20,0,,,30,15,45,category,0.7874,,0.0,0.7874,category
2789609,12,관광지,대평포구,제주특별자치도 서귀포시 안덕면 창천리 914-5,63531,126.3620208614,33.2365152273,"제주 올레 9코스의 시작 점이자 동시에 8코스의 종착점인 대평포구는 현재 낚싯배나 작은 어선이 정박하는 포구로 이용되고 있지만, 고려 시대 때는 원이 제주에 탐라 총괄부를 두어 강점하면서 제주마(馬)를 송출하는 포구로 이용되기도 하였다. 용암이 굳어져 만들어진 넓은 지대로 이루어져 있어 이곳을 ‘대평(大坪)’리라 칭하며 넓은 들을 의미한다. 대평리는 과거에 ‘용왕난드르’라 불렸으며 ‘난드르’ 또한 ‘넓은 들’이라는 의미의 제주 방언이다. 넓은 포구의 해안 길을 따라 걷다 보면 박수 기정이라 불리는 해안 절벽이 수려한 풍광을 자랑하고 있다.",https://www.visitjeju.net/kr,064-740-6000,상시 개방,무료,가능 / 요금 (무료),연중무휴,Unknown,Unknown,입 장 료: 무료,50,130,NA,자연관광,NA02,자연경관(하천‧해양),NA020700,항구/포구,80,10,80,40,60,0,,,45,30,60,blend,0.837,0.8125,0.3297,0.849,blend
127053,12,관광지,대포주상절리,제주특별자치도 서귀포시 이어도로 36-24 (중문동),63547,126.4264985478,33.2389326421,"막혔던 가슴이 탁트이도록 시원스레 부서지는 파도, 신이 다듬은 듯 정교하게 겹겹이 쌓은 검붉은 육모꼴의 돌기둥이 병풍처럼 둘러쳐져 있는 중문관광단지 동부지역 해안가의 주상절리대는 자연의 위대함과 절묘함을 동시에 느낄 수 있는 천혜의 관광자원으로, 제주도 지정문화재 기념물이다. 아득한 옛날 지각변동으로 인해 이루어진 주상절리대를 보고 있으면 새하얗게 부서지는 포말 속에 석수장이의 애달픈 사연이라도 금새 실려오는 듯하다. 파도가 심하게 일 때는 높이 20m 이상 용솟음치는 장관을 연출한다. 천혜의 절경으로 인해 테마여행지로 각광받고 있는 명소다. / 주상절리(柱狀節理, columnar jointing)란 주로 현무암질 용암류에 나타나는 기둥모양의 수직절리로서 다각형(보통은 4∼6각형)이며, 두꺼운 용암(약 섭씨 1100도)이 화구로부터 흘러나와 급격히 식으면서 발생하는 수축작용의 결과로서 형성된다고 하는데 이곳의 주상절리는 높이가 30~40m, 폭이 약 1km 정도로 우리나라 최대 규모이다.",비짓제주 https://www.visitjeju.net/ / 국가유산청 https://www.heritage.go.kr,064-738-1521,09:00~17:30,"경차(1,000cc 이하) 1,000원 / 승용차~15인승 미만 2,000원 / 15인승부터 3,000원 / [개인] / - 일반 2,000원 / - 어린이(7~12세), 청소년(13~24세), 군인(하사 이하) 1,000원 / [단체 (10인 이상)] / - 일반 1,600원 / - 어린이(7~12세), 청소년(13~24세), 군인(하사 이하) 600원",가능,연중무휴,있음,Unknown,"화장실: 있음 | 주차요금: 경차(1,000cc 이하) 1,000원 / 승용차~15인승 미만 2,000원 / 15인승부터 3,000원 | 입 장 료: [개인] / - 일반 2,000원 / - 어린이(7~12세), 청소년(13~24세), 군인(하사 이하) 1,000원 / [단체 (10인 이상)] / - 일반 1,600원 / - 어린이(7~12세), 청소년(13~24세), 군인(하사 이하) 600원",50,130,NA,자연관광,NA02,자연경관(하천‧해양),NA020800,해안절경,100,0,100,70,20,0,,,30,15,45,observed,0.7501,0.75,0.9983,0.8101,blend
2738714,12,관광지,대포포구,제주특별자치도 서귀포시 대포동,63543,126.4392113608,33.2377274199,"대포포구는 제주도 서귀포시 대포동에 위치한 포구이다. 이곳은 월평마을의 아왜낭목에서 안덕 계곡의 대평 포구에 이르는 제주 올레 8코스 중간에 자리 잡고 있다. 대포항에서는 요트 투어가 가능하며, 360도 회전하는 제트보트 등의 이색적인 해상 레포츠도 경험할 수 있다. / 포구가 위치한 대포동은 주상절리가 아름답게 펼쳐진 지삿개 해안과 약천사가 있어 많은 관광객이 찾는 곳이다. 대포마을 주변은 경사가 완만한 용암 지대가 넓게 분포해 있고, 끝없이 펼쳐진 바다와 넓은 초지대의 울창한 삼림지대로 이루어져 있다.",https://www.visitjeju.net,제주관광정보센터 064-740-6000,상시 개방,무료,가능,연중무휴,Unknown,Unknown,입 장 료: 무료 | 주차요금: 무료,50,130,NA,자연관광,NA02,자연경관(하천‧해양),NA020700,항구/포구,80,10,80,20,90,10,,,45,30,60,blend,0.7857,0.5,0.1813,0.849,blend
2781422,12,관광지,대포해안,제주특별자치도 서귀포시 이어도로 36-30 (중문동),63547,126.4260597168,33.2380216246,"대포동에 있는 포구로, 대포동은 주상절리가 아름답게 펼쳐진 지삿개 해안과 약천사가 자리 잡고 있어 많은 관광객이 찾는 곳이다. 대포 마을 주변은 경사가 완만한 용암 지대가 넓게 분포해 있고, 끝없이 펼쳐진 바다와 넓은 초지대의 울창한 삼림지대가 있다. 대포포구는 월평마을의 아왜낭목에서 안덕계곡의 대평포구에 이르는, 제주올레 8코스 중간에 자리 잡고 있다. 또한 대포항에서는 요트 투어가 가능하며, 360도로 회전하는 제트보트 등의 이색적인 해상 스포츠도 경험할 수 있다. / (출처 : 비짓제주)",https://www.visitjeju.net/kr,064-738-1521,대포해안 주상절리대 09:00~17:30,"[대포해안 주상절리대 개인] / - 일반 2,000원 / - 청소년, 어린이, 군인 1,000원 / [대포해안 주상절리대 단체 (10인 이상)] / - 일반 1,000원 / - 청소년, 어린이, 군인 600원","가능 / 요금 (경차 1,000원 / 승용 2,000원 / 대형 3,000)",연중무휴,있음,Unknown,"입 장 료: [대포해안 주상절리대 개인] / - 일반 2,000원 / - 청소년, 어린이, 군인 1,000원 / [대포해안 주상절리대 단체 (10인 이상)] / - 일반 1,000원 / - 청소년, 어린이, 군인 600원 | 화장실: 있음",50,130,NA,자연관광,NA02,자연경관(하천‧해양),NA020800,해안절경,90,0,80,0,70,0,,,30,15,45,category,0.8101,,0.0,0.8101,category
665594,12,관광지,더마파크,제주특별자치도 제주시 한림읍 월림7길 155,63017,126.2430787305,33.3549226516,"더마파크는 말을 주제로 한 테마공원으로 승마 체험과 기마공연 등 다양한 말 문화를 경험할 수 있는 곳이다. 제주 말의 역사와 문화를 바탕으로 한 공연 프로그램을 운영하고 있으며, 박진감 넘치는 기마공연을 통해 색다른 볼거리를 제공한다. 또한 승마 체험과 다양한 부대시설을 갖추고 있어 가족 단위 관광객부터 말 문화에 관심 있는 방문객까지 폭넓게 찾고 있다.",http://www.mapark.co.kr,064-795-8080,[카트/승마]- 09:00~17:00 - 입장 마감 16:30[공연]- 10:30~17:30※ 자세한 사항은 홈페이지 참조,"[공연] / - 성인 25,000원 / - 중·고생 20,000원 / - 어린이 20,000원 / [카트] / - 1인승 25,000원 / - 2인승 35,000원 / [승마] / - A코스 15,000원 / - B코스 35,000원 / ※ 이용요금은 변동될 수 있으므로 자세한 사항은 홈페이지 참조 또는 전화 문의 요망",가능,연중무휴,Unknown,Unknown,"시설이용료: [공연] / - 성인 25,000원 / - 중·고생 20,000원 / - 어린이 20,000원 / [카트] / - 1인승 25,000원 / - 2인승 35,000원 / [승마] / - A코스 15,000원 / - B코스 35,000원 / ※ 이용요금은 변동될 수 있으므로 자세한 사항은 홈페이지 참조 또는 전화 문의 요망",50,110,VE,문화관광,VE02,테마공원,VE020100,테마파크,20,0,70,70,90,0,,,90,60,120,observed,0.8743,0.875,0.9502,0.8607,blend
1928430,12,관광지,도너리오름,제주특별자치도 서귀포시 안덕면 한창로 775 일대,63523,126.3320881680,33.3243994944,"안덕면 동광리와 한림읍 금악리의 경계에 걸쳐져 있다. 한창로 정물오름 앞을 지나는 곧게 뻗어있는 경사진 도로의 중간지점에서 목장으로 진입하는 길이 나 있으며 옹포리 공동목장 입구의 철제대문을 지나면 집 한 채가 있는데 그 뒤편으로 오름 정상까지 올라갈 수 있다. 이 오름은 두 개의 화구를 가진 복합형으로 하나는 북서쪽으로 깊고 넓게 벌어진 말굽형 화구로 화구 내에는 자연림의 울창한 숲을 이룬 것이 구좌읍 체오름의 화구모양과 비슷하며 또 하나는 정상 동단에 깔때기 모양의 원형 화구가 급경사로 패어 있다. 분화구를 도리암메(둥근 분화구)라고 하는데, 이때의 도는 원을 뜻하는 중세 국어이자 제주도 방언이고, 또한 암메는 굼부리(분화구)를 뜻하는 제주도 방언이다. 또한 움부리는 굼부리로 화산분출로 생긴 움푹한 구멍으로 제주의 많은 오름에서 움부리를 볼 수 있다. 또 도너리란 명칭의 유래도 굼부리 바깥쪽이 넓게 벌어진 데서 도(어귀)가 널찍하다 하여 도너리오름이라 하며 돝내린오름은 옛날 산돝(멧돼지)이 내려왔다는데 유래된 이름이라 하며 오름의 북쪽 자락에서 동쪽 자락까지는 울창한 수림지대로서 곶자왈을 이루고 있으며 주변에는 제주 남이섬, 성이시돌목장, 오설록 등이 있다.",Unknown,제주관광정보센터 064-740-6000,Unknown,Unknown,Unknown,Unknown,Unknown,Unknown,Unknown,50,130,NA,자연관광,NA01,자연경관(산),NA010100,"산, 고개, 오름, 봉우리",90,0,80,40,70,0,,,60,45,75,category,0.8706,,0.0,0.8706,category
2738665,12,관광지,도두봉,제주특별자치도 제주시 도두항길 4-17 (도두일동),63112,126.4672362102,33.5067925638,"도두봉은 제주공항 북쪽 도두동 해안가에 있는 오름으로 경사가 완만하며 오르기 쉬운편에 속한다. 남사면은 풀밭을 이루면서 듬성듬성 해송이 있고, 북사면은 삼나무와 낙엽수 등이 어우러져 숲을 이룬다. 봉우리는 두 개이며, 동쪽 봉우리가 높다. 주변에는 국수나무, 팥배나무, 덜꿩나무, 예덕나무 외에 여러 종류의 새우란, 바람꽃 등의 자생식물이 자라고 있다. 오르는 길과 정상에서 제주 국제공항에 비행기가 뜨고 내리는 것도 볼 수 있는데 바다 전망과 어우러져 장관을 이룬다. 규모가 작은 오름이지만, 멋진 풍경을 보여준다.",https://www.visitjeju.net,제주관광정보센터 064-740-6000,※ 통제될 수 있으므로 방문 시 전화문의 요망,무료,가능,연중무휴,있음,Unknown,화장실: 있음 | 입 장 료: 무료,50,110,NA,자연관광,NA01,자연경관(산),NA010100,"산, 고개, 오름, 봉우리",90,0,90,10,70,0,,,30,15,45,observed,0.8139,0.8139,0.9999,0.8706,blend
2794659,12,관광지,도두항,제주특별자치도 제주시 도공로 2 (도두일동),63113,126.4650003076,33.5061675974,"도두항은 용두암 해안도로와 이호테우 사이에 있는 방파제로, 관탈도와 추자도행 낚시 배들이 출항하는 곳으로 유명하다. 제주 국제공항에서 차로 15분 거리에 있고, 발판도 비교적 좋아 낚시꾼들이 즐겨 찾는다. 제주 시내에서 가깝고, 숙박시설과 신선한 해산물이 있는 유명 맛집, 낚시점들이 적절히 위치해 있어 관광객과 현지인 모두 편리하게 이용할 수 있다. 또한, 유람선과 요트 등 해양 레저 시설도 있어 많은 관광객이 찾는 곳이다.",http://www.visitjeju.net,064-740-6000,상시,무료,가능 / 요금 (무료),연중무휴,없음,Unknown,화장실: 없음 | 입 장 료: 무료,50,110,NA,자연관광,NA02,자연경관(하천‧해양),NA020700,항구/포구,70,60,60,10,80,30,,,180,135,225,observed,0.7667,0.6667,0.4512,0.849,blend
2759624,12,관광지,도련 감귤나무 숲,제주특별자치도 제주시 도련남3길 81,63328,126.5871323220,33.5002806517,"도련 감귤나무 숲은 감귤 따기 체험을 할 수 있는 체험 농장으로, 방문객이 한꺼번에 몰리는 불편을 줄이기 위해 하루 4타임으로 운영된다. 온라인 예약과 현장 결제가 모두 가능하다. 체험 전에는 감귤을 고르는 방법과 따는 방법에 대한 안내가 제공되며, 체험 후에는 지정된 구역에서 시식을 자유롭게 즐길 수 있다. 제주국제공항에서 약 20분 거리에 위치해 여행 동선으로도 좋다.",https://www.instagram.com/jejudrforest,0507-1416-7733,10:00~16:00 (휴게시간 12:00~13:00),체험별로 상이함,가능,체험별로 상이함,있음,가능,입장료: 체험별로 상이함 | 화장실: 있음,50,110,EX,체험관광,EX07,기타체험,EX070200,기타체험관광,60,40,40,20,90,20,,,60,45,75,observed,0.7645,0.8125,0.5507,0.7056,blend
1899959,12,관광지,도리미오름,제주특별자치도 제주시 구좌읍 송당리 산 255-1,63355,126.7697172117,33.4315668324,"도리미오름은 비치미오름과 자락을 맞대어 이어진 오름이다. 말굽형 화구로 완만한 등성이로 이루어진 대형의 원형 분화구였으나 이차적인 용암 유출에 의해 화구가 동북 방향으로 터진 형태를 하고 있다. 화구 안에는 북측으로 치우쳐 미끄러짐에 의해 만들어진 원추형의 알오름이 낮게 솟아 있으며, 문헌상에는 민오름 알오름으로 표기되어 있으나 이는 민오름과는 관계가 없다고 한다. 오름의 정상에는 용암 유출의 흔적으로 생긴 커다란 용암바위들이 박혀 있으며, 그 외의 지역은 풀밭오름이고 화구 내에는 인공 초지가 조성되어 있다. 오름 능선은 완만하고 오르는데 힘들지 않아서 주변의 오름들을 조망하며 오르기 좋다. 정상에 오르면 한라산과 교래리 오름군을 볼 수 있다.",http://www.visitjeju.net,제주관광정보센터 064-740-6000,상시 개방,무료,가능,연중무휴,Unknown,Unknown,입 장 료: 무료,50,110,NA,자연관광,NA01,자연경관(산),NA010100,"산, 고개, 오름, 봉우리",90,0,80,20,70,0,,,60,45,75,category,0.8706,,0.0,0.8706,category
2759036,12,관광지,도시해녀,제주특별자치도 제주시 애월읍 하귀미수포길 16-1,63051,126.4025480925,33.4842537573,"도시해녀는 제주 바다에서 직접 해녀를 체험할 수 있는 곳이다. 물이 무섭거나 수영을 못하는 사람도 물에 뜨는 방법과 호흡법, 안전 수칙을 꼼꼼히 알려주는 강사와 함께 체험을 즐길 수 있다. 수영을 못해도 안전장구 착용으로 체험이 가능하며 잠수방법 교육, 해산물 채취, 수중 촬영 등 다양한 체험이 가능하다. 아름다운 제주의 바다를 온몸으로 느낄 수 있는 곳이다.",https://www.instagram.com/city.diver,010-2313-7412,09:00~15:00,"- 해녀체험 60,000원- 해녀수중스튜디오 60,000원",가능,연중무휴,있음,Unknown,"시설이용료: - 해녀체험 60,000원- 해녀수중스튜디오 60,000원 | 화장실: 있음",50,110,EX,체험관광,EX03,농.산.어촌 체험,EX030100,체험마을,80,30,70,60,100,0,,,75,60,90,blend,0.816,1.0,0.1813,0.7753,blend
2751854,12,관광지,도치돌 알파카목장,제주특별자치도 제주시 애월읍 도치돌길 303,63035,126.3667721330,33.4097517134,"푸른 섬 제주 애월 숲 속에 있는 도치돌목장은 너른 초원을 자유롭게 다니는 알파카들을 만날 수 있는 곳으로 유명하다. 알파카들과 걷고 뛰고 교감하며 먹이 주기 체험을 할 수 있고 토끼, 포니, 말, 양, 염소 등 다양한 동물들을 만나볼 수 있어 남녀노소를 불문하고 인기가 좋다. 목장 산책로 곳곳에 피어있는 계절 꽃들이 여행의 낭만을 더해준다. 양옆으로 빼곡히 세워진 나무 덕에 자연을 체감할 수 있는 초록숲 산책길부터, 봄의 유채꽃밭, 여름의 능소화 기둥, 가을의 억새밭, 겨울의 동백 꽃밭으로 사계절 아름다운 자연을 만끽할 수 있다. 제주 자연을 그대로 살린 도치돌목장을 배경으로 동물들과 함께 멋진 사진을 남겨보자.",공식 홈페이지 http://www.alpacajeju.com/ / 공식 인스타그램 https://www.instagram.com/alpacalogpark,0507-1361-6694,[하절기(2월15일~11월)] / - 10:00~18:00 / - 입장 마감 17:00 / [동절기(12월~2월14일)] / - 10:00~17:30 / - 입장 마감 17:00,"[개인] / - 일반 15,000원 / - 경로(65세 이상), 장애인 7,500원 / [단체 (30인 이상)] / - 일반 12,000원 / ※무료 / - 24개월 미만 유아 / 국가유공자 / ※ 자세한 사항은 홈페이지 참조",가능,연중무휴 / ※ 내부 사정에 따른 비정기적 휴무일은 공식 인스타그램 공지 참고,있음,가능,"화장실: 있음 | 이용가능시설: 카페 / 매점 등 | 입 장 료: [개인] / - 일반 15,000원 / - 경로(65세 이상), 장애인 7,500원 / [단체 (30인 이상)] / - 일반 12,000원 / ※무료 / - 24개월 미만 유아 / 국가유공자 / ※ 자세한 사항은 홈페이지 참조",50,110,EX,체험관광,EX03,농.산.어촌 체험,EX030200,체험목장,90,0,80,0,90,0,,,75,60,90,observed,0.8721,0.8875,0.8647,0.7738,blend
126441,12,관광지,돈내코 원앙폭포,제주특별자치도 서귀포시 돈내코로 137,63582,126.5820170154,33.3005255267,"돈내코는 제주특별자치도 서귀포시에 위치한 계곡으로 에메랄드빛 강물과 난대 상록수림이 울창한 모습을 볼 수 있고 높이 5m의 원앙폭포와 작은 못이 있어 그 경치가 매우 수려하다. 돈내코 입구에서 산책로를 따라 20분 정도 걸어 들어가면 만날 수 있는 원앙폭포는 두 개의 물줄기가 떨어지는데, 금슬 좋은 원앙 한 쌍이 살았다 하여 원앙폭포라는 이름이 붙여졌다. 한라산에서 내려오는 얼음같이 차고 맑은 물이 흐르고, 물맞이를 비롯한 피서지로 유명한 곳이다. 백중날 (음력 7월 보름)에는 물을 맞으면 모든 신경통이 사라진다는 얘기가 있어 사람들이 가장 많이 붐빈다. 돈내코 유원지 입구에서 계곡까지 약 700m 정도에 달하는 숲길은 상록수림이 빽빽이 들어서 있고 중간에 나무 벤치가 있어 산림욕을 하기에 좋다. 계곡 입구 건너편 300m 떨어진 도로변에 야영장과 주차장, 취사장, 체력단련 시설이 잘 갖추어져 있고 인근에 향토 음식점이 있어 토종닭 등 제주 특유의 별미를 맛볼 수 있다.",https://www.visitjeju.net,064-733-1584,상시 개방,무료,가능,연중무휴,있음,Unknown,화장실: 있음 | 입 장 료: 무료,50,130,NA,자연관광,NA01,자연경관(산),NA010400,계곡,100,40,90,20,70,0,,,60,45,75,observed,0.8627,0.8631,0.985,0.835,blend
3545719,12,관광지,돌낭예술원,제주특별자치도 서귀포시 남원읍 서성로 544-35,63609,126.65460327821138,33.31977178437227,"돌낭예술원은 14년 간 황무지땅을 일구어 가꿔 2024년 봄에 열었다. 아버지의 예술혼을 불어넣은 분재와 석부작을 주요 테마로 하여 다양한 제주자생식물과 화산석을 만날 수 있는 생태예술정원이다. 1만 4천 평 부지에 120여 종의 수목, 200종의 야생화와 수십 종류의 수국으로 숲을 이루고 곳곳에 샤스타데이지, 수레국화, 백일홍, 코스모스 등 계절별로 다양한 꽃밭도 준비되어 있다. 정원의 남쪽으로는 탁 트인 제주바다가 펼쳐지며 북쪽으로는 한라산 백롬담을 아주 가까이 전망할 수 있다.",https://www.dolnangartgarden.com,070-8672-9435,[11월~5월]- 08:30~18:00 - 입장마감 17:00[6월~10월]- 08:30~18:30- 입장마감 17:30,"[일반] / - 성인(만 19세~만 64세) 10,000원 / - 청소년(만 13세~18세) 8,000원 / - 어린이(36개월~만 12세) 3,000원 / - 경로(만 65세 이상) / 군인 / 임산부 8,000원 / - 장애인(중증 1~3급) / 보훈 및 4·3유가족 7,000원 / [도민 / 단체(20인 이상)] / - 성인(만 19세~만 64세) 8,000원 / - 청소년(만 13세~18세) 7,000원 / - 어린이(생후36개월~만 12세) 3,000원 / - 경로(만 65세 이상) / 군인 / 임산부 7,000원 / - 장애인(중증 1~3급) / 보훈 및 4·3유가족 6,000원 / ※ 이용요금은 변동될 수 있으므로 자세한 사항은 홈페이지 참조 또는 전화 문의 요망",가능,연중무휴,Unknown,Unknown,"입장료: [일반] / - 성인(만 19세~만 64세) 10,000원 / - 청소년(만 13세~18세) 8,000원 / - 어린이(36개월~만 12세) 3,000원 / - 경로(만 65세 이상) / 군인 / 임산부 8,000원 / - 장애인(중증 1~3급) / 보훈 및 4·3유가족 7,000원 / [도민 / 단체(20인 이상)] / - 성인(만 19세~만 64세) 8,000원 / - 청소년(만 13세~18세) 7,000원 / - 어린이(생후36개월~만 12세) 3,000원 / - 경로(만 65세 이상) / 군인 / 임산부 7,000원 / - 장애인(중증 1~3급) / 보훈 및 4·3유가족 6,000원 / ※ 이용요금은 변동될 수 있으므로 자세한 사항은 홈페이지 참조 또는 전화 문의 요망",50,130,NA,자연관광,NA04,자연공원,NA040700,수목원ㆍ정원,100,0,90,50,20,0,,,60,45,75,category,0.8313,,0.0,0.8313,category
128777,12,관광지,돌하르방미술관,제주특별자치도 제주시 조천읍 북촌서1길 70,63339,126.6896605755,33.5396035971,"돌하르방미술관은 제주시 조천읍에 위치한 미술관이다. 이곳은 제주 토박이 김남흥 원장이 15년 이상의 세월 동안 개인의 힘으로 일구어온 생명과 평화의 공원이자 문화와 예술을 담은 공원이다. 도 내외에 흩어져 있는 48기의 돌하르방을 원형 그대로 재현해 전시하고 있을 뿐만 아니라 현대적인 해석으로 탄생한 다양한 형태의 돌하르방과 250여 개의 조형물들을 공원 곳곳에서 야외 전시하고 있다. 또, 곶자왈 산책길에서는 각종 양치식물과 청미래덩굴, 자귀나무, 꾸지뽕나무 등 다양한 수목을 관찰할 수 있어 살아 숨 쉬는 자연을 그대로 접할 수 있다.",https://www.visitjeju.net,064-782-0570,[하절기(4월~10월)] / 09:00~18:00 (입장 마감 17:30) / [동절기(11월~3월)] / 09:00~17:00 (입장 마감 16:30),"[개인] / - 성인 7,000원 / - 소인, 경로, 장애인 5,000원 / [단체] / - 성인 6,000원 / - 소인, 경로, 장애인 4,000원",가능,연중무휴,있음,Unknown,"입 장 료: [개인] / - 성인 7,000원 / - 소인, 경로, 장애인 5,000원 / [단체] / - 성인 6,000원 / - 소인, 경로, 장애인 4,000원 | 화장실: 있음",50,110,VE,문화관광,VE03,도시공원,VE030100,시민공원,80,0,90,90,40,0,,,45,30,60,blend,0.6187,0.25,0.3297,0.8,blend
1890177,12,관광지,동검은이오름,제주특별자치도 제주시 구좌읍 종달리 산70,695976,126.8047000000,33.4494000000,"제주시 구좌읍 종달리에 있는 동검은이오름은 동거문오름, 동거문이오름, 거미오름으로도 불린다. 조천에도 검은 오름이 있어 ‘동’을 붙였으며, 오름이 검은색을 띠는 것을 보고 검은이오름이라는 이름이 붙여졌다는 설과 오름 사면이 사방으로 뻗어나가는 모습이 거미집 같다고 하여 거미오름이라 한다는 설이 있다. / 일반적인 오름들처럼 둥글고 매끄러운 모습이 아니라 능선이 끊어질 듯 이어지며, 멀리서 보면 여러 개의 오름인 듯 보이는 모양을 하고 있다. 동거문오름은 보는 방향에 따라 다채로운 모양을 보인다. 백약이오름에서 바라보면 다리를 세운 거미 모양이며, 반대 방향에서 보면 혹이 두 개 달린 낙타 모양을 하고 있다. / (출처: 비짓제주 홈페이지)",http://www.visitjeju.net,제주관광정보센터 064-740-6000,상시 개방,무료,가능,연중무휴,없음,Unknown,입장료: 무료 | 화장실: 없음,50,110,NA,자연관광,NA01,자연경관(산),NA010100,"산, 고개, 오름, 봉우리",90,0,80,20,40,0,,,60,45,75,category,0.8706,,0.0,0.8706,category
2390111,12,관광지,동광리농촌체험마을,제주특별자치도 서귀포시 안덕면 동광로 126,63523,126.3399267501,33.3076403586,"동광리농촌체험마을은 안덕면 동광리에서 운영하는 녹색 농촌 체험 마을이다. 동광마을은 해발 200m~400m에 위치하며 한라산 남서 사면의 완만한 용암 평원에 입지한 중산간 내륙의 산촌으로 크고 작은 오름과 숲으로 둘러싸여 있다. 제주 4·3 사건의 아픔을 겪었던 마을로 잃어버린 마을과 표석비, 주민들의 피난처였던 큰넓궤, 한 묘, 돌다리 등 4·3 유적지가 남아있다. 체험마을은 폐교된 동광 분교를 리모델링했으며 관광객 및 제주도민들을 위한 농촌 체험 프로그램이 항상 준비되어 있다. 프로그램으로는 눈썰매 타기 및 연날리기 체험, 한우 사육 및 조랑말 체험 활동, 고사리 꺾기와 야생화 관찰, 돌담 쌓기와 젖소 체험 활동, 오름 탐사 및 동식물 탐사 체험, 4·3유적지 탐사, 민속놀이 체험, 감자범벅 만들기와 맷돌 갈기, 대나무 활쏘기 및 대나무 물총 만들기, 핸드폰과 열쇠고리 만들기 등이 있다. 이 밖에 방문자 센터, 숙박 시설, 천연잔디구장을 비롯한 체육시설 등을 마련해 다양한 프로그램의 장으로 활용하고 있다. 또한 북오름 생태공원 산책로를 방문자 센터와 연결해 방문객들이 오름을 등반하며 아름다운 자연 생태를 직접 느끼도록 조성했다. 북오름과 거린오름, 곶자왈이 가까이 있고 마라도를 볼 수 있는 아름다운 풍광도 갖고 있다. 2016년에 농림축산식품부와 한국농어촌공사가 추천하는 농촌관광코스 10선에 선정되기도 했다.",Unknown,동광리 사무소 064-794-8722 / 체험 예약 010-6655-1613,상시 개방,"- 키즈펜션 250,000~350,000원 / - 문화체험실·잔디구장 및 체육시설·운동장 100,000~200,000원 / ※ 자세한 사항은 전화 문의 요망",가능,연중무휴,있음,Unknown,"화장실: 있음 | 시설이용료: - 키즈펜션 250,000~350,000원 / - 문화체험실·잔디구장 및 체육시설·운동장 100,000~200,000원 / ※ 자세한 사항은 전화 문의 요망",50,130,EX,체험관광,EX03,농.산.어촌 체험,EX030100,체험마을,90,40,80,70,90,10,,,30,15,45,category,0.7753,,0.0,0.7753,category
1906195,12,관광지,동백동산,제주특별자치도 제주시 조천읍 동백로 77,63340,126.7155,33.5098,"조천읍 선흘리에 위치한 동백동산은 제주 생태관광의 또 다른 명소이다. 동백동산은 생태적 우수성을 인정받아 2011년에는 람사르 습지로, 2014년에는 세계지질공원 명소로 지정되었다. 화산 폭발 후 흘러내린 용암이 쪼개지면서 형성된 제주의 숲, 곶자왈은 물이 고이는 습지가 만들어지기 어려운 구조다. 하지만 동백동산은 용암이 판형으로 남아 물이 빠져 내려가지 않고 고여 있게 된다. 이를 파호이호이용암이라 부르며 이 용암으로 습지와 동굴, 그리고 용암언덕 튜물러스가 만들어져 숲을 이룬다. 전국 최대 상록수림인 동백동산 안에는 사철 마르지 않는 습지, 먼물깍을 만날 수 있는데 마을과 멀리 떨어져 있다 해서 먼물의 의미와 끝을 일컫는 깍이 합쳐진 이름이다. 먼물깍은 다양한 수생식물과 곤충 및 양서류가 서식하는 생명의 보고이다. 돌덩이가 되어버린 불덩이, 서로 의지하며 키를 키우고 있는 나무와 덩굴, 건강한 생태계 속에 깃들여 사는 무수한 생명들, 그곳이 동백동산이다.",https://www.visitjeju.net/kr,064-784-9446,09:00~18:00,무료,가능,설·추석※ 자세한 사항은 전화문의 요망,Unknown,Unknown,입장료: 무료 | 한국어안내서비스: [동백동산 자연해설프로그램]* 시간 09:00 ~ 16:00 (하루 전 예약)* 동백동산 탐방안내센터 (064-784-9445~6) * 3인이상※ 체험은 현지사정에 따라 변동될 수 있으므로 홈페이지 참고 및 전화문의,50,110,NA,자연관광,NA04,자연공원,NA040500,생태관광지,100,0,80,60,40,0,,,60,45,75,blend,0.8797,1.0,0.3297,0.8205,blend
2806043,12,관광지,동백포레스트,제주특별자치도 서귀포시 남원읍 생기악로 53-38,63608,126.6362150996,33.3003486310,"동백포레스트는 제주 서귀포시 남원읍에 위치한 동백꽃 테마 농원으로 자연과 힐링을 동시에 즐길 수 있는 명소이다. 하얀 유럽풍 건물과 동글동글한 동백나무로 이국적인 분위기를 지녔으며, 11월부터 2월까지 동백꽃이 만개하여 붉은 꽃망울이 숲속을 물들이며, 방문객들에게 아름다운 풍경을 선사한다. 야외 정원은 물론 건물 내 카페가 있어 음료와 디저트를 즐기며 카페 1층의 창을 배경 삼아 사진 찍을 수 있는 포토존이 있다. 동백포레스트는 자연 속에서의 산책과 사진 촬영을 즐기기에 적합한 장소로, 제주 여행 중 특별한 추억을 남기기에 좋은 곳이다.​",https://www.instagram.com/camelia.forest,0507-1331-2102,09:00~18:00 (입장 마감 17:00) / ※ 동백꽃 개화시기에 운영하므로 전화문의 요망,"- 성인 6,000원 / - 청소년, 어린이 4,000원",가능,3월~10월 / ※ 동백꽃 개화시기에 운영하므로 전화문의 요망,Unknown,가능,"입 장 료: - 성인 6,000원 / - 청소년, 어린이 4,000원",50,130,NA,자연관광,NA04,자연공원,NA040700,수목원ㆍ정원,90,40,90,10,50,0,,,60,45,75,category,0.8313,,0.0,0.8313,category
2738761,12,관광지,동일리포구,제주특별자치도 서귀포시 대정읍 동일하모로98번길 14-32,63506,126.2401122413,33.2254895350,"동일리포구는 소규모 어항으로 분류되어있으며 동일리는 옛날엔 날 외라고 불리었다고 한다. 소금을 만드는 염전 터가 전해 내려오며 역사 유적과 함께 유서 깊은 마을이라고 알려진다. 동일리포구에는 용천수가 있는데 예전에 동일리 남쪽 일대는 수많은 용천수가 솟아나는 홍물이었다고 하지만, 현재는 말라있거나 식수로는 사용이 되지 않는다. 돌담들과 밭을 보며 정겨운 마을을 구경할 수 있고 마을 안에 마련되어 있는 쉼터에서 잠시 쉬다가 갈 수도 있다. / (출처 : 제주 문화관광 홈페이지)",www.visitjeju.net,064-794-2276,상시개방,무료,가능,연중무휴,있음,Unknown,촬영장소: MBC 나혼자산다 편 참고 | 화장실: 있음 | 입 장 료: 무료 | 주차요금: 무료,50,130,NA,자연관광,NA02,자연경관(하천‧해양),NA020700,항구/포구,60,10,50,40,20,0,,,30,15,45,observed,0.9128,0.95,0.6321,0.849,blend
1906211,12,관광지,두맹이골목,제주특별자치도 제주시 동문로16길 17-4 (일도이동),63265,126.5349218725,33.5120458378,"두맹이골목은 제주시 일도2동에 위치한 벽화마을이다. 이 골목 일대는 제주시에서도 가장 낙후되었던 곳 중 하나로, 2008년부터 이 골목을 대상으로 한 문화거리조성 프로젝트가 시작되었다. 첫해에는 한국민족예술인총연합 제주도지회가 공공미술공모사업을 진행해 당선된 작품을 골목에 벽화로 채워 넣기 시작했다. 이후에는 제주 지역 대학생들과 인근 초등학교 학생들이 참여하여 더 많은 벽화를 그렸다. 두맹이골목은 2009년 7월 제주시가 선정한 제주시 숨은 비경 31중 하나로 선정되었으며 다양한 벽화를 감상하면서 조용한 제주 마을을 거닐 수 있다.",https://www.visitjeju.net/kr,064-728-4436,Unknown,Unknown,불가능,연중무휴,없음,없음,화장실: 없음,50,110,VE,문화관광,VE04,도시.지역문화관광,VE040100,"골목길, 문화거리",50,0,80,80,30,0,,,30,15,45,category,0.7841,,0.0,0.7841,category
3559559,12,관광지,두머니물공원,제주특별자치도 서귀포시 법환동 1534,63573,126.5073,33.231,"서귀포시에 위치한 두머니물공원은 범섬이 보이는 작은 규모의 공원이다. 법환마을과 강정마을의 경계선에 있는데 역사적 고증이 없어 확실하게는 알지 못하나 두면이(頭面怡) 물이라 해서 머리 두, 낯 면, 화할 이로 풀이하고 있다. 경계에 위치해 사소한 이해관계로 충돌이 생길 수 있어 상호 조심스럽게 대하는데, 책임자 또는 상군들이 만나 인사를 나누고 화합을 다지는 장소이기도 하다. 그래서 두면이물이라고도 불려지고 있다. 공원에서 걷기 시작하면 오른쪽으로 바다가 펼쳐지는데 대표적으로는 범섬이 보이며 멀리있는 섶섬과 문섬도 볼 수 있다. 봄에는 유채꽃이 피어 더욱 아름다우며, 겨울에는 일출과 일몰이 잘보이는 명소이기도 해서 많은 사람들이 방문하고 있다.",Unknown,서귀포종합관광안내소 064-732-1330,상시 개방,무료,불가능,연중무휴,Unknown,Unknown,입장료: 무료,50,130,VE,문화관광,VE03,도시공원,VE030100,시민공원,80,0,80,40,60,0,,,90,60,120,blend,0.8363,1.0,0.1813,0.8,blend
3057219,12,관광지,두산봉,제주특별자치도 서귀포시 성산읍 시흥리 산1-5,63638,126.885832,33.480384,"두산봉은 서귀포시 성산읍 시흥리와 제주시 구좌읍 종달리에 걸쳐 있는 오름으로 기생화산이라고도 한다. 응회환으로 된 수중 분화구 내부에 이차적으로 생성된 화구구인 분석구를 가지고 있는 이중 화산체이다. 동사면에서 남사면에 이르는 화구륜은 침식되어 절벽을 이루고 있으며, 반대쪽인 북서쪽 사면에는 평평한 초지를 이루고 있다. 두산봉 응회환의 화구구를 마을 사람들은 알오름이라 부른다. 남동쪽 사면 중턱까지 곰솔 숲을 이루고, 급경사지의 사면에는 왕초피, 남서 절벽 하부에 개상사화가 식생하고 있고, 분화구 내에는 참억새와 띠가 군락을 이루며, 그 밑으로 야고가 집단적인 군락을 이루고, 북서사면의 느슨한 평지에는 풀밭을 이루면서 농경지가 조성되어 있다. 몸집이 큰 산이란 뜻으로 두산 또는 두산봉이라 부르기도 하고, 말을 많이 놓아 먹이던 곳이라고 해서 말미오름이라고 부르기도 한다.",https://www.visitjeju.net/kr,시흥리사무소 064-782-3180 / 제주관광정보센터 064-740-6000,"상시 개방※ 일부 오름은 사유지로, 출입이 제한되거나 통제될 수 있으므로 오름 방문 시 전화 문의 요망",무료,가능,연중무휴,있음,Unknown,입장료: 무료 | 화장실: 있음,50,130,NA,자연관광,NA01,자연경관(산),NA010100,"산, 고개, 오름, 봉우리",90,0,80,20,60,0,,,60,45,75,category,0.8706,,0.0,0.8706,category
1933208,12,관광지,둔지봉,제주특별자치도 제주시 구좌읍 한동리 산 40,63350,126.7973021108,33.5012456847,"둔지는 제주 방언으로 평지보다 조금 높은 곳을 가리키는 말로, 둔지봉은 주변에 둔지(용암 암설류)가 많아 붙여진 이름이다. 관광객이 많이 찾는 오름은 아니나, 정상에서 제주도를 한눈에 내려다볼 수 있는 조망권을 갖고 있다. 높지 않지만 오르는 도중에 다소 가파른 구간이 존재한다. 둔지봉은 남서쪽으로 벌어진 말굽형 화구를 가지고 있는데, 원지형이 비교적 잘 보존되어 있다. 화구 앞쪽에는 용암 부스러기로 이루어진 작은 구릉들이 많이 있다. 둔지봉은 소나무, 삼나무, 편백나무 군락으로 이루어져 있으며 해송과 억새 또한 넓게 분포하고 있다. 오름을 오르다 보면 각양각색의 돌담으로 둘러싸인 무덤이 많은 것을 볼 수 있다. 날씨가 좋은 날 정상에 오르게 되면 한라산과 구좌읍, 조천읍 내의 오름들을 모두 조망할 수 있다.",http://www.visitjeju.net,제주관광정보센터 064-740-6000,※ 일부 통제될 수 있으므로 방문 시 전화문의 요망,무료,불가능,연중무휴,Unknown,Unknown,입 장 료: 무료,50,110,NA,자연관광,NA01,자연경관(산),NA010100,"산, 고개, 오름, 봉우리",90,0,80,40,70,0,,,60,45,75,category,0.8706,,0.0,0.8706,category
1890872,12,관광지,뒤굽은이오름,제주특별자치도 제주시 구좌읍 송당리,63355,126.7671135570,33.4797309110,"뒤꾸부니오름, 후곡악(後曲岳) 등 여러 별칭이 있는 뒤굽은이오름은 뒷부분이 구부러진 오름이라는 데에서 유래했다. 남쪽으로는 구부러지고 북쪽으로 벌어진 굼부리를 가지고 있다. 제주 오름의 중심지인 송당마을에서 도보로도 접근이 쉽다. 북쪽으로 입구가 벌어진 말굽형 분화구가 있으며 넓은 분화구가 전체적으로 침식된 상태이다. 오름 대부분이 풀밭으로 덮여 있으며 북서쪽 일부 비탈면에만 인공적으로 심은 삼나무, 편백, 해송 등이 우거져 있다. 오름의 입구에서 정상까지는 약 10분이 걸리나 오르는 길에 따라 가파른 곳도 존재한다. 이정표가 존재하지 않으므로 오름의 전체적인 형태를 한눈에 바라보며 정상을 찾아 길을 올라야 한다. 정상에서는 제주 동부권의 랜드마크인 다랑쉬오름, 돝오름, 용눈이오름 등을 조망할 수 있다.",Unknown,제주관광정보센터 064-740-6000,상시 개방 / ※ 일부 통제될 수 있으므로 방문 시 전화문의 요망,무료,불가능,연중무휴,Unknown,Unknown,입 장 료: 무료,50,110,NA,자연관광,NA01,자연경관(산),NA010100,"산, 고개, 오름, 봉우리",90,0,80,20,60,0,,,60,45,75,category,0.8706,,0.0,0.8706,category
572968,12,관광지,따라비 오름,제주특별자치도 서귀포시 표선면 가시리 산62,63622,126.7503310450,33.3859437827,"표선면 가시리에 위치한 따라비 오름은 3개의 분화구(굼부리)와 6개의 봉우리로 이루어져 있다. 화산이 폭발할 때 분출된 용암은 부드러운 산세를 만들어냈고, 가을이면 오름을 뒤덮은 억새 군락이 장관을 이룬다. 이런 풍경에 취한 사람들은 따라비 오름을 ‘오름의 여왕’이라 부르기 시작했다. 억새는 오름 초입부터 화려함을 뽐낸다. 넓은 평원은 바람에 흐드러진 하얀 억새풀로 채워지고 그 사이로 아늑한 오솔길이 놓였다. 최고의 인생샷을 남기기 위해 사람들은 빼꼼히 얼굴을 내민 채 억새 숲에 몸을 숨기기도 한다. / 따라비 오름 정상까지는 30분 정도 소요되며 누구나 쉽게 탐방할 수 있다. 계단길을 따라 오르는 사이 잠시 가려졌던 시야는 산정에 도착하는 순간 경이로움으로 활짝 트인다. 굼부리와 능선은 감미로운 곡선을 이루고 수많은 억새 솜털 뒤로 큰사슴이오름(대록산)과 풍력발전단지가 햇살 아래 펼쳐진다. 따라비 오름 산정부는 마치 억새의 바다와 같다. 바람은 잔잔하게 때론 거칠게 은빛 파도를 일으킨다. 능선을 따라 걷든, 굼부리의 사잇길을 횡단하든, 따라비오름에서는 움직이는 모든 것이 그림이 된다. 해가 지평선에 가까워질수록 금빛으로 익어가는 바다. 따라비 오름에선 시시각각 색과 빛이 조화를 일으킨다. 제주 토종 억새는 10~11월에 사이 만발의 극치를 이루며 겨울까지 생명력과 정취를 유지한다. / (출처 : 비짓제주)",https://www.visitjeju.net,제주관광정보센터 064-740-6000,상시 개방,무료,가능,연중무휴,Unknown,Unknown,입 장 료: 무료,50,130,NA,자연관광,NA01,자연경관(산),NA010100,"산, 고개, 오름, 봉우리",100,0,100,20,70,0,,,75,60,90,blend,0.8487,0.75,0.1813,0.8706,blend
3097805,12,관광지,떠오르길·김녕 바닷길,제주특별자치도 제주시 구좌읍 김녕로1길 51-3,63357,126.74888021379536,33.55789195458667,떠오르길은 에메랄드빛 바다 위 갈라진 초록 카펫의 바닷길에서 멋진 사진을 남길 수 있는 명소이다. 이 길은 제주도 해녀들이 물질을 쉽게 할 수 있도록 인공으로 만든 바닷길이라고 한다. 이곳은 간조 시간 때마다 생겨나는 곳으로 김녕 물때를 검색해서 간조 시간을 꼭 확인하고 가야 한다. 따로 주소가 등록되어 있지 않기 때문에 봉지동복지회관(제주시 구좌읍 김녕로 1길 51-3)으로 검색하여 찾아가면 된다. 바닷물이 완전히 빠져 있을 때 보다 살짝 찰랑거릴 때 바다로 걸어 들어가는 체험을 할 수 있다. / (출처 : 비짓제주),https://www.visitjeju.net,제주관광정보센터 064-740-6000,상시 개방,무료,가능,연중무휴,Unknown,Unknown,입장료: 무료,50,110,NA,자연관광,NA02,자연경관(하천‧해양),NA020900,해변. 해수욕장,80,0,90,60,80,0,,,30,15,45,observed,0.8121,0.75,0.4512,0.8632,blend
3061637,12,관광지,렛츠런팜,제주특별자치도 제주시 조천읍 남조로 1649-24,63345,126.67552416119422,33.41304730702276,"렛츠런팜은 한국마사회가 운영하는 종마를 관리하는 목장이다. 종마란 ‘씨수말’이라는 뜻이다. ​​렛츠런팜에는 200만㎡가 넘는 면적에 씨수말 마사, 동물병원, 씨수말 초지, 실내마장, 말수영장, 실내 원형 마장, 야외 주로 등 말과 관련한 모든 시설들을 운영하고 있다. 관광객들을 위하여 목장 구석구석을 둘러볼 수 있는 트랙터 마차 체험이 3월부터 10월까지 매 주말마다 목장 내 주요시설을 둘러보는 트랙터 마차 투어가 운영되고 있다. 단, 교배시즌에는 전면 출입 금지라서 방문 전 문의가 필요하다. 현재 마사와, 씨수말 방목지, 동물병원 그리고 동백길(목장 올렛길)은 일반인 출입 금지다. 편자를 이용한 럭키 캐쳐 만들기 체험도 진행하고 있다. 잔디광장에 하트 조형물, 메니피 동상 등 이 있어 곳곳에서 사진을 찍을 수 있고 넓은 초지에서 놀고 있는 종마도 볼 수 있다. 여름에는 해바라기 꽃밭을 조성하여 관람할 수 있도록 하였으며 한라산과 붉은오름 등 많은 오름을 조망할 수 있는 한라산 전망대도 있다.",비짓제주 https://www.visitjeju.net,064-780-0131,- 09:00∼18:00[트랙터 마차투어(4월~11월)]- 매주 금요일~일요일 11:00~16:30,"무료 / [트랙터마차] / - 13세이상 3,000원 / - 13세미만~36개월이상 2,000원 / ※ 무료- 36개월 미만",가능,매주 월요일~화요일 / 법정공휴일,있음,Unknown,"입장료: 무료 | 시설이용료: [트랙터마차] / - 13세이상 3,000원 / - 13세미만~36개월이상 2,000원 / ※ 무료- 36개월 미만 | 화장실: 있음",50,110,EX,체험관광,EX03,농.산.어촌 체험,EX030200,체험목장,80,0,70,30,90,0,,,30,15,45,category,0.7738,,0.0,0.7738,category
2940981,12,관광지,루나폴,제주특별자치도 서귀포시 일주서로 1836,63527,126.3219962251,33.2514073999,"루나폴은 거대한 규모의 나이트 디지털 테마파크이다. ‘예로부터 사람들은 달에 소원을 빌었고, 소원이 가득 쌓여 무거워진 달이 제주에 떨어졌다’라는 스토리를 기반으로 밤길을 걸으며 즐기는 몰입형 체험 콘텐츠를 제공한다. 루나폴은 미디어아트와 홀로그램 등 실감미디어 기술력으로 꾸며진 총 9개의 체험존으로 구성되어 있다. 루나폴 세계관을 재현한 루나 빌리지, 달의 민족 루나리안, 달의 민족들이 사용한 언어 루나리안어 등 세계관이 매우 풍부하게 구현되어 있어 몰입도를 더욱 높인다. 루나폴만의 세계관과 제주의 청정자연, 최정상 실감미디어 기술력이 만난 루나폴 판타지는 곶자왈이 포함된 천연 보호구역으로 비포장 숲길이 포함되어 있으므로, 일부 동선에 주의를 요하기에 안전하고 편안한 신발과 복장을 추천한다.",https://www.instagram.com/lunafall_jeju,064-794-9680,20:00~24:00 (입장 마감 23:00) / ※ 계절별 운영시간 변동될 수 있으므로 전화문의 요망,"- 성인 22,000원 / - 청소년 20,000원 / - 어린이 17,000원 / ※ 자세한 사항은 전화문의 요망",가능,연중무휴,Unknown,가능,"입 장 료: - 성인 22,000원 / - 청소년 20,000원 / - 어린이 17,000원 / ※ 자세한 사항은 전화문의 요망 | 한국어 안내서비스: 있음",50,130,VE,문화관광,VE02,테마공원,VE020100,테마파크,70,0,90,70,90,0,,,90,60,120,observed,0.9179,0.9185,0.9899,0.8607,blend
126450,12,관광지,마라도,제주특별자치도 서귀포시 대정읍 마라로101번길 46,63515,126.2671011468,33.1186461893,"마라도는 한국 최남단의 섬이다. 섬을 위에서 보면 고구마 모양을 하고 있으며, 전체적으로 평평하나 등대가 있는 동쪽으로는 해풍의 영향으로 기암절벽을 이루고 있다. 마라도는 운진항에서 배를 타고 30분 정도 소요되며, 정기 여객선과 관광 유람선이 하루 수 차례 왕복 운항하고 있다. 섬 전체가 낮은 풀로 덮여있으며, 초원 군데군데 작은 건물들이 있고, 가을에는 억새가 만발하는 장관을 볼 수 있다. 서쪽 해안은 해식동굴이 발달되어 있다. 마라도의 남쪽 끝에는 최남단비가 있어 인증 사진을 찍는 사람들의 발길이 끊기지 않는다. / 마라도의 가장 높은 지대에 자리하고 있는 마라도 등대는 전 세계 해도에 꼭 기재되는 중요한 등대로, 이 지역을 항해하는 국제 선박 및 어선들에게 안내자의 역할을 한다. 등대 주변으로는 전 세계 유명 등대를 모형으로 만들어 놓은 볼거리가 있다. / 마라도는 섬 전체가 가파르지 않아 남녀노소 부담 없이 거닐 수 있다. 섬 한 바퀴를 다 도는 데는 1시간에서 2시간이면 충분하다. 마라도에 도착해 섬의 시계 반대 방향으로 한 바퀴 돌 때 제일 먼저 만나는 것은 ‘할망당, 처녀당, 비바리당’ 등으로 불리는 마라도의 본향당(本鄕堂) 당이 있다. 당이래야 돌담을 둥그렇게 쌓아두고 그 안에 제단을 마련한 것이 전부지만, 이곳에는 마라도의 잠녀들의 안녕을 지키고 뱃길을 무사히 열어주는 본향신이 모셔져 있다. 마을 사람들은 지금도 당이 있는 바위에 올라서면 바람이 세게 분다 하여 이를 금기 또는 신성시하고 있다.",http://www.jejumarado.com,서귀포시 대정읍 주민자치과 064-760-4014,상시 개방 / ※ 배 운항시간 확인 요망,"무료 / ※ 단, 운항비용은 별도",가능,연중무휴,있음,Unknown,"화장실: 있음 | 입 장 료: 무료 / ※ 단, 운항비용은 별도",50,130,NA,자연관광,NA02,자연경관(하천‧해양),NA020500,섬,90,0,90,70,60,0,,,120,90,150,observed,0.8277,0.8194,0.8347,0.8695,blend
2621914,12,관광지,마라도 가파도 정기여객선,제주특별자치도 서귀포시 대정읍 최남단해안로 120,63513,126.2583887734,33.2100942980,"마라도 가파도 정기여객선은 우리나라 최남단의 섬 마라도를 알리고, 섬주민과 관광객에게 보다 안전하고 편안한 여객서비스를 제공하고자 운행을 시작했다. 2017년 7월 모슬포항(북항)에서 운진항(모슬포 남항)으로 여객항을 이전하여 마라도와 가파도를 정기 운행하고 있다. 계절이나 날씨, 일정 등에 따라 마라도와 가파도를 선택 또는 당일 중복 여행이 가능하다. 수채화를 닮은 여객선과 쾌적한 대합실, 넓은 주차장 등을 갖추고 있다.",http://wonderfulis.co.kr,064-794-5491,08:00~17:00 / ※ 운항정보 홈페이지 확인,※ 운항정보 홈페이지 확인,가능,연중무휴 / ※ 운항정보 홈페이지 확인,Unknown,Unknown,시설이용료: ※ 운항정보 홈페이지 확인,50,130,EX,체험관광,EX07,기타체험,EX070100,유람선/잠수함관광,70,0,40,20,60,0,,,75,60,90,blend,0.8896,1.0,0.1813,0.8651,blend
129145,12,관광지,마라도 등대,"제주특별자치도 서귀포시 대정읍 마라로 (165, 마라도항로표지관리소)",63515,126.2692287758,33.1170102919,"대한민국 국토 최남단에 있는 푸른 잔디밭 끝에 걸쳐 바다를 향하고 있는 마라도 등대는 동중국해와 제주도 남부 해역을 오가는 선박들이 육지 초인 표지로 이용하고 있는 우리나라의 희망봉 등대이다. 일제강점기인 1915년 3월 최초 건립된 등대는 1987년 3월에 개축하였고, 하얀색의 8각형 콘크리트 구조로 높이는 16m이다. 등질은 10초에 한 번씩 반짝이고 약 48km 거리에서도 확인이 가능하다. / 마라도 성당과 인접해 있어 함께 사진을 찍는 명소로도 인기가 있으며 등대 앞에는 세계 유명 등대의 모형과 세계 전도를 대리석으로 디자인하여 보여주고 있어 아이들에게도 교육적으로 접근할 수 있다. 등대가 위치한 마라도는 섬 전체가 천연기념물로 지정될 만큼 아름다운 자연경관을 지니고 있으며 국토 최남단비,애기업개할망당, 장군바위, 해안침식 동굴, 산방산 등 볼거리 많다. / 마라도에 들어가려면 운진항 여객터미널이나 산이수동항의 [마라도 가는 여객선]에서 출항하는 배를 타고 가야 한다.",https://www.visitjeju.net,064-792-8507,[마라도 등대] / - 09:00~18:00 / [운진항 여객터미널] / - 09:40~15:50 / [마라도 가는 여객선 / 산이수동항] / - 09:20~16:10 / ※ 사전 전화문의 필수,"[운진항 여객터미널] / - 대인 21,000원 / - 중/고등 20,800원 / - 초등 10,500원 / - 미취학 10,000원 / - 경로 (만 65세 이상) 16,000원 등 / ※ 자세한 내용은 홈페이지 참고 / [마라도 가는 여객선 / 산이수동항] / - 성인 21,000원 / - 중/고등 20,800원 / - 초등 10,500원 / - 미취학 10,000원 / - 경로 (만 65세 이상) 16,000원 등 / ※ 자세한 내용은 홈페이지 참고",불가능,연중무휴,있음,Unknown,"화장실: 있음 | 시설이용료: [운진항 여객터미널] / - 대인 21,000원 / - 중/고등 20,800원 / - 초등 10,500원 / - 미취학 10,000원 / - 경로 (만 65세 이상) 16,000원 등 / ※ 자세한 내용은 홈페이지 참고 / [마라도 가는 여객선 / 산이수동항] / - 성인 21,000원 / - 중/고등 20,800원 / - 초등 10,500원 / - 미취학 10,000원 / - 경로 (만 65세 이상) 16,000원 등 / ※ 자세한 내용은 홈페이지 참고",50,130,VE,문화관광,VE01,랜드마크관광,VE010800,등대,90,0,90,70,20,0,,,30,15,45,blend,0.7868,0.625,0.1813,0.8226,blend
128802,12,관광지,마라도가는여객선,제주특별자치도 서귀포시 대정읍 송악관광로 424,63513,126.2905198260,33.2073983777,"마라도가는여객선을 타면 대한민국의 가장 남쪽에 위치한 국토 최남단 마라도를 관광할 수 있다. 국토 최남단 마라도에서 느낄 수 있는 감동은 그 어느 관광지에서 느끼는 것보다 진하고 특별한 추억을 남긴다. 대한민국의 가장 최남단 마라도 가는 여객선은 넓고 푸른 제주도 바다의 아름다움과 천혜의 자연이 주는 감동으로 마라도를 찾은 사람들에게 가슴 뿌듯한 기분을 선사한다. 선착장에서 마라도까지 가는 시간은 30분, 다시 돌아오는 시간 30분이며 체류 시간에 따라 총 소요 시간은 변동된다.",https://www.songakferry.com,064-794-6661,일정별로 상이함,"성인 왕복 20,000원 / ※ 자세한 사항은 홈페이지 참조",가능,연중무휴,있음,Unknown,"내국인예약안내: 사전예약필수 | 시설이용료: 성인 왕복 20,000원 / ※ 자세한 사항은 홈페이지 참조 | 화장실: 있음",50,130,EX,체험관광,EX07,기타체험,EX070100,유람선/잠수함관광,80,0,70,20,60,0,,,135,105,165,blend,0.8478,0.8125,0.3297,0.8651,blend
126452,12,관광지,만장굴 (제주도 국가지질공원),제주특별자치도 제주시 구좌읍 만장굴길 182 (구좌읍),63348,126.770664622639,33.5280164989348,"제주시 구좌읍 김녕리에 위치하는 만장굴은 전체길이 약 7,400 m, 최대 높이 약 25 m, 최대 폭 약 18m로서 제주 세계자연유산의 한 부분인 거문오름용암동굴계(황상구 외, 2005)에 속하는 용암동굴이다. 특히 주 통로는 폭이 18m, 높이가 23m에 이르는 세계적으로도 큰 규모의 동굴이다. 전 세계에는 많은 용암동굴이 분포하지만 만장굴과 같이 수십만 년 전에 형성된 동굴로서 내부의 형태와 지형이 잘 보존되어 있는 용암동굴은 드물어서 학술적, 보전적 가치가 매우 크다. 만장굴은 동굴 중간 부분의 천장이 함몰되어 3개의 입구가 형성되어 있는데, 현재 일반인이 출입할 수 있는 입구는 제2입구이며, 1㎞만 탐방이 가능하다. 만장굴 내에는 용암종류, 용암석순, 용암유석, 용암유선, 용암선반, 용암표석 등의 다양한 용암동굴생성물이 발달하며, 특히 개방구간 끝에서 볼 수 있는 약 7.6m 높이의 용암석주는 세계에서 가장 큰 규모로 알려져 있다. / (출처 : 제주도세계지질공원)",비짓제주 https://www.visitjeju.net/kr,064-710-7903,09:00~18:00 (입장 마감 17:10),"[개인]- 성인 4,000원- 청소년/어린이/군인 2,000원 / [단체 (10인 이상)]- 성인 3,000원- 청소년/어린이/군인 1,500원 / 무료","가능 (약 대형 60대, 소형 75대)",매월 첫째 수요일,있음,Unknown,"입장료: [개인]- 성인 4,000원- 청소년/어린이/군인 2,000원 / [단체 (10인 이상)]- 성인 3,000원- 청소년/어린이/군인 1,500원 | 주차요금: 무료 | 화장실: 있음 | 한국어안내서비스: 세계자연유산해설 / 만장굴 - 운영시간 : 10:00 ~ 16:00 (매시 정각 출발 / 1시간 소요)- 해설대상 : 탐방객 누구나 - 해설내용 : 세계자연유산 거문오름 용암동굴계의 생성 및 지질학적 특징, 만장굴 내부의 동굴생성물 소개 등",50,110,NA,자연관광,NA03,자연생태,NA030100,동굴,90,0,80,70,60,0,,,60,45,75,observed,0.8112,0.8112,0.9999,0.8053,blend
3037603,12,관광지,맛동산 감귤체험농장,제주특별자치도 제주시 애월읍 광령2길 62-1,63062,126.42985216031016,33.45476723766368,"애월읍에 위치한 맛동산 감귤체험농장은 2019년 농림축산식품부 지정 인증을 받은 농장으로 안전하고 건강한 감귤을 재배하고 있다. 맛동산 감귤체험농장에서는 다양한 감귤 체험 프로그램과 직접 수확한 감귤로 감귤청을 만드는 체험을 진행하며 농장에서 재배하는 풋귤, 하우스귤, 타이백귤, 사백향을 수확할 수 있다. 감귤수확체험은 시기별로 품종과 체험비가 다르니 사전에 전화로 문의하거나 네이버 예약사이트를 이용하기를 추천한다. 감귤 따기 체험을 예약한 인원만 입장가능 하며 만 36개월 미만 소아의 경우 부모와 동반 입장 가능하다. 귤 수확방법도 어렵지 않고, 싱싱한 귤도 실컷 먹을 수 있어 가족단위 여행객이나 친구·연인 등 남녀노소 재미있게 즐길 수 있는 제주 체험이다. 따기 체험을 하면서 감귤을 먹는 것은 무제한이며 체험이 끝나고 수확한 귤 무게를 잰 후에 추가 요금이 발생할 수 있으니 체험 시 참조하면 된다. 체험을 마무리한 후 농장에서 직접 만든 귤청으로 만든 귤차와 귤마들렌을 맛볼 수 있으며 농장에 조성된 포토존에서 귤밭을 배경으로 사진을 찍을 수도 있다.",https://blog.naver.com/moonhj8030,0507-1329-8030,※ 시기에 따라 변동되므로 자세한 사항은 홈페이지 참조 및 전화 문의 요망,※ 시기에 따라 변동되므로 자세한 사항은 홈페이지 참조 및 전화 문의 요망,가능,매주 월요일,있음,Unknown,시설이용료: ※ 시기에 따라 변동되므로 자세한 사항은 홈페이지 참조 및 전화 문의 요망 | 화장실: 있음,50,110,EX,체험관광,EX03,농.산.어촌 체험,EX030300,체험농장,70,60,60,20,90,10,,,30,15,45,category,0.7753,,0.0,0.7753,category
2469467,12,관광지,맥파이 브루어리,제주특별자치도 제주시 동회천1길 23,63329,126.6172288105,33.5031897997,"경리단길 골목서 동네 친구 4명이 맥주를 마시다 시작하게 된 사업이 바로 맥파이 브루잉 컴퍼니이다. 피맥집으로도 유명한 맥파이는 물 좋고 공기 좋은 제주도에 양조장을 두고 있다. 맥파이 제주 양조장투어는 예약 없이도 가능하나, 인원이 많다면 사전 예약을 추천한다. 예약은 이메일과 전화로 접수할 수 있다. 또한 시간대별로 총 4번 주말에만 투어가 가능하니 참고하자. 이곳에서는 맥주가 만들어지는 모든 과정을 처음부터 끝까지 직접 확인할 수 있으며, 투어를 위해 따로 마련된 전시장이 아니기 때문에 양조설비 사이를 직접 돌아보며 설명을 듣고 질문을 할 수 있다. 1인당 지급하는 참가비에는 투어를 포함해 맥주 한 잔 가격이 포함되어 있다. 현장결제만 가능하며, 만 8세 미만의 아동은 입장이 불가하다. 이밖에도 수제 맥주에 관한 다양한 교육 프로그램을 진행하고 있다. 맥주뿐만 아니라 맥주에 담긴 문화를 함께 나눌 수 있는 프로그램도 제공하고 있어 맥주를 좋아하는 사람들에게 인기 있는 양조장이다. 탑동에 맥파이 펍이 있으니 서귀포까지 가는 길이 멀다면 가까운 시내에서 간단하게 맥파이 맥주를 한 잔 즐겨보자. / (출처 :제주 문화관광 홈페이지)",www.magpiebrewing.com,064-721-0227,- 평일 12:00~20:00 / - 주말 12:00~21:00,"5,000원~15,000원",가능,"매주 월요일, 화요일",Unknown,없음,"시설이용료: 5,000원~15,000원 | 내국인 예약안내: 예약정보 (방문 희망날짜, 시간, 참여인원) 작성하여 2일 전 이메일 신청 | 외국어 안내서비스: 없음",50,110,EX,체험관광,EX06,산업관광,EX060800,화장품/주류/먹거리,20,80,40,60,90,20,,,90,60,120,category,0.8099,,0.0,0.8099,category
1329201,12,관광지,메이즈랜드,제주특별자치도 제주시 구좌읍 비자림로 2134-47,63351,126.8006766329,33.4887187821,"메이즈랜드는 최장을 자랑하는 석축미로를 보유한 제주의 종합테마파크로 제주의 명물인 돌, 바람, 여자를 뜻하는 삼다(三多)를 테마로 하여 조성됐다. 현무암과 송이석으로 만든 돌미로에서는 원적외선과 음이온을, 미측백나무로 만든 바람미로에서는 피톤치드를 누릴 수 있다. 미로퍼즐박물관에서는 체험을 통해 학생들이 과학적, 수리적 능력을 배양할 수 있으며 미로의 기원 설화와 14세기부터 현재까지의 미로와 관련된 유물을 관람할 수 있는 공간을 제공한다. 애지앙길과 야외에는 석공명장 장공익 선생의 제주 설화와 전설이 깃든 해학적인 석상들도 만날 수 있다.",http://www.mazeland.co.kr,064-784-3838,- 09:00~18:00- 매표 마감 17:00※ 계절별로 이용시간이 상이하므로 자세한 이용시간은 공식 홈페이지 참조,"- 성인 16,000원- 청소년/군인 14,000원- 어린이/경로/유공자 13,000원※ 자세한 사항은 전화문의 요망 / 무료",가능,연중무휴,있음,Unknown,"입장료: - 성인 16,000원- 청소년/군인 14,000원- 어린이/경로/유공자 13,000원※ 자세한 사항은 전화문의 요망 | 내국인예약안내: 전화예약가능 | 외국인예약안내: 전화예약가능 | 주차요금: 무료 | 화장실: 있음",50,110,VE,문화관광,VE02,테마공원,VE020100,테마파크,70,0,80,70,90,0,,,90,60,120,observed,0.8514,0.85,0.8647,0.8607,blend
127909,12,관광지,명월대,제주특별자치도 제주시 한림읍 명월리,63014,126.2662091182,33.3890302004,"명월대는 조선 말기 지방 유학자들과 시인들이 어울려 풍류를 즐기던 곳이다. 1981년 제주특별자치도 기념물로 지정되었다. 대는 마을을 끼고 있는 천변 중앙의 자연암벽 위에 8각형의 석축을 3단으로 쌓고 그 위에 원형의 반석을 만들었으며, 최근에 와서 콘크리트 처리를 하였다. 그 옆에는 석비가 세워져 있는데, 앞면에 '명월대'라고 음각되어 있다. 또 명월대 주변에 1910년 경에 만들어진 돌다리가 있는데, 이는 제주도에서는 흔치 않은 석교이다. 명월대가 있는 천변은 상류에서 하류에 이르기까지 수백 그루의 팽나무 60여 본과 푸조나무가 군락을 이루고 있어 자연 경관이 수려할 뿐만 아니라 간간이 흐르는 물소리가 정결하다.",Unknown,제주시 관광정보센터 064-740-6000,상시 개방,무료,가능,연중무휴,Unknown,없음,입 장 료: 무료,50,110,HS,역사관광,HS01,역사유적지,HS011200,기타역사유적지,80,0,80,80,20,0,,,30,15,45,category,0.7829,,0.0,0.7829,category
2704407,12,관광지,명월성지,제주특별자치도 제주시 한림읍 명월리 2236,695926,126.2603927584,33.4007537003,"제주시에 위치한 명월성지는 동쪽과 남쪽 및 서쪽에 각각 성문이 있었다. 성안에는 수량이 풍부한 샘이 있었고, 건물로는 객사, 별창, 군기고 등이 있었으나 지금은 하나도 남아 있지 않다. 명월포는 1270년에 삼별초의 별장 이문경이 고려에서 파견된 관군을 진압하고 탐라를 점령할 때 상륙한 곳이며, 김방경이 삼별초를 정벌할 때에도 그 일진이 이곳으로 상륙하였다. 더욱이 1374년 목장을 관리하기 위해 몽고에서 파견된 몽고인 목자들이 반란을 일으켰을 때, 이를 진압하기 위하여 최영 장군이 상륙한 곳도 명월포였다. 예전의 모습은 없지만 현재 복원한 남문 위의 망루에 올라가면 한림읍이 한눈에 보인다.",https://visitjeju.net/kr,제주세계유산본부 064-710-6704,상시 개방,무료,가능,연중무휴,Unknown,Unknown,입장료: 무료 | 주차요금: 무료,50,110,HS,역사관광,HS01,역사유적지,HS010200,성ㆍ산성ㆍ성곽,40,0,70,90,20,0,,,30,15,45,category,0.7874,,0.0,0.7874,category
1926601,12,관광지,모구리오름,제주특별자치도 서귀포시 성산읍 난산리 2960-1,63632,126.8290126084,33.4081287094,"모구리오름은 기생화산으로 분화구는 북쪽으로 휘어진 말굽형이다. 말굽형 경사면 안쪽에 작은 언덕이 있는데 그 모습이 어미개가 새끼를 안은 것처럼 보여 모구리라 이름을 붙였으며 한자로는 모구악이라고 한다. 어미오름 옆에 알오름을 가지고 있는 특이한 구조이며 이때의 알오름을 개 동산이라 한다. 2003년 5월 오름의 서쪽 기슭에 잔디운동장과 극기 훈련장, 인라인스케이트장 등을 갖춘 모구리야영장이 개장되었으며 산등성이를 따라 잘 정비된 산책로가 이어져 있다. 모구리오름을 오르는 이유 중 하나는 편백나무 숲길 때문인데, 편백나무의 피톤치드가 스트레스 해소, 심신 안정, 면역력 증진 등에 효과가 있어, 삼림욕과 함께 편백나무 숲을 거닐며 심신의 안정과 청량한 제주의 공기를 느낄 수 있다.",http://www.visitjeju.net,제주시 관광정보센터 064-740-6000,※ 일부 출입이 제한되거나 통제되므로 방문 시 전화문의 요망,무료,가능,연중무휴,있음,없음,입 장 료: 무료 | 화장실: 있음,50,130,NA,자연관광,NA01,자연경관(산),NA010100,"산, 고개, 오름, 봉우리",90,0,70,30,60,0,,,60,45,75,category,0.8706,,0.0,0.8706,category
1928045,12,관광지,모지오름,제주특별자치도 서귀포시 표선면 성읍리 산22,63624,126.7728760781,33.3962624499,"모지오름은 서귀포시 표선면 성읍리에 있는 오름이다. 북동쪽으로 크게 벌어진 말굽형 화구 안에는 화구구가 솟아있고, 이를 에워싼 등성마루가 마치 어린애를 품은 어머니의 모습을 보여 모지오름이라 부르고 있다. 화구가 벌어진 동쪽 방향으로 고분과 같이 보이는 크고 작은 봉우리가 구릉지대를 이루고 있으며, 이중 가장 높은 언덕을 오미 동산이라 부른다. 오름 전사면은 삼나무가 조림되어 중턱까지 숲을 이루고, 화구안의 알오름과 정상부는 평평한 등성마루를 이루면서 완만한 풀밭을 이루고 있다. 어머니가 아기를 안은 형체라 하여 모지오름이라 부르고 있다.",http://www.visitjeju.net,제주시 관광정보센터 064-740-6000,상시 개방,무료,가능,연중무휴,Unknown,없음,입 장 료: 무료,50,130,NA,자연관광,NA01,자연경관(산),NA010100,"산, 고개, 오름, 봉우리",90,0,80,20,70,0,,,60,45,75,category,0.8706,,0.0,0.8706,category
3559794,12,관광지,모진이몽돌해변,제주특별자치도 제주시 추자면 신양4길 18,63001,126.3346,33.9457,모래 없이 동글동글한 돌들로만 이루어진 해수욕장으로 밀려오는 파도 소리에 움직이는 몽돌 소리가 아름다운 곳이다. 한적한 몽돌해변의 편안함으로 관광객들이 많이 찾는 해변 중 하나이다. 또한 물이 맑고 깨끗하며 조약돌들이 햇빛에 반사되어 반짝이는 모습도 장관이다. 도심에서 바쁘게 삶을 영위하다 힐링하러 오는 사람들이 많다. / (출처 : 비짓제주 홈페이지),비짓제주 https://www.visitjeju.net/kr,제주특별자치도청 해양산업과 064-710-3256,상시 개방,무료,가능,연중무휴,있음,Unknown,입장료: 무료 | 화장실: 있음,50,110,NA,자연관광,NA02,자연경관(하천‧해양),NA020900,해변. 해수욕장,90,0,80,0,30,0,,,60,45,75,category,0.8632,,0.0,0.8632,category
126459,12,관광지,모충사,제주특별자치도 제주시 건입동 1427-13,63307,126.5455208585,33.5161427755,"제주시 건입동 사라봉 공원 안에 있는 모충사는 1977년 1월 11일 내외도민 17만 명이 성금을 모아서 세운 사당으로 일제강점기 조국의 독립을 위해 순국한 열사들의 충성스러운 마음을 사모한다는 뜻으로 모충사라 이름 지었다. 모충사에는 높은 탑이 3개가 세워져 있다. 모충사 입구 정면에 있는 의병항쟁기념탑을 중심으로 왼쪽에는 순국지사조봉호기념비, 오른쪽에는 김만덕할망기념탑이 세워져 있고, 이 탑들을 돌아볼 수 있는 숲길이 아름답게 정돈되어 있다. 마을 주민과 관광객이 제주의 역사를 돌아보며 쉬어갈 수 있는 산책코스로 추천한다.",Unknown,064-722-0614,상시 개방,무료,가능,연중무휴,있음,Unknown,화장실: 있음 | 입 장 료: 무료 | 한국어 안내서비스: 만덕관 해설사 안내 가능(매일 10:00~18:00) | 외국어 안내서비스: 불가,50,110,HS,역사관광,HS01,역사유적지,HS010900,사당,70,0,60,90,40,0,,,30,15,45,category,0.7874,,0.0,0.7874,category
126467,12,관광지,무수천,제주특별자치도 제주시 애월읍 무수천길 (애월읍) 일대,63060,126.4470472947,33.4627665614,"무수천은 한라산 고지대에서 발원하여 외도 앞바다로 흘러드는 약 25㎞의 긴 하천으로, 경관이 워낙 빼어나 계곡에 들어서면 모든 근심 걱정이 사라진다는 의미를 가지고 있다. 오래된 화산이 분출하면서 용암이 흘러간 자리가 그대로 협곡이 되어버린 무수천은 기묘한 여러 형상들이 눈길을 끈다. 무수천 8경을 선정할 정도로 오랜 세월 비경을 자랑하고 있으며, 계곡을 따라 하류로 내려가면 작은 폭포가 이어진다.",https://www.visitjeju.net/kr,제주관광정보센터 064-740-6000,상시 개방,Unknown,Unknown,연중무휴,Unknown,없음,Unknown,50,110,NA,자연관광,NA01,자연경관(산),NA010400,계곡,90,0,90,30,60,0,,,60,45,75,category,0.835,,0.0,0.835,category
2740130,12,관광지,문도지오름,제주특별자치도 제주시 한림읍 금악리 3444,63020,126.29447180157,33.3268156218965,"문도지오름은 한경면 방림원 사잇길을 따라 차량으로 10분 정도 들어가면 차도가 끝나는 지점의 명성목장에서부터 시작되며 제주 올레길 코스에 속해 있다. 이곳은 사유지로, 명성 목장의 말 방목지로도 이용되고 있는데 소유주의 배려로 자유롭게 탐방할 수 있다. 오름은 동쪽으로 열린 말굽형의 모습이며, 산정은 네 방향으로 다채로운 경관을 품고 있다. 뒤편으로는 한라산이 오롯이 조망되며, 금악이오름을 시점으로 신창리 풍력발전기들과 당산봉, 좌측으로는 산방산까지 이어지는 제주의 서남부 권역이 드넓게 펼쳐진다.",https://www.visitjeju.net,제주관광정보센터 064-740-6000,상시 개방,무료,가능,연중무휴,Unknown,Unknown,입장료: 무료,50,110,NA,자연관광,NA01,자연경관(산),NA010100,"산, 고개, 오름, 봉우리",90,0,90,20,60,0,,,60,45,75,observed,0.9425,0.9438,0.9817,0.8706,blend
127048,12,관광지,문섬·섶섬·범섬·새섬,제주특별자치도 서귀포시 남성중로 43 (서홍동),63594,126.55826631161925,33.23979255217772,"서귀포 앞바다에는 새섬, 문섬, 범섬, 섶섬은 천연기념물로 지정된 아름다운 섬으로 서귀포해양도립공원에 속해있다. 이 중 문섬, 범섬, 섶섬은 유네스코 생물 보전권 지역으로 등록되었다. 서귀포항에서 이 섬들을 유람선과 잠수함으로 즐길 수 있다. 주변으로 천지연폭포를 비롯한 이중섭미술관, 서귀포 매일올레시장 등 다양한 체험을 할 수 있는 곳도 많다.",Unknown,제주동부관광지관리사무소 064-710-6656,유람선 탑승별로 상이함,무료,가능,연중무휴,있음,Unknown,입장료: 무료 | 화장실: 있음,50,130,NA,자연관광,NA02,자연경관(하천‧해양),NA020500,섬,90,10,90,30,60,20,,,60,45,75,observed,0.8725,0.875,0.5507,0.8695,blend
879633,12,관광지,물드리네,제주특별자치도 제주시 한경면 낙산로 4-28,63004,126.2269445635,33.3227424721,"제주 한경면에 위치한 물드리네는 천연염색 체험장이다. 2010년 신라대학교 전통염색연구소 제주교육장으로 인증받은 우수한 염색교육장으로 알려져 있다. 500여 평의 규모에 전시실, 염색체험장이 있으며 근처에 염료식물을 재배하고 있다. 물드리네는 체험학습자의 연령별, 인지 정도에 따른 염색체험과 염색에 관심이 있는 사람들을 위한 천연염색교실을 운영하고 있다. 염색 재료는 제주풋감, 억새, 귤, 찻잎, 동배잎, 쪽, 홍화, 자근, 치자 등 제주지역의 나무와 풀 그리고 각종 한약재를 사용한다.",http://cafe.naver.com/mulfamily,0507-1402-9628,10:10~17:00 (휴게시간 12:00~13:30),무료 / ※ 체험료 별도,가능 (소형 5대),매주 일요일,있음,Unknown,이용가능시설: 9개로 이루어진 자연연못 / 평상 / 테마의자 / 잔디밭 등 | 입 장 료: 무료 / ※ 체험료 별도 | 화장실: 있음 | 외국인 예약안내: 사전 예약 후 방문 | 내국인 예약안내: 사전 예약 후 방문 | 한국어 안내서비스: 가능,50,110,EX,체험관광,EX01,전통체험,EX010100,전통문화체험,70,0,50,70,90,0,,,60,45,75,category,0.8032,,0.0,0.8032,category
2705296,12,관광지,물뫼힐링팜,제주특별자치도 제주시 애월읍 예원로 51,63057,126.3965683162,33.4642655959,"물뫼힐링팜은 자연, 농업과 함께 상생하며 다양한 치유 프로그램을 운영하고 있는 치유 농장이다. 밭담트레킹, 명상, 작물재배, 힐링 푸드 등 다양한 치유 프로그램을 통해 내 몸 안의 자연치유 기능을 깨우고 몸과 마음의 자유를 찾는 것을 목표하고 있다. 계곡 트레킹, 계곡 명상, 트레킹, 치유농장 등 다양한 체험을 하며 몸과 마음을 치유하는 여행을 경험해 볼 수 있다.",Unknown,010-8703-2478,※ 체험별로 이용시간 상이하므로 전화문의 바람,※ 체험별로 이용요금 상이하므로 전화문의 바람,가능,연중무휴,Unknown,Unknown,시설이용료: ※ 체험별로 이용요금 상이하므로 전화문의 바람,50,110,EX,체험관광,EX07,기타체험,EX070200,기타체험관광,90,50,40,20,90,0,,,60,45,75,category,0.7056,,0.0,0.7056,category
2433925,12,관광지,물영아리오름,제주특별자치도 서귀포시 남원읍 태수로 552,63615,126.7169963890,33.3268525509,"물영아리는 신령스러운 산이란 뜻이다. 또한 ‘수령산’, ‘수령악’으로 불리며, ‘물의 수호신’이 산다는 말이 전해져 내려오는 곳이다. 이름 앞에 ‘물’은 분화구에 고인 습지를 품고 있어 붙은 접두어이다. 분화구의 깊이는 40여 m로 2100~2800년 전에 퇴적되었으며, 퇴적층의 깊이가 최대 10m에 이르는 습지오름이다. / 물영아리오름 람사르 습지 탐방은 여러 갈래의 숲길로 무더운 여름 날씨에도 뜨거운 태양을 피해 시원한 바람을 맞으며 탐방할 수 있으며, 비가 오는 날씨에도 몽환적인 분위기를 자아내어 찾는 이들의 감탄을 자아낸다. / 물영아리오름은 수망리 중잣성 생태 탐방로와 연계되어 있다. 잣성은 제주도의 전통적인 목축 문화 유물로 목초지에 쌓아 올린 경계용 돌담을 뜻한다. 물영아리오름 주변에 주민들이 산지 축산을 하고 있어 오름 주변은 목가적인 풍경을 이룬다. 오름 탐방은 소 떼가 유유히 노니는 목장 둘레를 따라 반 바퀴를 돌고 나서야 본격적으로 시작된다. / 2006년 세계적인 습지 보호 단체에서 지정한 람사르습지로 지정된 보호 구역이기도 하다. 다양한 동식물의 서식지로 야생동물과 멸종위기종이 서식하고 있어 자연생태에 대한 보존가치가 매우 높다.",https://www.visitjeju.net/kr,제주관광정보센터 064-740-6000 / 물영아리오름 064-728-6200,상시 개방,무료,가능,연중무휴,있음,Unknown,촬영장소: 영화 촬영지 | 화장실: 있음 | 입 장 료: 무료,50,130,NA,자연관광,NA01,자연경관(산),NA010100,"산, 고개, 오름, 봉우리",100,0,90,60,70,0,,,60,45,75,category,0.8706,,0.0,0.8706,category
3037417,12,관광지,미깡창고,제주특별자치도 제주시 애월읍 중산간서로 6710-1,63062,126.4452558345,33.4605140048,"애월읍 광령리에 위치한 감성카페이다. 가게 외관은 귤 창고를 개조한 건물에 빈티지한 감성을 더한 모습이다. 가게 뒤편에 주차장이 있어 편리하다. 야외에 돌이 많고 위험해 케어키즈존을 강조하고 있다. 10월 중순 귤 수확 철에는 감귤 따기 체험이 가능하므로 인스타그램을 참조해서 방문해 보는 것도 좋겠다. 입구 길 양옆 억새길을 지나 테이블이 놓인 야외 정원에 들어오면 박공지붕의 카페건물이 눈에 들어온다. 카페 내부는 나무 천장이 드러나고 거친 시멘트벽이 우드톤의 가구들과 어우러져 편안하고 이국적인 느낌이다. 미깡창고에는 곳곳에 거울 셀카존을 마련하여 목가적인 분위기를 배경으로 제주도에서의 잊지 못할 인생샷을 남길 수 있다. 감성카페인 미깡창고에서 맛볼 수 있는 대표메뉴들은 모두 제주를 대표하는 단어들이다. 미깡주스, 돌담, 오름, 밭길 등이 그것이다.",https://www.instagram.com/mikkang_storage,0507-1408-1506,11:00~17:00 (마지막 주문 16:00),Unknown,가능,매주 일요일,있음,Unknown,화장실: 있음,50,110,EX,체험관광,EX03,농.산.어촌 체험,EX030300,체험농장,80,70,90,20,70,10,,,30,15,45,category,0.7753,,0.0,0.7753,category
2765223,12,관광지,미악산,제주특별자치도 서귀포시 인정오름로 387-63,63576,126.5542194241,33.3005945221,"미악산은 한라산과 서귀포 시내권을 함께 조망할 수 있는 제주오름이다. 전사면으로 해송과 삼나무가 조림되어 있고, 북동사면 일부에 상록수가 우거진 숲을 이루고 있으나, 예전에는 풀밭오름이었다고 한다. 미악산 북쪽에서 동쪽으로 흐르는 효돈천계곡은 난대림이 우거지고 물이 맑으며 폭포가 있고, 돈내코유원지가 있어 절승의 계곡미를 이루고 있으며, 미악산 북쪽 난대림은 우리나라의 극상(極相)상태 보유림으로 알려져 있다. 서귀포 중앙부에 위치해 시내권과도 가까워 서귀포 시민들의 산책코스이며, 편백숲과 한라산 조망이 근사해서 관광객들도 찾는 오름이다. / (출처: 비짓제주 홈페이지)",https://www.visitjeju.net/kr,064-760-4701,상시 개방,무료,가능,연중무휴,Unknown,Unknown,입 장 료: 무료,50,130,NA,자연관광,NA01,자연경관(산),NA010100,"산, 고개, 오름, 봉우리",90,0,80,20,60,0,,,60,45,75,category,0.8706,,0.0,0.8706,category
2738721,12,관광지,미천굴,제주특별자치도 서귀포시 성산읍 중산간동로 4150-30,63635,126.8415509789,33.3833177616,"미천굴은 학술적, 관광적, 문화적 가치를 간직한 중요한 자원이며, 주변의 맑은 공기와 깨끗한 물, 푸른 들판, 오름 등을 간직하고 있다. 특히 원초적인 암흑의 지하 공간은 인간의 본질과 미래에 대해 사색하고 추상하는 창조의 공간이 된다. 도시에서는 쉽게 경험할 수 없는 절대 자연미를 느낄 수 있는 공간으로, 총 1,700m 중 365m 구간을 개방하고 있다. 미천굴의 입구는 천정함몰에 의해 형성되었으며 천정 두께는 비교적 얕은 편이다. 동굴을 형성한 현무암류에서는 동굴 지표면상의 유동 방향을 나타내는 로피 구조를 엿볼 수 있다.",www.ilchulland.com,064-784-2080,09:00~18:00 (입장 마감 16:00),"[개인] / 일반 12,000원 / 경로 10,000원 / 청소년 8,000원 / 어린이 7,000원 / [단체(30인 이상)] / 일반 10,000원 / 경로 9,000원 / 청소년 6,000원 / 어린이 5,000원",가능,연중무휴,있음,Unknown,"입 장 료: [개인] / 일반 12,000원 / 경로 10,000원 / 청소년 8,000원 / 어린이 7,000원 / [단체(30인 이상)] / 일반 10,000원 / 경로 9,000원 / 청소년 6,000원 / 어린이 5,000원 | 화장실: 있음 | 이용가능시설: 수변공원 / 아트센터 / 식물원 등",50,130,NA,자연관광,NA03,자연생태,NA030100,동굴,90,0,80,60,50,0,,,30,15,45,manual_override,0.8053,,0.0,0.8053,category
1933217,12,관광지,바늘오름,제주특별자치도 제주시 조천읍 교래리 산 108,63346,126.6540100777,33.4537041957,"제주시 조천읍 교래리에 위치한 이 오름은 주변에 가시덤불이 많아 바늘오름 또는 제주 사투리로 바늘을 이르는 바농오름이라고도 한다. 오름은 삼나무로 뒤덮여 숲을 이루고 있고, 삼나무를 벗어나면 해송과 낙엽수림, 잡목이 우거져 숲을 이루고 있다. 원형 화구 안에는 풀밭을 이루고 있는 가운데 해송, 쥐똥나무, 찔레나무, 청미래덩굴, 윤노리나무 등이 식생하고, 말굽형 화구 안에는 보리수나무와 잡목 등이 우거져 자연림의 숲을 이루고 있다. 동쪽에 북동쪽으로 깊은 골이 패어 있는 곳에 상록수림이 형성되어 있다. 오름의 남동쪽에는 주로 해송이 있다. 정상에서는 억새가 피는 계절이면 억새가 정상을 뒤덮을 정도로 가득하다. 날이 좋을 때는 바늘 오름 정상에서 한라산의 모습이 아주 가깝게 보이기도 한다. 또한 남쪽에는 돌문화공원이 보이는데, 바늘 오름 인근에는 돌문화공원, 에코랜드 등 가볼 만한 곳이 많아 위치적으로도 좋다.",http://www.visitjeju.net,제주시 관광정보센터 064-740-6000,※ 일부 통제될 수 있으므로 방문 시 전화문의 요망,무료,가능,연중무휴,없음,없음,입 장 료: 무료 | 화장실: 없음,50,110,NA,자연관광,NA01,자연경관(산),NA010100,"산, 고개, 오름, 봉우리",90,0,80,20,70,0,,,60,45,75,blend,0.8714,0.875,0.1813,0.8706,blend
2765227,12,관광지,바리메오름,제주특별자치도 제주시 애월읍 어음리 산1,Unknown,126.3752995443,33.3930648051,"바리메 오름은 제주시 애월읍 어음리에 있는 오름으로 오름 중 높고 경사가 가파른 오름에 속한다. 오름 정상 분화구 모양이 절에서 쓰는 승려들의 공양 그릇 바리를 닮았다고 하여 바리메 오름으로 불리게 되었다. 오름의 서쪽으로는 목장이 들어서 있고, 나머지 경사면은 소나무가 무성히 자라고 있다. 경사가 있는 오름으로 둘레길처럼 운동화 차림보다는 등산화 차림이 편할 수 있다. 등산로를 따라 다양한 야생화와 피어있고 정상에는 다래 오름, 폭낭오름, 괴오름, 북돌아진 오름 등이 있어 크고 작은 오름들이 어울려 있는 진풍경을 만날 수 있다.",Unknown,제주관광정보센터 064-740-6000,※ 통제될 수 있으므로 방문 시 전화문의 요망,무료,가능,연중무휴,Unknown,Unknown,입 장 료: 무료,50,110,NA,자연관광,NA01,자연경관(산),NA010100,"산, 고개, 오름, 봉우리",90,0,80,10,70,0,,,60,45,75,category,0.8706,,0.0,0.8706,category
2738763,12,관광지,박수기정,제주특별자치도 서귀포시 안덕면 난드르로 90-25,63531,126.3587400593,33.2371548380,"대평리에 위치한 박수기정은 중문의 주상절리나 애월 해안도로의 해안 절벽 같은 멋진 풍경을 지닌 곳이다. 샘물을 뜻하는 ‘박수’와 절벽을 뜻하는 ‘기정’이 합쳐져 ‘바가지로 마실 수 있는 깨끗한 샘물이 솟아나는 절벽’이라는 의미를 가지고 있다. 제주 올레 9코스의 시작점이기도 하며 올레길은 박수기정의 윗길로 오르게 되어있다. 소나무가 무성한 산길을 오르면 소녀 등대가 서 있는 한적한 대평포구가 한눈에 내려다보인다. 박수기정 위쪽 평야 지대에서는 밭농사가 이루어지는 것도 볼 수 있다. 박수기정의 절벽을 한눈에 보려면 박수기정 위보다는 대평포구 근처에서 보는 것이 좋으며, 포구 아래의 자갈 해안에서 보면 병풍같이 쭉 펼쳐진 박수기정의 절경을 감상할 수 있다. 인근에 박수기정과 바다를 함께 볼 수 있는 카페들이 있으므로, 여유 있게 앉아 박수기정의 시원한 풍경을 바라볼 수 있다. 박수기정은 일몰이 아름답기로 유명하다. 깎아지른 듯한 절벽 너머 주홍빛으로 하늘을 물들이며 천천히 해가 넘어가는 모습을 보고 있으면, 그 웅장한 절경에 압도당하는 기분마저 든다. 제주 자연이 그려낸 한 폭의 수채화 같은 풍경을 보고 싶다면, 저녁 시간 박수기정에 방문해 멋진 일몰을 즐기는 것을 추천한다. / (출처 : 비짓제주) / ◎ 한류의 매력을 만나는 여행 정보 - 예능 / 주원, 유정이 낭만적인 데이트를 즐기던 곳이다. 두 사람은 노을을 배경으로 사진을 찍거나, 박수기정이 한눈에 보이는 대평포구에서 산책을 했는데, 유정은 이 시간을 “15시간이나 같이 있었지만 전혀 지루하지 않았다”고 회상했다.",https://www.visitjeju.net/kr,제주관광정보센터 064-740-6000,상시 개방,무료,불가능,연중무휴,Unknown,Unknown,입장료: 무료,50,130,NA,자연관광,NA02,자연경관(하천‧해양),NA020800,해안절경,100,20,100,20,40,0,,,30,15,45,observed,0.907,0.9167,0.9093,0.8101,blend
2715648,12,관광지,발자국화석공원,제주특별자치도 서귀포시 대정읍 형제해안로 192,63512,126.2931467063,33.2173857035,"발자국화석공원은 제주 서귀포시 대정읍에 위치한 상모리 해안에서 안덕면 사계리 해안에 걸쳐 분포하는 사람 및 동물발자국 화석산지로, 2005년 9월 8일 천연기념물로 지정됐다. 2004년 사계-송악 해안도로 일대에서 사람, 사슴, 새, 코끼리 등 발자국 화석과 식물 화석이 발견됐다. 이 화석들은 중기 구석기 시대에 생성된 것으로 추정되며, 수중화산 분화활동으로 형성된 응회암 퇴적층에서 발견됐다. 제주 사람발자국과 동물발자국 화석산지는 아시아 지역에서 유일하게 인류발자국이 발견된 곳이다. 이 발자국은 길이 약 21~25cm로 발뒤꿈치 중간호, 앞꿈치 등의 구분이 뚜렷해 학술적으로도 가치가 크다. 화석이 발견된 사계해안 왼쪽으로는 산방산이, 오른쪽으로는 형제섬이 보이고 제주 올레 10코스인 화순-모슬포 올레의 중간지점에 위치해 있어 탐방객이 많다.",https://www.visitjeju.net,064-710-6804,상시 개방,무료,불가능,연중무휴,있음,없음,입 장 료: 무료 | 화장실: 있음,50,130,NA,자연관광,NA03,자연생태,NA030300,기암괴석,70,0,80,90,50,0,,,30,15,45,category,0.8516,,0.0,0.8516,category
129402,12,관광지,방사탑(제주),제주특별자치도 제주시 조천읍 신흥로1길 25,63332,126.6505304610,33.5474965400,"방사탑은 부정과 악의 출입을 막아 마을을 편안하게 하고자 하는 신앙 대상물이다. 마을의 어느 한 방위에 불길한 징조가 보인다거나 어느 한 지형의 기가 허한 곳에 마을 공동으로 쌓아 올린 돌탑으로, 제주도 조천읍 신흥리 방사탑은 포구의 방파제 부근에 1기, 북서쪽 바닷가에 1기가 있다. 그중 방파제 부근인 남쪽 포구에 있는 탑(신흥리 1호탑)은 큰개에 있는 탑이라는 뜻으로 ‘큰개탑’, 새들이 움푹 파인 상부에 날아와 새끼를 부화하는 곳으로 이용하면서 ‘생이탑’이라고도 부른다. / 또한, 북서쪽 바닷가인 ‘새백개’쪽에 자리한 탑(신흥리 2호탑)은 오다리 코지에 있는 탑이라 하여 ‘오다리탑’ 또는 상부에 세워 놓은 양근같은 석상 때문에 신흥리 1호탑인 ‘큰개탑’과 대비하여 ‘양탑’이라고 부른다.",https://www.visitjeju.net/kr,064-740-6000,Unknown,Unknown,가능(소형 30대),Unknown,있음(남녀 구분),없음,화장실: 있음(남녀 구분),50,110,HS,역사관광,HS02,역사유물,HS020100,탑ㆍ비석ㆍ기념탑,30,0,50,80,10,0,,,30,15,45,category,0.8148,,0.0,0.8148,category
126468,12,관광지,방선문,제주특별자치도 제주시 오라이동 39-1,63147,126.5169053039,33.4542936092,"제주시를 관통하는 한천 상류 약 6km 지점에 효성이 지극한 나무꾼이 신선을 만났다는 전설을 가진 방선문(訪仙門)이 있다. 전설에 의하면 방선문은 신선 세계로 통하는 문으로 신선 세계와 인간 세계의 경계이다. 옛날 백록담에서는 매년 복날이면 하늘에서 선녀들이 내려와 목욕했는데 이때마다 한라산 산신은 방선문 밖 인간세계로 나와 선녀들이 하늘로 돌아갈 때까지 머물러 있어야만 했었다. 그런데 어느 복날 미처 방선문으로 내려오지 못한 한라산 산신이 선녀들이 목욕하는 모습을 훔쳐보고 말았고, 이에 격노한 옥황상제가 한라산 산신을 하얀 사슴으로 만들어 버렸다고 한다. 그 뒤 한라산 산신은 매년 복날이면 백록담에 올라가 슬피 울었고, 하얀 사슴의 연못이라는 백록담의 이름은 이 전설에서 유래한 것이다. / 또한, 방선문 일대는 한국 고전문학 중 해학소설의 백미이자 판소리 열두 마당의 하나인 ‘배비장전’의 무대이기도 하다. 예부터 제주에 부임한 목사를 비롯한 지방 관리뿐만 아니라 유배인까지 많은 선인들이 이곳에서 풍류를 즐겼고, 방선문 곳곳에는 그들이 남긴 마애명이 많이 남아 있는데 ‘訪仙門’ , ‘登瀛丘’등을 비롯해 50여 개의 마애명이 남아있다. / 철 따라 아름다운 경치를 자아내지만, 특히 봄철의 진달래꽃은 영주 12경의 하나로 꼽힐 만큼 아름답다. 부근에는 높이 10m, 너비 30~50m의 오등동계곡이 있어 한결 운치를 더해준다.",https://jeju.grandculture.net,064-710-3314,상시 개방,무료,가능,연중무휴,있음,Unknown,입 장 료: 무료 | 화장실: 있음 | 이용가능시설: 참꽃산책로 / 쉼터 / 전망대 등,50,110,NA,자연관광,NA01,자연경관(산),NA010400,계곡,90,0,80,70,20,0,,,60,45,75,category,0.835,,0.0,0.835,category
2663244,12,관광지,방주교회,제주특별자치도 서귀포시 안덕면 산록남로762번길 113,63525,126.3877920933,33.3051886051,"재일 교포 건축가로 일본과 한국에서 주로 활동하면서 건축물이 세워질 장소의 고유한 풍토, 지역성을 살려 인간의 삶에 어우러지는 건축을 추구하는 이타미 준(유동룡)이 노아의 방주를 모티브로 설계한 교회로, 아름다운 건축물로 유명하다. / 나무와 징크 소재의 메탈로 2009년 3월 16일 건립되었다. 인공 수조를 조성해 건물이 물 위에 떠 있는 듯한 느낌을 주며, 그 모습이 푸른 잔디밭, 파란 하늘과 잘 어울려 건축물과 자연의 조화로움을 뽐낸다. 2010년에 건축물 대상을 수상하였고 사진 촬영 명소로 알려져 많은 사람이 찾고 있다. 예배를 드리는 교회이고 종교적인 장소인 만큼 예배 시간 관람은 허용하지 않으니 관람 시 주의가 필요하다.",http://www.bangjuchurch.org,064-794-0611,[외부] 상시개방 / -예배 시간 : 잔디밭 개방하지 않음 / [내부] / - 화요일~금요일 09:00~17:00 / - 수요일 13:00~17:00 / [예배시간] 개방하지 않음 / - 주일 예배시간 09:30/11:00/13:00 / - 수요기도회 11:00 / - 기타 특별 예배 및 기도회,Unknown,가능 (14인승 이상 주차 불가),연중무휴,있음 (주차장 건너편 카페 방주 이용),Unknown,화장실: 있음 (주차장 건너편 카페 방주 이용),50,130,HS,역사관광,HS03,종교성지,HS030200,기독교,70,0,90,80,10,0,,,30,15,45,observed,0.8385,0.8385,0.9918,0.8429,blend
2731801,12,관광지,백약이오름,제주특별자치도 서귀포시 표선면 성읍리 산1,699912,126.7901843521,33.4372051592,"백약이오름은 서귀포시 표선면에 위치한 오름으로, 예로부터 약초가 많이 자생하고 있다고 하여 백약이(百藥岳) 오름이라 불리고 있다. 둥글넓적한 분화구(굼부리) 형태를 띠고 있으며, 안에는 층층이꽃, 향유, 쑥, 방아풀, 꿀풀, 쇠무릎 등 약초가 자생하고 있다. / 성읍목장 안을 지나 길을 따라 들어오면 목부들의 쉼터인 독립가옥에 이르게 되는데, 그 집 너머의 오름이 백약이오름이다. 안쪽에 위치한 방목 소들의 음수대 옆으로 30분 정도 오르면 산꼭대기에 도달할 수 있으며, 원형 경기장을 연상케 하는 움푹 파인 굼부리가 눈앞에 나타난다. / 정상에서는 트랙 모양의 산꼭대기를 따라 주변의 다양한 오름을 조망할 수 있는데 동쪽에 좌보미와 그 앞에 암설류의 언덕들, 동북쪽으로 동거미오름 그 옆으로 이어진 문석이오름, 그 뒤편에서 위용을 자랑하는 높은 오름, 북쪽으로 넓게 패인 굼부리인 아부오름, 서쪽에 민오름, 비치미, 남서쪽에 개오름, 남쪽에 멀리 보이는 영주산 등을 감상할 수 있다.",https://www.visitjeju.net,제주관광정보센터 064-740-6000,상시 개방,무료,가능,연중무휴,Unknown,Unknown,입장료: 무료,50,130,NA,자연관광,NA01,자연경관(산),NA010100,"산, 고개, 오름, 봉우리",90,0,90,20,70,0,,,60,45,75,observed,0.8393,0.8382,0.9666,0.8706,blend
2027203,12,관광지,백제사,제주특별자치도 제주시 애월읍 광령남6길 54 (애월읍),63062,126.4243079199,33.4488149673,"백제사는 1,700여 년의 한국불교의 정통 법맥을 이어온 석가세존 태고보우국사를 종조로 모신 한국불교태고종 사찰이다. 불교의 생명 존중 사상과 자연 친화적인 한국의 사찰문화를 체험할 수 있도록 사부대중 누구에게나 열려 있는 도량이다. 백제사는 부처님의 가르침인 지혜와 자비를 바탕으로 불자 양성과 포교 및 청소년 교육을 위한 수행도량으로 설립되었다. 아름다운 제주의 청정한 자연과 수려한 경관을 느끼며 사찰에서의 고요한 휴식을 취할 수 있는 곳으로, 한국불교의 전통문화, 수행정신을 통해 참 존재를 찾아갈 수 있도록 템플스테이 등의 프로그램을 운영하고 있다.",https://www.visitjeju.net,064-746-8009,상시 개방,무료,가능,연중무휴,있음,없음,입 장 료: 무료 | 화장실: 있음,50,110,HS,역사관광,HS03,종교성지,HS030100,불교,80,0,70,90,60,0,,,30,15,45,category,0.85,,0.0,0.85,category
309943,12,관광지,법화사,제주특별자치도 서귀포시 하원북로35번길 15-28 법화사,63553,126.4580035612,33.2652385684,"법화사는 수정사와 함께 제주의 비보사찰(裨補寺刹)로써, 대한불교조계종 제23교구 본사 관음사의 말사이다. 건립 시기에 대해서는 고려 시대, 길게는 통일신라 시대까지도 올라간다는 주장이 있다. 고려 후기 몽골의 제주 지배기에 법화사는 더 중시되었다. / 제주대학교 박물관 주도로 1992년부터 이루어진 발굴 조사에서 발굴된 기와에는 법화사가 원의지원 6년(1269년)에 처음 중창을 시작해 16년(1279년)에 중창을 마쳤다는 것을 확인할 수 있었다. 충혜왕 때 제주로 유배된 승려 혜일이 법화사를 들러 시를 지었으며 조선 초기까지 법화사에 배속된 노비가 280명이었을 정도로 큰 절이었으나 조선 후기 이후 법화사는 폐사되었다. / 법화사는 천년 사찰의 역사적 가치와 더불어 사찰 경내가 아름다워 제주 도민들에게서 입소문이 나면서 타지에서 온 관광객들도 사찰 내의 구품연지에 우아한 연꽃과 더불어 배롱나무의 아름다운 자태와 더불어 부석사 무량수전 양식의 구화루가 이루어 내는 풍경은 불자가 아니라도 절집의 아름다움에 동의한다니 제주에서 이색 체험지로 추천한다. 법화사는 제주특별자치도 기념물로 지정 보호되고 있다.",Unknown,064-738-5225,상시 개방,Unknown,가능,연중무휴,있음,Unknown,화장실: 있음 | 이용가능시설: 대웅전 / 구품연지 / 구화루 등,50,130,HS,역사관광,HS03,종교성지,HS030100,불교,70,0,80,90,30,0,,,30,15,45,observed,0.9177,1.0,0.4512,0.85,blend
2738728,12,관광지,법환포구,제주특별자치도 서귀포시 법환동,63573,126.5157102960,33.2372286829,"법환포구는 ‘막숙개’라고도 불리는데 ‘막숙’은 고려 말 최영 장군이 이곳에 막사를 치고 군사들의 숙소로 사용하여 적군을 물리쳤다는 데에서 유래했다. 제주 올레 7코스에 속해 있어 도보 여행객들이 주변의 경치를 감상하기에 좋다. 이곳에서 바다 위에 범섬, 섶섬, 문섬, 새섬을 한눈에 볼 수 있다. 해녀 조각상이 설치된 ‘잠녀 광장’이 조성되어 있고, 낚시를 즐기는 사람들의 모습도 볼 수 있어 바다와 자연스럽게 조화된 제주만의 아름다운 분위기를 느낄 수 있다. 제주도의 다른 포구들과 마찬가지로 용천수가 남아 있는데, 깨끗하고 맑은 물을 보는 것만으로도 시원함을 선사한다. 주변에는 게스트하우스나 카페, 식당 등 다양한 편의시설이 있어, 여행객들이 더욱 여유롭고 편하게 서귀포 바다의 경치를 만끽할 수 있다.",https://www.visitjeju.net,제주관광정보센터 064-740-6000,상시 개방,무료,가능,연중무휴,있음,Unknown,입 장 료: 무료 | 화장실: 있음 | 이용가능시설: 광장,50,130,NA,자연관광,NA02,자연경관(하천‧해양),NA020700,항구/포구,90,40,90,40,50,10,,,30,15,45,observed,0.7913,0.7841,0.8892,0.849,blend
2796715,12,관광지,베릿네오름,제주특별자치도 서귀포시 중문동 2314-2,Unknown,126.4220098576,33.2474788502,"베릿네 오름은 중문 관광단지의 천제연 계곡 동쪽에 있는 언덕 일대를 말하는 오름이다. 세 봉우리로 이루어져 각각 동오름, 섯오름, 만지섬오름으로 나누어 불린다. 울창한 숲이 있어 식물학적 측면에서도 귀중한 가치를 지니는 오름이다. 이곳은 특정 야생동물·식물로 지정된 솔잎난과 담팔수 등 희귀 식물이 살고 있다. 천연기념물 제182-7호로 지정되어 보호받고 있는 이유이다. 올레길 8코스가 지나가는 길이어서 관광객의 발길이 이어지고 있으며, 빼어난 경치를 감상하며 가볍게 걷기에 좋은 산책로다.",https://www.visitjeju.net,서귀포 관광안내소 064-732-1330,상시 개방,Unknown,가능,연중무휴,Unknown,Unknown,이용가능시설: 전망대,50,130,NA,자연관광,NA01,자연경관(산),NA010100,"산, 고개, 오름, 봉우리",90,0,80,40,70,0,,,30,15,45,observed,0.7974,0.7083,0.4512,0.8706,blend
1882274,12,관광지,벵가스테이,제주특별자치도 서귀포시 성산읍 일주동로4120번길 23-20,63639,126.9100849593,33.4594882342,"제주 서귀포시 성산읍 일주동로에 위치한 벵가스테이는 성산일출봉을 배경으로 한 아름다운 숙박시설이다. 다양한 타입의 150개 객실과 정원, 수영장을 비롯해 실내어린이놀이터, 세미나실, 미팅룸, 식당 및 카페 등의 부대시설을 갖췄다. 본관 4층에는 일출전망대가 있어 투숙객 모두가 이곳에서 바다일출을 감사할 수 있다. 리조트는 본관과 별관, 신관의 세 동으로 구성되며 총 10가지 유형의 객실을 보유하고 있다. 객실에 따라 최소 2인부터 최대 6인까지 지낼 수 있으며 양실과 한실 중 선택이 가능하다. 전 객실에서 취사는 금지되어 있지만 냉장고, 전기포트, 전자레인지가 구비되어 있다. 주변 관광지로는 성산일출봉, 섭지코지, 아쿠아플라넷, 우도, 종달리해변, 광치기해변, 성읍민속마을 등이 있으며 공항으로부터 승용차로 약 50분이 소요된다.",Unknown,064-783-2226,Unknown,Unknown,Unknown,Unknown,Unknown,가능,Unknown,50,130,VE,문화관광,VE05,복합관광시설,VE050200,리조트,70,40,80,20,50,0,,,60,45,75,category,0.8331,,0.0,0.8331,category
1069292,12,관광지,별도봉,제주특별자치도 제주시 화북일동,63296,126.5531117946,33.5192286663,"별도봉은 화북악이라고 부르는 곳으로 제주항과 제주 앞바다가 한눈에 내려다보이는 오름이다. 별도봉은 화산 쇄설성(碎屑性) 퇴적암과 용암으로 이루어진 기생화산으로 화북일동의 동쪽 해안에 자리하고 있다. 정상봉에서 북측 사면의 등성이가 바다 쪽으로 뻗은 벼랑이 있다. 벼랑 밑 해안단에는 고래굴과 아기 업은 돌이라 불리는 기암이 있다. 낮은 산이지만 해안 절벽을 끼고 조성된 장수산책로가 있으며 연인과 가족들이 많이 찾는다. 주변에 국립제주박물관, 민속자연사박물관 등 제주의 역사와 문화를 소개한 박물관들이 있으며, 삼양해수욕장, 용담포구 등 제주의 푸른 바다를 즐길 수 있는 관광지들이 있어 연계관광으로도 좋다.",http://www.visitjeju.net,제주관광정보센터 064-740-6000,상시 개방,무료,가능,연중무휴,Unknown,Unknown,입 장 료: 무료,50,110,NA,자연관광,NA01,자연경관(산),NA010100,"산, 고개, 오름, 봉우리",90,0,80,30,70,0,,,75,60,90,blend,0.8487,0.75,0.1813,0.8706,blend
128796,12,관광지,별방진,제주특별자치도 제주시 구좌읍 하도리 3354 (구좌읍),63359,126.8843912035,33.5262082208,"별방성은 1973년 4월 13일에 제주도 기념물로 지정되어 보호되고 있다. 별방성에 대해 '신증동국여지승람' 제주목 관방조에는 ‘별방성은 돌로 쌓았는데 둘레가 2,390자이고 높이는 7자이다. 중종 5년(1510)에 장림 목사가 이 땅이 우도(牛島)로 왜선이 가까이 댈 수 있는 곳이라 하여 성을 쌓고 김녕방호소를 이곳으로 옮기어 별방(別防)이라 이름하였다.’라고 하였고, 김상헌의 '남사록'에는 ‘별방성은 동·서·남에 세문이 있고 성 안에는 우물이 있으나 맛이 짜다. 지명은 옛날에 하도의탄리라 하였다.’라고 하였으며 ‘탐라지'에는 ‘북성에 대변청이 있고 중앙에는 객사(客舍), 별창(別倉), 군기고(軍器庫)가 있다.’라고 하였다. 박천형의 서계(書啓) 내용에는 ‘동쪽과 북쪽이 바다에 임하였고 성 안은 화북이나 조천에 비해 조금 넓으며 동·서·남에 세문과 성안에 두 우물이 있으나 포구의 공간이 몹시 좁고 뾰족 나온 돌모서리가 창 같이 날카로워 배를 정박할 수가 없다. 횃불을 비치해 경보하는 것이 좋을 듯하며 성을 설치하여 방어하는 데에는 적합한 곳이 아닌 듯하다.’라고 하였다. 헌종 14년(1848)에 장인식 목사가 이를 중수하였다. / ◎ 한류의 매력을 만나는 여행 정보 - / 조선시대의 성곽에 ‘부’씨로 구성된 밴드와 함께 부승관이 올랐다. 제주를 개국했다는 고 씨, 양 씨, 부 씨 세 성씨 중 하나인 부 씨이다. 별방진이 위치한 제주도 구좌읍 하도리는 부 씨의 집성촌이다. 승관의 고향 제주에서도 의미 있는 지역이다. 별방진은 유채꽃 명소로, 이른 봄 노란 유채꽃과 어우러지는 검은 돌의 성곽이 매력적이다.",http://www.visitjeju.net,064-710-3314,상시 개방,무료,가능 (무료),연중무휴,Unknown,Unknown,입 장 료: 무료,50,110,HS,역사관광,HS01,역사유적지,HS010200,성ㆍ산성ㆍ성곽,70,0,80,90,30,0,,,30,15,45,observed,0.733,0.7222,0.8347,0.7874,blend
315926,12,관광지,보덕사(제주),제주특별자치도 제주시 독짓골8길 26,63222,126.5324919902,33.4917036061,"보덕사는 대한불교조계종 제23교구 본사 관음사의 말사로, 1943년 초가에 18평의 법당을 지음으로써 창건되었다. 보덕사 대웅전에는 창건 당시 안봉려관이 해남 대흥사에서 모셔온 17세기의 목조여래좌상이 안치되어 있다. 이 불상은 문화재 자료로 가치를 인정받아 제주특별자치도 문화재자료로 지정되었고 전체 높이가 66cm로 큰 규모에 속한다. 근대 제주불교 중흥기에 선봉 스님이 각 사찰마다 모시고 다니면서 그곳 불사에 힘을 실어주었다는 일화로 유명하다. 보덕사 경내에는 1992년에 석조 지장보살상을 봉안하였는데, 이로써 지장도량으로 거듭나며 중생제도에 앞장서고 있다. 제주 불교 중흥의 맥을 면면히 이어오고 있는 보덕사는 현재에도 소원성취를 기원하는 많은 불자들의 귀의처로 끊임없는 발길이 이어지고 있다.",Unknown,064-753-2183,Unknown,Unknown,가능,연중무휴,있음,Unknown,화장실: 있음 | 외국어 안내서비스: 불가,50,110,HS,역사관광,HS03,종교성지,HS030100,불교,30,0,50,80,20,0,,,30,15,45,category,0.85,,0.0,0.85,category
2714659,12,관광지,보롬왓,제주특별자치도 서귀포시 번영로 2350-104,63624,126.752493951494,33.4134934171129,"보롬왓은 서귀포 표선면에 위치한 농장으로, 바람이 부는 밭이라는 뜻의 제주 방언이다. 밭이라는 명칭이 있는 만큼 청보리, 메밀 등 밭작물을 만날 수 있으며, 튤립, 유채꽃, 수국, 라벤더 등 아름다운 꽃들도 만나볼 수 있다. 꽃뿐만 아니라 닭, 소, 양, 염소 등 다양한 동물도 볼 수 있어 아이들과 함께 방문하기에도 좋다. 보롬왓 농장 내부에 있는 카페는 식물들을 감상하며 차를 마시며 여유를 즐길 수 있다.",https://www.instagram.com/boromwat_,010-7362-2345,09:00~18:00,"- 성인/중·고등학생 6,000원 / - 경로/제주도민/복지 5,000원 / - 어린이(초등학생) 4,000원 / ※ 무료 : 36개월 미만 유아",가능 요금 (무료),연중무휴,Unknown,Unknown,"입장료: - 성인/중·고등학생 6,000원 / - 경로/제주도민/복지 5,000원 / - 어린이(초등학생) 4,000원 / ※ 무료 : 36개월 미만 유아",50,130,EX,체험관광,EX06,산업관광,EX061000,기타산업관광지,90,40,90,20,60,10,,,60,45,75,observed,0.8421,0.8438,0.9592,0.8022,blend
316058,12,관광지,보림사(제주),제주특별자치도 제주시 사라봉동길 61,63284,126.5462929822,33.5175093027,"보림사는 1957년에 창건되었으며 제주 사라봉 입구에 자리 잡고 있다. 절에는 대웅전, 법당, 천왕문, 보림사 부도, 보림사 탑 등이 있다. 특히 2002년 5월 15일 제주도 유형문화유산으로 지정된 목조관음보살좌상이 보림사 본존불로 봉안되어 있는데, 전라남도 순천 선암사에서 조선 후기에 제작된 불상으로 보림사 창건 당시 제주로 옮겨 온 것이다. 보림사는 제주 오름인 사라봉 초입에 있어서 불교 신자뿐만 아니라 제주도민과 관광객이 자주 찾는 곳이다. 보림사 사찰 주변에는 칠머리당영등굿 전수관, 모충사, 우당도서관, 국립제주박물관 등이 있어 제주도 여행길에 함께 둘러보는 것도 좋다.",Unknown,064-721-4767,상시 개방,무료,가능,연중무휴,있음,없음,입 장 료: 무료 | 화장실: 있음,50,110,HS,역사관광,HS03,종교성지,HS030100,불교,50,0,60,90,30,0,,,30,15,45,category,0.85,,0.0,0.85,category
3057412,12,관광지,보메와산감귤체험농장,제주특별자치도 제주시 조천읍 미래로 53,63342,126.68018591188707,33.48449858436093,"보메와산 감귤체험농장은 조천읍 와산리에 있는 감귤 따기 체험농장이다. 감귤 따기는 8월부터 1월까지 체험할 수 있으며, 예약 없이 방문해도 체험할 수 있다. 감귤 따기 체험은 어린이와 어른 할 것 없이 즐거운 추억을 남길 수 있는 체험이다. 농장에서 직접 딴 감귤을 바로 먹어볼 수도 있고, 일정량을 가져갈 수도 있으며, 농장에서 재배한 신선한 감귤을 구입할 수도 있다. 보메와산 감귤 체험농장은 농장 곳곳에 포토존을 꾸며 놓았으며, 어린이들이 놀기 좋도록 놀이터도 운영한다. 건물 1층에는 체험 카페를 운영하고, 2층과 3층은 펜션으로 운영하고 있다. 체험 카페에서는 풋귤 청 담그기, 제주 백향과 청 만들기 등 체험을 진행하고 있으며 펜션 숙박객은 무료로 체험을 진행할 수 있다.",https://www.instagram.com/bomews,0507-1336-4744,10:00~17:00※ 8월부터 체험 가능으로 자세한 사항은 전화 문의 요망,"- 입장 5,000원 / - 감귤따기(1kg) 9,000원 / - 감귤따기(2.5kg) 18,000원 / - 감귤청 클래스 20,000원 / ※ 자세한 사항은 전화문의 요망",가능,매주 월요일※ 감귤 체험 시즌 후 8월 체험 시즌 전까지 휴무이므로 자세한 사항은 홈페이지 참조 요망,있음,카페만 가능,"입장료: - 입장 5,000원 / - 감귤따기(1kg) 9,000원 / - 감귤따기(2.5kg) 18,000원 / - 감귤청 클래스 20,000원 / ※ 자세한 사항은 전화문의 요망 | 화장실: 있음",50,110,EX,체험관광,EX03,농.산.어촌 체험,EX030300,체험농장,80,60,70,20,90,50,,,30,15,45,category,0.7753,,0.0,0.7753,category
2738742,12,관광지,보목포구,제주특별자치도 서귀포시 보목포로 46 (보목동),63599,126.6067745830,33.2392465705,"보목포구는 제주의 유명한 계절 음식인 자리물회가 유명한 곳이다. 자리돔이 제철인 매년 5월이 되면 보목포구에서 자리돔 축제가 열리기도 한다. 포구의 뒤쪽으로는 제주의 상징인 한라산이 병풍처럼 든든히 서있고, 앞바다에는 문섬과 섶섬이 떠있어 해가 질 때는 바다 위로 떨어지는 아름다운 일몰을 볼 수 있기도 하다. 보목포구는 계단길 포토존으로 유명하다. 보목포구 내에 위치한 보목해녀의 집에서 우측으로 가다 보면 작은 틈 사이가 있는데, 이곳에 바다로 향하는 계단길이 있다. 이곳이 SNS에서 유명세를 타고 있는 포토스폿이다. 푸른 바다와 하늘을 배경으로 사진을 찍을 수 있다. 다만, 만조 시간을 잘 확인하고 가야 한다.",https://www.visitjeju.net,제주관광정보센터 064-740-6000,상시 개방,무료,가능,연중무휴,있음,Unknown,화장실: 있음 | 입 장 료: 무료,50,130,NA,자연관광,NA02,자연경관(하천‧해양),NA020700,항구/포구,90,80,90,40,30,0,,,60,45,75,observed,0.8955,0.9107,0.7534,0.849,blend
129403,12,관광지,복신미륵,제주특별자치도 제주시 동한두기길 7-6 (용담일동),63153,126.5154401529,33.5155645816,"제주의 복신미륵은 한 쌍의 미륵으로 조선시대에 쌓은 제주성을 중심으로 동쪽에 있는 것은 동자복, 서쪽에 있는 것은 서자복이라고 한다. / 동자복은 만수사 옛터인 민가 안에 자리하고 있으며, 마을의 평안과 여러 활동의 안전을 기원하는 석불로, 집안의 제액, 육아에 효험이 있다고 하여 제를 올렸으며, 제주성의 동쪽에서 성안을 수호하는 기능도 하였다. / 서자복은 용화사 안에 자리하고 있으며 옛날 제주성의 서쪽에서 성 안을 수호하는 기능을 하였다 한다. 돌모자를 쓰고 있으며, 인자하게 내려다보는 눈, 우뚝한 코, 지그시 다문 입, 커다란 귀 등에서 자비로운 모습을 보여준다. 곁에는 남근을 상징하는 동자상이 서 있는데, 여기에 걸터앉아 치성을 드리면 아들을 낳는다고 믿고 있다. 매년 음력 2월 15일과 11월 15일이면 미륵을 위한 불공이 법당 안에서 행하여진다. 정확한 제작 시기는 알 수 없지만 고려시대로 추정하며, 고을을 수호하고 아들 낳기를 바라는 민간신앙과 불교의 결합을 보여주는 예이다.",Unknown,제주관광정보센터 064-740-6000 / 용화사 0507-1392-7732,용화사 08:00~20:00,Unknown,가능,연중무휴,Unknown,Unknown,Unknown,50,110,HS,역사관광,HS02,역사유물,HS020300,불상,20,0,60,90,10,0,,,30,15,45,category,0.8148,,0.0,0.8148,category
2661523,12,관광지,북촌마을 4·3길,제주특별자치도 제주시 조천읍 북촌3길 3,63339,126.6886829380,33.5460214070,"북촌마을은 제주시 조천읍 동쪽 끝에 자리한 해변 마을이다. 일제강점기에는 치열한 항일운동이 펼쳐졌고, 해방 이후에는 주민 자치 활동이 매우 활발했던 곳이다. 그러나 1949년 1월 17일, 세계적으로도 유례를 찾기 힘든 비극적인 대규모 민간인 학살 사건이 이곳에서 자행되었다. 이로 인해 주민 300여 명이 희생당하는 등 북촌마을은 제주 4·3사건 최대의 피해 마을 중 하나로 남게 되었다. / 마을에는 4·3사건 당시 도민들이 겪은 통한의 역사에 공감하고 인권과 평화의 소중함을 되새기기 위해 역사 교육의 장으로서 북촌마을 4·3길을 조성하였다. 4·3길의 출발이자 도착 지점인 너븐숭이 4·3기념관에서는 4·3길 무료 해설 서비스를 신청할 수 있다.",비짓제주 https://www.visitjeju.net/kr,064-783-4303,상시 개방,무료,가능,연중무휴,있음,Unknown,입장료: 무료 | 화장실: 있음,50,110,NA,자연관광,NA05,기타자연관광,NA050100,기타자연관광,20,0,40,90,70,0,,,30,15,45,category,0.8465,,0.0,0.8465,category
317558,12,관광지,불탑사(제주),제주특별자치도 제주시 원당로16길 41 (삼양일동),63316,126.5978743444,33.5291588377,"불탑사는 제주시 삼양동에 위치한 사찰로 대한불교조계종 제23교구 관음사의 말사이다. 불탑사는 원당봉 기슭에 자리하고 있다. 불탑사의 원찰인 원당사는 고려 말 제주도의 3대 사찰 중 하나였다. 1948년에 발생한 제주 4.3 사건 당시 사찰 대부분이 파손되었으며 1953년에 재건했다. 이후 여러 차례의 보수와 확장 작업을 거쳐 오늘에 이른다. 현재 경내에는 대웅전, 요사채, 종각, 천왕문 등이 있으며 특히 이곳에 보존된 오층석탑은 제주도 유일의 고려시대 석탑으로 1993년 11월 보물로 지정되었다.",https://www.visitjeju.net/kr,제주시 관광정보센터 064-740-6000,상시 개방,무료,가능,연중무휴,있음,없음,화장실: 있음 | 입 장 료: 무료 | 외국어 안내서비스: 불가,50,110,HS,역사관광,HS03,종교성지,HS030100,불교,50,0,60,90,20,0,,,30,15,45,blend,0.8772,1.0,0.1813,0.85,blend
1898484,12,관광지,붉은오름자연휴양림,제주특별자치도 서귀포시 표선면 남조로 1487-73,63622,126.6742707606,33.3952748674,"붉은오름자연휴양림은 자연을 전혀 훼손하지 않은 자연 그대로의 휴양림이다. 제주시와 서귀포시를 잇는 남조로에 접해 있어 대중교통으로 접근하기 쉽고, 휴양림 내부 대부분이 경사가 완만한 평지라서 남녀노소 모두 안전하게 자연을 느낄 수 있다. 주변에 붉은오름, 물찻오름, 가문이오름이 자리 잡고 있어 다양한 생태계를 보여준다. 온대, 난대, 한 대수종등 식물군을 다양하게 보유하고 있고, 수령 50년 이상의 삼나무림과 해송림, 천연림이 분포하고 있어 산림욕을 즐기기 좋은 장소이다. 봄에는 철쭉, 여름에는 시원한 녹음의 숲, 가을에는 아름다운 단풍, 겨울에는 설경을 볼 수 있는 자연휴양림이라 할 수 있다. 붉은오름자연휴양림 탐방코스는 붉은오름 정상으로 가는 붉은오름 등산로, 말찾오름과 이어지는 해맞이 숲길, 제주 상잣성을 감상할 수 있는 상잣성 숲길 그리고 노인, 어린이 등 남녀노소 모두가 안전하게 숲체험 할 수 있는 무장애 나눔 숲길이 있다. 휴양림 내에는 숙박시설인 숲 속의 집, 오토캠핑장을 비롯해 산림문화휴양관, 생태연못, 산림욕장, 잔디광장, 세미나실, 방문자센터, 다양한 산책로 등의 다양한 시설이 있다.",https://www.foresttrip.go.kr,064-782-9171,[하절기(3월~10월)] / 08:00~18:00 (입장 마감 17:00) / [동절기(11월~2월)] / 09:00~17:00 (입장 마감 16:00),"[개인] / - 일반 1,000원 / - 청소년, 군인 600원 / [단체(10인 이상)] / - 일반 800원 / - 청소년, 군인 500원 / [숲속의집] / - 4인실 45,000원~82,000원 / - 7인실 75,000원~134,000원 / - 9인실 98,000원~173,000원 / [산림휴양관] / - 4인실 44,000원~76,000원 / - 9인실 95,000원~162,000원 / ※ 자세한 사항은 홈페이지 참조",가능,연중무휴,있음,Unknown,"등산로: [생태탐방코스] / 상잣성 숲길(3.2km, 60분) / 해맞이 숲길(6.7km, 120분) / 붉은오름 등반길(1.7km, 90분) | 화장실: 있음 | 입 장 료: [개인] / - 일반 1,000원 / - 청소년, 군인 600원 / [단체(10인 이상)] / - 일반 800원 / - 청소년, 군인 500원 | 이용가능시설: 목재문화체험관 / 산림문화휴양관 / 생태연못 등 | 시설이용료: [숲속의집] / - 4인실 45,000원~82,000원 / - 7인실 75,000원~134,000원 / - 9인실 98,000원~173,000원 / [산림휴양관] / - 4인실 44,000원~76,000원 / - 9인실 95,000원~162,000원 / ※ 자세한 사항은 홈페이지 참조",50,130,NA,자연관광,NA04,자연공원,NA040600,자연휴양림,100,0,80,20,70,0,,,120,90,150,observed,0.9053,0.9583,0.4512,0.8617,blend
2779449,12,관광지,비밀의 숲,제주특별자치도 제주시 구좌읍 송당리 2173,Unknown,126.7552818445,33.4537780343,"제주시 구좌읍에 있는 비밀의 숲은 SNS에서 포토존으로 유명해진 자연 숲길 명소다. 제주도의 유명 숲인 비자림, 사려니숲길과는 또 다른 매력을 지녔다. 희귀 편백나무 숲부터 넓은 초원, 돌담과 오두막 등 다채로운 구성과 제주도만의 감성을 담은 포토 스폿들이 있다. 특히 유채꽃과 핑크뮬리 등 사계절 아름다운 자연을 구경할 수 있다. 다만 사유지라 입장 전 촬영은 어려우며, 포장도로로 가기 위해서는 홈페이지에 안내된 주소를 참고해야 한다. / ◎ 한류의 매력을 만나는 여행 정보 - / 풀버전 첫 장면으로 부승관이 초록 숲을 느끼며 눈을 감았으며 앉아 있는 승관의 뒤로 밴드 멤버들이 폴짝 뛰어오르는 꽃밭도, 함께 산책하는 숲도 청량하다. 안돌오름 비밀의 숲은 이름 그대로 비밀스럽게 숨겨진 곳이다. 자연적인 숲엔 화장실조차 없지만 스냅사진을 찍으러 오는 사람들로 가득하다. 울창한 숲은 초지와 편백나무 숲으로 이어지며 곳곳엔 포토존이 있다. 특히 민트색 트레일러 앞은 촬영 필수 코스이니 사진을 찍어보길 추천한다.",https://www.instagram.com/secretforest75,0507-1323-4609,09:00~18:00,"- 일반 4,000원 / - 65세 이상 3,000원 / - 7세 이하 2,000원 / - 3세 이하 무료 / ※ 이용요금은 변동될 수 있으므로 홈페이지 참조 또는 전화 문의 요망",가능,연중무휴,가능 (입구),불가,"입 장 료: - 일반 4,000원 / - 65세 이상 3,000원 / - 7세 이하 2,000원 / - 3세 이하 무료 / ※ 이용요금은 변동될 수 있으므로 홈페이지 참조 또는 전화 문의 요망 | 이용가능시설: 주차장, 화장실 / 매점 | 화장실: 가능 (입구)",50,110,NA,자연관광,NA01,자연경관(산),NA010200,숲,90,0,100,0,40,0,,,60,45,75,observed,0.9008,0.9008,1.0,0.8516,blend
127529,12,관광지,비양도,제주특별자치도 제주시 한림읍 협재리,63011,126.2257094042,33.4096328399,"비양도는 제주도 서쪽 한림읍에 위치한 섬이다. 제주의 화산체 중 가장 나중에 생긴 막내 섬으로, 면적은 0.5㎞으로 작으며, 2~3시간 정도이면 충분히 둘러볼 수 있다. 비양도 섬 중앙 비양봉 일대에 2개의 분석구가 있고, 섬의 북서쪽 해안에는 오래전에 사라진 분석구의 일부가 남아있다. 비양도의 해안은 대부분 용암으로 구성되어 있으며, 대형 화산탄과 애기업은돌이 대표적인 지질명소이다. 특히 화산탄은 10톤 규모의 초거대 크기로 직경이 5m에 달하며, 현재까지 제주도에서 발견된 화산탄 중에 가장 큰 규모이다. / 섬 안의 해안 도로를 따라 걷다 보면 기암괴석을 볼 수 있는데, ‘애기업은돌’과 ‘코끼리 바위’가 대표적이다. 또 뭍에서는 보기 드문, 바닷물로 된 염습지 ‘필랑못’이 있다. 바닷물이 드나들어 염분 변화가 큰 습지이다. 비양봉 전망대는 조금 더 오르면 하얀 등대가 있는데, 이곳에서 제주도 본 섬의 모습을 한눈에 볼 수 있다. 비양도에는 여러 포토 스폿이 있다. 쌓인 돌틈 사이의 비치는 바다나 길가의 뿔소라 껍데기가 예쁘게 칠해진 돌담길이나 비양도 여행길의 즐거움을 남길 곳이 다양하다. / 한림항에서 비양도를 들어가는 배를 탈 수 있는데, 현재는 하루에 4번 정도 들어오고 나가는 배편이 있고, 한림항에서 15분 정도면 비양도에 들어갈 수 있다. 자세한 시간표와 기상에 따른 스케줄이 다를 수 있기 때문에 방문 전 유선으로 확인하는 편이 좋다.",https://www.visitjeju.net,064-796-7522,상시 개방 / ※ 배 운항 시간 확인 요망,Unknown,가능,연중무휴 / ※ 배 운항 시간 확인 요망,있음,Unknown,화장실: 있음,50,110,NA,자연관광,NA02,자연경관(하천‧해양),NA020500,섬,100,0,90,20,50,0,,,30,15,45,observed,0.8343,0.8333,0.9727,0.8695,blend
2799740,12,관광지,비양도선착장,제주특별자치도 제주시 한림읍 한림해안로 192,63031,126.262561589665,33.4190599358847,"제주의 또 다른 섬으로 불리는 비양도는 날아온 섬이라는 뜻을 가지고 있으며, 우리나라에서 유일하게 탄생에 대한 역사적 문헌이 남아있다. 천년의 섬이라 불리는 비양도는 아름다운 자연경관과 무한한 관광자원을 가지고 있다. 본 섬의 한림항에서 비양도로 들어가는 배를 탈 수 있다. 하루에 4번 정도 들어오고 나가는 배편이 있고, 한림항에서 15분 정도 소요된다. 기상에 따른 스케줄 변동이 있을 수 있기 때문에 미리 유선으로 확인하고 가는 편이 좋다. 섬 안의 해안 도로를 따라 걷다 보면 기암괴석을 볼 수 있는데, 애기업은돌과 코끼리 바위가 대표적이다. 또 뭍에서는 보기 드문 바닷물로 된 염습지 필랑못이 있으며, 작은 섬이기 때문에 트래킹 명소로도 주목받고 있다. 주로 두 가지 코스가 있는데, 비양도항에서 비양봉을 돌고 나오는 비양 오름길, 비양도 한 바퀴를 전부 둘러보는 비양도 한 바퀴 일주 코스로 나뉜다.",비짓제주 https://www.visitjeju.net/kr,비양도호 064-796-3515 / 2천년호 064-796-7522,- 비양도호 한림항 출발 09:20 / 11:20 / 13:20 / 15:20- 비양도호 비양도 출발 09:35 / 11:35 / 13:35 / 15:35- 2천년호 한림항 출발 09:00 / 12:00 / 14:00 / 15:30- 2천년호 비양도 출발 09:15 / 12:15 / 14:15 / 15:45※ 자세한 사항은 전화 문의 요망,"[일반 왕복] / - 대인 12,000원 / - 소인 6,000원 / [제주도민 왕복] / - 대인 10,000원 / - 소인(만2세~만11세) 5,000원 / ※ 장애인복지카드 / 국가유공자 50% 할인",Unknown,연중무휴,있음,Unknown,"입장료: [일반 왕복] / - 대인 12,000원 / - 소인 6,000원 / [제주도민 왕복] / - 대인 10,000원 / - 소인(만2세~만11세) 5,000원 / ※ 장애인복지카드 / 국가유공자 50% 할인 | 화장실: 있음",50,110,NA,자연관광,NA02,자연경관(하천‧해양),NA020700,항구/포구,100,0,90,50,80,0,,,60,45,75,category,0.849,,0.0,0.849,category
1895633,12,관광지,비양봉,제주특별자치도 제주시 한림읍 협재리,63011,126.2271120833,33.4085746459,"비양봉은 한림읍 협재리 앞바다 비양도에 있는 기생화산이다. 비양도는 제주의 화산체 중 가장 나중에 생긴 막내 섬으로, 작은 섬이고 3시간 정도면 충분히 둘러볼 수 있는 규모다. 서기 1002년 6월에 산이 바다 한가운데에서 솟아 나왔는데, 산꼭대기에서 네 개의 구멍이 뚫리고 붉은 물이 닷새 만에 그쳐 그 물이 엉겨 모두 돌이 되었다고 기록한 것으로 보아, 이 시기 비양봉에서 어떤 화산활동이 있었던 것으로 추정한다. 섬 중앙에는 대형 분화구와 소형 분화구가 있으며, 대형 분화구 사면에 낮고 작은 2개의 분화구가 딸려 있다. 오름 주변 해안에서는 대형의 굴뚝형 분기공인 애기 업은 돌과 초대형 화산탄 모양의 베개용암 등의 수중용암들을 볼 수 있다. 보통 비양봉으로 통하나 주민들 사이에서 암메라고 불리기도 한다. 비양봉 정상을 향해 계단을 오르다 보면 비양봉 전망대가 나오며, 이곳에서는 제주의 푸른 바다와 시내를 한눈에 볼 수 있다. 또, 등대에서 보는 제주의 노을은 장관을 연출하며 사진 명소로도 유명하다.",http://www.visitjeju.net,제주관광정보센터 064-740-6000,상시 개방,무료,가능,연중무휴,Unknown,Unknown,입 장 료: 무료,50,110,NA,자연관광,NA01,자연경관(산),NA010100,"산, 고개, 오름, 봉우리",100,0,90,60,60,0,,,60,45,75,category,0.8706,,0.0,0.8706,category
126472,12,관광지,비자림,제주특별자치도 제주시 구좌읍 비자숲길 55,63351,126.8074760594,33.4862219608,"천연기념물로 지정보호하고 있는 비자림은 448,165㎡의 면적에 500∼800년생 비자나무 2,800여 그루가 밀집하여 자생되고 있다. 나무의 높이는 7∼14m, 직경은 50∼110㎝ 그리고 수관폭은 10∼15m에 이르는 거목들이 군집한 세계적으로 보기 드문 비자나무 숲이다. 예부터 비자나무 열매인 비자는 구충제로 많이 쓰였고, 나무는 재질이 좋아 고급가구나 바둑판을 만드는 데 사용되어 왔다. 비자림은 나도풍란, 풍란, 콩짜개란, 흑난초, 비자란 등 희귀한 난과식물의 자생지이기도 하다. 녹음이 짙은 울창한 비자나무 숲 속의 삼림욕은 혈관을 유연하게 하고 정신적, 신체적 피로해소와 인체의 리듬을 되찾는 자연 건강 휴양효과가 있다. 또한 주변에는 자태가 아름다운 기생화산인 월랑봉, 아부오름, 용눈이오름 등이 있어 빼어난 자연경관을 자랑하고 있을 뿐만 아니라 가벼운 등산이나 운동을 하는데 안성맞춤인 코스이며 특히 영화 촬영지로서 매우 각광을 받고 있다.",https://www.visitjeju.net/kr,064-710-7911~2,09:00~18:00 (입장 마감 17:00),"[개인]- 일반 3,000원- 청소년·어린이 1,500원[단체]- 일반 2,500원- 청소년·어린이 1,000원 ※ 미취학 아동 무료",가능,연중무휴,있음,Unknown,"입장료: [개인]- 일반 3,000원- 청소년·어린이 1,500원[단체]- 일반 2,500원- 청소년·어린이 1,000원 ※ 미취학 아동 무료 | 화장실: 있음",50,110,NA,자연관광,NA04,자연공원,NA040700,수목원ㆍ정원,100,0,90,70,70,0,,,60,45,75,observed,0.8566,0.8566,1.0,0.8313,blend
2674014,12,관광지,비체올린,제주특별자치도 제주시 한경면 판조로 253-6,63003,126.2182391712,33.3494560488,"자연 위에 조성했다는 의미의 ‘햇빛에 올려 놓은’ 이란 뜻인 비체올린은 제주시 서쪽 중산간에 위치한 가족 놀이공원이다. 카약 뿐만 아니라 전국 최초의 드리프트 전용 카트를 체험할 수 있는 ‘트라익 파크’ 뿐만 아니라 5월에서 7월 사이에는 능소화, 수국, 버베나로 대표되는 여름꽃&능소화 축제가 열리고 겨울에는 애기동백과 홍매화가 시선을 강탈한다. 소소한 재미가 있는 미로 공원 및 곶자왈 숲속 산책 등 여유로움과 액티비티를 동시에 즐길 수 있는 복합적인 테마공원이다. / 비체올린의 또 다른 자랑인 공원은 1㎞에 이르는 넉넉한 능소화 정원을 자랑하며 초여름에는 능소화 축제와 함께 수국, 버베나 등 다양한 꽃들이 아름다운 풍경을 연출한다. 여름 꽃들이 제공하는 아름다움은 말로 표현하기 어려울 정도이다. 바다나 계곡이 아닌 제주의 자연에서 느낄 수 있는 힐링 체험은 동행자와 함께 정글을 걷다 강을 건넌 듯한 기분을 느낄 수 있으며 공원 산책은 더욱 특별한 경험을 선사한다. 항상 새로움을 추구하는 비체올린은 자주 변화를 주기 때문에 방문객들은 매년 이곳을 찾아 기대와 궁금증을 가지며 새로운 경험을 누릴 수 있다. / (출처 : 비짓제주)",http://www.vicheollin.com/index.php,0507-1348-0000,- 하절기 08:40~18:00 / - 동절기 08:40~17:30 / ※ 운영시간은 현장상황에 따라 변경될 수 있음,"[개인] / - 일반 18,000원 / - 청소년 17,000원 / - 어린이/경로/장애우/국가유공자 16,000원 / [단체(20인 이상)] / - 일반 17,000원 / - 청소년 16,000원 / - 어린이/경로/장애우/국가유공자 15,000원 / ※ 도민 할인, 트라익 체험, 패키지 요금은 홈페이지 참고",가능 (약 소형 50대 / 대형 8대),연중무휴,Unknown,Unknown,"이용가능시설: 능소화정원 / 매점 / 미로공원 / 물놀이장 / 교육장 등 | 입 장 료: [개인] / - 일반 18,000원 / - 청소년 17,000원 / - 어린이/경로/장애우/국가유공자 16,000원 / [단체(20인 이상)] / - 일반 17,000원 / - 청소년 16,000원 / - 어린이/경로/장애우/국가유공자 15,000원 / ※ 도민 할인, 트라익 체험, 패키지 요금은 홈페이지 참고",50,110,EX,체험관광,EX07,기타체험,EX070200,기타체험관광,90,0,90,10,90,0,,,90,60,120,observed,0.7659,0.7778,0.8347,0.7056,blend
3491457,12,관광지,빛의 섬 루미버스,제주특별자치도 서귀포시 표선면 민속해안로 631-34,63629,126.84308825727145,33.321287172094095,"빛의섬 루미버스(Lumiverse: Island of Light)는 제주 민속촌을 배경으로 탄생한 로컬힙(Local-Hip) 컬쳐테인먼트 야간테마파크로, 제주 창조신화와 설화 속 인물들을 모티브로 한 캐릭터들과 퍼레이드, 대형 멀티미디어쇼가 어우러진 환상적인 야간 콘텐츠이다. 루미버스는 빛(Lumi)과 우주(Universe)의 합성어로, 신비로운 신화의 세계를 빛과 예술로 재해석한 브랜드이다. 관람객들은 제주도 전설의 수호신 슈퍼할망 마고를 중심으로, 7명의 제주 수호자 캐릭터들과 함께 이야기가 살아 숨 쉬는 테마존을 여행하게 된다. 이번 테마파크는 총 7개의 ‘빛의 테마존’으로 구성되어 있으며, 각 존은 캐릭터의 상징성과 제주 신화의 세계관을 바탕으로 조성되었다. 각 공간은 조명 예술, 사운드, 스토리텔링이 결합된 몰입형 야간 콘텐츠로, 관람객은 루미버스 속 신화적 여정을 직접 체험하며 감각적으로 즐길 수 있다.",공식 홈페이지 https://lumiverse.kr/공식 인스다그램 https://www.instagram.com/lumiverse.jeju,0507-1411-5688,[하절기 (3월~10월)]- 19:00~23:00- 입장 마감 22:30[동절기 (11월~2월)] - 18:00~22:00- 입장 마감 21:30※ 악천후시 조기 마감,"- 일반 19,000원 / - 청소년 16,000 / - 어린이 13,000 / ※ 상세 내용은 홈페이지 참조 및 유선 문의 / 무료",가능,연중무휴 ※ 우천 및 기타 날씨에 따라 변동될 수 있으므로 자세한 내용은 홈페이지 참조 및 전화문의 요망,있음,Unknown,"입장료: - 일반 19,000원 / - 청소년 16,000 / - 어린이 13,000 / ※ 상세 내용은 홈페이지 참조 및 유선 문의 | 주차요금: 무료 | 화장실: 있음",50,130,VE,문화관광,VE02,테마공원,VE020100,테마파크,20,0,90,80,70,0,,,120,90,150,category,0.8607,,0.0,0.8607,category
3410530,12,관광지,뽀로로앤타요 테마파크 제주,제주특별자치도 서귀포시 안덕면 병악로 269,63526,126.37078169480472,33.29915276484855,뽀로로앤타요 테마파크 제주는 놀이와 함께 교육효과를 창출하는 에듀테인먼트 공간이다. 어린이들에게 친숙한 뽀로로와 함께 놀이적 커뮤니케이션을 통해 교육 효과를 창출해내고 있다. 이곳에서는 다양한 어트랙션뿐만 캐릭터별 특성에 따른 감성을 자극하는 프로그램 등을 진행하고 있다.,http://www.pororopark.com,064-742-8555,10:00~18:00,"[테마파크 종합 이용권] / - 성인 30,000원 / 소인 40,000원 / [타요 트램플린 이용권] / - 성인 15,000원 / 소인 25,000원 / [뽀로로파크 존 이용권] / - 성인 15,000원 / 소인 25,000원 / ※ 이용요금은 변동될 수 있으므로 홈페이지 참조 또는 전화 문의 요망",가능,연중무휴,Unknown,Unknown,"입장료: [테마파크 종합 이용권] / - 성인 30,000원 / 소인 40,000원 / [타요 트램플린 이용권] / - 성인 15,000원 / 소인 25,000원 / [뽀로로파크 존 이용권] / - 성인 15,000원 / 소인 25,000원 / ※ 이용요금은 변동될 수 있으므로 홈페이지 참조 또는 전화 문의 요망",50,130,VE,문화관광,VE02,테마공원,VE020100,테마파크,0,0,30,20,90,0,,,270,210,330,observed,0.9146,0.915,0.9933,0.8607,blend
4071128,12,관광지,뿔소라공원,제주특별자치도 서귀포시 대정읍 신도리 3125-5,63500,126.1719610000,33.2736770000,"주변에 장애물 하나 없이 탁 트인 바다 전망이 펼쳐지는 신도포구 옆 작은 공원에서 배를 타지 않고도 야생 남방큰돌고래를 만날 수 있다. 뿔소라공원은 국내에서 남방큰돌고래를 육상에서 관찰할 수 있는 가장 대표적인 명소로, 대정읍 신도리에서 일과리까지 이어지는 노을해안로 해안선 약 20km 중에서도 시야가 가장 탁 트인 최적의 관람 지점이다. 공원 내에는 해양보호생물인 남방큰돌고래에 관한 안내판이 설치되어 있으며, 이곳은 돌고래들의 집이우다라는 제주어 표지판이 방문객들에게 생태 보호의 의미를 전한다. 오후 5시 이후 방문하면 노을빛을 받으며 바다 위를 뛰노는 돌고래 무리를 감상하는 특별한 경험을 할 수 있어 일몰 명소로도 알려져 있다. 남방큰돌고래는 야생동물이므로 출몰 시간은 정해져 있지 않으며, 바다가 잔잔한 날 목격 확률이 높다.",Unknown,서귀포종합관광안내소 064-732-1330,상시 개방,무료,불가능,연중무휴,Unknown,Unknown,입장료: 무료,50,130,NA,자연관광,NA04,자연공원,NA040500,생태관광지,100,0,90,40,30,0,,,30,15,45,observed,0.7135,0.5833,0.4512,0.8205,blend
2715650,12,관광지,사계해변,제주특별자치도 서귀포시 안덕면 사계리 2147-35,63528,126.3084395842,33.2282014158,"사계란 해안변을 따라 형성된 깨끗한 모래와 푸른 물이 어우러지는 명사 벽계를 일컫는 말이다. 사계해변은 산방산 바로 아래쪽에 위치한 작고 한적한 해변으로 해수욕은 할 수 없다. 올레길 10코스 구간을 따라 걷다 보면 사계해변에서 산방산과 한라산, 그리고 용머리해안까지 한눈에 담아 볼 수 있다. 사계해변은 그 특유한 한적한 분위기뿐만 아니라, 주변의 유명한 관광지가 많아 이름이 더 널리 알려졌다. 사계해변은 우리나라에서 가장 남쪽에 위치한 해변이기도 하며 간조 때만 볼 수 있는 독특한 화산석과 바위층들이 눈길을 끈다. 이런 바위들에 생긴 독특한 구멍들을 마린 포트홀이라 하는데 마치 외계행성이나 달의 분화구처럼 생겼다고 표현하기도 한다. 이 바위 지형은 화산폭발로 형성된 장소이며 바람과 파도에 의해 만들어진 크고 작은 구멍이 제주를 찾는 관광객들에게 매우 이국적이고 인상적인 곳으로 소문이 나 있다. 낚시꾼들 사이에서는 제주 남서부 연안의 감성돔 낚시터로 손꼽히는 곳으로 사계해변 인근 사계포구에서 어선을 빌려 형제섬으로 출조하는 낚시꾼들이 많다. 인근 마을은 한적한 곳이긴 하나 곳곳에 작은 카페들이 있어 잠시 머물러 가기에도 좋다.",https://www.visitjeju.net/kr,안덕면 사무소 064-760-4372,상시 개방,무료,가능,연중무휴,있음,없음,화장실: 있음 | 입 장 료: 무료,50,130,NA,자연관광,NA02,자연경관(하천‧해양),NA020900,해변. 해수욕장,90,20,90,10,40,10,,,30,15,45,observed,0.8021,0.8021,1.0,0.8632,blend
1069144,12,관광지,사라봉,제주특별자치도 제주시 사라봉동길 61 (건입동),63284,126.5461513246,33.5176259547,"사라봉은 제주항 동쪽으로 바닷가를 접해 위치한 오름이다. 고운 비단을 뜻하는 사라봉은 제주에서 가장 아름다운 열 곳을 선정한 영주십경 중 사봉낙조에 해당하는 오름이다. 사봉낙조는 사라봉에서 지는 붉은 노을을 의미하며, 사라봉 정상에 올라 노을로 붉게 물든 바다를 볼 수 있다. 정상에 오르면 북쪽으로는 파란 바다, 남쪽으로는 웅장한 한라산을 볼 수 있고 발아래로 제주 시내의 모습이 보여 막힘없이 펼쳐진 낮의 풍경도 아름답다. 오름의 형태는 북서쪽으로 벌어진 말굽형 화구로서 붉은 송이로 구성된 기생 화산이고 전체적으로 소나무가 가득하다. 사라봉 남쪽에는 모충사가 있고 동쪽에는 별도봉이 연봉을 이루고 있으며, 산 일대는 공원으로 지정되어 있다. 공원 내에는 팔각정과 의병 항쟁 기념탑이 있고 체력단련시설과 음수대, 화장실 등의 편의시설이 잘 갖추어져 있어 관광객뿐만 아니라 도민들도 자주 방문하는 오름이다.",https://www.visitjeju.net/kr,제주시 관광정보센터 064-740-6000,상시 개방,무료,가능,연중무휴,있음,없음,입 장 료: 무료 | 화장실: 있음,50,110,NA,자연관광,NA01,자연경관(산),NA010100,"산, 고개, 오름, 봉우리",90,0,90,40,60,0,,,60,45,75,observed,0.8576,0.85,0.6321,0.8706,blend
127055,12,관광지,사라봉(모충사) 의병항쟁기념탑,제주특별자치도 제주시 사라봉길 75,63284,126.5470457247,33.5161733522,"제주항 위로 보이는 사라봉에 오르면 제주성내를 한눈에 굽어볼 수 있다. 남으로 한라산, 북으로 끝없이 펼쳐진 푸른빛 제주바다, 어느 방향으로나 조망이 아름다운 이 봉우리 아래에 제주 의병 항쟁 기념탑이 서 있다. 1909년 2월 25일 의병장 고사훈 등 10 명의 구국지사들이 발의하여, 1909년 3월 3일을 기해 관덕정 광장에 집결, 일본 관리를 축출하고 국권을 회복하고자 했으나 비밀이 탄로 나 실패로 끝나버린 제주 의병 운동을 기념하기 위해 세워졌다. 모충사 내에 하늘을 찌를 듯 우뚝 솟은 의병항쟁탑 앞에 서면, 일본 침략에 항거한 제주도민의 주체적 항쟁의지가 가슴에 와닿는다. 아래에 2기의 탑이 더 있는데, 하나는 1919년 7월 독립군 군자금 모금사건으로 체포되어 1920년 4월 대구형무소에서 옥사한 조봉호 순국 지사의 기념비이고, 또 하나는 1700년대 말, 제주도 구휼에 앞장섰던 김만덕 할머니의 추모비이다. / 김만덕 할머니 (1739 ∼1812)는 가난한 선비의 딸로 태어나 40대에 이르러 큰 부자가 되었다. 1792년경 제주도에 큰 흉년이 들어 약 18,000명이 굶어 죽었는데 김만덕 할머니는 그때까지 번 돈으로 육지에서 식량을 사 와 사람들에게 나눠주었다. 할머니가 자식도 없이 74세로 죽자 나라에서는 벼슬을 내렸다. 추사 김정희는 그녀의 묘비에 찬양하는 글을 남겼으며, 당시 영의정 채제공은 전기를 기록하였다. 사라봉 공원 내에는 그의 묘비와 만덕관이 있다. 매년 한라문화제 때에는 모충사에서 의녀 김만덕 할머니를 기리는 ‘만덕제’가 거행되며 이때 제주도 일원에서 사회봉사에 공헌한 여성을 선정해 만덕봉사상을 수여하고 있다. 세 개의 탑 주위는 향나무, 소나무, 동백나무, 종려나무 등, 다양한 수종으로 아름답게 꾸며져 있어 사라봉과 함께 제주 시민의 소중한 휴식 공간으로 이용되고 있다.",http://www.visitjeju.net,064-722-0614,상시 개방,무료,가능,연중무휴,있음,없음,화장실: 있음 | 입 장 료: 무료 | 외국어 안내서비스: 불가 | 한국어 안내서비스: 가능,50,110,HS,역사관광,HS02,역사유물,HS020100,탑ㆍ비석ㆍ기념탑,70,0,70,90,10,0,,,30,15,45,category,0.8148,,0.0,0.8148,category
126454,12,관광지,사라봉공원,제주특별자치도 제주시 사라봉길 75 (건입동),63284,126.5462013564,33.5160372422,"사라봉 공원은 제주시 동문로터리에서 있는 낮은 동산이다. 사라봉 전체를 공원으로 조성하여 제주 시민들의 산책이나 운동 장소로 이용될 뿐만 아니라, 사라봉을 오르는 관광객들에게도 오름을 오르는 즐거움을 더하고 있다. 사봉낙조는 사라봉에서 바라보는 해넘이를 말하는데, 이곳에서 볼 수 있는 사봉낙조는 영주(제주도의 옛 명칭) 12경의 하나로 성산일출과 대조가 될만하다. 북쪽으로는 바다를 끼고 남쪽으로는 한라산을 바라보고 있는 이곳은 제주시민은 물론 관광객도 즐겨 찾는다. 사라봉입구 버스 정류장에서 공원으로 가는 길에 모충사가 있고 사라봉 동쪽에는 패러글라이딩 활공장이 있는 별도봉이 들어앉았다. 기슭에 우당도서관이 있는데 이곳에서 부터 사라봉 뒤편을 돌아 제주항을 거친 다음 탑동까지 가는 코스는 이름난 드라이브 코스이다. 오후에 운동 겸 산책겸 사라봉을 오르면서 바다로 지는 일몰도 감상하고, 시내에 하나 둘 들어오는 불빛을 바라보면, 자연과 도시의 아름다움을 한번에 느낄 수 있다. 도시의 불빛 뿐만 아니라, 항구 쪽에서 밝혀지는 불빛들은 바닷가에서만 만날 수 있는 또 다른 아름다움을 선사한다.",http://www.visitjeju.net,064-728-4643,상시 개방,무료,가능,연중무휴,있음,없음,이용가능시설: 배트민턴장 / 축구장 / 지압시설 등 | 화장실: 있음 | 입 장 료: 무료,50,110,VE,문화관광,VE03,도시공원,VE030100,시민공원,80,0,80,20,60,0,,,75,60,90,blend,0.7629,0.6875,0.3297,0.8,blend
1215292,12,관광지,사라오름,제주특별자치도 서귀포시 남원읍 신례리 산 2-1,63608,126.6050441353,33.3642521899,"한라산 고지대의 백록담 성판악 등반코스 남측에 자리한 오름으로, 서귀포시 남원읍과 제주시 조천읍의 군계에 걸쳐져 있다. 오름분화구에 물이 고여있는 몇 안 되는 산정 화구호를 갖고 있는 오름이다. 제일 높은 표고에 위치한 산정화구호이며 화구호는 접시 모양으로 그리 깊지는 않다. 장마철에 이곳을 찾으면 분화구 가득 물을 품고 있는 신비로운 사라오름을 만나볼 수 있다. 물이 많이 차올라 데크가 잠기면 신발을 벗고 바지를 걷어 올려 건너야 할 정도다. 고지 1300m의 꽁꽁 언 호수와 설록의 모습 또한 장관이어서 많은 등산 마니아들이 찾는다. 이 산정 화구호 주변은 2011년 10월 13일 명승으로 지정받았다.",https://www.visitjeju.net,제주관광정보센터 064-740-6000,※ 통제될 수 있으므로 자세한 사항은 전화문의 요망,무료,가능,연중무휴,있음,Unknown,입 장 료: 무료 | 화장실: 있음,50,130,NA,자연관광,NA01,자연경관(산),NA010100,"산, 고개, 오름, 봉우리",100,0,100,70,80,0,,,60,45,75,category,0.8706,,0.0,0.8706,category
2794667,12,관광지,사수항,제주특별자치도 제주시 서해안로 319 (도두이동),63112,126.4795239664,33.5096313338,"사수항은 제주 국제공항 바로 뒤편에 있는 작은 항이다. 항구의 역할보다는 아름다운 일몰과 카페거리 등 인근 관광지로 더 유명하다. 사수항을 지나는 해안도로를 따라가다 보면 말 모양의 등대가 있는 이호테우 등대와 무지개 해안도로를 만날 수 있다. 근처에는 제주만의 독특한 감성이 묻어나는 카페들이 즐비한 카페거리가 있어 함께 들러보기 좋다. 특히 일몰이 매우 아름다우며, 로맨틱한 분위기를 연출한다.",Unknown,제주관광정보센터 064-740-6000,상시 개방,무료,가능,연중무휴,있음,Unknown,입 장 료: 무료 | 화장실: 있음 | 주차요금: 무료,50,110,NA,자연관광,NA02,자연경관(하천‧해양),NA020700,항구/포구,80,60,90,10,20,20,,,60,45,75,category,0.849,,0.0,0.849,category
126474,12,관광지,산굼부리,제주특별자치도 제주시 조천읍 비자림로 768,63346,126.6928183084,33.4323127375,"산굼부리는 천연기념물로 둘레가 2㎞가 넘는 화구이다. 제주도에는 360여 개의 기생화산이 분포되어 있지만 이곳 산굼부리를 제외한 다른 화산은 모두 대접을 엎어놓은 듯한 분화구의 형태이고, 산굼부리 분화구만은 제주도에서 유일하게 용암이나 화산재의 분출 없이 폭발이 일어나 그곳에 있던 암석을 날려 그 구멍만이 남게 된 것이다. 이러한 화산을 마르(Maar)라고 부르는데 한국에는 하나밖에 없는 세계적으로도 아주 희귀한 화산이다. / 특히, 산굼부리 밑바닥에는 틈이 많아서 물이 모두 스며들기 때문에 이 화구 안에는 식물의 생태계가 특이하게 분포되어 있다. 분화구의 내부높이에 따라 온대와 난대지역이 형성되어 있고 태양이 비치는 일사량과 일조시간에 따라 다양한 분포를 이루고 있다. 즉, 햇볕이 잘 드는 북쪽벼랑은 난대지역을 이뤄서 붉가시나무를 비롯해서 후박나무, 구실잣밤나무, 센달나무 등 상록활엽수군이 형성되어 있으며, 그 아래층에는 금새우란과 같은 희귀 식물과 자금우, 겨울딸기 등이 분포되어 있다. 또한, 햇볕이 잘 들지 않는 남쪽벼랑에는 북쪽과는 판이한 분포를 이루는 상수리나무를 비롯하여 졸창나무, 산딸나무, 단풍나무, 곰솔등 온대성낙엽수 군락이 진을 치고 있다. / 뿐만 아니라, 다른 곳에서는 보기 힘든 왕쥐똥나무군락을 비롯해서 상산 군락, 제주조릿대군락, 복수초군락, 변산바람꽃군락등이 매우 화려하고 완벽하게 보존되어 있음은 학술적으로도 연구 가치가 매우 높게 평가되고 있다. 그리고 노루와 오소리 등의 포유류를 비롯하여 조류, 파충류 등 야생동물들의 서식처로도 유명하다. 봄에는 분화구 밑바닥에서 구름이 형성돼서 위로 올라가는 모양이 신비에 가까우며, 쑥부쟁이를 비롯한 무룻과 용담, 물매화 등 천연색 꽃과 더불어 이 산굼부리에는 일 년 사시사철 관광객들에게 신비와 아름다움을 보여준다.",http://sangumburi.net,064-783-9900,[3~6월 / 9~10월] / - 09:00~18:40 (입장마감 18:00) / [7~8월 / 11월~2월] / - 09:00~17:40 (입장마감 17:00) / ※ 마감시간은 기후 및 날씨에 따라 변경될 수 있음,"[개인] / - 성인 7,000원 / - 청소년, 어린이(민4세 이상) 6,000원 / [단체] / - 성인 6,000원 / - 청소년, 어린이(민4세 이상) 5,000원 / ※ 만 65세 이상, 도민, 국가유공자, 장애인 : 5,000원(신분증 지참 필수)",가능,연중무휴,있음,가능,"촬영장소: 영화 촬영지 / 드라마 촬영지 | 입 장 료: [개인] / - 성인 7,000원 / - 청소년, 어린이(민4세 이상) 6,000원 / [단체] / - 성인 6,000원 / - 청소년, 어린이(민4세 이상) 5,000원 / ※ 만 65세 이상, 도민, 국가유공자, 장애인 : 5,000원(신분증 지참 필수) | 화장실: 있음",50,110,NA,자연관광,NA01,자연경관(산),NA010100,"산, 고개, 오름, 봉우리",100,0,90,70,60,0,,,60,45,75,observed,0.8892,0.9,0.6321,0.8706,blend
126457,12,관광지,산방굴사(제주),제주특별자치도 서귀포시 안덕면 산방로 218-12,63528,126.3133472902,33.2372560486,"온통 절벽으로 이루어진 산방산 중턱에 영주 10경 중의 하나이며 명승인 산방굴사가 자리하고 있다. 안덕면 사계리에 있는 산방산(395m)은 유동성이 적은 조면암질 안산암으로 이루어진 전형적인 종상화산이다. 제주의 많은 오름들과는 달리 정상부에 분화구가 없다. 형성 시기는 대략 70∼80만 년 이전이며 산 중턱에 방이 있어서 산방산이다. / 해발 150m에 있는 이 방은 해식동굴인데 여기를 산방굴이라 부르며 맨 안쪽에 불상을 모시고, 예로부터 산방굴사라고 하였다. 창건 시기는 고려시대라고 알려져 있으며 고려시대의 시승으로 알려진 고승 혜일이 수도했다고 하며, 선사들이 머물다가 간 유서 깊은 곳이기도 하다. 혜일이 모셨던 것으로 알려진 석불은 일제강점기 때 일본인이 가져갔다고 전하며 귀양 왔던 추사 김정희가 즐겨 찾던 곳이기도 하다. 1960년경에 다시 석불좌상을 모신 것을 계기로, 1985년부터는 동굴 안에 지금의 석불좌상을 모셨다. / 굴의 천정에서 계속 물이 떨어지는데 이를 '산방덕이의 눈물'이라고 부른다. 산방굴의 여신인 산방덕이 인간으로 태어나서 고성목이라는 속세의 인간과 결혼하여 행복하게 살았는데 고을의 벼슬아치가 그녀의 미모에 빠져 남편을 잡아가자, 다시 산방굴로 들어가 바위로 굳어 버렸다고 한다. 지금도 산방굴에는 산방덕이 변해서 된 바위 밑으로 한줄기의 물이 쉬지 않고 떨어지며 작은 샘을 이루고 있는데 그 물줄기는 산방덕이 인간 세상에서 사랑했던 고성목을 그리워하며 스스로 기막힌 운명과 현세의 고해를 비탄하여 흘리는 눈물이라 전한다. / 굴 밖에는 형제섬, 가파도, 한국 최남단 영토 마라도와 용머리 해안의 경관이 눈부시게 아름답다. 또 산방산 휴게소에서 10여 분 걸어가면 산방산 앞에 바닷가를 마주할 수 있다. 이곳을 용머리 해안이라 부르는데 용이 머리를 들고 바다로 들어가는 모습에서 용머리라 불린다. 지형이 신비롭고 독특해서 산방산이나 산방굴사를 찾는 관광객들이 이어서 용머리해안을 함께 들른다.",http://www.visitjeju.net/kr,064-794-2940,09:00~18:00 (매표 마감 17:20),"- 공영주차장 : 무료 / - 민영주차장 : 유료 (3,000원) / [산방산암벽식물지대(산방굴사)] / - 개인 : 어른 1,000원 / 청소년·군인·어린이 500원 / - 단체 : 어른 700원 / 청소년·군인·어린이 400원 / [산방산/용머리해안 통합 입장료] / - 개인 : 어른 2,500원 / 청소년·군인·어린이 : 1,500원 / - 단체 : 어른 2,000원 / 청소년·군인·어린이 : 1,000원 / ※ 제주도민, 6세이하, 65세이상 무료 / ※ 단체요금 10인 이상 적용",가능,연중무휴,있음,Unknown,"화장실: 있음 | 주차요금: - 공영주차장 : 무료 / - 민영주차장 : 유료 (3,000원) | 입 장 료: [산방산암벽식물지대(산방굴사)] / - 개인 : 어른 1,000원 / 청소년·군인·어린이 500원 / - 단체 : 어른 700원 / 청소년·군인·어린이 400원 / [산방산/용머리해안 통합 입장료] / - 개인 : 어른 2,500원 / 청소년·군인·어린이 : 1,500원 / - 단체 : 어른 2,000원 / 청소년·군인·어린이 : 1,000원 / ※ 제주도민, 6세이하, 65세이상 무료 / ※ 단체요금 10인 이상 적용",50,130,HS,역사관광,HS03,종교성지,HS030100,불교,90,0,90,90,30,0,,,30,15,45,observed,0.8237,0.7917,0.4512,0.85,blend
2740056,12,관광지,산방산 유람선,제주특별자치도 서귀포시 안덕면 화순해안로106번길 16,63530,126.3352176189,33.2370675236,"세계지질공원으로 인증된 산방산과 용머리해안을 따라 그림처럼 펼쳐지는 황홀한 바다 풍경을 산방산유람선에서 감상할 수 있다. 크루즈 코스는 화순항을 출발해서, 화순금모래해변 - 항만대 - 산방산 - 용머리해안 - 단산 - 형제섬 - 송악산 - 주상절리 - 가파도, 마라도 - 박수기정 - 화순항으로 돌아오는 코스로 산방산 부근의 여러 관광 스폿을 편안하게 눈에 담아 볼 수 있다. 산방산유람선 코스의 경우 승선 후 1시간 정도의 운항을 하고, 하루에 3회 정도 배가 있다. / (출처 : 제주 문화관광 홈페이지)",http://www.jejuyr.co.kr,064-792-1188~9,- 1항차 11:00~12:00 / - 2항차 14:10~15:10 / - 3항차 15:20~16:20,"- 성인 24,000원 / - 경로 22,000원 / - 청소년(중, 고등) 20,000원 / - 소인(초등) 18,000원 / - 유아(36개월이상~미취학) 9,000원 / ※ 무료 : 36개월 미만 영유아 / ※ 해양공원입장료 포함 금액 / 무료",가능,기상악화 시 결항,있음,Unknown,"시설이용료: - 성인 24,000원 / - 경로 22,000원 / - 청소년(중, 고등) 20,000원 / - 소인(초등) 18,000원 / - 유아(36개월이상~미취학) 9,000원 / ※ 무료 : 36개월 미만 영유아 / ※ 해양공원입장료 포함 금액 | 화장실: 있음 | 이용가능시설: 객실 / 공용주차장 / 매점 | 주차요금: 무료",50,130,EX,체험관광,EX07,기타체험,EX070100,유람선/잠수함관광,90,0,90,30,70,0,,,90,60,120,category,0.8651,,0.0,0.8651,category
2852538,12,관광지,산방산랜드,제주특별자치도 서귀포시 안덕면 사계리 117-2,63528,126.3118000000,33.2338000000,"산방산랜드는 제주도 서귀포시의 산방산과 용머리해안 관광지구에 위치한 소규모 놀이공원으로, 지역 명소와 어우러져 특별한 즐길 거리를 제공한다. 이곳은 높게 올라가는 스릴 만점의 바이킹을 포함해 회전목마, 미니 바이킹, 레일 썰매, 야구 연습장, 사격 체험 공간 등 다양한 놀이시설을 갖추고 있어 가족 단위 관광객과 학생들에게 큰 인기를 끌고 있다. 수학여행이나 체험학습을 온 청소년들과 가족단위 방문객들의 제주 여행의 코스가 되었으며 인근에 산방산, 용머리해안, 용머리하멜상선전시관, 사계해안 등 다양한 관광지가 함께 있어 하루 코스로 여행하기에 안성맞춤이다.",https://www.visitjeju.net,064-794-1425,09:30~18:00,"무료 / - 레일썰매(양먹이주기체험/각종놀이포함) 5,000원 / - 바이킹 3,000원 / - 회전목마 3,000원 / - 미니바이킹 3,000원 / - 사격 3,000원",가능,※ 자세한 사항은 전화문의 요망,있음,Unknown,"입장료: 무료 | 시설이용료: - 레일썰매(양먹이주기체험/각종놀이포함) 5,000원 / - 바이킹 3,000원 / - 회전목마 3,000원 / - 미니바이킹 3,000원 / - 사격 3,000원 | 주차요금: 무료 | 화장실: 있음",50,130,VE,문화관광,VE02,테마공원,VE020100,테마파크,20,0,40,20,90,0,,,30,15,45,observed,0.7118,0.6932,0.8892,0.8607,blend
2854521,12,관광지,산방산유채꽃밭,제주특별자치도 서귀포시 안덕면 사계리 산방산 일대,63528,126.3139441027,33.2423868562,"산방산유채꽃밭은 산방산랜드 앞 공영주차장에서 찾아갈 수 있다. 산방산을 배경으로 한 유채꽃밭이 여러 군데 있으며 이중 선택하여 입장하면 된다. 개인이 밭농사 대신 유채꽃밭을 가꾸어 운영하는 사유지로 사진 촬영료를 받고 있다. 보통 3월이면 만개한 유채꽃과 함께 산방산이 노란 카펫을 깔고 앉은 듯한 사진을 찍을 수 있다. 주변 여행지로 산방산, 용머리해안, 사계 해안 등이 있다.",Unknown,제주올레여행자센터 0507-1435-2179,10:00~18:00,"1,000원~2,000원",가능,연중무휴,없음,Unknown,"입장료: 1,000원~2,000원 | 화장실: 없음",50,130,NA,자연관광,NA05,기타자연관광,NA050100,기타자연관광,90,0,100,0,20,0,,,30,15,45,observed,0.8586,0.8587,0.9899,0.8465,blend
2948051,12,관광지,산양큰엉곶,제주특별자치도 제주시 한경면 청수리 청수리 956-6,63006,126.2503099104,33.2907297100,"산양큰엉곶은 곶자왈 지대로서 제주 4대 곶자왈중 한경-안덕 곶자왈에 속해 있으며 평지가 아닌 숲을 뜻하고 크게 달구지길과 숲길로 나누어져 있다. 달구지길은 남녀노소뿐만 아니라 휠체어 및 유모차로도 탐방이 가능하며 동화 속 숲 속의 작은 마을을 구현하여 마녀의 집, 공주의 집, 난쟁이의 집, 숲 속의 기찻길, 새 둥지와 같은 포토존이 많이 있으며 소와 말이 달구지를 끌고 가는 제주의 옛 모습을 볼 수 있다. 숲길 탐방로는 곶자왈의 원시림을 깊이 즐길 수 있으며 총 3.5km의 길로 다양한 식생과 독특한 생태계가 형성되어 있다. / 3.5km에 달하는 생태숲길은 마치 동화나라로 초대받은 기분이 든다. 박공지붕의 통나무집, 조릿대로 엮은 집채만 한 새 둥지, 다람쥐 바퀴 모양의 그네, 곶자왈 속 작은 기찻길 등 자연과 하나 된 포토존에 눈을 뗄 수 없다. 달구지길은 나무로 둘러싸인 숲길을 유모차와 휠체어도 다닐 수 있는 무장애 길이다. 걷다가 만나는 소달구지와 말달구지는 산양큰엉곶만의 매력이다. 책에서만 만나던 황소와 제주 조랑말을 직접 눈앞에서 볼 수 있음에 아이들은 반가워한다. 소달구지와 말달구지는 직접 탑승하고 체험할 수 있으며 먹이 주기와 꽃 팔지 만들기, 키즈 가드닝, 식물 옮겨심기 등 체험학습도 다양하게 진행 중이다. 숲길 탐방로는 원시림을 깊이 즐기고 싶은 올레객에게 안성맞춤이다. 한 사람씩 걸을 수 있는 호젓한 숲길은 자연 친화적으로 정비되어 있어 오롯이 자연을 느끼며 감성적 그리움에 빠져들기 좋다. 계절마다 다른 식물과 꽃들이 각각의 향기로 코끝을 자극하는 곳이다. 화산 활동으로 인한 다양한 식생과 독특한 생태계는 제주에서만 볼 수 있는 풍경이다. 숯을 생산했던 숯가마터와 4.3 당시 마을 사람들이 피신했던 궤(굴)도 볼 수 있어 제주의 아픔까지 느낄 수 있는 숲길이다.",https://www.instagram.com/sanyang_keunkot,0507-1341-4229,09:30~18:00 (입장마감 17:00),"- 대인 (만 19세 이상) 8,000원 / - 소인 (36개월~만 18세) 6,000원 / - 경로 (만 65세 이상) 6,000원 / ※ 이용요금은 변동될 수 있으므로 홈페이지 참고",가능 / 요금 (무료),연중무휴,Unknown,Unknown,"입 장 료: - 대인 (만 19세 이상) 8,000원 / - 소인 (36개월~만 18세) 6,000원 / - 경로 (만 65세 이상) 6,000원 / ※ 이용요금은 변동될 수 있으므로 홈페이지 참고",50,110,NA,자연관광,NA01,자연경관(산),NA010200,숲,100,0,90,60,80,0,,,90,60,120,observed,0.7641,0.7625,0.9817,0.8516,blend
129148,12,관광지,산지 등대,제주특별자치도 제주시 사라봉동길 108-1 (건입동),63284,126.5456624039,33.5209144715,산지등대는 제주 사라봉 북쪽 비탈면에 있는 등대이다. 일제강점기인 1916년 10월 무인 등대로 처음 설치했으며 1917년 3월 유인 등대로 변경되었고 1999년 12월에 새롭게 등탑을 신설했다. 100년 이상의 오랜 역사를 간직한 등대로 제주도를 대표한다. 산지라는 명칭은 조선 숙종 때 제작한 ‘탐라순력도’에 이곳이 산지촌으로 기록된 데서 유래했다. 처음에는 산저였다가 산지로 바뀌었다는 설도 있다. / 산지등대는 주변 경관이 뛰어나고 도심지와 가까운 위치에 있어 학생들의 등대 탐방 체험장소로도 인기가 있다. 일몰 때면 등대 앞쪽 바다에 수십 척의 고기잡이배들이 모여 수놓는 아름다운 야경도 볼 수 있다.,제주 문화관광 http://www.visitjeju.net,제주관광정보센터 064-740-6000,[하절기] / - 09:00~19:30 / [동절기] / 09:00~18:00,무료,가능 (소형 10대),연중무휴,Unknown,없음,입 장 료: 무료 | 이용가능시설: 카페 / 갤러리,50,110,VE,문화관광,VE01,랜드마크관광,VE010800,등대,80,0,90,90,50,0,,,30,15,45,blend,0.7368,0.5625,0.3297,0.8226,blend
1069322,12,관광지,산지천,제주특별자치도 제주시 건입동,"690-050,1",126.5299483887,33.5161751038,"산지천은 한라산 부근에서 제주시 도심을 관통하여 제주시 최대의 재래시장인 동문시장 옆을 흘러 제주항까지 흐르는 하천이다. 산업화가 한창이던 1960년대에 산지천을 덮어 주택과 상가건물을 지으면서 환경오염 문제가 생기자 1995년도에 복원사업을 시작했다. 2002년 맑은 물이 흐르는 현재의 산지천 모습을 갖게 되었다. 은어, 숭어, 밀어, 붕어 등의 민물고기들이 서식하고 있어 여름철이면 낚시를 즐기는 사람들과 아이들이 수영하는 모습을 종종 볼 수 있다. 쇼핑의 중심지 칠성통과 동문재래시장 등이 주변에 자리하고 있고 제주 올레 18코스의 시작점이기도 해 주변에는 늘 많은 사람이 북적거린다. 매년 산지천 축제를 열어 산지천 용천수가 흐르는 길을 따라 다양한 체험 공간과 전시, 먹거리 장터, 흥겨운 무대와 공연을 펼친다. 산지천을 따라 걸으면 옛 건물들을 개조해 독특한 현대 미술 전시 공간으로 바꾼 아라리오뮤지엄이 있고, 과거 제주 사람들에게 본인의 모든 것을 내놓고 나눔과 봉사를 몸소 실천한 김만덕 할머니를 기리는 김만덕기념관 등의 명소가 자리하고 있다.",비짓제주 https://www.visitjeju.net,제주관광정보센터 064-740-6000,상시 개방,무료,가능,연중무휴,있음,Unknown,입장료: 무료 | 화장실: 있음,50,110,NA,자연관광,NA01,자연경관(산),NA010400,계곡,80,60,70,70,80,60,,,30,15,45,blend,0.807,0.75,0.3297,0.835,blend
3061738,12,관광지,산지항로표지관리소,제주특별자치도 제주시 사라봉동길 108-1 (건입동),63284,126.5455560998841,33.52120444391013,"제주항을 바라보는 사라봉 정상에는 해양수산부 제주해양수산관리단 산지항로표지관리사무소에서 무인으로 운영하는 산지 등대가 있다. 산지 등대는 제주항 및 부근 해역을 항해하는 선박의 안전 운항을 위하여 1916년 10월 무인 등대를 설치하여 84년간 운영하였으나, 노후되어 1999년 12월 폐지하고, 역사적 가치를 인정받아 원형 형태로 영구 보존하게 된 등대이다. 1917년 유인등대로 변경하여 운영하다가, 1999년 12월 등대 옆에 모양이 비슷한 등대를 새로 세워 무인으로 운영하고 있다. 산지항로표지관리소로 올라가는 담벼락에는 우도등대, 마라도등대, 영도등대 등 우리나라의 아름다운 등대 16경에 대한 전경과 설명문이 비치되어 있어 등대의 역사를 알 수 있도록 운영되고 있다.",https://www.visitjeju.net,제주시 관광정보센터 064-740-6000,[하절기] 09:00~19:30[동절기] 09:00~18:00※ 안전상의 이유로 이용시간 외 출입불가,무료,가능,연중무휴,있음,Unknown,입장료: 무료 | 화장실: 있음,50,110,VE,문화관광,VE01,랜드마크관광,VE010800,등대,60,0,80,80,10,0,,,30,15,45,category,0.8226,,0.0,0.8226,category
126461,12,관광지,산천단곰솔,제주특별자치도 제주시 516로 3041-24 (아라일동),63244,126.5547604989,33.4476699442,"제주시의 곰솔은 제주시에서 서귀포시로 향하는 제1횡단도로를 따라 8㎞ 정도 가면 나타나는 산천단이라는 곳에 군락을 이룬다. 원래 이곳에는 곰솔이 9그루 있었는데, 1965년 벼락을 맞아 1그루가 고사하고 8그루만 남아 있다. 높이는 21∼30m로 4그루가 30m, 3그루가 25m이며 가슴 높이 둘레는 3.4∼6m, 수관 너비는 12∼24m이다. 수령은 500∼600년으로 추정된다. 현재까지 알려진 제주도의 수목 중에서는 가장 크며, 생육 상태는 대체로 양호한 편이나 몇 그루는 풍해로 가지들이 한쪽으로 치우쳐 생장하고 있다. 이들 곰솔 틈에서는 예덕나무, 팽나무, 쥐똥나무, 뽕나무 등이 자란다.",http://www.visitjeju.net,064-710-6655,[하절기] / - 08:30~18:00 / [동절기] / - 09:00~17:30,Unknown,가능,연중무휴,있음 (남녀 구분),없음,화장실: 있음 (남녀 구분),50,110,NA,자연관광,NA03,자연생태,NA030200,희귀동.식물,90,0,70,40,20,0,,,30,15,45,manual_override,0.829,,0.0,0.829,category
127049,12,관광지,삼매봉,제주특별자치도 서귀포시 서홍동 820-2,63578,126.5468824444,33.2439117723,"서귀포시 시가지에서 서쪽에 해안네 있는 조그마한 기생화산으로 세 개의 봉우리가 매화를 닮았다고 하여 그 이름이 붙여졌으며 분화구는 북쪽에 있는 하논이다. 해안에는 절경을 지닌 외돌개가 있고, 오름 정상에는 조선 시대에 봉수대가 설치되어 있었다고 하며 오름 중턱까지 계단식으로 과수원이 조성되어 있다. 사람의 수명과 관련된 노인성(Canopus)을 볼 수 있는 곳이라 하여 불로장생의 상징 명소로 자리 잡고 있다. 노인성은 무병장수를 상징하는 별로 겨울이 되면 서귀포시 밤하늘에서 관측할 수 있는 별이다. 봉우리에 세워진 팔각정자인 남성정 앞에는 체력단련 시설이 있어, 주민들이나 관광객들이 가볍게 운동을 즐길 수도 있으며, 서귀포 도심에서 가까운 오름으로 주민들이 즐겨 찾는 산책코스이다.",http://www.visitjeju.net,제주관광정보센터 64-740-6000,상시 개방,무료,불가능,연중무휴,Unknown,Unknown,촬영장소: 드라마 대장금(외돌개쪽 해안로) | 입 장 료: 무료,50,130,VE,문화관광,VE03,도시공원,VE030100,시민공원,80,0,80,50,60,0,,,75,60,90,blend,0.7456,0.5,0.1813,0.8,blend
2853484,12,관광지,삼무공원,제주특별자치도 제주시 신대로10길 48-9 (연동),63125,126.49245419969505,33.4914567959419,"삼무공원은 제주 시내 연동에 있다. 1978년 도시 근린공원으로 조성하였으며 삼무의 의미는 제주에 도둑, 대문, 거지가 없다는 삼무에서 따 온 이름이다. 삼무공원은 베두리오름에 조성된 공원으로, 베두리오름은 작은 언덕으로 삼무공원이 곧 베두리오름이다. 공원에는 증기기관차가 있는데, 1978년 박정희 대통령이 섬에 사는 아이들에게 기차를 보여주려고 사용이 중단된 기차를 흑산도와 제주도에 보낸 것이다. 현재는 제주도에만 미카형 증기기관차가 남아있다. 연동 주민들이 산책과 운동을 즐기는 공원으로 봄에는 능수 벚꽃이 아름다워 여행자들이 찾아온다.",Unknown,제주시 공원녹지과 064-728-3601~7,상시 개방,무료,불가능,연중무휴,있음,Unknown,입장료: 무료 | 화장실: 있음,50,110,VE,문화관광,VE03,도시공원,VE030400,근린공원,80,0,70,60,50,0,,,30,15,45,observed,0.6176,0.5417,0.6988,0.7938,blend
129401,12,관광지,삼양해수욕장,제주특별자치도 제주시 삼양이동,63314,126.5852560795,33.5255284819,"삼양해수욕장은 관광객들에게 잘 알려지지 않은 해변이다. 상대적으로 소박하며, 물이 깨끗하고 고운 모래가 특징이다. 특히 화산암편과 규산염광물이 많은 세립질 모래로 이루어져 있어 반짝이는 검은 모래가 특색이라 바다와 모래를 배경으로 사진을 찍으면 인생사진을 건질 수 있는 해수욕장이다. 이 모래는 태양열에 뜨거워졌을 때 그 안에 몸을 파묻고 찜질을 하면 신경통 및 관절염에 좋다고 알려지고 있어, 매년 여름이면 뜨거운 모래를 덮고 찜질하는 관광객들의 모습을 심심찮게 볼 수 있다.",http://www.visitjeju.net,064-728-3991,상시 개방,무료,가능,연중무휴,있음,없음,입 장 료: 무료 | 화장실: 있음,50,110,NA,자연관광,NA02,자연경관(하천‧해양),NA020900,해변. 해수욕장,80,0,90,0,60,0,,,30,15,45,observed,0.8429,0.8429,0.9996,0.8632,blend
2765248,12,관광지,삼양해안도로,제주특별자치도 제주시 삼양삼동 2582-1,63320,126.5788233094,33.5253395110,"삼양 해안도로는 제주 북부에 있는 삼양동 해안을 따라 이어져 있는 도로다. 삼양동 마을에서 시작해 삼양 해수욕장에서 끝이 나며, 해안 도로 중 가장 거리가 짧다. 검은 모래 해변을 따라 연결된 이곳은 양쪽의 도로변을 따라 가로등이 이어지며, 일몰과 야경이 아름다워 관광객들이 많이 찾는다. 7월에는 삼양 검은 모래 해변축제가 열리며, 검은 모래로 모래찜질을 하면 신경 질환 및 비만 치료, 관절염 등에 효험이 있다고 하여 관광객과 현지 도민의 방문도 잦은 곳이다. 제주시가 선정한 ‘제주시 숨은 비경 31’에 포함된 곳이기도 하다.",Unknown,064-728-4712,상시 개방,Unknown,가능,연중무휴,가능,Unknown,화장실: 가능 | 이용가능시설: 해수욕장 / 화장실 / 주차장,50,110,NA,자연관광,NA05,기타자연관광,NA050100,기타자연관광,80,0,80,20,40,0,,,30,15,45,category,0.8465,,0.0,0.8465,category
1941153,12,관광지,삼의악오름,제주특별자치도 제주시 아라일동 산 24-2,63237,126.5620989268,33.4398681468,"삼의악오름은 산천단을 지나면 우측에 우뚝 선 오름으로, 정상에는 풀밭의 산정분화구를 이루고 있으며 화구 안부의 일부 사면에는 묘들이 있다. 원형의 산정분화구는 남쪽 사면으로 용암유출 흔적의 작은 골짜기를 이루며 이곳 상단부의 수풀 속에서는 샘이 솟아나고 있다. 동사면은 완만한 경사로 해송이 듬성듬성 식생하고, 남사면의 골짜기에는 자귀나무 등이 잡목들과 어우러져 있고, 그 주변에는 곰취, 기슭에는 산수국이 군락을 이루고 있다. 산천단 제주종합사격장 입구 남쪽 편 목장 안으로 진입하여 화구 능선을 따라 오름 남쪽 사면으로 쉽게 오를 수 있다. 분화구 아래 면에는 솟아나는 샘이 있다. 정상부에 오르면 사방팔방 막힘없이 탁 트인 풍경이 펼쳐져 가슴이 시원해진다. 샘이 솟아 나와 세미오름이라 부르던 것이, 지금은 한자의 음을 빌어 표기한 삼의양악(三義讓岳) 등으로 불린다.",http://www.visitjeju.net,제주관광정보센터 064-740-6000,※ 일부 통제될 수 있으므로 방문 시 전화문의 요망,무료,가능,연중무휴,Unknown,Unknown,입 장 료: 무료,50,110,NA,자연관광,NA01,자연경관(산),NA010100,"산, 고개, 오름, 봉우리",90,0,80,30,60,0,,,60,45,75,category,0.8706,,0.0,0.8706,category
2847726,12,관광지,상가리야자숲,제주특별자치도 제주시 고하상로 326,63036,126.3584888528,33.4394649613,"제주 애월읍 고하상로 326에 위치한 상가리야자숲은 이국적인 분위기를 자아내는 야자수 군락지이다. 그늘 아래 벤치와 포토존이 마련되어 있어 방문객들이 편안하게 휴식을 취하거나 사진을 촬영할 수 있다. 사계절 내내 푸른 소철과 야자수가 싱그럽고, 하늘을 배경으로 펼쳐진 풍경이 아름답다. 주차 공간은 마련되어 있지 않으므로 인근 도로에 주차한 후 방문해야 한다. 주변에는 고내포구, 애월항 한담해안산책로 등 관광 명소가 있어 함께 둘러보기 좋다. 상가리야자숲은 자연과의 교감을 원하는 이들에게 평화롭고 신비로운 힐링 공간을 제공하는 곳이다.",https://www.visitjeju.net/kr,0507-1380-9738,09:00~18:00,"- 성인, 청소년 7,500원 / - 어린이, 제주도민 5,500원",불가능,연중무휴,Unknown,Unknown,"입 장 료: - 성인, 청소년 7,500원 / - 어린이, 제주도민 5,500원",50,110,NA,자연관광,NA01,자연경관(산),NA010200,숲,90,0,90,0,30,0,,,60,45,75,observed,0.8219,0.8182,0.8892,0.8516,blend
3557958,12,관광지,상추자항,제주특별자치도 제주시 추자면 추자로 37,63000,126.29562905541727,33.96267344496003,"추자도는 사람이 살고 있는 네 개의 섬과 겹겹이 겹쳐져 있는 서른여덟 개의 섬을 모두 포함해 추자도라고 부르며, 크게 상추자도 하추자도로 나뉜다. 그중 상추자도에 있는 제주올레 18-1코스의 시작점인 상추자항은 오목한 만으로 되어있고 올레길을 따라 걷다 보면 고려시대 명장이었던 최영장군의 사당과 추자도를 대표하는 풍경 명소인 나바론 절벽을 볼 수 있다. 또한 상추자항은 여객선 터미널이 있어 제주 본섬과 추자도를 잇는 해상 교통의 중심지 역할을 하며 등대전망대와 추자교 등 볼거리가 있다.",비짓제주 https://www.visitjeju.net/kr,제주관광정보센터 064-740-6000,상시 개방,무료,가능,연중무휴,있음,Unknown,입장료: 무료 | 화장실: 있음,50,110,NA,자연관광,NA02,자연경관(하천‧해양),NA020700,항구/포구,80,10,80,40,70,10,,,60,45,75,category,0.849,,0.0,0.849,category
2738734,12,관광지,상효원수목원,제주특별자치도 서귀포시 산록남로 2847-37 (상효동),63577,126.5860192949,33.3072442933,"상효원은 약 264,462㎡ (8만 평) 규모를 가진 서귀포시 소재의 수목원이다. KC코트렐 이달우 회장이 아름다운 자연경관을 다른 사람들과 공유하고자 설립했다. 한라산과 서귀포 바다가 보이는 이곳은 해발 400m에 있으며, 제주 고유의 자생식물을 보유하고 있다. 제주 토종의 한란, 새우란과 같은 식물의 원생지이며, 100년 이상의 노거수와 상록 거목이 밀집해 있어, 수종의 다양성, 희귀성 측면에서 보존 가치가 높다. / 상효원 내에는 엄마의 정원, 약용 식물원, 비밀의 정원, 곶자왈, 세미꼿 정원 등 16개의 테마의 정원이 조성되어 있어 공간별로 다채로운 식물을 세심하게 관찰할 수 있다. 또한 희귀ㆍ멸종 위기 식물의 식물자원을 보존하고, 원예적으로 가치가 높은 식물을 연구하여 보존하고자 식물자원연구소를 운영하고 있다. 카페, 한식당, 미니갤러리 & 기프트 샵을 비롯해, 웨딩(컨벤션)과 바람을 컨셉으로 한 최신시설의 연회장과 신나는 놀이 시설 에어바운싱돔, 캠핑장 등 다채로운 부대시설을 갖췄다. / 이뿐만 아니라 친환경 전기기차를 타고 제주 고유의 자생식물들이 있는 본 수목원 곳곳을 관람할 수 있으며, 제주도의 '녹색 관광지 만들기' 사업 참여 관광지로서 친환경 소비 실천 시 다양한 혜택을 제공하는 그린카드 소지 관광객 대상으로 할인혜택을 제공한다.",http://www.sanghyowon.com,064-733-2200,[3월~9월] / - 09:00~19:00 / - 매표마감 18:00 / - 카페뉴기니 09:30~19:00 / - 한식당 11:00~18:00 / [10월~2월] / - 09:00~18:00 / - 매표마감 17:00 / - 카페뉴기니 09:00~18:00 / - 한식당 11:00~18:00,"[개인] / - 일반 9,000원 / - 청소년, 경로(만65세 이상) 7,000원 / - 어린이(만36개월~초등학생) 6,000원 / [단체 (10인 이상)] / - 일반 7,000원 / - 청소년, 경로(만65세 이상) 6,000원 / - 어린이(만36개월~초등학생) 5,000원 / ※ 자세한 사항은 홈페이지 참조 / 무료",가능 (소형 82대 / 대형 18대),연중무휴,있음,Unknown,"입 장 료: [개인] / - 일반 9,000원 / - 청소년, 경로(만65세 이상) 7,000원 / - 어린이(만36개월~초등학생) 6,000원 / [단체 (10인 이상)] / - 일반 7,000원 / - 청소년, 경로(만65세 이상) 6,000원 / - 어린이(만36개월~초등학생) 5,000원 / ※ 자세한 사항은 홈페이지 참조 | 이용가능시설: 한식당 / 카페 / 갤러리 / 매표소 / 연회장 / 화장실 / 로비갤러리 / 카페테리아 | 화장실: 있음 | 주차요금: 무료",50,130,NA,자연관광,NA04,자연공원,NA040700,수목원ㆍ정원,90,30,80,40,70,20,,,90,60,120,observed,0.9046,0.9286,0.7534,0.8313,blend
2765252,12,관광지,새미은총의동산,제주특별자치도 제주시 한림읍 새미소길 15,63021,126.3237602632,33.3482746995,"새미 은총의 동산은 예수님의 탄생부터 최후의 만찬까지 12개의 주요 사건을 표현한 ‘예수님 생애 공원’과 ‘삼위일체 대성당'이 있는 곳으로, 천주교 제주교구의 성지 순례 장소다. 전체 면적은 약 264,000㎡에 달하며 언제든 신자들이 찾아와 기도할 수 있도록 24시간 개방하고 있다. 또, 성 이시돌 목장 뒤를 순례지로 개발해 넓은 동산과 연못, 성모상과 대형 십자가 등을 볼 수 있게 했다. 야외에서는 동시에 약 5천여 명이 함께 야외 미사를 보거나, 각종 공연이나 행사 공간으로 사용할 수 있다. 최근 많은 사람들이 찾는 여행지로 각광받고 있으며 다양한 조형물과 산책로, 넓은 들판이 있어 종교인이 아니어도 힐링할 수 있는 곳이다.",Unknown,성이시돌피정의집평생교육원 064-796-4181,상시 개방,무료,가능,연중무휴,Unknown,Unknown,입장료: 무료,50,110,HS,역사관광,HS03,종교성지,HS030200,기독교,80,0,80,90,60,0,,,30,15,45,category,0.8429,,0.0,0.8429,category
572973,12,관광지,새별오름,제주특별자치도 제주시 애월읍 봉성리 산 59-8,63039,126.3576000000,33.3663000000,"새별오름은 서부의 대표 오름으로, ‘저녁 하늘에 샛별과 같이 외롭게 서있다’하여 이름이 붙여졌다. 남봉을 정점으로 남서, 북서, 북동 방향으로 등성이가 있으며, 등성이마다 봉우리가 있다. 서쪽은 삼태기 모양으로 넓게 열려 있고, 북쪽은 우묵하게 파여 있다. 마치 별표처럼 둥그런 표창 같은 5개의 봉우리가 존재한다. / 10월이면 오름 가득 억새가 아름답게 피어나 가을을 느끼고 싶은 사람들이 많이 찾는다. 흐드러지게 피어난 억새는 오름 아래쪽에서부터 피어있는데, 아래쪽은 평지에 가까워 여유롭게 억새를 구경할 수 있다. 정상을 오르는 데 걸리는 시간은 20분 정도로, 제주의 오름 중 짧은 편에 속해 여유가 된다면 정상에서 제주의 가을을 감상하는 것을 추천한다.",http://www.visitjeju.net,제주관광정보센터 064-740-6000,상시 개방,무료,가능,Unknown,있음,Unknown,입장료: 무료 | 화장실: 있음,50,110,NA,자연관광,NA01,자연경관(산),NA010100,"산, 고개, 오름, 봉우리",100,0,90,10,70,0,,,30,15,45,observed,0.8227,0.8226,0.998,0.8706,blend
2742344,12,관광지,새별프렌즈,제주특별자치도 제주시 애월읍 평화로 1529,63039,126.3636734821,33.3615847697,"새별프렌즈는 제주 애월읍 새별오름 맞은편에 있는 목장이다. 제주공항, 중문 등 주요 관광지에서 가까워 접근성이 좋다. 제주도의 아름다운 자연경관과 함께 알파카, 말, 당나귀, 양, 흑염소, 토끼 등 다양한 동물들과 직접 교감을 나눌 수 있다. 당근 스틱을 구매하면 알파카와 당나귀에게 먹이 주기 체험을 할 수 있고 초원에서 승마체험을 할 수 있다. 다양한 체험 프로그램으로 가족 관광객들에게 인기가 많다. 마차를 타며 제주의 자연을 즐길 수 있고 자연을 배경으로 사진을 찍으며 힐링을 즐길 수 있다.",https://www.instagram.com/sbfriends_official,064-794-2828,09:00~18:00 (입장 마감 17:00),"- 일반 18,000원 / - 제주도민, 경로, 군인 15,000원 / ※ 변동될 수 있으므로 전화 문의 요망",가능,연중무휴,Unknown,Unknown,"입 장 료: - 일반 18,000원 / - 제주도민, 경로, 군인 15,000원 / ※ 변동될 수 있으므로 전화 문의 요망",50,110,EX,체험관광,EX03,농.산.어촌 체험,EX030200,체험목장,90,10,80,10,90,10,,,60,45,75,observed,0.7325,0.7273,0.8892,0.7738,blend
2767627,12,관광지,새섬공원,제주특별자치도 서귀포시 남성중로 43 (서홍동),63594,126.5588092829,33.2397485318,"새섬 공원은 새섬 또는 모도(茅島)라고 불리는 서귀포시 서귀동에 있는 섬 공원이다. 억새인 새(茅)가 많아 붙은 이름이지만, 새(鳥)로 오해하여 조도(鳥島)로 오기하기도 한다. 새섬 공원으로 들어가기 위해서는 새연교라는 아름다운 다리를 건너 들어가야 하는데, 바람과 돛을 형상화한 높이 45m의 주탑과 화려한 LED 조명 시설이 있어 밤낮으로 관광객들의 사랑을 받고 있다. 새섬 공원은 도보로 약 20분 정도면 둘러볼 수 있으며 서귀포항과 새연교의 멋진 풍경을 여유롭게 즐길 수 있다.",www.visitjeju.net,064-760-3192,상시 개방,무료,가능,연중무휴,Unknown,Unknown,이용가능시설: 화장실 / 주차장 등 | 입 장 료: 무료,50,130,VE,문화관광,VE03,도시공원,VE030100,시민공원,80,0,90,20,60,0,,,60,45,75,blend,0.7423,0.625,0.3297,0.8,blend
1945414,12,관광지,새신오름,제주특별자치도 제주시 한경면 청수리 3361,63007,126.2379580475,33.2978565065,"제주시 한경면 산양리 산양초등학교 북동쪽 지점 도로변에 위치한 오름으로 나지막한 언덕 형태를 띠고 있다. 오름 정상에는 마을에서 암메(암메창)라 부르는 둥그런 화구가 약 20m 정도의 평지에 있고, 화구 안에는 농경지와 초지, 그리고 묘지가 조성되어 있다. 이 오름은 문헌이나 묘비에 조소악으로 표기되어 있다. 새신 오름의 새신은 ‘새가 있는’이라는 뜻을 지닌 제주어로 초집을 덮는 새가 있는 오름이라는 데서 유래하였다. 한자를 차용하여 조소악 또는 신서악이라고도 한다. 소나무를 비롯하여 다양한 잡목과 수풀이 자리하고 있어 제주의 자연을 그대로 느끼게 해준다.",Unknown,제주시 관광정보센터 064-740-6000,※ 일부 통제될 수 있으므로 방문 시 전화문의 요망,무료,불가능,연중무휴,Unknown,없음,입 장 료: 무료,50,110,NA,자연관광,NA01,자연경관(산),NA010100,"산, 고개, 오름, 봉우리",90,0,70,40,50,0,,,60,45,75,category,0.8706,,0.0,0.8706,category
879234,12,관광지,새연교,제주특별자치도 서귀포시 서홍동,63578,126.5596120340,33.2378293118,"제주 서귀포항과 새섬사이에 제주의 전통 떼배인 테우를 모티브로 형상화한 대한민국 최남단 최장의 보도교인 새연교가 2009년 9월 28일 개통됐다. 새연교는 국내에서는 최초로 외줄케이블 형식의 사장교로, 바람과 돛을 형상화한 주탑 등에 화려한 LED 조명시설까지 갖췄다. 새연교를 걸으며 바라보이는 서귀포항을 비롯해 문섬, 범섬 등의 서귀포 앞바다와 한라산의 풍경은 절묘하다. 또한, 쉽게 드나들 수 있게 된 무인도인 새섬은 난대림 보호구역으로 지정된 새섬의 생태를 관찰할 수 있을 뿐만 아니라 산책로와 광장, 목재데크길, 자갈길, 숲 속 산책로, 테마 포토존 등 다양한 편의시설이 꾸며졌다. 특히, 새연교가 개통됨에 따라 새섬 도시 자연공원을 전면 개방되어 제주도 서귀포의 새로운 관광명소로 떠오르고 있으며, 연주회 등 다양한 행사가 열린다. / ◎ 한류의 매력을 만나는 여행 정보 - 드라마 / 최수연과 권민우 두 사람이 나란히 건너는 다리는 색색의 조명으로 반짝여 시청자들의 눈을 사로잡았다. 이 야경이 이름다운 다리는 ’새연교’로 제주 유명 명소 중 한 곳이다. 새연교라는 이름에는 새로운 인연을 만들어 가는 다리라는 뜻이 있으며, 이곳에서 산책을 즐기다 보면 뜻밖의 인연을 만나거나 함께하는 사람과 더 깊은 인연을 쌓아갈 수 있을 것이다.",https://www.visitjeju.net,새연교 안내소 064-760-3471,상시 개방 / ※ 점등시간이 있으므로 자세한 사항은 전화문의 요망,무료,가능,연중무휴,있음,Unknown,입 장 료: 무료 | 화장실: 있음,50,130,VE,문화관광,VE01,랜드마크관광,VE010300,다리 / 대교,80,0,90,60,70,0,,,30,15,45,observed,0.799,0.8,0.9817,0.7444,blend
3530351,12,관광지,샛도리물,제주특별자치도 제주시 삼양일동 1938-9,63326,126.5892,33.5291,"제주 삼양해수욕장에서 산책로를 따라 동쪽으로 걸으면 담수와 바닷물이 만나는 천연 풀장 샛도리물이 나타난다. 나쁜 기운과 잡귀를 상징하는 까마귀를 쫓아내는 샛도림(새쫒음) 굿을 할 때 이 물을 길어다 쓴 데서 유래해 샛도리물이라는 독특한 이름을 붙였다. 신성한 의식에 사용된 물답게 맑고 깨끗한 수질을 자랑하며, 포구 안쪽에는 차가운 용천수가 흐른다. 또한 포구 바깥쪽에는 바닷물이 흐르는 샛도리물은 물때에 따라 모습을 바뀐다. 간조 때는 수심이 얕은 대신 차가운 용천수가 무더위를 식혀주고 만조 때는 바닷물과 용천수가 만나 수온이 오르는 대신 수심이 깊어져 물놀이를 즐기기 좋다. 샛도리물 바로 옆에 자리한 삼양해수욕장은 검은 모래사장으로 유명해 함께 방문하기 좋다.",https://www.visitjeju.net,제주관광정보센터 064-740-6000,"10:00~22:00※ 운영 시간 외 입수 및 음주, 텐트 설치 금지",무료,불가능,연중무휴,있음,Unknown,입 장 료: 무료 | 화장실: 있음,50,110,NA,자연관광,NA02,자연경관(하천‧해양),NA020700,항구/포구,90,0,80,20,70,0,,,75,60,90,blend,0.8164,0.75,0.3297,0.849,blend
125445,12,관광지,생각하는 정원,제주특별자치도 제주시 한경면 녹차분재로 675 (한경면),63005,126.2551643784,33.3253707254,"생각하는 정원은 자연 속에서 자기 자신을 만나고, 삶을 다시 돌아볼 수 있는 정원이다. 단순히 아름다운 정원을 감상하는 관광지가 아니다. 천천히 걷고, 머물고, 자연과 함께하는 시간 속에서 자신만의 질문과 답을 발견하는 곳이다. 이 정원은 한 사람이 60년 동안 포기하지 않고 자연과 함께 가꾸어 온 삶의 기록 위에 세워졌다. 그래서 이곳의 사유는 이론이 아니라 삶에서 태어나, 정원에서 발견되고, 다시 삶으로 이어진다. 자연을 통해 자기 자신을 만나고, 자신의 삶을 성찰하며, 다시 일상으로 나아갈 힘을 얻도록 도우려 한다. 때문에 아름다운 정원을 넘어, 사람을 자기 자신에게 돌아오게 하는 살아있는 문화유산을 지향한다.",http://www.spiritedgarden.com,064-772-3701,09:00~18:00,"[개인] / - 성인 15,000원 / - 청소년/경로 13,000원 / - 어린이 7,000원 / [단체 (10인 이상)] / - 성인 13,000원 / - 청소년/경로 11,000원 / - 어린이 6,000원",가능 (약 소형 40대 / 대형 20대),연중무휴,있음,Unknown,"입장료: [개인] / - 성인 15,000원 / - 청소년/경로 13,000원 / - 어린이 7,000원 / [단체 (10인 이상)] / - 성인 13,000원 / - 청소년/경로 11,000원 / - 어린이 6,000원 | 화장실: 있음",50,110,NA,자연관광,NA04,자연공원,NA040700,수목원ㆍ정원,90,0,60,70,40,0,,,60,45,75,category,0.8313,,0.0,0.8313,category
3075388,12,관광지,생약누리,제주특별자치도 서귀포시 돈내코로 260 (상효동),63577,126.571653,33.305574,"국립생약자원관 제주센터 내의 생약누리는 생약과 세상을 의미하는 누리의 합성어로 다양한 전시와 체험 프로그램을 통해 생약의 모든 것을 경험할 수 있는 복합문화공간이다. 생약누리는 2개 층과 옥상의 힐링 정원으로 이루어져 있다. 생약누리 건물 안으로 들어서면 생약 자원의 줄기와 열매를 나무로 형상화한 생약 나무를 마주치게 된다. 그 옆의 생약 공방에서는 생약을 소재로 다양한 프로그램을 운영한다. 이곳에서는 생약 표본 액자 만들기, 다도체험, 테라리엄 만들기 체험이 가능하며 생약의 숲에서는 생약 자원을 찾는 미디어 체험을 할 수 있다. 생약 자원의 보물창고 제주에서는 800여 종의 생약 자원 식물을 확인할 수 있으며, 생약 포본실은 대한민국약전에 수록된 300여 점의 식물, 동물, 광물성 생약 표본이 전시되어 있다. / 생약연구소에서는 우리나라 생약의 역사와 현재 생약이 되기까지의 과정을 살펴볼 수 있다. 2층으로 올라가면 전시 패널을 통해 생약에 대한 정보 등 동영상 시청이 가능하며 3층 옥상은 휴식 공간과 포토존이 마련된 힐링 정원이 조성되어 있다. 단, 옥상 정원에서 멋진 사진을 남기고 다시 건물 안으로 들어갈 수 없고, 경사로를 따라 야외 전시온실을 들려 다시 건물로 들어가도록 설계되어 있기 때문에 이동 시 고려하길 바란다. 생약누리에서는 1930년대에 만들어진 생약 표본 4종 사인, 초두구, 강활, 맥아과 함께 멸종 위기에 처한 천산갑과 사향 등 야생종도 직접 볼 수 있다고 한다.",https://nifds.go.kr/hmrm,064-717-8706,10:00~17:00 (입장 마감 16:30),무료,가능,매주 월요일 / 1월 1일 / 설·추석 연휴 / 천재지변 등 관람객 안전을 위해 국립생약자원관장이 필요하다고 지정한 날,있음,Unknown,입장료: 무료 | 화장실: 있음,50,130,EX,체험관광,EX07,기타체험,EX070200,기타체험관광,70,30,70,80,80,10,,,60,45,75,category,0.7056,,0.0,0.7056,category
2847703,12,관광지,샤이니숲길,제주특별자치도 제주시 조천읍 교래리 719-10,63346,126.6617076193,33.4272792375,샤이니숲길은 삼다수 목장 인근에 위치한 작은 숲길이다. 삼다수목장 입구를 지나 좌측 도로가를 살펴보면 약 200m 길이의 숨겨진 숲길을 찾아볼 수 있다. 나뭇가지 사이로 햇빛이 들어오는 숲길이라 ‘sunshine’에서 붙은 이름이다. 길 양편으로 곧게 뻗은 편백나무와 함께 어우러진 낮은 돌담으로 산책하며 사진을 남기기 좋다. 포토스팟으로 입소문이 나면서 웨딩촬영과 스냅사진 촬영 등으로 많은 사람들이 찾는 곳이다.,비짓제주 https://www.visitjeju.net/kr/detail,제주관광정보센터 064-740-6000,상시 개방,무료,불가능,연중무휴,Unknown,Unknown,입장료: 무료,50,110,NA,자연관광,NA01,자연경관(산),NA010200,숲,90,0,100,0,70,0,,,45,30,60,blend,0.7652,0.375,0.1813,0.8516,blend
1936039,12,관광지,서건도,제주특별자치도 서귀포시 강정동,63564,126.4927119133,33.2540292433,"서건도는 제주월드컵경기장 인근해안에 위치하고 있다. 서건도는 썩은섬이라고도 하는데 하루에 두 번 썰물때마다 걸어서 들어갈 수 있는 모세의 기적이 일어나는 섬이다. 바닷물이 갈라지면 서귀포 해안에서 걸어서 들어갈 수 있으며, 해안에서 섬까지 걸어가는 동안 조개와 낙지 등을 잡는 재미로 체험관광객들의 발길이 잦다. 서건도에 방문 예정이라면 바다갈라짐 시간표나 물 때를 확인해야 한다. 조수간만의 차에 의해 한 달에 10차례에 걸쳐 앞바다가 크게 갈라지는데 이 바다 갈라짐 현상은 보름이나 그믐에 규모가 특히 크며 사리기간에 가장 두드러지게 나타난다. 바다가 갈라지게 되면 좌우 10m 이상 넓어진 갯벌이 드러나 한꺼번에 많은 사람들이 서건도를 왕래하면서 신비감을 맛볼 수 있다. 이곳에서는 기원전 1세기경의 것으로 추정되는 토기 파편과 동물뼈,주거 흔적 등이 발견돼 고고학계의 관심을 끌기도 했다. 서건도는 수중화산으로 섬 자체만으로도 귀중한 가치를 가치를 가지고 있기도 하다. 또한, 조이동굴에서 기원한 풍부한 개울물이 서건도 앞 바닷가로 흘러드는데 이 조간대 지역을 너븐물이라고 부른다. 썩은섬 앞 바다에는 종종 돌고래떼가 출현하기도 한다.",https://www.visitjeju.net,064-760-2674,상시 개방,무료,Unknown,연중무휴,Unknown,없음,입 장 료: 무료,50,130,NA,자연관광,NA02,자연경관(하천‧해양),NA020500,섬,90,0,90,40,80,0,,,30,15,45,manual_override,0.8695,,0.0,0.8695,category
128150,12,관광지,서광차밭,제주특별자치도 서귀포시 안덕면 신화역사로 15 (오설록티뮤지엄),63521,126.2893811780,33.3059564173,"제주 서광차밭은 서귀포시 서광리에 조성된 국내 최대 규모의 차 생산지로 서귀포의 도순다원, 한남다원과 함께 아모레퍼시픽그룹이 운영하는 다원 중의 하나이다. 드넓은 평야에 펼쳐진 차밭은 산방산 근처에 조성되어 있는데 차를 재배하기에 최적의 일조량 조건을 갖췄다. 오설록이 1983년부터 개간하여 현재는 우리나라의 광활한 유기농 차밭이 되었다. 차밭 주변에는 차 문화 박물관인 오설록 티뮤지엄, 추사 김정희 선생의 추사유배지, 제주의 특별한 숲 곶자왈 등이 인접하고 있어 이 지역 전체가 제주의 랜드마크로 거듭났다. 서광 다원은 산간 지대 개발의 성공 모델로 오설록티뮤지엄과 함께 제주녹차문화의 중심이 되고 있다.",http://www.osulloc.com,064-794-5312,[하절기] 09:00~19:00 / [동절기] 09:00~18:00 / ※ 기상 상태에 따라 조기 폐관으로 전화문의 요망,무료,가능,연중무휴,있음,없음,입 장 료: 무료 | 이용가능시설: 차밭 / 티뮤지엄 / 티스톤 / 야외잔디밭 등 | 화장실: 있음,50,130,EX,체험관광,EX06,산업관광,EX061000,기타산업관광지,80,30,90,70,50,20,,,90,60,120,category,0.8022,,0.0,0.8022,category
2723689,12,관광지,서귀다원,제주특별자치도 서귀포시 516로 717 (상효동),63582,126.5966821327,33.3128299569,"서귀다원은 원래 감귤농원으로 운영되었으나, 2005년 차밭으로 새롭게 바꿔 운영되고 있다. 개인이 운영하고 있는 조용한 다원으로 한라산 해발 250m에서 제주 녹차를 재배하고 있으며, 다른 다원보다 비교적 사람이 적어 여유롭게 둘러볼 수 있다. 나무 가로수길, 잎이 무성한 동백나무, 현무암 조각, 차밭이 어우러져 있으며, 한라산과 녹차밭이 한눈에 보이는 절경을 한적하게 구경할 수 있다. 서귀다원은 매년 5월경 말차 수확을 위해 차광막을 덮어놓아 원활한 관람이 어려운 시기가 있으니, 방문 전 문의하는 것을 추천한다.",https://www.visitjeju.net/kr,064-733-0632,09:00~17:00,"5,000원 (녹차 1잔 제공)",가능,매주 화요일,Unknown,Unknown,"입 장 료: 5,000원 (녹차 1잔 제공)",50,130,EX,체험관광,EX06,산업관광,EX061000,기타산업관광지,90,20,90,30,40,10,,,60,45,75,observed,0.8705,0.8929,0.7534,0.8022,blend
2822432,12,관광지,서귀진지,제주특별자치도 서귀포시 솔동산로11번길 8-18 (서귀동),63596,126.5644000000,33.2430000000,조선시대 대표적인 방어유적으로 3성 9진(三城九鎭)의 하나이다. 최초축성은 1439년대로 판단된다. 본래 홀로 천에 있었으나 조선 선조 23년(1590) 이옥 목사가 현재 위치로 옮겨 축성했다. 일제강점기에는 일본군의 관청으로 사용되다가 제주 4·3 사건 이후 이곳의 성담을 헐어 마을을 방어하는 축성용으로 사용하였고 이후에는 주거용 건축용도와 밧담으로 이용되어 지금에는 당시의 성담이었던 담들 이 ‘우잣담’과 ‘성굽담’으로 일부 남아 있다.,https://www.cha.go.kr,제주세계유산본부 064-710-6704,상시 개방,무료,가능,연중무휴,Unknown,Unknown,입장료: 무료 | 주차요금: 무료,50,130,HS,역사관광,HS01,역사유적지,HS011200,기타역사유적지,10,0,40,90,10,0,,,30,15,45,category,0.7829,,0.0,0.7829,category
127520,12,관광지,서귀포 김정희 유배지,제주특별자치도 서귀포시 대정읍 추사로 44,63517,126.278322243599,33.2499354176354,"추사 김정희(1786~1856) 선생이 조선 헌종 6년(1840) 10월 1일부터 헌종 14년(1848) 12월 6일까지 9년간 유배생활을 하였던 곳이다. 1948년 제주도 4·3 사건 때 불타버리고 빈 터만 남았다가 1984년 강도순 증손의 고증에 따라 다시 지은 것이다. 북학의 대가이며 학예에 출중한 당대의 선구자였던 추사 김정희 선생이 이곳에 다년간 머무름으로써 제주 인문의 일대 혁신의 계기가 되었다. 선생은 금석문과 서화에 능통하였으며, 특히, 서체의 새로운 경지를 개척한 추사체는 널리 알려져 있다. 특히 여기서 그린 ‘세한도(국보)’는 선생의 서화의 경지를 유감없이 발휘한 작품으로 알려져 있다.",http:///www.jeju.go.kr/chusa,064-710-6865,09:00~18:00 (입장 마감 17:30),무료,가능,"매주 월요일 (단, 월요일이 공휴일일 경우 익일 휴무) / 1월 1일 / 설·추석 연휴",있음,Unknown,입장료: 무료 | 주차요금: 무료 | 화장실: 있음,50,130,HS,역사관광,HS01,역사유적지,HS010400,고택,10,0,60,100,10,0,,,30,15,45,category,0.7874,,0.0,0.7874,category
129381,12,관광지,서귀포 알토산마을,제주특별자치도 서귀포시 표선면 토산중앙로16번길 1,63626,126.7803857597,33.3085528077,"서귀포 알토산마을은 서귀포시 표선면에서 운영하는 농촌 체험 정보화 마을로, 마을의 북서쪽으로 한라산이 있고 바다가 인접해 있다. 마을 북쪽에 있는 토산망이 바람막이 역할을 함으로써 표선면에서 가장 먼저 감귤 재배를 시작하여 타 마을로 보급한 선도 마을이다. 또한, 제주도에서는 유일하게 마을 전체가 해안에서 500m 이내에 자리 잡고 있으며, 마을 내 감귤 농장에서 바라보는 바다의 풍광이 아름답다. 서귀포시는 지역 주민들의 정보화 마인드 확산 및 이를 통한 소득 증대를 도모하기 위해 알토산마을을 정보화 마을로 지정하여, 정보화 마을 운영을 시작하였다. 2003년 3월 개관한 마을정보센터는 주로 지역 주민들을 대상으로 한 전자상거래 운영, 인터넷 정보 검색 등의 정보화 교육을 시행하고 있다.",Unknown,064-787-6040,09:00~18:00,무료,가능,"매주 토요일, 일요일",있음,가능,화장실: 있음 | 입 장 료: 무료 | 내국인 예약안내: 전화 예약,50,130,EX,체험관광,EX03,농.산.어촌 체험,EX030100,체험마을,80,60,80,50,70,30,,,30,15,45,category,0.7753,,0.0,0.7753,category
129326,12,관광지,서귀포 예래생태마을,제주특별자치도 서귀포시 예래로 82 (상예동),63537,126.39786991057,33.2542809792679,"서귀포 예래생태마을은 빼어난 자연경관과 해안절경을 간직한 생태마을이다. 전체 가구의 80%가 농가로, 감귤 산업과 어업을 주로 이루어지는 전통적인 농어촌 모습을 원형 그대로 간직하고 있다. 또한 자연환경이 잘 보전되어 있어 반딧불이를 비롯한 다양한 동·식물들이 자라고 있다. 많은 선사유적이 발굴되는 역사 깊은 마을로 문화유적이 마을 곳곳에 있는 등 생태문화 관광자원이 풍부한 마을이다. 또한 옛 지명을 그대로 사용하고 있어 토속적이면서도 포근한 고향의 맛을 느끼게 해 준다.",Unknown,064-738-6613,상시 개방,무료,가능,연중무휴,있음,Unknown,입장료: 무료 | 화장실: 있음,50,130,EX,체험관광,EX03,농.산.어촌 체험,EX030100,체험마을,90,20,80,70,60,10,,,30,15,45,category,0.7753,,0.0,0.7753,category
129327,12,관광지,서귀포 용왕난드르마을,제주특별자치도 서귀포시 안덕면 대평감산로 8,63533,126.3670621143,33.2354376484,"‘바다로 뻗어 나간 들, 용왕이 나온 들’이라는 의미를 모아 용왕난드르마을이라 하는 이곳은 안덕계곡에서 아래쪽으로 내려오면 보이는 평온하고 따스한 마을이다. 마을을 품고 있는 군산은 동해 용왕 아들이 스승님 은혜에 보답하기 위해 만들었다고 전해오고 있다. 또한 해안가를 따라 걸어도 좋고, 아기자기한 마을 길을 따라 다녀도 좋은 곳이다. 박수기정을 옆으로 포구가 있는데 빨간 등대의 소녀상은 보는 사람마다 제주의 등대 중 손에 꼽을 만한 등대라고 하는 곳이다.",Unknown,064-738-0915,상시 개방,Unknown,가능,연중 무휴,있음,Unknown,이용가능시설: 숙박시설 / 음식점 등 | 화장실: 있음 | 내국인 예약안내: 예약제로 운영,50,130,EX,체험관광,EX03,농.산.어촌 체험,EX030100,체험마을,80,10,80,60,60,0,,,30,15,45,category,0.7753,,0.0,0.7753,category
2660763,12,관광지,서귀포 치유의 숲,제주특별자치도 서귀포시 산록남로 2271,63576,126.5261000000,33.2944000000,"자연 속에서 조용히 나의 내면을 성찰하고, 숲에 존재하는 다양한 환경과 접하며 치유의 시간을 가질 수 있는 곳, 바로 서귀포 치유의 숲이다. 치유의 숲은 제주도에서도 손꼽히는 자연을 가진 곳이다. 해발 320~760m에 위치해 있으며, 난대림, 온대림, 한대림의 다양한 식생이 고루 분포하고 있다. 특히, 평균 수령 60년 이상의 전국 최고의 편백 숲이 여러 곳에 조성되어 있다. 또한, 인근의 헬스케어타운 등 의료, 관광산업과 연계 가능한 특색 있는 복합형 휴양 및 치유공간이다. 인체의 면역력을 높이고 건강 증진을 목적으로 다양한 산림의 환경 요소를 활용하여 산림치유지도사가 산림치유프로그램을 진행하고 있다. 바쁜 스케줄로 자신을 돌볼 여유가 없는 현대인들에게 숲 속에서 풍성한 피톤치드와 햇빛, 바람, 아름다운 경치를 즐길 수 있는 힐링 여행을 선사한다.",https://seogwipo.go.kr/healing,064-760-3067,- 하절기(4월~10월) 08:00~16:00- 동절기(11월~3월) 09:00~16:00※ 사전 예약 후 이용 가능,"[개인] / - 성인 1,000원 / - 청소년 600원 / [단체(10인이상)] / - 성인 800원 / - 청소년 500원 / ※ 무료 / - 제주도민 / 유아 / 어린이 / 다자녀가정 / 장애인(중증) / 국가보훈대상자 / 숲사랑지도 / 숲사랑소년단원(면제대상 카드 및 신분증 지참) / ※ 사전예약으로 입장이 가능하며, 잔여인원이 있을 경우 당일 온라인 예약 및 현장 발권 가능 / [산림치유프로그램] / - 3시간 내외 (어른) 20,000원 / (청소년·어린이) 10,000원 / - 2시간 내외 (어른) 12,000원 / (청소년·어린이) 6,000원 / 경형 1,000원 / 중소형 2,000원 / 대형 3,000원",가능 (66대),연중무휴,Unknown,가능,"입장료: [개인] / - 성인 1,000원 / - 청소년 600원 / [단체(10인이상)] / - 성인 800원 / - 청소년 500원 / ※ 무료 / - 제주도민 / 유아 / 어린이 / 다자녀가정 / 장애인(중증) / 국가보훈대상자 / 숲사랑지도 / 숲사랑소년단원(면제대상 카드 및 신분증 지참) / ※ 사전예약으로 입장이 가능하며, 잔여인원이 있을 경우 당일 온라인 예약 및 현장 발권 가능 | 시설이용료: [산림치유프로그램] / - 3시간 내외 (어른) 20,000원 / (청소년·어린이) 10,000원 / - 2시간 내외 (어른) 12,000원 / (청소년·어린이) 6,000원 | 주차요금: 경형 1,000원 / 중소형 2,000원 / 대형 3,000원",50,130,EX,체험관광,EX05,웰니스관광,EX050600,기타웰니스,100,0,70,20,80,0,,,120,90,150,observed,0.8251,0.8125,0.6988,0.8542,blend
2932006,12,관광지,서귀포 패류화석산지,제주특별자치도 서귀포시 남성중로 43 (서홍동),63594,126.5582787717,33.2398207377,"서귀포층의 패류 화석은 서귀포시 남서 해안 절벽에 있는 조개 종류의 화석을 말한다. 이 절벽에는 퇴적암층이 드러나 있고 거친 면이 현무암으로 덮여 있다. 이 화석층에서는 조개 화석 위주의 동물 화석이 많이 발견된다. 약 180만 년 전부터 50만 년 전에 화석 생물과 함께 쌓여 이루어진 것으로 추정되며, 그 후 100m 정도 솟아오른 곳이 물결로 인해 깎여서 절벽으로 변했다. 서귀포층에서 발견된 화석으로는 부족류, 달팽이·전복·우렁이와 같은 복족류, 굴족류, 완족류, 성게·해삼·불가사리 등의 극피동물, 산호 화석, 고래와 물고기 뼈, 상어 이빨 등의 화석이 있다. 미화석으로는 바다에 사는 단세포동물인 유공충이 있다. 위와 같은 조개 화석은 현재에도 존재하는 것이지만, 대부분 근처 해안에서는 발견되지 않고 더 따뜻한 남쪽 바다에서 발견된다. 이는 서귀포층이 쌓일 당시의 바다가 지금보다 따뜻했음을 말해준다. / (출처 : 제주관광공사 홈페이지)",www.visitjeju.net,서귀포 종합관광안내소 064-732-1330,상시 개방,무료,가능,연중무휴,있음,Unknown,화장실: 있음 | 입 장 료: 무료,50,130,NA,자연관광,NA04,자연공원,NA040400,지질공원,80,0,70,80,20,0,,,60,45,75,category,0.8371,,0.0,0.8371,category
2615028,12,관광지,서귀포 하논분화구,제주특별자치도 서귀포시 일주동로 8823 (하논분화구방문자센터),63570,126.5462294883,33.2543967165,"하논마르는 한반도 유일의 마르형 분화구이다. 동서 방향으로 약 1.8㎞, 남북 방향으로 약 1.3㎞의 너비를 갖는 타원형 화산체로 분화구의 형태는 원형이며 해발 143.4m, 높이 88m이다. 하논은 논이 많다는 뜻의 제주 방언이다. 평탄하고 용천수가 나오는 하논 분화구 바닥에서 벼농사를 짓고 있는데 큰 논이란 뜻의 한 논이 변형되어 현재의 지명이 된 것으로 추정된다. 마르형 분화구는 용암 분출로 생선된 일반적인 화산 분화구와 달리 용암이나 화산재 분출 없이 깊은 지하의 가스 또는 증기가 지각의 틈을 따라 모여 폭발하여 생성된 분화구다. 하논의 마르 퇴적층에는 환경과 기후에 따라 그 특성을 달리하는 다양한 퇴적물이 지속적으로 유입·집적되어 학술 가치가 높다. / 차로 5분 거리에 있는 걸매생태공원과 같이 둘러보기 좋다.",비짓제주 https://www.visitjeju.net,0507-1317-2912,상시개방 / ※ 하논분화구방문자센타09:00~18:00,Unknown,가능,연중무휴 / ※ 하논분화구방문자센타 법정공휴일 휴관,있음,Unknown,화장실: 있음,50,130,NA,자연관광,NA03,자연생태,NA030500,기타자연생태,90,0,60,30,20,0,,,30,15,45,manual_override,0.829,,0.0,0.829,category
128838,12,관광지,서귀포유람선,제주특별자치도 서귀포시 남성중로 40 (서홍동),63594,126.5584621032,33.2391930320,"서귀포 70리 유람선은 서귀포 70리란 말의 유래에서도 알 수 있듯이 서귀포항을 중심으로 한 해안 절경과 여러 개의 섬들로 이루어진 제주도 내 최고의 비경을 감상할 수 있으며, 세계적인 해상 관광지로 소문이 나 외국의 국빈이 제주도 방문 시 관광하는 필수코스로도 유명하다. 서귀포유람선은 고급 시설과 규모를 갖춘 유람선으로, 제주 해상 관광을 즐길 수 있어 단체관광은 물론 신혼여행, 특히, 어린이를 동반한 가족단위 여행객들에게 인기 있는 관광 프로그램으로 자리 잡아가고 있다.",https://seogwipocruise.com,064-732-1717,11:30 / 14:00 / 15:20 / ※ 기상 또는 현지 사정으로 운항시간이 변경 및 취소될 수 있어 사전예약 필수,"- 대인 24,000원 / - 청소년 20,000원 / - 소인(초등학생) 18,000원 / - 경로 20,000원 / - 유아 9,000원",가능,연중무휴 / ※ 태풍주의보시 휴항,있음,Unknown,"관광코스안내: 정방폭포 - 섶섬 - 문섬 - 외돌개 - 12동굴 - 범섬 | 시설이용료: - 대인 24,000원 / - 청소년 20,000원 / - 소인(초등학생) 18,000원 / - 경로 20,000원 / - 유아 9,000원 | 화장실: 있음 | 내국인 예약안내: 전화 예약",50,130,EX,체험관광,EX07,기타체험,EX070100,유람선/잠수함관광,90,0,90,20,70,0,,,90,60,120,observed,0.8625,0.8625,0.9817,0.8651,blend
128175,12,관광지,서귀포자연휴양림,제주특별자치도 서귀포시 1100로 882,63554,126.4630826543,33.3108197268,"서귀포자연휴양림은 한라산 남서쪽 지대에 있는 천연 휴양림이다. 제주시와 서귀포시 중문관광단지를 잇는 도로 동쪽의 환상의 관광코스 중심에 자리 잡고 있다. 온대·난대·한대 수종이 다양하게 분포된 울창한 편백림에 산림욕장이 조성되어 있으며 봄에는 철쭉, 여름에는 시원한 개울물과 숲, 가을에는 아름다운 단풍, 겨울에는 설경 등 뚜렷한 계절적 감각을 느낄 수 있는 제주도 휴양림이다. 산책로와 만남의 숲, 산막, 놀이마당과 1·2야영장, 협곡탐험로, 전망대, 잔디광장, 야외무대, 야외교실, 어린이놀이터, 족구장, 체력단련장 등과 한라산에서 내려온 물이 고이는 계곡을 이용한 물놀이터 등이 있다.",https://www.seogwipo.go.kr/healing,064-738-4544,- 휴양림 09:00~18:00 (입장 마감 17:00) / - 숙박 15:00~익일12:00,"[개인] / - 어른 1,000원 / - 청소년 600원 / - 어린이 300원 / [단체(20인 이상)] / - 어른 800원 / - 청소년 500원 / - 어린이 200원",가능,연중무휴,있음,없음,"입 장 료: [개인] / - 어른 1,000원 / - 청소년 600원 / - 어린이 300원 / [단체(20인 이상)] / - 어른 800원 / - 청소년 500원 / - 어린이 200원 | 화장실: 있음 | 이용가능시설: 휴양림산책로 / 법정악 전망대 / 산림휴양관 / 숲속의집",50,130,NA,자연관광,NA04,자연공원,NA040600,자연휴양림,100,0,80,20,80,0,,,60,45,75,observed,0.7313,0.625,0.5507,0.8617,blend
126665,12,관광지,서귀포잠수함,제주특별자치도 서귀포시 남성중로 40 (서홍동),63594,126.558636,33.239237,"서귀포잠수함은 바닷속 체험을 할 수 있는 해저 관광용 잠수함이다. 도민과 관광객에게 세계 최대 연산호 군락지이자 유네스코 생물권 보전 지역 및 천연 보호 구역으로 지정된 문섬의 아름다운 바다를 관람할 기회를 제공하고자 건립되었다. 운항 구역인 서귀포 문섬은 형형색색의 산호초와 물고기 떼가 어우러져 아름다운 해저 비경을 간직하고 있는 세계적인 다이빙 포인트이다. 해상 관광용 잠수함 지아호와 마리아호, 승객 수송용 대국호, 비상 구조선 대국 2호, 해상 정류장 해상 바지선 등을 보유하고 있다.",http://submarine.co.kr,064-732-6060,- 동절기·비수기 평일 09:20~18:00- 성수기·연휴·주말 09:20~16:00※ 40분 간격으로 출항함※ 기상 및 운항 상황에 따라 변동될 수 있으므로 자세한 사항은 홈페이지 참조,"[승선요금] / - 대인 65,000원 / - 소인 44,000원 / [도립공원료(별도)] / - 성인 1,000원 / - 청소년 800원 / - 어린이 500원 / ※ 도립해양공원 입장료 무료 : 65세 이상인 자 / 7세 이하인 자 / 국가유공자 / 장애인 / 제주특별자치도민 등 / ※ 자세한 사항은 홈페이지 참조 / 무료",가능,연중무휴,있음,Unknown,"시설이용료: [승선요금] / - 대인 65,000원 / - 소인 44,000원 / [도립공원료(별도)] / - 성인 1,000원 / - 청소년 800원 / - 어린이 500원 / ※ 도립해양공원 입장료 무료 : 65세 이상인 자 / 7세 이하인 자 / 국가유공자 / 장애인 / 제주특별자치도민 등 / ※ 자세한 사항은 홈페이지 참조 | 주차요금: 무료 | 화장실: 있음",50,130,EX,체험관광,EX07,기타체험,EX070100,유람선/잠수함관광,80,0,80,40,90,0,,,90,60,120,observed,0.8739,0.875,0.8892,0.8651,blend
2836814,12,관광지,서귀포칠십리시공원,제주특별자치도 서귀포시 현청로 41-19 (서홍동),63578,126.5546540140,33.2668503757,"제주올레 6코스를 걷다 보면 외돌개와 해안 올레길을 연결하는 서귀포 칠십리공원을 발견할 수 있다. 이 공원을 둘러보면 시나 노래 가사가 새겨진 돌들을 볼 수 있는데, 여기에 새겨진 글들은 서귀포를 주제로 한 것들이기 때문에 더욱 더 서귀포의 분위기에 빠져들게 된다. 그냥 공원을 거닐거나 잠시 앉아 쉬는 것 뿐만 아니라 여유롭게 산책하며 마음의 양식을 쌓을 수 있는 시간을 보낼 수 있다. 풀과 나무, 연못 등 다양한 자연의 모습들이 조화돼 이곳의 풍경을 더 여유롭게 만들어준다. 천지연폭포와도 가까워 천지연폭포를 조망할 수 있는 특별함도 가지고 있다. / 이 곳은 잔디가 넓게 펼쳐져 있어서 가족들이나 친구들과 소풍을 즐길 수도 있고, 놀이터도 있어 어린아이들이 뛰어 놀기에도 좋으며, 맑고 푸른 경치와 조용한 공원의 분위기를 느끼며 산책하기에도 좋다. 공원 안에는 다양한 조형물과 미술관도 자리 잡고 있기 때문에 문화예술적인 볼거리도 갖춰져 있어서 곳곳마다 발걸음을 멈추게 만들 것이다. 남녀노소 편하게 쉴 수 있는 쉼터로도 안성맞춤이고 다양한 볼거리가 있는 서귀포 칠십리공원에서 여유로운 휴식과 산책을 즐긴다면 제주 여행의 매력을 더 깊이 느낄 수 있다. / (출처 : 비짓제주 홈페이지)",https://www.visitjeju.net/kr,064-760-3191,상시 개방,무료,가능,연중무휴,Unknown,Unknown,입장료: 무료 | 주차요금: 무료,50,130,NA,자연관광,NA04,자연공원,NA040700,수목원ㆍ정원,90,0,80,40,50,0,,,45,30,60,blend,0.8869,1.0,0.3297,0.8313,blend
2791505,12,관광지,서귀포항,제주특별자치도 서귀포시 칠십리로72번길 14 (서귀동),63596,126.5648726592,33.2391598040,"우리나라 최남단에 위치하는 이 서귀포항은 한라산이 있어 여름철을 제외한 대부분이 평온한 해상 기온을 유지하고 있다. 본래 기능은 어항이나 관광객을 받아들이는 관광항으로서의 기능도 커 오래전부터 관광잠수정 등의 해양 관광지로 각광을 받으며 현재는 잠수함과 유람선 제트보트 등 청명한 바다를 즐길 수 있는 레저시설이 있다. 서귀포항 주변은 해양 생태계 보전 지역 및 해양 보호 지역으로 지정되어 있는 등 환경 민감 자원이 다수 분포되어 있으며, 문섬과 새섬, 섶섬 등 아름다운 섬들이 펼쳐진 풍경도 서귀포항의 관광 자원에 한 몫 한다. 서귀포항에서 보이는 문섬 앞 바다는 푸른 바다 속 산호 풍경이 아름다워 다이버들이 즐겨 찾는 곳이기도 하다. / (출처 : 비짓제주)",https://www.visitjeju.net/kr,064-740-6000,상시 개방,무료,가능 / 요금 (무료),연중무휴,Unknown,Unknown,입 장 료: 무료,50,130,NA,자연관광,NA02,자연경관(하천‧해양),NA020700,항구/포구,90,0,90,10,80,10,,,120,90,150,blend,0.8084,0.625,0.1813,0.849,blend
601489,12,관광지,서귀포해양도립공원,제주특별자치도 서귀포시 남성중로 43 (서홍동),63594,126.5582787717,33.2398207377,"제주특별자치도 서귀포시 해안을 중심으로 이루어진 해양 도립공원이다. 서귀포 70경 중의 하나인, 이곳은 서귀포시를 중심으로 동서로 약 칠십 리를 에워싼 해안 절벽과 파란 물결 위에 떠 있는 섬들과 어우러진 빼어난 미항으로 서귀포 관광의 진수로 잘 알려진 서귀포 해안 칠십 리 경승지이다. 경관이 아름답고 세계적 희귀종인 후박나무가 자라고 있으며, 천연기념물인 흑비둘기가 서식하는 남쪽 한계 지역이다. 또한 지질 구조적 특징인 주상 절리와 학술 가치가 큰 한국 특산 해산 생물 신종, 미기록종이 다수 출현하는 곳으로서 남방계 생물종 다양성을 대표한다. 해양 생태 자원 보존을 통해 생태적 질서를 유지하고, 자원 활용의 극대화로 새로운 관광 행태를 창출하고자 서귀포 해양시립공원이 2007년 1월 서귀포 해양도립공원으로 변경되었다. 특히, 일출과 일몰이 아름다운 곳으로 잘 알려졌다. 더구나 공원은 천지연 폭포 입구에 있어, 폭포의 아름다움에 흠뻑 취해서 돌아온 사람들에게는 간이역의 역할을 한다.",Unknown,064-760-2911,상시 개방,무료,가능,연중무휴 / ※ 기상상황에 따라 출입이 제한될 수 있으므로 전화문의 요망,있음,없음,입 장 료: 무료 | 화장실: 있음,50,130,NA,자연관광,NA04,자연공원,NA040200,도립공원,100,0,100,40,40,0,,,60,45,75,category,0.8371,,0.0,0.8371,category
2633955,12,관광지,서프라이즈 테마파크,제주특별자치도 제주시 조천읍 남조로 2243,63345,126.6596065516,33.4652169011,"서프라이즈테마파크는 문화예술계에서 주목하고 있는 재활용 소재를 활용한 장인정신의 숨결과 혼이 깃든 신비로운 정크아트 (Junk Art 폐품으로 만든 입체 예술작품)를 만나볼 수 있는 곳이다. 재활용 소재로 만들었으나 디테일과 크기는 그 어떤 작품 못지않은 정교함과 웅장함을 자랑한다. ‘SBS 세상에 이런 일이’에 방영된 깜짝 놀랄만한 세계 수준의 예술작품을 생동감 있게 구현한 영화 속 히어로들 그리고 애니메이션 주인공들과 함께 가까이에서 만날 수 있다. 다양한 크기와 형태로 작품화된 캐릭터를 통해 그들을 직접 만나고 체험해 봄으로써 흥미와 감동으로 아 동과 청소년들의 꿈을 키우고 용기와 진취적 기상을 심어줄 수 있는 계기가 될 것이다. 50,000여 평의 넓은 대지 위에 펼쳐진 500여 점의 작품과 주변 풍경의 파노라마는 전 지역이 포토존으 로 활용될 수 있어서 가족 단위의 나들이를 통해 추억의 시간을 간직할 수 있으며, 곶자왈둘레길 생태체 험 산책을 통해 삼림욕을 함으로써 웰빙을 구가할 수 있다. 또한 단체 학생들의 체험 활동을 통해 꿈과 끼를 키우는 감성 교육의 장으로 활용될 수 있다.",http://surprisethemepark.com,064-783-7272,09:00~21:00 (입장 마감 20:00) / ※ 우천 시 야간 17:30 이후 미운영,"[개인] / - 성인 12,000원 / - 청소년 11,000원 / - 소인 10,000원 / [단체(20인 이상)] / - 성인 11,000원 / - 청소년 10,000원 / - 소인 8,000원 / [도민할인가] / - 성인 9,000원 / - 청소년 8,000원 / - 소인 8,000원 / ※ 무료 : 36개월 미만(증빙서류 지참) / ※ 경로(만 65세 이상), 군인, 장애인, 국가유공자는 소인요금과 동일 / ※ 입장료에 아트전시관, 영상체험관 관람이 포함 / ※ 중복할인 불가 / 무료",가능(소형 40대 / 대형 6대),"연중무휴 / ※ 우천, 강설, 태풍 등 기상 상황에 따라 운영시간 및 휴무일이 변경될 수 있음",Unknown,가능,"관광코스안내: 야간에는 정크아트 작품과 다양한 조형물에 일류미네이션을 가미함으로써 현란한 빛의 조화 속에서 주 간과는 판이한 볼거리가 제공된다. 가족 단위뿐만 아니라 특히 연인들의 데이트 코스의 부대 시설로 쉼터와 포토존을 마련하여 귀중한 추억 을 남길 수 있도록 시설하였다. / 세계최대의 압도적인 스케일로 제작된 정크아트(높이 2.5m ~ 12m)의 진수를 경험하고 아트전시관, 영 상체험관, 갤러리카페, 서프라이즈카페 등의 실내 인프라 시설을 돌아보며 아늑하고 편안함을 느낄 수 있다. 서프라이즈테마파크의 시설 속에는 정크아트뿐만 아니라 제주도의 풍속문화를 곁들여 작품화함으로써 언밸런스의 묘한 뉘앙스와 앙상블을 느낄 수 있다. | 촬영장소: SBS 순간포착 세상에 이런일이, SBS 수작남녀, MBC TV매거진-해피플러스등 방영 | 입 장 료: [개인] / - 성인 12,000원 / - 청소년 11,000원 / - 소인 10,000원 / [단체(20인 이상)] / - 성인 11,000원 / - 청소년 10,000원 / - 소인 8,000원 / [도민할인가] / - 성인 9,000원 / - 청소년 8,000원 / - 소인 8,000원 / ※ 무료 : 36개월 미만(증빙서류 지참) / ※ 경로(만 65세 이상), 군인, 장애인, 국가유공자는 소인요금과 동일 / ※ 입장료에 아트전시관, 영상체험관 관람이 포함 / ※ 중복할인 불가 | 주차요금: 무료 | 외국어 안내서비스: 영문 리플릿 제공/중문 리플릿 제공 | 내국인 예약안내: 단체인 경우 사전 예약 필수 / ※ 문의 : 064-783-7272 | 한국어 안내서비스: 입장시 테마파크 전체 개요 설명 및 안내 가능(한국어 리플릿 제공) | 외국인 예약안내: 사전 전화예약 가능/당일 입장 가능",50,110,VE,문화관광,VE02,테마공원,VE020100,테마파크,80,0,90,80,70,0,,,90,60,120,observed,0.8296,0.7917,0.4512,0.8607,blend
3012012,12,관광지,석예원 본초 족욕 성산점,제주특별자치도 서귀포시 성산읍 섭지코지로25번길 34 2층,63641,126.9195734269,33.4421097515,"자연에서 추출된 천연 재료를 사용하여 여행의 피로를 풀 수 있는 셀프 족욕 테라피를 체험하는 곳이다. 천연미용소금, 페퍼민트 오일과 한방의 본초족욕수를 활용한 셀프족욕은 지친 몸과 마음을 잠시 쉬어가기에 충분하다. 생명체에 대한 양생, 치료, 예방에 제공되는 천연 약물을 본초라고 한다. 본초족욕에서 사용되는 본초수는 한의학에서 사용되는 엄선된 한약재로 만들어진다. 예로부터 한의학에서는 두한족열 즉, ‘머리는 차게 하고 발은 따뜻하게 하라’고 하였다. 오장육부의 축소판이라고 잘 알려져 있는 발은 인간의 신체 전부가 발이다라고 불릴 만큼 중요한 신체이다. 족욕은 뭉친 근육을 풀어주고 체내 노폐물을 제거해 주며 혈액순환을 원활하게 해준다. 예약제로 운영하므로 온라인으로 사전 예약 후 방문하는 것이 좋다. / 인근에는 섭지코지, 광치기해변 등의 관광지가 있다.",Unknown,064-784-8822,10:00~18:00 (준비시간 12:00~13:00),"12,000원 / ※ 자세한 사항은 전화 문의 요망",가능,연중무휴,Unknown,Unknown,"입 장 료: 12,000원 / ※ 자세한 사항은 전화 문의 요망",50,130,EX,체험관광,EX05,웰니스관광,EX050600,기타웰니스,70,0,20,30,80,0,,,60,45,75,observed,0.8834,0.8929,0.7534,0.8542,blend
318339,12,관광지,선광사(제주),제주특별자치도 서귀포시 남원읍 태위로510번길 42,63620,126.6995590489,33.2727088904,"제주도 서귀포시에 위치한 선광사는 한국불교태고종 사찰이다. 선광사는 해안 석벽과, 자연의 신비로움을 간직한 해안 동굴들이 태고의 경이로움을 그대로 간직한 채 바다와 맞서고 있는 남원큰엉을 배경으로 하고 있다. / 선광사가 창건된 것은 1942년 보화 법인스님이 법당과 객실을 지으면서부터이다. 1945년에는 1차 중건 불사로 포교활동에 박차를 가했으나, 1948년 4·3사건의 여파로 선광사는 잠시 폐사가 된다. 그 후 4·3사건과 6·25전쟁 등 격동의 세월을 역사와 함께 보내고 나라가 어느 정도 안정을 되찾게 되자, 다시 중창 불사하여 현재 이 지역에서 보기 드물 정도의 사찰 면모를 갖추고 오늘에 이르고 있다.",Unknown,064-764-0316,상시 개방,무료,가능,연중무휴,있음,Unknown,입장료: 무료 | 화장실: 있음,50,130,HS,역사관광,HS03,종교성지,HS030100,불교,80,0,70,90,20,0,,,15,15,30,blend,0.8092,0.625,0.1813,0.85,blend
598187,12,관광지,선녀와나무꾼,제주특별자치도 제주시 조천읍 선흘리 1997,63341,126.7037135147,33.4792299475,"제주 조천읍 선흘리에 위치한 선녀와 나무꾼은 옛 추억을 회상할 수 있는 실내 테마 공원이다. 옛 서울역의 모습을 재현한 건물로 들어서면 다양한 테마의 건물 모형과 옛날 물건들이 전시되어 있다. 옛 장터의 모습을 재현한 거리와 고고장, 다방, 만화방 등 옛 도심, 달동네 등의 풍경을 보며 그 시절을 살아온 세대는 추억에 잠기고, 그 시절을 경험하지 못한 세대는 부모님이 살아온 삶의 모습을 짐작할 수 있다. 추억의 영화 마을에서는 옛 영화를 하루 종일 상영하고 있어 이를 무료로 관람할 수 있다. 옛 학교를 재현한 공간에서는 옛 교복을 입고 기념사진을 남기는 특별한 경험을 할 수 있어 남녀노소 모두에게 반응이 좋다. 그 밖에 닥종이 인형이 테마별로 전시된 공간과 농기구 등 민속용품이 전시된 농업박물관 등 볼거리가 끝이 없다. 굴렁쇠, 팽이, 고무줄놀이 등 추억의 놀이를 체험할 수 있는 체험관도 있고, 꿩, 토끼 닭 등을 볼 수 있는 작은 공간과 도깨비가 있는 공포의 집에서도 특별한 추억을 만들 수 있다. 실내에 조성되어 있어 날씨와 관계없이 즐길 수 있는 테마공원인 이곳은 옛 추억을 떠올리고 싶은 사람들과 새로운 추억을 쌓고 싶은 사람 모두 즐거운 시간을 보낼 수 있는 여행지이다.",https://www.namuggun.net,064-784-9001,09:00~17:30 / ※ 당일 상황 및 기상에 따라 변동될 수 있으므로 방문 시 전화문의 요망,"[개인] / - 성인 13,000원 / - 청소년, 군인, 경로 11,000원 / - 어린이 10,000원 / [단체(20명 이상)] / - 성인 10,000원 / - 군인, 경로 9,000원 / - 청소년, 어린이 8,000원 / ※ 자세한 사항은 전화문의 요망",가능,연중무휴,있음,가능,"화장실: 있음 | 입 장 료: [개인] / - 성인 13,000원 / - 청소년, 군인, 경로 11,000원 / - 어린이 10,000원 / [단체(20명 이상)] / - 성인 10,000원 / - 군인, 경로 9,000원 / - 청소년, 어린이 8,000원 / ※ 자세한 사항은 전화문의 요망",50,110,VE,문화관광,VE02,테마공원,VE020100,테마파크,20,0,90,80,70,0,,,75,60,90,blend,0.783,0.625,0.3297,0.8607,blend
2738675,12,관광지,선운정사,제주특별자치도 제주시 애월읍 구몰동길 65,63039,126.3071574318,33.4293874894,"제주의 정겨운 마을과 운치 있는 농촌 길을 걷다 보면 아름다운 모습을 한 선운정사를 마주할 수 있다. 이 사찰은 제주올레 15코스에 포함된 사찰이다. 불교문화의 전승뿐만 아니라 제주의 문화를 함께 보존하기 위해 노력하는 공간으로, 설문대할망과 오백장군 전각, 소원을 이루어주는 소원석 등 다양한 조형물을 볼 수 있다. 무엇보다 유명한 것은 바로 야경이다. 절터를 은은하게 수놓는 연꽃등과 멋진 야경을 무료로 즐길 수 있어 인기다. 해가 떨어지는 7시쯤부터 경내에 불이 하나 둘 들어오기 시작한다. 수백 개의 LED 연꽃등과 탑, 전각 등을 밝히는 조명이 경내를 채우는 차분한 경전 소리와 어우러진다. 또한 사찰 내에 제주특별자치도 문화유산자료로 지정된 ‘선운정사 석조약사여래좌상’이 있다. 선운정사 석조여래좌상은 조선시대 이래 유행한 약기인의 약사불상의 도상을 정확하게 보여주고 있으며, 통일신라시대부터 조선시대까지 시대의 복합상을 갖춘 불상이다.",https://www.visitjeju.net/kr,064-799-8588,상시 개방,무료,가능,연중무휴,있음,없음,화장실: 있음 | 주차요금: 무료 | 입 장 료: 무료 | 이용가능시설: 휴다원(기념품 판매 및 기도용품 휴게소) / 종무소(사무처),50,110,HS,역사관광,HS03,종교성지,HS030100,불교,70,0,90,90,30,0,,,30,15,45,blend,0.8545,0.875,0.1813,0.85,blend
988441,12,관광지,선임교,제주특별자치도 서귀포시 중문로105번길 37,63539,126.5547483594,33.2470559950,"선임교는 서귀포시 중문동에 있는 천제연 폭포와 중문관광단지를 이어 주는 아치형 철제다리이다. 선임교는 하늘에서 칠선녀가 내려온 다리라는 뜻으로 선녀다리, 구름다리, 칠선녀다리 등으로 부르기도 한다. 천제연의 제2단과 제3단 폭포 중간쯤에 위치한 오작교 형태의 다리이다. 다리 양쪽 옆면에 칠선녀의 전설을 살려 각각 다른 악기를 든 선녀들이 구름을 타고 하늘로 올라가는 모습이 조각된 일곱 선녀상이 있다. 야간 관광을 위해 난간 사이에 34개의 석등을 설치해 밤에는 색다른 분위기를 즐길 수 있다. 천제연 폭포를 찾는 관광객뿐만 아니라 제주 올레 8코스를 걷는 올레꾼들이 많이 찾는 관광 명소이다.",Unknown,064-738-1529,09:00~17:20 / ※ 시기별 상이하므로 자세한 사항은 전화문의 요망,"[개인] / - 일반 2,500원 / - 청소년, 어린이, 군인 1,350원 / [단체(10인 이상)] / - 일반 2,050원 / - 청소년, 어린이, 군인 850원 / ※ 자세한 사항은 전화문의 요망",가능,연중무휴,없음,가능,"입 장 료: [개인] / - 일반 2,500원 / - 청소년, 어린이, 군인 1,350원 / [단체(10인 이상)] / - 일반 2,050원 / - 청소년, 어린이, 군인 850원 / ※ 자세한 사항은 전화문의 요망 | 화장실: 없음",50,130,VE,문화관광,VE01,랜드마크관광,VE010300,다리 / 대교,70,0,80,70,40,0,,,30,15,45,category,0.7444,,0.0,0.7444,category
2774278,12,관광지,선흘2리마을,제주특별자치도 제주시 조천읍 선교로 569-36,63341,126.7142936617,33.4569075855,"제주시 조천읍에 속하는 선흘 2리는 해발고도 200m~400m의 중산간 평지에 자리한 마을이다. 선흘이란 이름은 잡풀이 우거진 넓은 돌밭, 즉 곶자왈에서 유래한 이름으로 추측된다. 마을 내에는 곶자왈 외에도 알밤 오름, 윗밤 오름, 우진 제비 오름, 거문 오름, 부대 오름, 민 오름, 부소 오름 등 다수의 오름이 분포한다. 특히 거문 오름은 유네스코가 선정한 세계 자연유산으로, 선흘 2리는 이를 보존하기 위한 세계 자연유산마을로 지정돼 다양한 생태활동이 이뤄진다. 화산섬인 제주에서만 볼 수 있는 빌레(너럭바위)와 습지가 어우러진 흐린 내 생태공원도 선흘 2리 마을의 절경으로 꼽힌다. 집들이 옹기종기 모여 앉은 마을 풍경과 계절마다 피고 지는 다양한 꽃들이 걷는 재미를 더한다.",Unknown,제주관광정보센터 064-740-6000,상시 개방,Unknown,가능,연중무휴,Unknown,없음,Unknown,50,110,VE,문화관광,VE04,도시.지역문화관광,VE040200,마을관광지,100,0,80,60,70,0,,,30,15,45,category,0.8279,,0.0,0.8279,category
127813,12,관광지,섭지코지,제주특별자치도 서귀포시 성산읍 섭지코지로 107,63642,126.9280674087,33.4302500880,"섭지코지는 코지(코지곶을 의미하는 제주 방언)라는 지명에서 알 수 있듯 코의 끄트리 모양 비죽 튀어나온 지형이다. 위치상으로는 서귀포시 성산읍 신양리 해안에 돌출되어 있다. 외지인들에게는 찾아가기가 그리 쉽지는 않은데 대개의 경우 신양리 해안 국도변에서 마을로 진입하여 이정표를 보고 콘크리트로 포장된 길을 따라가면 코지 끝에까지 이를 수 있다. 또는 서귀포 방면에서 찾아온다면, 표선 시내를 지나 약 7㎞쯤 가서 우측으로 해안 도로 표지판이 나오면 여기서 우회전하여 줄곧 바다를 끼고 정면으로 섭지코지 전경을 바라보며 달리다가 이내 신양해수욕장 백사장이 보이고 마을 앞에 이르러 우회전, 마찬가지로 콘크리트 도로를 따라가면 된다. / 특히 이곳의 유채꽃은 밝은 햇살과 푸른 바다 빛과 어울려 그 어느 곳에서보다 더욱 선명하고 고운 빛깔을 띠고 있다. 넓고 평평한 코지 언덕 위에는 옛날 봉화 불을 지피던 협자연대라는 돌로 만든 봉수대가 세워져 있는데 높이 약 4m, 가로세로 9m의 정방형으로 비교적 원형대로 보존되어 있다. 연대에서 동북 방향으로 솟아있는 봉우리는 일명 붉은오름으로, 제주말로 송이라고 하는 붉은색 화산재로 이루어진 오름인데, 정상에 서있는 하얀 등대의 모습이 노란 유채꽃밭과 오름의 붉은 흙빛, 그리고 파란 하늘빛, 바다 빛과 대비되는 또 다른 이국적인 정취를 불러일으킨다. 등대까지는 철계단이 마련되어 있어 쉽게 올라갈 수 있으며 등대 난간에 올라서면 과연 기가 막힌 섭지코지의 해안절경이 바로 코앞에 펼쳐진다.",https://www.visitjeju.net/kr,064-782-2810,상시 개방,무료,가능,연중무휴,있음,Unknown,"촬영장소: 영화.드라마 촬영지 - 단적비연수, 이재수의 난, 천일야, 올인 | 입 장 료: 무료 | 화장실: 있음",50,130,NA,자연관광,NA02,자연경관(하천‧해양),NA020800,해안절경,90,0,100,60,40,0,,,60,45,75,observed,0.8642,0.8642,1.0,0.8101,blend
2715651,12,관광지,섯알오름,제주특별자치도 서귀포시 대정읍 상모리 1618,Unknown,126.2815563372,33.2042091988,"섯알오름은 송 오름의 세 알 오름 중 서쪽에 있는 것이다. 서귀포시 대정읍 상모리에 자리 잡고 있으며 서란봉, 알오름, 난봉으로도 불린다. 섯알오름의 총면적은 약 29,094㎡이며, 둘레 704m, 높이 21m이다. / 섯알오름 꼭대기에는 일제 강점기에 설치한 고사포 진지가 있고, 그 남쪽 기슭에는 제주 4·3 사건의 아픔을 간직한 학살터가 있다. 섯알오름 서쪽에는 일제 강점기에 일본군이 이용했던 알뜨르비행장 터와 벙커(bunker)가 있다. / 일반인과 관광객이 역사 교육을 목적으로 자주 찾는 곳 중 하나이다.",http://www.visitjeju.net,제주 관광정보센터 064-740-6000,Unknown,무료,가능,Unknown,있음,Unknown,화장실: 있음 | 이용가능시설: 섯알오름예비검속희생자추모비 / 일본군탄약고 / 추모의 길 등 | 입 장 료: 무료,50,130,NA,자연관광,NA01,자연경관(산),NA010100,"산, 고개, 오름, 봉우리",80,0,60,90,30,0,,,45,30,60,blend,0.8034,0.5,0.1813,0.8706,blend
2704232,12,관광지,성불오름,제주특별자치도 제주시 구좌읍 중산간동로 2532,63355,126.8086881941,33.4594588218,"성불오름은 구좌읍 송당리에 있는 소화산체이다. 성불오름이라는 이름은 오래전 이 오름에 있었던 성불암이라는 암자에서 비롯되었다는 설과, 오름의 모습이 승려가 불공을 올리는 모습을 떠올리게 하는 데서 붙여졌다는 설이 존재한다. 넓게 펼쳐진 마목장을 지나면 오름 입구가 나오며, 탐방로가 갈려져 있는데 어느 방향으로 가더라도 한 바퀴 돌아서 만나게 이루어져 있다. 이 오름은 말굽형 분화구를 지녔는데, 남쪽 봉우리에서 북쪽 봉우리에 이르는 등성마루에 둘러싸여 동향으로 살짝 파여있다.",https://m.visitjeju.net/kr,제주관광정보센터 064-740-6000,※ 일부 통제될 수 있으므로 방문 시 전화문의 요망,무료,불가능,연중무휴,Unknown,Unknown,입 장 료: 무료,50,110,NA,자연관광,NA01,자연경관(산),NA010100,"산, 고개, 오름, 봉우리",90,0,80,30,70,0,,,60,45,75,category,0.8706,,0.0,0.8706,category
2791450,12,관광지,성산세화해안도로,제주특별자치도 제주시 구좌읍 종달리 112-1 시작점,63364,126.9065285449,33.5100909170,"제주도 동쪽 끝자락의 해안을 따라 형성된 해안도로로, 구좌읍 세화리에서 서귀포시 성산읍 성산리까지 이어진다. 총 길이는 15.8㎞로 제주도 해안도로 중 가장 길이가 길며, 아름답기로 유명해 사람들이 많이 찾는다. / 바다를 끼고 길게 이어지는 해안도로를 따라 자전거 전용도로가 마련돼 있어 드라이브를 즐기려는 관광객뿐만 아니라 자전거 타기와 하이킹을 하는 사람들도 많이 찾는다. 주변 관광지로는 외세의 침입에 대비해 조선 시대에 축조한 성곽인 별방진, 넓은 백사장과 맑은 바닷물을 자랑하는 하도해수욕장, 세화해수욕장 등이 있다.",https://www.visitjeju.net/kr,064-740-6000,상시 개방,무료,가능,연중무휴,있음,없음,"화장실: 있음 | 입 장 료: 무료 | 이용가능시설: 해수욕장, 항구, 별방진 등",50,110,NA,자연관광,NA05,기타자연관광,NA050100,기타자연관광,90,0,80,20,80,0,,,30,15,45,category,0.8465,,0.0,0.8465,category
126435,12,관광지,성산일출봉 [유네스코 세계자연유산],제주특별자치도 서귀포시 성산읍 일출로 284-12,63643,126.9415156012,33.4581111174,"해발 180m인 성산 일출봉은 약 5,000년 전 제주도 수많은 분화구 중에서는 드물게 바닷속에서 수중폭발한 화산체이다. 용암이 물에 섞일 때 일어나는 폭발로 용암은 고운 화산재로 부서져 분화구 둘레에 원뿔형으로 쌓여 있다. 원래는 화산섬이었지만 신양해수욕장 쪽 땅과 섬 사이에 모래와 자갈이 쌓여 육지와 연결이 된 것이다. 일출봉 정상에는 지름 600m, 바닥면의 높이 해발 90m에 면적이 214,400㎡나 되는 분화구가 자리한다. 예로부터 이곳 성산일출봉 정상에서 바라보는 일출 광경은 영주 10경(제주의 경승지) 중에서 으뜸이라 하였다. 넘실대는 푸른 바다 저편 수평선에서 이글거리며 솟아오르는 일출은 온 바다를 물들이고 보는 이의 마음까지도 붙잡아 놓으며 보는 이로 하여금 저절로 감탄케 한다.",https://www.visitjeju.net/kr,064-783-0959,"- 1~2월, 11~12월 06:00~18:00 (매표마감 17:00) / - 3~4월, 9~10월 05:00~19:00 (매표마감 18:00) / - 5~8월 04:30~20:00 (매표마감 19:00)","[개인] / - 어른 5,000원 / - 청소년/군인/어린이 2,500원 / [단체(10인 이상)] / - 어른 4,000원 / - 청소년/군인/어린이 2,000원 / ※ 도민 및 국가유공자, 장애인 등 증명서류 지참 시 입장료 면제 / 무료",가능,매달 첫째 주 월요일 / ※ 공휴일인 경우 다음날 휴무,있음,Unknown,"화장실: 있음 | 입 장 료: [개인] / - 어른 5,000원 / - 청소년/군인/어린이 2,500원 / [단체(10인 이상)] / - 어른 4,000원 / - 청소년/군인/어린이 2,000원 / ※ 도민 및 국가유공자, 장애인 등 증명서류 지참 시 입장료 면제 | 주차요금: 무료",50,130,NA,자연관광,NA01,자연경관(산),NA010100,"산, 고개, 오름, 봉우리",90,0,90,60,70,0,,,60,45,75,observed,0.8864,0.8864,1.0,0.8706,blend
2798131,12,관광지,성산포JC공원,제주특별자치도 서귀포시 성산읍 고성리,63641,126.9262142246,33.4548306763,"성산포 JC공원은 성산 일출봉을 한눈에 볼 수 있는 광치기해변의 연장선에 있다. 바깥쪽으로는 걷기 좋은 산책로가 있고, 안쪽으로는 잔디가 깔린 초지가 있다. 바다를 바라보는 방향으로 돌로 만든 벤치가 있어서 잠깐 앉아 쉬었다 가기 좋다. 특히 제주 올레길 1코스에 포함돼 있어 올레길을 걷는 이들에게 좋은 쉼터가 되어주는 곳이다. 공원에서 성산 일출봉으로 걷다 보면 노란색으로 물든 유채꽃밭이 있다. 개인 사유지로 유료이지만 저 멀리 보이는 성산 일출봉과의 조화가 아름다워 들러보는 것도 좋다.",Unknown,제주시 관광안내센터 064-728-3918,상시 개방,무료,가능,연중무휴,있음,Unknown,입 장 료: 무료 | 주차요금: 무료 | 화장실: 있음,50,130,VE,문화관광,VE03,도시공원,VE030500,주제공원,90,0,80,10,70,0,,,60,45,75,category,0.7901,,0.0,0.7901,category
2798703,12,관광지,성산포성당,제주특별자치도 서귀포시 성산읍 고성오조로 120,63639,126.913641954744,33.4539607740169,"성산포 성당은 1955년 공소가 설립되어 1973년 본당으로 승격된 성당이다. 이 성당은 멀리 보이는 성산 일출봉과 바다가 어우러져 우리나라에 있는 성당 중에서 가장 경치가 뛰어나다는 찬사를 받는 곳이다. 건물 외관도 독특한데, 현대식 기와지붕이 한쪽만 절개되어 가운데에 얹힌 모양을 가지고 있다. 성당 입구에서 먼저 눈에 보이는 둥근 창 모양으로 뚫린 원통 형태의 종탑 역시 특이하다. 뚫려있는 종탑 안쪽은 제주 바다를 연상하게 하는 푸른색 타일로 장식돼 있다. 올레 2코스와 가까워 여행객들이 잠시 쉬며 둘러보기 좋은 장소다.",Unknown,064-782-0500,상시 개방,무료,가능,연중무휴,Unknown,Unknown,입장료: 무료,50,130,HS,역사관광,HS03,종교성지,HS030200,기독교,80,0,90,80,20,0,,,30,15,45,blend,0.8535,0.875,0.3297,0.8429,blend
128154,12,관광지,성산포유람선,제주특별자치도 서귀포시 성산읍 성산등용로 130-21,63643,126.9345186424,33.4729843609,"섬 중의 섬 제주 우도에서 우도팔경과 세계적으로도 유명한 일출해양공원의 해안 비경을 대형 해상 유람선에 승선해서 관람해 볼 수 있다. 우리나라에서 하나밖에 없는 산호 모래 백사장인 서빈백사와 우도팔경, 갖가지 모양의 바위들과, 천연 동굴들을 감상할 수 있으며 보기만 하는 여행이 재미가 덜 하다면 씨월드 파라다이스 호에서 낚시 유람선을 타고 낚시 체험도 가능하다. 직접 낚싯대를 드리우고 짜릿한 손맛을 느껴보고, 내가 잡은 고기로 싱싱한 즉석회까지 맛볼 수 있다. 해상 유람선 관광은 제주도 여행에서 잊지 못할 추억으로 간직될 것이다.",http://www.seongsanpocruise.co.kr,064-782-0012,08:00~16:00,"- 일반 21,000원 / - 소인 16,000원 / ※ 자세한 내용은 홈페이지 참조",가능,연중무휴 (기상 악화 시 휴항),있음,Unknown,"관광코스안내: 주간명월, 용머리 바위, 후해석벽, 말뚝바위, 동안동굴, 성산일출봉, 독수리바위, 멧돼지벽화, 공룡바위 | 시설이용료: - 일반 21,000원 / - 소인 16,000원 / ※ 자세한 내용은 홈페이지 참조 | 화장실: 있음 | 내국인 예약안내: 홈페이지 사전 예약",50,130,EX,체험관광,EX07,기타체험,EX070100,유람선/잠수함관광,90,40,80,20,80,0,,,60,45,75,observed,0.8534,0.8438,0.5507,0.8651,blend
3008392,12,관광지,성읍녹차동굴,제주특별자치도 서귀포시 중산간동로 4772,63624,126.79127221088336,33.381059712535404,"성읍녹차동굴은 제주의 대표적인 천연 용암동굴 포토존이다. 동굴 안쪽에서 입구를 바라보며 촬영하면 신비롭고 몽환적인 분위기의 사진을 남길 수 있다. 성읍녹차마을 다원 내에 위치해 있어 드넓은 녹차밭 풍경과 동굴을 함께 감상할 수 있다. 주차장에서 녹차밭을 따라 15~20분 정도 걸어가면 작은 숲이 나타나고, 숲 안쪽으로 들어가면 작은 동굴이 나온다. 여기서 조금 더 들어가면 규모가 더 큰 동굴을 만날 수 있으며, 큰 동굴 안쪽에서 바깥을 향해 사진을 찍으면 독특한 색감의 사진을 담을 수 있다. 동굴은 성읍녹차마을 다원 내에 있으므로 길도우미에 ‘오늘은 녹차한잔’ 또는 ‘성읍녹차마을’을 목적지로 설정해 방문하면 된다. ‘오늘은 녹차한잔’ 카페 1층에는 녹차 기념품 숍과 족욕 체험장이 있으며, 2층에는 베이커리 카페가 운영되고 있다.",비짓제주 https://visitjeju.net,오늘은 녹차한잔 064-787-6888,09:00~17:30,무료,가능,연중무휴,Unknown,Unknown,입장료: 무료,50,130,NA,자연관광,NA03,자연생태,NA030100,동굴,80,50,90,0,40,20,,,30,15,45,observed,0.7615,0.7083,0.4512,0.8053,blend
3009659,12,관광지,성읍녹차마을,제주특별자치도 서귀포시 중산간동로 4778 녹차가공공장,63624,126.7906832086,33.3813449392,"성읍녹차마을은 녹차를 키워 생산하고 다양한 녹차 관련 상품도 만드는 다원이다. 유기물 함량이 높고 물 빠짐이 좋은 화산회토와 깨끗한 화산 암반수를 지닌 천혜의 자연 조건을 가진 제주에서 키워 만들어낸 녹차를 이용한 떡, 아이스크림 등을 판매하는 카페도 같이 운영하고 있다. 녹차를 테마로 한 카페에서는 족욕도 체험할 수 있고, 카트 체험장도 있다. 녹차마을 뒤편 숲으로 이어지는 길에는 독특한 동굴도 있는데 녹차 동굴로도 불리는 이곳은 작지만 녹차밭과 어우러진 독특한 뷰 덕분에 이색 관광지로 주목받고 있다. 한라산과 영주산을 배경으로 녹차밭 한가운데 있는 동굴에서 인생샷을 찍는 명소로 유명하기도 하다. 이모저모 구경할 거리와 즐길 거리가 있는 성읍녹차마을에 들러 끝없이 펼쳐진 푸르른 녹차 밭도 구경하며 차 한 잔의 여유도 즐길 수 있다.",성읍녹차마을 http://onulun.com / 비짓제주 https://www.visitjeju.net,064-787-2254,09:00~17:00,무료,가능,연중무휴,있음,Unknown,촬영장소: 2022년 한국관광 해외 홍보영상 BTS 필더리듬오브코리아 제주편 촬영지 | 입 장 료: 무료 | 화장실: 있음,50,130,VE,문화관광,VE04,도시.지역문화관광,VE040200,마을관광지,80,70,90,30,70,60,,,30,15,45,category,0.8279,,0.0,0.8279,category
126471,12,관광지,성읍민속마을,제주특별자치도 서귀포시 표선면 성읍리 3294,63624,126.7882138165,33.3884302280,"표선리에서 북쪽으로 8㎞쯤 가면 한라산 기슭 아래 성읍마을이 있다. 성읍리는 원래 제주도가 방위상 3현으로 나뉘어 통치되었을 때(1410-1914) 정의현의 도읍지였던 마을로서 제주도 옛 민가의 특징을 잘 간직하고 있는 곳이다. 유형·무형의 많은 문화유산이 집단적으로 분포되어 있고, 옛 마을 형태의 민속경관이 잘 유지되어 그 옛 모습을 계속 유지하고자 민속마을로 지정·보호하고 있다. 이곳에서는 옛 민가, 향교, 옛 관공서, 돌하르방, 연자방아, 성터, 비석 등의 유형 문화유산과 중산간 지대 특유의 민요, 민속놀이, 향토음식, 민간공예, 제주방언 등의 무형 문화유산이 아직까지 전수되고 있다. 천연기념물인 느티나무, 팽나무 등은 오백 년 도읍지로서의 긍지를 엿볼 수 있다. 제주 초가를 가장 잘 보존하고 있는 성읍민속마을은 실제로 제주 초가에 살고 있는 성읍리 주민들과 제주의 전통 화장실인 ‘통시’를 만나볼 수도 있다. 특히 마을 내 고목과 돌담 그리고 옛 성벽 등이 어우러진 고풍스러운 모습은 오백 년 도읍지의 역사를 그대로 보여준다.",https://www.jeju.go.kr/seongeup/index.htm,064-710-6797,상시 개방,무료,가능,연중무휴,있음,Unknown,관광코스안내: [1코스] / 남문 → 밀방아 → 고평오 고택 → 객주집 → 객사 → 공방체험 → 근민헌 → 느티나무 및 팽나무군 → 정의향교 → 남문 / [2코스] / 남문 → 밀방아 → 고평오 고택 → 대장간집 → 방죽 → 객주집 → 한봉일 고택 → 공방체험 → 근민헌 → 느티나무 및 팽나무군 → 정의향교 → 고창환 고택 → 객사 → 남문 / [전체관람] / 남문 → 고평오 고택 → 방죽 → 정의현객사 → 느티나무와 팽나무 → 일관헌 → 고창환 고택 → 정의향교 → 한봉일 고택 → 남문 | 이용가능시설: 숙박시설(민박) / 음식점 등 | 입 장 료: 무료 | 화장실: 있음 | 한국어 안내서비스: 문화관광해설사 예약 가능 (064-787-7914),50,130,HS,역사관광,HS01,역사유적지,HS010600,민속마을,70,40,90,100,60,10,,,30,15,45,category,0.7874,,0.0,0.7874,category
2606298,12,관광지,성이시돌목장,제주특별자치도 제주시 한림읍 산록남로 53,63021,126.3267463901,33.3501687835,"성이시돌목장은 아일랜드인 맥글린치(한국명 임피제) 신부님이 1954년 제주 한림지역에 부임하면서 가난한 지역민을 돕기 위한 가축은행을 열면서 시작되었다. 1961년 정식으로 중앙 실습 목장을 열고 축산업 교육과 함께 양돈, 면양, 비육우 및 낙농사업을 펼쳤으며 현재는 경주마와 젖소를 주로 사육하여 유수의 경주마와 유기농 우유를 생산하여 그 수익을 여러 복지사업에 사용하고 있다. 넓은 초지와 오랜 역사를 상징하는 ‘테쉬폰’ 등 근대건축물이 어우러져 이국적인 풍광을 즐길 수 있고, 목장의 우유를 이용한 카페와 신앙을 주제로 한 산책로와 공원 등을 방문할 수 있다.",https://www.visitjeju.net,064-796-0396,상시 개방 (카페 우유부단 10:00~18:00),무료,가능,"연중무휴 / (단, 카페 우유부단 공휴일 휴무)",Unknown,없음,입 장 료: 무료,50,110,EX,체험관광,EX03,농.산.어촌 체험,EX030200,체험목장,80,60,80,60,50,10,,,30,15,45,observed,0.7875,0.7875,0.9997,0.7738,blend
126436,12,관광지,성판악,제주특별자치도 제주시 조천읍 516로 1865,63345,126.6203951135,33.3848945984,"성판악은 한라산 국립공원의 성판악 등산로 주변에 위치하는 오름으로 한라산 동쪽 산록에서 가장 규모가 큰 단성화산이다. 단성화산은 일회의 분화 활동을 통해 형성되는 소형 화산체로서 제주에서는 오름으로 불린다. 성판악이라는 명칭은 산 중턱에 암벽이 널 모양으로 둘려 있는 것이 성벽처럼 보여 성널오름 또는 한자어로 성판악이라고 하게 됐다. 성판악은 전체가 삼림으로 덮여있으며 주변으로 성널계곡 등 크고 깊은 계곡이 발달해 있다. 제주시와 서귀포시를 잇는 5·16 도로의 중간 지점 가장 높은 곳에 성판악 휴게소가 있는데, 이곳은 한라산으로 오르는 등산로 중이 하나로 성판악이 시작되는 곳이다. 한라산 동쪽 코스인 성판악탐방로는 관음사탐방로와 더불어 한라산 정상인 백록담을 오를 수 있는 탐방로이며 한라산탐방로 중 가장 긴 코스이다. 정상까지 대체로 완만한 경사를 이루지만 왕복 9시간 정도 소요되기 때문에 체력 안배에 신경을 써야 한다. 성판악탐방로는 한라산탐방로 예약시스템에서 사전예약을 해야 탐방이 가능하다.",https://www.jeju.go.kr/hallasan,한라산국립공원관리소 064-725-9950,[하절기(4월~9월)] 05:00~12:30 / [동절기(10월~3월) 05:00~11:30 / ※ 자세한 사항은 전화문의 요망,무료,가능,연중무휴,있음,없음,"입산통제 기간: [성판악탐방로] 입산통제시간 : 하절기(5월~6월, 7월~8월) 탐방로 입구 13:00부터 입산통제, 진달래밭통제소 13:00부터 정상등반 통제 / 동절기(11~2) 입산시간 06:00부터, 성판악탐방로 입구 안내소 12:00부터 입산통제, 진달래밭통제소 12:00부터 정상탐방 통제, 정상(백록담) 13:30하산 / 가을철 등산로 통제구간 안내 http://hiking.kworks.co.kr/sub_map/map_user01.aspx | 등산로: 성판악탐방로 (진달래밭 3시간, 정상 4시간 30분) 9.6Km / 성판악 탐방안내소 - 속밭 대피소 - 사라오름입구 - 진달래밭 - 정상(동능) | 입 장 료: 무료 | 화장실: 있음",50,130,NA,자연관광,NA01,자연경관(산),NA010100,"산, 고개, 오름, 봉우리",90,0,80,60,80,0,,,60,45,75,observed,0.8914,0.9167,0.4512,0.8706,blend
3097814,12,관광지,세기알해변,제주특별자치도 제주시 구좌읍 김녕리 1200-5,63357,126.7563000000,33.5577000000,"JTBC 〈웰컴투 삼달리〉 드라마 촬영지로 유명해진 세기알해변은 제주 김녕리에 위치한 바다이다. 빨간 등대와 풍력발전기, 에메랄드빛의 바닷물이 어우러져 그림과 같은 풍경을 자아낸다. 썰물 때면 넓은 하얀 모래사장이 펼쳐지며, 수심이 얕고 파도가 높지 않아 아이들이 놀기에 좋다. 또 세기알해변은 스노클링 명소로 인기가 많으며, 패들보드와 요트 등 다양한 수상레포츠를 즐기는 사람들도 많다. / 세기알해변 옆 방파제를 따라 이동하면 작은 포구가 나오는데, 예로부터 유명한 이 포구는 ‘지픈개’, ‘세개’, ‘세기알’ 등의 지명으로도 알려져 있다. 포장도로가 생기고 방파제가 축조되면서 옛 포구의 모습은 거의 사라졌지만 지명은 그대로 남아 오랜 역사를 전하고 있다.",비짓제주 https://www.visitjeju.net,제주관광정보센터 064-740-6000,상시 개방,무료,가능,연중무휴,Unknown,Unknown,입장료: 무료,50,110,NA,자연관광,NA02,자연경관(하천‧해양),NA020900,해변. 해수욕장,90,0,90,50,80,0,,,120,90,150,observed,0.9004,0.9013,0.9776,0.8632,blend
2781386,12,관광지,세천포구,제주특별자치도 서귀포시 남원읍 위미리 799-2,63610,126.6741708395,33.2696137381,"세천 포구는 서귀포시 남원읍 위미리에 있는 아주 작은 포구다. 위미리는 마치 소가 누워있는 형상을 보인다고 하여 이름 붙여졌으며, 마을은 그 꼬리 부분에 자리 잡고 있어 우미라고 불렸다. 위미리의 세천 포구는 곤냇골개라고도 불리는데, 곤내는 가는 내, 골은 마을을 일컫고 개는 포구를 의미한다. 보말이 많이 잡히고, 아름다운 풍광과 잔잔한 물살로 낚시꾼과 사진을 취미로 하는 이들이 종종 찾는 곳이다.",Unknown,제주관광정보센터 064-740-6000,상시 개방,무료,가능,연중무휴,Unknown,Unknown,입 장 료: 무료,50,130,NA,자연관광,NA02,자연경관(하천‧해양),NA020700,항구/포구,80,0,80,30,50,0,,,60,45,75,category,0.849,,0.0,0.849,category
3498094,12,관광지,세화리 농어촌체험휴양마을,제주특별자치도 제주시 구좌읍 세평항로 46-9,63361,126.85603220698485,33.526991970150945,"제주특별자치도 제주시 구좌읍에 위치한 세화리 농어촌체험휴양마을은 2023년 세계관광기구 UNWTO에서 세계 관광 최우수 마을로 지정한 마을로, 세계인류무형문화유산인 해녀와 국가중요농업유산 밭담이 있는 마을이다. 세화마을 주민 494명이 조합원으로 가입한 대한민국 최대 규모의 세화마을협동조합 주최 하에 '세계인류무형유산 해녀투어', '오름의 여왕 다랑쉬오름 웰니스 투어', '양PD와 함께하는 세화마을 투어', '해녀 바당식탁', '세화마을 3박 4일 살기 프로그램' 등 다양한 프로그램이 진행되고 있는 곳이기도 하다. 특히, 세화마을은 질그랭이 거점 센터가 있어 워케이션의 성지로도 유명하며, 방문자를 위한 마을 호텔도 운영 중이다.",http://sehwamaeulcoop.com,064-783-2009,09:00~17:00※ 프로그램별로 상이하므로 자세한 사항은 홈페이지 참조,"[개인]- 세계인류무형유산 해녀투어 45,000원- 오름의 여왕 다랑쉬오름 웰니스 투어 35,000원- 양PD와 함께하는 세화마을 투어 20,000원- 해녀 바당식탁 75,000원- 세화마을 3박 4일 살기 프로그램 200,000원- 해녀마을 스테이 in 세화 290,000원[단체(10인 이상)]- 세계인류무형유산 해녀투어 35,000원- 오름의 여왕 다랑쉬오름 웰니스 투어 25,000원",가능 (약 소형 30대 / 대형 5대)요금 (무료),매월 1일,Unknown,Unknown,"시설이용료: [개인]- 세계인류무형유산 해녀투어 45,000원- 오름의 여왕 다랑쉬오름 웰니스 투어 35,000원- 양PD와 함께하는 세화마을 투어 20,000원- 해녀 바당식탁 75,000원- 세화마을 3박 4일 살기 프로그램 200,000원- 해녀마을 스테이 in 세화 290,000원[단체(10인 이상)]- 세계인류무형유산 해녀투어 35,000원- 오름의 여왕 다랑쉬오름 웰니스 투어 25,000원",50,110,EX,체험관광,EX03,농.산.어촌 체험,EX030100,체험마을,80,50,80,90,90,10,,,30,15,45,category,0.7753,,0.0,0.7753,category
1621077,12,관광지,세화해수욕장,제주특별자치도 제주시 구좌읍 세화길 (구좌읍),63361,126.861237,33.525289,"제주올레 20코스를 걷다 보면 세화민속오일장과 해녀박물관 사이에 작은 해변인 세화해수욕장을 만날 수 있다. 구좌읍 세화리에 위치한 이 해변은 정식 해수욕장도 아니고 규모도 크지 않지만, 맑고 파란 바다를 선물해 준다. 물이 빠지면 드러나는 하얀 모래와 검은 현무암이 에메랄드빛 바다와 아름다운 조화를 이루는 곳이다. 제주의 많은 해변 중에서도 작은 세화해수욕장이 널리 알려진 것은 벨롱장과 세화민속오일장 덕분이다. 동부지역에서 가장 규모가 큰 오일장이자 바닷가 바로 옆에서 열리는 이 오일장엔 매 5일마다 도민들의 삶을 엿볼 수 있는 풍경이 펼쳐진다.",https://www.visitjeju.net/kr,064-728-7783,상시 개방,무료,가능,연중무휴,있음,Unknown,입장료: 무료 | 화장실: 있음,50,110,NA,자연관광,NA02,자연경관(하천‧해양),NA020900,해변. 해수욕장,90,20,90,40,50,40,,,30,15,45,observed,0.8897,0.8897,1.0,0.8632,blend
1945578,12,관광지,소남머리,제주특별자치도 서귀포시 칠십리로 145 (서귀동),63596,126.5689416339,33.2443787372,"소남머리는 서귀포시 송산동 해안에 있는 화산활동으로 형성된 주상절리 절벽으로 소낭머리라고도 부른다. 형상이 소의 머리를 닮아 소남머리라고 부르기도 하고, 또는 그 부근에 소나무가 많이 자생하여 부르게 된 지명이라는 설도 있는데 머리는 동산이라는 뜻이다. 이곳은 화산활동으로 형성된 절벽이다 보니 용천수가 흘러나오는데 이곳을 담수욕장이라는 야외노천탕으로 쓰고 있으며 바다, 숲, 개울 3가지가 한 곳에 있다. 근처에 가볼 만한 곳으로는 정방폭포와 서복전시관이 있고, 소남머리와 한 코스로 묶어 탐방하기 좋다.",https://www.visitjeju.net,제주시 관광안내센터 064-740-6000,상시 개방,무료,가능,연중무휴,있음,없음,화장실: 있음 | 입 장 료: 무료,50,130,NA,자연관광,NA02,자연경관(하천‧해양),NA020800,해안절경,90,0,90,30,70,0,,,30,15,45,blend,0.7903,0.75,0.3297,0.8101,blend
3553979,12,관광지,소라의성,제주특별자치도 서귀포시 칠십리로214번길 17-17 (동홍동),63599,126.57695532118301,33.24517918333078,소라의성은 서귀포시 동홍동에 있는 건축물로 단순하면서도 곡선의 아름다움이 살아있다. 소정방폭포 인근의 해안 절벽에 지어져 있어 절경을 감상할 수 있는 곳이다. 건축물 이름에서 유추할 수 있듯이 소라의 모양을 본떠 만들었고 1969년에 지어졌다. 설계자는 미상이나 학계 등의 다수 의견에 따르면 김중업의 작품으로 추정되고 있다. 현재 서귀포시에서 북카페로 운영하고 있으며 내부에서는 사진 및 그림 기획 전시를 열기도 한다. 카페 한쪽이 통유리로 되어있어 제주 해변을 감상하며 커피를 즐길 수 있다. / (출처 : 비짓제주 홈페이지),비짓제주 https://www.visitjeju.net/kr,064-732-7128,[1층]- 상시 개방[2층]- 09:00~18:00- 준비시간 12:00~13:00,무료,가능,연중무휴,있음,Unknown,입장료: 무료 | 주차요금: 무료 | 화장실: 있음,50,130,VE,문화관광,VE01,랜드마크관광,VE010100,건물,70,60,80,70,20,0,,,30,15,45,observed,0.765,0.75,0.4512,0.7774,blend
598696,12,관광지,소머리오름(우도봉),제주특별자치도 제주시 우도면 연평리 산23,63365,126.9651405598,33.4915605829,"제주시 구좌읍 종달리에서 조금 떨어진 우도(소섬)는 유인도로 소가 머리를 들고 누워있는 형태를 띠고 있다. 머리에 해당하는 부분을 소머리오름이라 하며, 우도 주민들은 섬머리로 통한다. 성산항에서 우도 동천진항까지 도항선이 운행되고 있으며 시간은 약 15분 소요된다. 오름의 남동 사면은 곧바로 해안단애를 이루며 바다로 내리지르고, 북사면은 용암유출에 의해 파괴된 형태로 완만한 용암대지의 우도마을로 이어져 있어 오름이 곧, 섬 그 자체인 셈이다. 소머리오름은 응회환의 수중 분화구이며 화구 안사면에는 저수지와 함께 병풍처럼 둘러쳐진 화구륜을 확인할 수 있고, 화구 중앙에 소위 알오름이라고 하는 화구구(火口丘)인 망동산이 솟아있다.",http://www.visitjeju.net,제주관광정보센터 064-740-6000,상시 개방,무료,가능,연중무휴,Unknown,Unknown,입 장 료: 무료,50,110,NA,자연관광,NA01,자연경관(산),NA010100,"산, 고개, 오름, 봉우리",100,0,90,20,20,0,,,30,15,45,observed,0.8906,0.8917,0.9502,0.8706,blend
2707930,12,관광지,소인국테마파크,제주특별자치도 서귀포시 안덕면 화순서동로 347,63522,126.33207574662586,33.28158936731043,"야외전시관의 쇼나조각상길을 따라 거닐고 바이올린 켜는 공룡을 만나고 인생샷을 남길 수 있으며 플라워 존을 지나 키즈존이 있는데 이곳에서 아이들과 휴식을 취할 수 있다. 별관에 들려 오락도 하고 아이스크림을 먹으면서 정원을 둘러보거나 송악산, 산방산, 단산, 군산의 정자에서 휴식을 취하며 그네를 탈 수 있다. 또한, 여름에는 수국을 겨울에는 동백을 만날 수 있는 동백 아모르가 위치해 있고 무료로 운행되는 통통열차를 타고 즐겁게 둘레길을 둘러볼 수 있다.",https://soingook.com,064-794-5400,09:00~18:00 (입장 마감 17:00),"- 성인 12,000원- 청소년 9,000원- 어린이·군인·경로·장애인 7,000원※ 무료 : 36개월 이한 소아※ 자세한 사항은 홈페이지 참조",가능,연중무휴,Unknown,Unknown,"입장료: - 성인 12,000원- 청소년 9,000원- 어린이·군인·경로·장애인 7,000원※ 무료 : 36개월 이한 소아※ 자세한 사항은 홈페이지 참조",50,130,VE,문화관광,VE02,테마공원,VE020100,테마파크,80,20,90,40,80,0,,,120,90,150,category,0.8607,,0.0,0.8607,category
129405,12,관광지,소정방폭포,제주특별자치도 서귀포시 칠십리로214번길 17-17 (동홍동),63599,126.5769659202,33.2452065509,"소정방폭포는 제주도 서귀포시 제주올레 6코스에 있는 폭포이다. 소정방이라는 말은 정방폭포 옆의 작은 폭포라는 의미로 정방 폭포의 동쪽 570m 지점에 있다. 대한민국 폭포 중 정방폭포와 같은 해안 폭포로 육지에서 곧바로 바다로 연결되어 낙수가 떨어진다. 폭포의 높이가 낮고 물이 워낙 차가워 주변 주민들의 물맞이 장소로 인기가 있다. / 제주에는 백중날(음력 7월 15일) 차가운 물을 맞으면 일 년 동안 무사 건강하다는 풍속이 있어 백중날 물맞이 장소로도 사랑받는다. 아담한 물줄기가 친근한 느낌을 주며 이곳에서 보는 서귀포 앞 바다의 야경은 가히 일품이다. 소라의성과 소정방굴이 이웃해 있으며, 주변에 있는 정방폭포와 함께 관광하길 추천한다.",https://www.visitjeju.net,064-733-1530,상시 개방,무료,가능,연중무휴,있음,Unknown,화장실: 있음 | 주차요금: 무료 | 입 장 료: 무료,50,130,NA,자연관광,NA01,자연경관(산),NA010300,폭포,90,0,80,50,60,0,,,30,15,45,observed,0.9453,0.9688,0.7981,0.8525,blend
2781401,12,관광지,소천지,제주특별자치도 서귀포시 칠십리로485번길 2 (보목동),63599,126.6027220992,33.2417795599,보목 해안가에 있는 관광지로 마치 백두산 천지의 모습을 축소해 놓은 모습을 닮았다고 하여 소천지라 불린다. 소천지는 지도상에 검색해도 찾기 힘들고 뚜렷한 표지판도 없어 아는 사람만 아는 잘 알려지지 않은 숨겨진 명소였지만 제주 올레길을 점점 많은 이들이 찾으면서 제주올레 6코스에 포함되어 있는 소천지도 자연스럽게 유명해졌다. 이곳엔 1 급수에서만 산다는 생물들도 쉽게 찾을 수 있을 정도로 물이 맑고 화산활동과 같은 흔적들이 고스란히 남겨져있어 학술적 연구 가치가 있는 곳으로도 인정받고 있다. / (출처 : 제주 문화관광 홈페이지),Unknown,064-740-6000,상시 개방,무료,가능,연중무휴,없음,Unknown,화장실: 없음 | 입 장 료: 무료,50,130,NA,자연관광,NA02,자연경관(하천‧해양),NA020800,해안절경,100,0,90,40,50,0,,,30,15,45,observed,0.7734,0.7721,0.9666,0.8101,blend
3071744,12,관광지,속골유원지,제주특별자치도 서귀포시 호근동 1645,63569,126.5262315324,33.2405340402,속골유원지는 서귀포여고 옆 호근동 바닷가 근처에 있으며 이곳에 가면 울창한 숲과 함께 수량이 매우 풍부하고 바다까지 이어진 깊은 계곡을 만날 수 있다. 계곡 주변에는 숲속을 거닐 수 있는 탐방로가 있으며 탐방로 주변에는 사람들이 쉬어갈 수 있도록 벤치와 팔각정 등이 설치되어 있다. 시원한 계곡에서 서귀포 바다와 범섬을 바라보는 풍경과 그 주변의 길게 뻗은 야자수들은 이국적인 느낌을 준다. 물이 깊지 않은 곳에서는 아이들이 물놀이를 할 수 있고 계곡 하류에는 계곡을 건널 수 있는 조그마한 돌다리가 있다. 이곳은 관광객보다는 서귀포 주민들만 찾던 제주도의 숨겨진 명소이다. 여름철 마을 단체에서 운영하는 시원한 계곡에 발을 담그고 바다를 바라보며 백숙을 먹을 수 있는 곳으로 유명하다. 속골은 제주 올레길 7코스와 이어지니 바다를 바라보며 잘 정비된 산책길을 거니는 것도 좋을 듯하다.,Unknown,제주시 관광정보센터 064-740-6000,상시 개방,무료,가능,연중무휴,있음,Unknown,화장실: 있음 | 입 장 료: 무료,50,130,VE,문화관광,VE03,도시공원,VE030500,주제공원,90,60,80,20,60,0,,,30,15,45,blend,0.7975,0.8125,0.3297,0.7901,blend
1945394,12,관광지,손지오름,제주특별자치도 제주시 구좌읍 종달리 산 52,63354,126.8195400994,33.4564732156,"손지오름은 제주시 구좌읍 종달리에 위치한 오름이다. 이 오름은 한라산의 축소판 같은 생김새 때문에 한라산의 손자라는 의미로 손지오름이라고 불린다. 손지는 손자의 제주식 표현이며, 이 외에 손자봉, 손지악이란 이름도 같이 쓰인다. 손지오름은 따라비오름, 큰사슴이오름과 함께 가을철 억새가 아름다운 3대 오름에 손꼽힌다. 화구 능선에 오르기 위해서는 빽빽하게 들어선 억새 숲을 헤쳐 가야 한다. 억새가 한 방향으로 눕혀져 있는 것은 앞선 사람들이 만들어 놓은 길이다. 길은 여러 갈래로 흩어져 있지만 모두가 정상을 향하고 있다. 손지오름의 볼거리는 억새 군락이나 시원한 오름 조망만이 아니다. 남쪽 알봉 아래로는 광활한 목장 지대가 자리하고 있다. 이곳의 초지는 자연적으로 형성된 것이어서 방목된 소들은 홀로 봉우리에 오르기도 하고 때론 떼를 지어 평지를 활보한다. 손지오름에서 바라본 목가적인 풍경은 제주의 가을 정서와 매우 잘 어울린다.",http://www.visitjeju.net,제주관광정보센터 064-740-6000,※ 일부 통제될 수 있으므로 방문 시 전화문의 요망,무료,불가능,연중무휴,Unknown,Unknown,입 장 료: 무료,50,110,NA,자연관광,NA01,자연경관(산),NA010100,"산, 고개, 오름, 봉우리",100,0,90,20,70,0,,,60,45,75,category,0.8706,,0.0,0.8706,category
2836910,12,관광지,송당무끈모루,제주특별자치도 제주시 비자림로 1661-13,63355,126.7718717118,33.4567748088,"송당무끈모루는 송당리 비자림로에 있다. 모루는 산마루 할 때 마루 즉 작은 언덕을 뜻하지만, 지금은 특별히 경사나 구릉을 느낄 수 없다. 이 장소에 안도르 카페가 생기며 사진 스폿으로 알려지기 시작했다. 나무 사이로 넓은 초록 들판이 보이고, 멀리 삼나무숲과 오름을 배경으로 사진을 찍으면 분위기 있는 장면을 연출할 수 있다. 시외버스를 타면 바로 앞까지 갈 수 있어 뚜벅이 여행자들도 접근이 쉬우며 사진 스폿에는 주말에 줄 서는 사람이 많다. 근처 비밀의 숲으로 유명해진 안돌오름과 묶어 사진을 찍으러 오는 여행자가 많다. 근처 함께 방문하기 좋은 여행지로 아부오름, 비자림, 안돌오름 등이 있다.",Unknown,송당리사무소 064-783-4093,상시 개방,무료,불가능,연중무휴,Unknown,Unknown,입장료: 무료,50,110,NA,자연관광,NA01,자연경관(산),NA010200,숲,80,10,90,0,20,0,,,30,15,45,observed,0.8319,0.8295,0.8892,0.8516,blend
1945592,12,관광지,송아오름,제주특별자치도 제주시 한경면 용금로 545,63004,126.2381599336,33.3372049375,"송아오름은 제주시 한경면 조수리 한양동 사거리 남쪽 도로변에 있으며 완만한 사면의 등성마루는 심한 침식을 받아 원래의 형태를 정확히 파악할 수는 없으나 화구 남쪽이 터진 말굽형 분화구로 추정된다. 오름 전사면은 해송이 숲을 이루고 있으며 동쪽 기슭 도로변에는 예전에 식수로 이용했던 것으로 보이는 못이 있고 못가에는 수령이 백여년 이상으로 추정되는 팽나무 등 노거수목 2그루가 서 있다. 오름에 해송이 많아서 한자로 송악, 송화악이라고 표기하고 있는 것으로 보아 송아오름은 이에 비롯된 이름인 듯하다. 그러나 일부 사람들은 송아지 형체를 하고 있다 하여 송아오름이라 부른다고 한다.",Unknown,제주시청 녹색환경과 064-728-3123,상시 개방,Unknown,불가능,연중무휴,없음,Unknown,화장실: 없음,50,110,NA,자연관광,NA01,자연경관(산),NA010100,"산, 고개, 오름, 봉우리",90,0,80,20,40,0,,,60,45,75,category,0.8706,,0.0,0.8706,category
126672,12,관광지,송악산,제주특별자치도 서귀포시 대정읍 송악관광로 421-1,63512,126.2903,33.1989,"송악산은 한라산처럼 웅장하거나 산방산처럼 경치가 빼어나지는 않지만 송악산 정상에 오르면 앞으로 가까이 보이는 최남단의 마라도와 가파도, 형제섬, 우뚝 솟은 산방산, 멀리 보이는 한라산, 그리고 태평양 바다를 볼 수 있다. 송악산은 여러 개의 크고 작은 봉우리들이 모여 이루어져 있다. 주봉을 중심으로 하여 서북쪽은 넓고 평평한 초원지대이고 서너 개의 봉우리가 있다. 주봉에는 분화구가 있는데 그 속에는 아직도 검붉은 화산재가 남아 있다. 그리고 바닷가 해안 절벽에는 일제 때 일본군이 뚫어 놓은 동굴이 여러 개 있어 지난날의 아픈 역사를 말해주고 있다. 송악산 아래 해안은 감성돔이나 뱅에돔, 다금바리가 많이 잡히는 낚시터로도 유명하다.",Unknown,서귀포시청 기후환경과 064-760-2917,상시 개방,무료,가능,연중무휴,있음,Unknown,입장료: 무료 | 화장실: 있음,50,130,NA,자연관광,NA01,자연경관(산),NA010100,"산, 고개, 오름, 봉우리",90,0,90,50,70,0,,,60,45,75,observed,0.8806,0.8807,0.9877,0.8706,blend
2765245,12,관광지,송악산 진지동굴,제주특별자치도 서귀포시 대정읍 상모리 238,Unknown,126.2935109685,33.1991210589,"송악산 해안 절벽에 있는 인공 동굴로, 1945년 초 일본군이 연합군의 공격에 대비하거나 중국 침략을 목적으로 구축해 둔 동굴이다. 송악산 해안 절벽을 훼손해 가며 모두 15개의 인공 동굴을 뚫었고, 제주도민들을 강제 동원한 곳이기도 하다. 동굴 너비는 3~4m, 길이는 20여 m로 우리나라에서는 쉽게 찾아볼 수 없는 일제 강점기 군사시설이다. 동굴 안쪽에서 바라보면 희미하게 형제섬이 보이는데, 바라보는 위치에 따라 두 개에서 네 개, 열 개로 쪼개지는 신기한 모습을 보여준다. 최근엔 붕괴 위험으로 접근이나 동굴 입장이 금지된 상태이다.",https://www.visitjeju.net/kr,제주 관광정보센터 064-740-6000,상시 개방,무료,가능 / 요금 (무료),연중무휴,Unknown,Unknown,입 장 료: 무료,50,130,NA,자연관광,NA03,자연생태,NA030100,동굴,30,0,40,80,10,0,,,30,15,45,manual_override,0.8053,,0.0,0.8053,category
3013283,12,관광지,송악산둘레길,제주특별자치도 서귀포시 대정읍 상모리 245,63508,126.28931,33.204334,"송악산둘레길은 99개의 작은 봉우리가 모여있는 송악산(높이 104m 오름)을 둘러싼 순환구조의 둘레길이다. 가파도(해발고도가 가장 낮은 섬)와 형제섬, 쾌청한 날에는 마라도(국토 최남단)까지 훤히 보이는 이곳은 세계적으로 유래가 적은 이중 분화구가 존재하는 장소로, 화산학적 가치가 높은 산이다. 송악산둘레길은 총 길이 2.8㎞로 송악산 분화구를 중심으로 원을 그리면서 걷는 코스이다. 완만한 길이 연속되어 험하지 않고 바다 냄새를 느끼며 누구나 쉽게 오를 수 있어 어린이를 포함한 가족과 반려동물이 동반하여 산책하기 좋다. 송악산둘레길 입구에는 마라도로 가는 배 선착장이 있다.",https://www.visitjeju.net,제주관광정보센터 064-740-6000,상시 개방,무료,가능,연중무휴,있음,Unknown,입장료: 무료 | 주차요금: 무료 | 화장실: 있음,50,130,VE,문화관광,VE04,도시.지역문화관광,VE040300,둘레길,90,0,80,70,70,0,,,60,45,75,observed,0.8702,0.8704,0.9955,0.8279,blend
2765237,12,관광지,송악산전망대,제주특별자치도 서귀포시 대정읍 상모리 2-13,Unknown,126.2943831374,33.1981045181,"99개의 작은 봉우리가 모여 있다고 하여 99봉이라고도 불리는 송악산에는 3개의 전망대가 있어 주변의 빼어난 경치를 감상할 수 있다. 특히, 마라도와 가파도, 형제섬 그리고 한라산과 해안을 따라 펼쳐진 주변 경관을 감상할 수 있어 관광객들이 많이 찾는 곳이다. 전망대를 향해 오르다 보면 일제 강점기 일본군의 군사기지를 위해 만들어 놓은 인공 동굴들도 볼 수 있다. 넓은 평지와 계단이 번갈아 있어 산책 삼아 해안을 내려다보면서 한 바퀴 둘러보기에도 좋다.",Unknown,제주관광정보센터 064-740-6000,상시 개방,무료,가능,연중무휴,Unknown,Unknown,입 장 료: 무료,50,130,VE,문화관광,VE01,랜드마크관광,VE010200,타워 / 전망대,80,0,90,40,70,0,,,30,15,45,category,0.7774,,0.0,0.7774,category
129617,12,관광지,쇠소깍,제주특별자치도 서귀포시 쇠소깍로 104 (하효동),63600,126.6224173342,33.2542757170,"제주도 서귀포시 하효동에 있는 쇠소깍은 원래는 소가 누워있는 형태라 하여 쇠둔이라는 지명이었는데, 효돈천을 흐르는 담수와 해수가 만나 깊은 웅덩이를 만들고 있어 ‘쇠소깍’이라고 붙여졌다. 쇠는 소, 소는 웅덩이, 깎은 끝이라는 의미를 담고 있다. 쇠소는 용암이 흘러내리면서 굳어져 형성된 계곡 같은 골짜기로 이름만큼이나 재미나고 독특한 지형을 만들고 있다. 쇠소깍은 서귀포칠십리에 숨은 비경 중 하나로 깊은 수심과 용암으로 이루어진 기암괴석과 소나무숲이 조화를 이루면서 아름다운 풍광을 연출한다. 쇠소깍이 위치한 하효동은 한라산 남쪽 앞자락에 자리 잡고 있어 감귤의 주산지로 유명하여 마을 곳곳에 향긋한 감귤 냄새가 일품이다. 주변에는 주상절리대와 중문해수욕장, 천제연 폭포 등 유명한 관광지가 많아 함께 둘러보기에 좋다.",https://www.visitjeju.net,064-732-1562,상시 개방,무료,가능,연중무휴,있음,Unknown,입 장 료: 무료 | 화장실: 있음 | 주차요금: 무료,50,130,NA,자연관광,NA01,자연경관(산),NA010400,계곡,90,10,90,20,40,0,,,60,45,75,observed,0.826,0.826,1.0,0.835,blend
3015632,12,관광지,쇠소깍산물관광농원,제주특별자치도 서귀포시 남원읍 하례로 90,63613,126.62470544688196,33.2578722425109,"쇠소깍산물관광농원은 제주도 동쪽의 대표적인 관광지 쇠소깍 바로 옆에 있다. 산물이란 글자 그대로 산과 물을 의미한다. 한의사 원장님이 운영하는 한라봉 하우스 안의 이색 박물관과 빈티지 카페로 쇠소깍 근처를 지나간다면 한 번쯤 들러볼 만한 곳이다. 입구 주변으로 넓은 길가에 주차를 하고 내부 관람이 가능하다. 입구에 들어서면 앞마당에 다양한 제주 볼거리와 예쁜 꽃과 조형물을 배경으로 제주관광기념사진을 찍기 좋다. 농원에는 모루박물관, 농기구 박물관, 제주 전통 고재, 온실 카페, 감귤 체험, 아치터널 등 볼거리, 즐길 거리뿐만 아니라 공간 구석구석 레트로 감성 포토존이 가득해 기억에 남는 콘셉트 사진 찍기는 물론 과거 어린 시절의 향수를 듬뿍 느낄 수 있다. 한라봉, 천혜향 생과일주스와 제주 토종 유자로 만든 제주 댕유자차 등 제주도 다운 음료를 제공한다.",https://sanmool-jeju.co.kr,0507-1449-9957,09:00~18:00 (입장 마감 17:30),"- 입장료(음료 구매 시 무료) 7,000원 / - 한라봉 따기 체험 12,000원 / - 노지귤 따기 체험 10,000원 / ※ 자세한 사항은 홈페이지 참조 및 전화 문의 요망",가능,연중무휴,있음,Unknown,"시설이용료: - 입장료(음료 구매 시 무료) 7,000원 / - 한라봉 따기 체험 12,000원 / - 노지귤 따기 체험 10,000원 / ※ 자세한 사항은 홈페이지 참조 및 전화 문의 요망 | 화장실: 있음",50,130,EX,체험관광,EX03,농.산.어촌 체험,EX030300,체험농장,40,50,90,70,80,10,,,30,15,45,observed,0.7097,0.6562,0.5507,0.7753,blend
3015608,12,관광지,수망리 마흐니숲길,제주특별자치도 서귀포시 남원읍 수망리 산203,63615,126.658416,33.379987,"수망리 마흐니숲길은 물영아리오름(세계 람사르 습지) 맞은편 탐방로에서부터 마흐니오름 정상까지 편도 5.3㎞의 숲길이다. 입구부터 펼쳐지는 풍경은 평지가 대부분이지만 간혹 오르막도 있다. 총 10㎞ 조금 넘으니 중간에 쉴 때 마실 물이나 음식을 싸고 가는 것을 추천한다. 보통 성인 걸음으로 3~4시간 정도 걸린다. 오랫동안 사람 손길이 닿지 않는 원시림 코스가 이어진다. / 숲길 처음에 들어서면 제주의 곶자왈을 만날 수 있고 하늘이 보이지 않을 정도로 쭉쭉 벋은 울창한 삼나무 숲으로 이어져 청정자연이 뿜어내는 피톤치드를 가득 들이키며 몸과 마음이 정화되는 싱그러운 숲길 트레킹을 할 수 있다. 높은 습도 덕분에 바닥의 바위뿐 아니라 나무줄기에도 이끼가 덮여있고 나무 사이로 햇살이 갈라져 쏟아지는 모습도 장관이다. 이 삼나무 숲은 바람이 거센 제주에서 방풍을 위해 1970년대에 조성한 인공림이다. 제주 사람들은 삼나무를 대나무처럼 쑥쑥 자란다고 쑥대낭이라고도 부른다. 기분 좋게 삼나무 숲길을 한참 걷다 보면 숲의 풍광이 달라지며 마흐니오름 삼거리가 나온다. 여기서 마흐니오름 정상으로 가는 추천 길은 용암대지, 마흐니 수직굴, 정부인이씨묘, 마흐니 궤 등을 보며 오르는 좌측 코스를 추천한다. 곧게 뻗은 인공림의 나무들과는 달리 서로 뒤엉켜 있는 단풍나무부터 단풍나무와 때죽나무가 한 몸이 된 연리목도 보인다. 용암이 굳어 만들어진 마흐니 용암대지는 용암유로를 따라 흘러나온 용암이 편평하게 굳어져 만들어진 것으로 물장오리조면현무암 5~6매가 시루떡처럼 굳어진 용암류의 상부를 흐르는 물에 의한 풍화와 침식 작용으로 만들어진 용암단애를 관찰할 수 있다. 비가 내리면 용암단애에서는 폭포수를 이루로 하부에서는 소(沼)를 형성한다. 마흐니 오름 하부 의귀천의 짧은 구간에서 용암단애들로 이루어진 5단계의 폭포가 있으며 수십 차례의 용암 유출이 있었음을 알 수 있다. 마흐니 수직굴은 일반적인 용암동굴이 수평으로 발달하는 것과 달리 수직으로 발달하며 수직굴 직하부에서 남쪽(수망리 민오름)으로 수평굴이 형성되어 있어 ㄴ자 모양을 하고 있는 독특한 동굴이다. 동굴의 깊이는 약 20m이며 지표면에서의 직경은 약 2.7m이나 아래로 내려갈수록 직경이 커진다. 제주 명월진의 만호를 지낸 황한규의 정부인 이씨의 무덤(20세기 초반 제주 전통적인 무덤 양식)이 보이고 자연스럽게 자람 숲을 지나자 바닥에 제주조릿대가 나타나고 마흐니 궤로 향한다. / 울퉁불퉁한 길을 지나 구멍이 움푹 패어있는 웅덩이가 보이고 여기서 아래로 약 100m를 내겨가면 마흐니 궤가 나타난다. 궤는 제주어로 동굴을 의미한다. 마흐니 궤는 반원형으로 이루어져 있으며 폭이 약 10m, 높이 약 7~8m에 이르고, 깊이는 4m 정도 되는 바위굴로 마흐니 오름 남서쪽 의귀천 상류 계곡에 있다. 마실 물이 있으므로 이로 인하여 마을 사람들이 겨울철에 노루 사냥이나 나무를 벌채하기 위해 마흐니 궤 내부에서 며칠 동안 숙식하며 지냈다고 한다. / 숲길을 걷다 보면 잣성이라고 하는 제주도 특유의 목축 문화를 엿볼 수 있고 탐방로 풀들과 꽃 등 식생을 살피다 보면 어느새 마흐니오름 정상에 도착한다. 마흐니오름은 남원읍 수망리 산 203번지에 위치한 표고가 552m, 비고 47m인 말굽형 분화구이고 아쉽게도 우거진 나무 탓에 조망이 없다. 그저 잠시 쉬어갈 수 있는 벤치와 정상 표시가 전부이다. 마흐니오름은 마안이오름, 마하니오름 등으로 불리는데 마흐니의 원말은 머흐니로, 험하고 사납다 또는 험하고 거칠다는 의미라 한다. 1948년 제주 4·3사건 이전에는 이 오름의 굼부리에서 밭농사를 했고 1960년대 후반까지도 노루 사냥을 했던 곳이라는데 지금은 숲길뿐이다.",Unknown,064-764-0189,상시 개방※ 해가 지면 입산 통제함,무료,가능,연중무휴,Unknown,Unknown,입장료: 무료,50,130,NA,자연관광,NA01,자연경관(산),NA010200,숲,100,20,80,60,80,0,,,60,45,75,category,0.8516,,0.0,0.8516,category
2553685,12,관광지,수목원테마파크(아이스뮤지엄),제주특별자치도 제주시 은수길 69,63141,126.4879352279,33.4706885565,수목원테마파크(아이스뮤지엄)는 날씨에 상관없이 즐길 수 있는 실내 공간으로 1년 내내 다양한 얼음조각과 시원하고 스릴 넘치는 얼음 썰매를 즐길 수 있다. 이색적인 공간과 더불어 세상에 없던 재미를 선사하는 짜릿한 가상 현실 VR 체험 등 다양한 즐길 거리가 있다. 테마파크 주변으로는 대한민국 최초의 소나무 숲 안에 조성된 자연 그대로의 형태를 갖춘 야시장과 LED 공원 주변으로 다양한 먹거리와 여행 중 피로를 풀어 줄 족욕 체험도 있어 제주 자연을 느낄 수 있는 ‘도심 속 작은 휴식처’로 관광객들에게 다양한 콘텐츠를 제공하는 제주 최대 규모 복합 관광지이다.,http://www.sumokwonpark.com,064-742-3700,"09:00~19:00(입장 마감 18:00) / ※ 수목원야시장, LED공원 18:00~22:00","- 일반 15,000원 / - 청소년/소인 14,000원 / - 36개월 미만 무료 / ※ 상세 체험 요금 홈페이지 참조 / 무료","가능 (약 대형 30대, 소형 100대)","연중무휴 / (단, 수목원길야시장 우천시 휴장)",있음,가능,"상점정보: 기념품샾,스낵코너,커피숍,진돼지,(흑돼지전문점),스시광(초밥전문점) | 입 장 료: - 일반 15,000원 / - 청소년/소인 14,000원 / - 36개월 미만 무료 / ※ 상세 체험 요금 홈페이지 참조 | 주차요금: 무료 | 화장실: 있음",50,110,VE,문화관광,VE02,테마공원,VE020100,테마파크,60,50,80,20,90,40,,,60,45,75,observed,0.7695,0.7604,0.9093,0.8607,blend
2714826,12,관광지,수산봉,제주특별자치도 제주시 애월읍 수산리 산1-1,Unknown,126.3828359615,33.4738476510,애월읍 수산리에 있는 수산봉은 소화산체이다. 동그란 형태의 분화구를 지니고 정상에 물이 고인 작은 연못이 있어 물메오름 혹은 정상에 봉수가 있어 수산봉이라고 불린다. 제주 올레 16코스에 포함되어 올레길을 따라가다 보면 수산봉 근처에 있는 수산저수지와 곰솔을 지나 수산봉 정상에 오르게 된다. 수산봉은 계단과 길이 잘 다듬어져 있어 어린 자녀와 함께 오르는 가족단위 여행객도 많다. 수산봉의 산행시간은 약 20분 정도 소요되며 주변을 둘러보며 올라갈 계획이라면 40분 정도 계획을 하고 가면 된다.,https://www.visitjeju.net/kr,제주관광정보센터 064-740-6000,※ 일부 통제될 수 있으므로 방문 시 전화문의 요망,무료,불가능,연중무휴,Unknown,Unknown,입 장 료: 무료,50,110,NA,자연관광,NA01,자연경관(산),NA010100,"산, 고개, 오름, 봉우리",90,0,80,20,70,0,,,45,30,60,blend,0.8514,0.8125,0.3297,0.8706,blend
4063148,12,관광지,수산저수지,제주특별자치도 제주시 애월읍 수산리,63049,126.387528,33.471222,"수산저수지는 수산봉 기슭에 자리 잡고 있는 제주에서 보기 드문 큰 면적의 인공 저수지이다. 올레길 16코스를 따라 수산봉을 지나 저수지 방향으로 걷다 보면 수산리를 지키는 천연기념물 곰솔나무가 있는데, 400여 년이나 지난 이 곰솔은 마을의 수호목으로 주민들이 적극 보호하는 등 문화적 가치가 매우 높다. 저수지의 수면에 닿을 듯 말 듯한 모습이 독특하고 멋스러운 자태를 뽐낸다. 또한 곰솔의 상부에 눈이 덮이면 마치 백곰이 저수지의 물을 마시는 모습을 연상케 하기도 한다. 곰솔나무를 지나면 30,000평이 넘는 수산 저수지가 멋진 풍광을 자랑하고 있으며, 아름다운 경치를 보기 위해 올레꾼들이 꾸준히 찾아와 둑길에 앉아 휴식을 취하기도 한다. 또한 낚시를 즐기는 사람들은 낮이나 밤에 찾아와 이곳에서 붕어나 잉어를 낚시한다. 듬직한 수호목이 반기는 수산저수지에서 제주바다와는 다른 색다른 매력이 있다. / (출처 : 비짓제주)",https://www.visitjeju.net,제주관광정보센터 064-740-6000,상시 개방,무료,가능,연중무휴,Unknown,Unknown,입장료: 무료,50,110,NA,자연관광,NA02,자연경관(하천‧해양),NA020300,저수지,90,0,80,50,40,0,,,60,45,75,category,0.8544,,0.0,0.8544,category
3011245,12,관광지,수산한못,제주특별자치도 서귀포시 성산읍 수산리,63630,126.843215,33.429055,"수산한못은 과거 수산정(벌판, 초원)의 마장의 말과 소에게 물을 먹이고 주민들의 식수로도 사용해 왔던 유래 깊은 곳이다. 이곳은 고려시대 몽고 지배하에 제주를 마 사육장으로 집중 육성할 때부터 조성되어 사용해 오던 곳으로 추정되며, 수산한못 이름의 ‘한’은 크다라는 뜻으로 수산평에 있는 큰 못이라는 뜻을 가지고 있다.",Unknown,제주시 관광정보센터 064-740-6000,상시 개방,무료,가능,연중무휴,Unknown,Unknown,입장료: 무료,50,130,NA,자연관광,NA02,자연경관(하천‧해양),NA020300,저수지,80,0,60,70,20,0,,,45,30,60,blend,0.8355,0.75,0.1813,0.8544,blend
1945208,12,관광지,수악(물오름),제주특별자치도 서귀포시 남원읍 516로 1042,63607,126.6094946439,33.3246677430,"수악은 원추형 측화산이다. 지역 일대는 한라산 기슭 깊숙한 곳으로 가운데 선돌이 한 개 있다. 이 돌을 지역주민들은 장군이라고 부르며, 이 돌을 중심으로 하여 그 안 지경 일대가 안쪽에 군대가 진을 친 형태라 하여 ‘안진모루’, 그리고 장군 바깥 지경을 밖에 진을 친 형태라 하여 ‘밧진모루’, 연병장에 해당하는 지역이 ‘벵디왓’, 이들 군사들이 먹을 군량미를 쌓아놓은 듯하다 하여 ‘오름’이라 했는데, 한자표기화에 의해 ‘수악(水岳)’이라 표기하고 불리고 있다. 해송과 삼나무가 조림되어 울창한 숲을 이루고 있으며, 정상부에는 산불감시용 초소와 자연보호간판이 서 있다. 이 오름은 송이를 다량 채취하여 기층재로 사용되어 훼손되었으나, 현재는 삼나무 등을 식재하여 조림지로 복구되어 있다. 오름 북쪽 도로건너편에는 천연기념물로 지정 보호되고 있는 신례리 왕벚나무 자생지가 있다.",http://www.visitjeju.net,제주시 관광정보센터 064-740-6000,※ 일부 통제될 수 있으므로 방문 시 전화문의 요망,무료,불가능,연중무휴,Unknown,없음,입 장 료: 무료,50,130,NA,자연관광,NA01,자연경관(산),NA010100,"산, 고개, 오름, 봉우리",90,0,70,20,20,0,,,60,45,75,category,0.8706,,0.0,0.8706,category
126434,12,관광지,수월봉,제주특별자치도 제주시 한경면 고산리 3760,63008,126.1634201497,33.2947890147,"제주의 가장 서쪽 끝머리에 있는 한경면 고산리에 가면 제주에서 가장 넓은 들이 있다. 이 들판 끝 해안가에 솟아있는 조그마한 봉우리가 수월봉이다. 수월봉은 해안에 돌출해 있는 높이 약 77m의 봉우리로 절벽이 예리하고 운치가 있으며 곳곳에서 솟는 용천수는 약수로 유명하다. 수월봉 정상에는 기우제를 지내던 육각정인 수월정이 있다. 수월봉 아래 해안을 끼고 이어지는 절벽은 화석층이 뚜렷하여 자연의 신기함을 더하는 곳이다. 수월봉에서는 제주에서 가장 아름답다는 섬인 차귀도가 내려다 보이고, 더욱이 수월봉 정상에 있는 수월정에 앉아서 바라보는 낙조는 제주 어느 곳에서 보는 것보다 아름답다.",비짓제주 http://www.visitjeju.net,제주관광정보센터 064-740-6000,상시 개방,무료,가능,연중무휴,있음,없음,"입 장 료: 무료 | 화장실: 있음 | 이용가능시설: 휴게소, 전망대 등",50,110,NA,자연관광,NA01,자연경관(산),NA010100,"산, 고개, 오름, 봉우리",90,0,90,40,30,0,,,30,15,45,observed,0.9019,0.9022,0.9899,0.8706,blend
228859,12,관광지,수월봉과 차귀해안,제주특별자치도 제주시 한경면 노을해안로 1013-70,63008,126.1630063111,33.2941224154,"수월봉은 해발 77m 높이의 제주 서부지역 조망봉이다. 특히 깎아 만든 듯한 수월봉 해안절벽은 동쪽으로 2㎞까지 이어져 있다. 이 해안절벽은 ‘엉알’이라 불리며, 벼랑 곳곳에는 샘물이 솟아올라 ‘녹고물’이라는 약수터로 널리 알려져 있다. 수월봉 아래쪽에는 해안선을 따라 지질트레일이 있다. 해안 절벽을 따라 화산 퇴적물이 쌓여 있는 모습이 유명하다. 수월봉 정상에는 기우제를 지내던 육각정인 수월정이 있으며 수월정 옆으로는 고산기상대가 우뚝 서 있다. 우리나라 남서해안 최서단에 있는 기상대로서 거의 모든 기상 관측이 이루어지는 곳이다. 이곳 5층에는 일반인인도 출입 가능한 전망대가 있다. 수월정에 앉아서 차귀도로 떨어지는 낙조의 모습은 제주도에서 아름답기로 손꼽히는 일몰 중 하나이다. 수월봉 언덕이 해안가에 우뚝 솟구쳐 있는 절벽이기 때문에 정상부에 쳐놓은 울타리 바깥으로 나가지 않도록 주의해야 한다. / 또한 북쪽으로 보이는 해안가에 차귀도라는 섬이 있는데 정상부에만 초지가 형성되어 있고 그 외는 온통 검은 바위 절벽으로 이루어져 있다. 한때 유인도였다고도 전해진다.",비짓제주 http://www.visitjeju.net / 국가유산청 https://www.heritage.go.kr,제주관광정보센터 064-740-6000,상시 개방,무료,가능,연중무휴,Unknown,Unknown,입 장 료: 무료,50,110,NA,자연관광,NA02,자연경관(하천‧해양),NA020800,해안절경,90,10,90,40,60,0,,,30,15,45,category,0.8101,,0.0,0.8101,category
2789652,12,관광지,순례자의 교회,제주특별자치도 제주시 한경면 일주서로 3960-24,63009,126.1805486613,33.3198309570,"순례자의 교회 제주 올레길 13코스에 위치한 교회로 가장 작은 교회라고 알려져 있다. 예배 시간이 정해지지 않고 방문객을 맞이하는 시설도 없이 조용한 명상과 묵상을 할 수 있게 마련된 예배당이다. 교회 탑에 길 위에서 묻다라는 문구가 방문객들에게 많은 질문을 던진다. 종교에 상관없이 길 위에서 이곳을 지나는 모든 사람들에게 열린 공간으로 홀로 조용히 지나온 길들을 돌아볼 기회를 선사해 준다. 넓은 한경면 일대 전원 풍경에 자그마한 교회의 이국적인 모습이 조화를 이룬다. 입장료도, 운영시간도 따로 없어 부담 없이 지나가다 둘러보기 좋다.",https://www.visitjeju.net/kr,070-7569-0460,상시 개방,무료,가능,연중무휴,Unknown,Unknown,입 장 료: 무료,50,110,HS,역사관광,HS03,종교성지,HS030200,기독교,70,0,80,70,30,0,,,30,15,45,blend,0.8487,0.875,0.1813,0.8429,blend
129276,12,관광지,숨도,제주특별자치도 서귀포시 일주동로 8941 (호근동),63571,126.536006645318,33.2502894592759,"숨도는 제주의 화산활동을 통해 크고 작은 구멍이 뚫려 있는 화산석 그 위에 자연 생태가 조성되는 신비롭고 경의로운 생육환경에 매료되어 이러한 제주 자연의 이야기를 전달하고 그 가치를 나누고자 문을 연 정원이다. 숨구멍이 듬성한 현무암 위에 풍란과 야생화를 착근 시켜 하나의 예술품으로 만들어 낸 것이 석부작이다. 투박한 돌덩이를 초록의 뿌리가 굽이굽이 휘어 감으며 껴안아가는 과정은 자연만이 줄 수 있는 생명의 감동으로서 숨도 정원의 영감의 시초라 볼 수 있다. 숨도는 이러한 석부작 분대를 기본으로 풍란, 복수초와 고란초, 죽백란, 만년석송, 한라구름채, 돌단풍 등 제주에서만 유일하게 볼 수 있는 야생화들로 최대한 제주 원형의 정원에 근간을 두고 있으며, 시그니처 뷰 중의 하나는 거의 일년 동안 매 계절 볼 수 있는 아름드리 하귤정원이다. 또한 여름에는 야외 수국 정원과 겨울에는 동백정원, 가을에는 제주억새와 팜파스, 황하코스모스등을 대표적으로 볼 수 있다.",https://www.instagram.com/jeju_soomdo,064-739-3331,08:00~18:00,"[개인]- 성인 6,000원- 군인/청소년 4,000원- 어린이/경로 3,000원[단체(30인 이상)]- 성인 5,000원- 군인/청소년 3,500원- 어린이/경로 3,000원※ 자세한 사항은 홈페이지 참조 / 무료",가능,연중무휴,있음,Unknown,"시설이용료: [개인]- 성인 6,000원- 군인/청소년 4,000원- 어린이/경로 3,000원[단체(30인 이상)]- 성인 5,000원- 군인/청소년 3,500원- 어린이/경로 3,000원※ 자세한 사항은 홈페이지 참조 | 주차요금: 무료 | 화장실: 있음",50,130,NA,자연관광,NA04,자연공원,NA040700,수목원ㆍ정원,90,0,90,20,20,0,,,60,45,75,observed,0.7995,0.7955,0.8892,0.8313,blend
2858445,12,관광지,쉬리의언덕,제주특별자치 서귀포시 색달동 3039-41,697808,126.407249255306,33.2455907366402,"쉬리의 언덕은 제주 중문단지 내 신라호텔과 파르나스호텔 사이 산책로에 위치한 아름다운 명소로, 1999년 개봉한 영화 ‘쉬리’의 마지막 장면이 촬영된 장소다. 이 언덕에서 흐르던 영화의 OST와 감성적인 장면이 많은 이들의 기억에 깊이 남았다. 영화 속 주연 배우들이 앉았던 쉬리 벤치에 실제로 앉아볼 수 있는 경험도 가능하다. 쉬리의 언덕에 오르면 발아래 펼쳐진 중문 색달해수욕장과 제주 남쪽 바다의 시원한 풍경이 눈앞에 펼쳐지며, 탁 트인 바다를 배경으로 사진을 찍기 좋다. 드넓은 바다와 절벽, 부드러운 산책길이 어우러져 산책하는 내내 영화 같은 풍경을 만끽할 수 있다. 쉬리의 언덕은 중문관광단지를 찾은 이들이라면 들러보기 좋은 포토 스폿이자 산책로이다.",Unknown,064-735-5114,상시 개방,무료,가능,연중무휴,있음,Unknown,입장료: 무료 | 주차요금: 무료 | 화장실: 있음,50,130,NA,자연관광,NA05,기타자연관광,NA050100,기타자연관광,90,0,90,30,40,0,,,15,15,30,blend,0.8743,1.0,0.1813,0.8465,blend
2602774,12,관광지,쉼한모금,제주특별자치도 서귀포시 산록남로 1258 (색달동),63549,126.4224782273,33.2937431939,"제주다원 쉼한모금은 한라산 해발 500m 청정 지역인 제 2산록도로 1115번 도로상에 위치하고 있어 4계절 내내 멋진 제주의 풍광을 감상할 수 있으며 방문객에게는 녹차와 커피 다식을 제공한다. 서쪽으로는 서귀포 문섬과 범섬, 월드컵경기장과 남쪽으로는 국제 컨벤션센터와 여미지식물원을 포함한 중문관광단지가 한눈에 내려다 보이고 수평선 아래로 대한민국 최남단인 마라도와 가파도 보이며 서남부지역으로는 우보악오름, 군산, 산방산, 단산, 모슬봉 등이 굽이치듯 대자연의 파노라마를 연출하여 가슴 시원한 전망을 즐길 수 있다. / (출처 : 제주관광공사 홈페이지)",www.visitjeju.net,064-738-4433,[하절기(2월~10월)] / - 09:30~18:00 / [동절기(11월~1월)] / - 09:30~18:00 (입장 마감 17:30),"- 일반 12,000원 / - 청소년(중/고등학생), 경로, 장애인 10,000원 / - 어린이 8,000원 / ※ 차와 다식 포함",가능,연중무휴,Unknown,Unknown,"입 장 료: - 일반 12,000원 / - 청소년(중/고등학생), 경로, 장애인 10,000원 / - 어린이 8,000원 / ※ 차와 다식 포함",50,130,VE,문화관광,VE03,도시공원,VE030500,주제공원,90,40,90,10,20,0,,,60,45,75,category,0.7901,,0.0,0.7901,category
2714222,12,관광지,스누피가든,제주특별자치도 제주시 구좌읍 금백조로 930,63355,126.77860501008234,33.44337164886826,"스누피 가든 하우스는 감정에 솔직하고 개성 있는 피너츠 친구들을 만나 그들 간의 상호 관계를 통한 공감과 위로의 메시지를 얻는 곳이다. 가든 하우스의 테마홀은 피너츠 에피소드에 담긴 일상의 이야기와 ‘Peanuts, Nature & Life’를 주제로 나의 일상을 연결할 수 있는 공간이다. 5개의 테마홀과 카페 스누피, 피너츠 스토어에서 걷고, 보고, 먹고 쉬면서 피너츠 캐릭터를 통해 지금의 나에게 휴식과 위로의 메시지를 건네어보길 바란다. 매주 수요일은 반려동물데이로, 반려동물과 동반입장이 가능하다. 반려동물과 동반 시야 외 가든에선 목줄을 착용해야 하며, 실내(전시관, 카페, 스토어)에선 케이지/슬링백/반려동물 유모차 탑승이 필수이다.",https://www.instagram.com/snoopygardenkorea,064-903-1111,09:00~19:00 (입장마감 : 종료 1시간 전),"[개인] / - 성인 19,000원 / - 청소년 16,000원 / - 어린이 13,000원 / [단체] / - 성인 16,000원 / - 청소년 14,000원 / - 어린이 12,000원",가능,연중무휴,Unknown,Unknown,"입장료: [개인] / - 성인 19,000원 / - 청소년 16,000원 / - 어린이 13,000원 / [단체] / - 성인 16,000원 / - 청소년 14,000원 / - 어린이 12,000원",50,110,VE,문화관광,VE02,테마공원,VE020100,테마파크,60,40,70,60,60,50,,,120,90,150,observed,0.9199,0.9199,1.0,0.8607,blend
4054639,12,관광지,시인이생진시비거리,제주 서귀포시 성산읍 성산리 305-1,699903,126.935946,33.467033,"성산일출봉을 오른편에, 우도를 왼편에 두고 탁 트인 바다를 바라보며 시 한 편을 읽는 시간이 펼쳐지는 곳이다. 시인이생진시비거리는 제주 서귀포시 성산포 우뭇개 동산 해안에 자리한 야외 시비 공원으로, 1975년부터 1978년까지 성산포 일대를 여행하며 쓴 81편의 연작시를 담은 시집 그리운 바다 성산포로 잘 알려진 이생진 시인을 기리기 위해 조성되었다. / 공원 내에는 성산포의 아름다움을 담은 이생진의 시 20편이 대리석에 새겨진 시비로 세워져 있다. 성산포 명예도민이 된 시인과 이 고장의 인연이 오롯이 담긴 공간으로, 가파른 해안 절벽과 낭떠러지가 펼쳐지는 우뭇개 동산에서 바라보는 성산일출봉과 우도의 풍경은 그 자체로 한 편의 시와 같다. / 우뭇개 해안 아래에서는 제주 해녀의 물질 시범을 관람할 수 있으며, 인근 성산일출봉, 우도와 연계한 여행 코스로도 즐겨 찾는다. 문학인들의 발걸음이 끊이지 않는 성산포의 대표 명소로 자리매김하고 있다.",Unknown,제주관광정보센터 064-740-6000,상시 개방,무료,가능,연중무휴,Unknown,Unknown,입장료: 무료,50,130,VE,문화관광,VE04,도시.지역문화관광,VE040100,"골목길, 문화거리",80,0,90,90,40,0,,,30,15,45,blend,0.7779,0.75,0.1813,0.7841,blend
2738715,12,관광지,신도포구,제주특별자치도 서귀포시 대정읍 신도리 3046-2,Unknown,126.1707,33.2767,"제주 올레 12코스에 속한 신도포구는 도보 여행객들이 수려한 경치를 감상하며 걷기에 최적의 장소다. 특히 이곳은 야생 돌고래를 자주 만날 수 있는 포인트로 유명하며, 인근 소공원에는 돌고래를 편안하게 관찰할 수 있는 돌 전망대가 마련되어 있다. / 신도포구의 또 다른 볼거리는 '도구리'다. 원래 돼지나 소의 먹이통을 뜻하는 제주 방언이지만, 이곳에서는 용암이 굳으며 자연적으로 형성된 원형 웅덩이를 말한다. 도구리 안에 고인 바닷물과 그 속에 머무는 작은 물고기, 문어 등이 어우러져 장관을 이룬다. 해안로를 따라 조성된 잔디 공원에서 바다 풍경을 감상하며 잠시 쉬어가기에도 좋다.",비짓제주 https://www.visitjeju.net,제주관광정보센터 064-740-6000,상시 개방,무료,불가능,연중무휴,있음,Unknown,입장료: 무료 | 화장실: 있음,50,130,NA,자연관광,NA02,자연경관(하천‧해양),NA020700,항구/포구,90,0,90,20,60,0,,,30,15,45,observed,0.8686,0.875,0.7534,0.849,blend
2704353,12,관광지,신비의도로,제주특별자치도 제주시 1100로 2894-63 (노형동),63079,126.48750098794329,33.45128821389299,신비의 도로 혹은 도깨비 도로로 불리는 이곳은 내리막길에 차를 세워두면 아래로 내려가야 하는 차가 내려가지 않고 오히려 오르막 쪽으로 뒷걸음치는 기이한 곳이다. 사실 이는 오르막길이 보이는 쪽이 경사 3도가량의 내리막 길이어서 단순 착시 현상에 의해 올라가는 것처럼 보이는 것이다. 이러한 현상 때문에 입소문을 탄 신비의도로는 관광 명소가 되어 점점 많은 이들이 방문을 하는 추세로 현재 이로 인한 사고를 방지하기 위해 각종 안전시설들이 추가되고 있고 조만간 신비의도로를 기점으로 관광 공원이 생겨날 전망이다. / (출처 : 제주 문화관광 홈페이지),https://www.visitjeju.net/kr,제주시청 도시계획과 064-728-2755,상시 개방,무료,Unknown,연중무휴,Unknown,Unknown,입장료: 무료,50,110,EX,체험관광,EX07,기타체험,EX070200,기타체험관광,40,0,70,30,60,0,,,30,15,45,observed,0.6238,0.6136,0.8892,0.7056,blend
2414812,12,관광지,신산공원,제주특별자치도 제주시 신산로 92-12,63270,126.5337915690,33.5052799020,"신산공원은 제주 시민들이 애용하는 도심 속 공원 중 한 곳이다. 신산공원 중심에는 올림픽 성화의 국내 도착을 기념하는 기념물이 세워져 있어 88 서울올림픽을 상징하는 공원이기도 하다. 또한, 1995년 10월에 광복 50주년 기념으로 제주 문물을 담은 총 1,250점의 95 제주타임캡슐을 매설한 뜻깊은 장소이다. 공원 내에는 제주 4·3 해원 방사탑과 6·25 참전 기념탑 등 역사적으로 의미 있는 다양한 조형물이 자리하고 있다. 신산공원은 넓은 잔디밭과 단풍나무를 비롯하여 예쁜 꽃밭과 나무들이 어우러진 도심 속에 있는 시민들의 휴식 공간이다. 특히, 봄에는 벚꽃들이 흩날려 아름답다. 신산공원에는 게이트볼장, 배드민턴장, 족구장 등의 시설이 있고 아이들을 위한 놀이터도 있어 가족이 함께 모여 즐거운 시간을 보내기 좋은 공간이다. 또한, 신산공원 근처에는 국수문화거리, 삼성혈, 민속자연사박물관 등의 관광명소가 있다.",http://www.visitjeju.net,제주시 공원녹지과 064-728-3601~4,상시 개방,Unknown,가능,연중무휴,있음,Unknown,화장실: 있음,50,110,VE,문화관광,VE03,도시공원,VE030100,시민공원,80,10,80,70,70,0,,,60,45,75,blend,0.8453,0.9375,0.3297,0.8,blend
3553902,12,관광지,신산환해장성,제주특별자치도 서귀포시 성산읍 환해장성로 201,63634,126.8817,33.3874,"배를 타고 들어오는 외적의 침입을 막기 위해 제주도에서는 해안선을 따라가며 성을 쌓았는데 이를 환해장성이라 한다. 현재 성벽이 남아있는 곳으로는 온평리, 행원리, 한동리, 동복리, 북촌리, 애월리, 고내리 등 14곳이 있다. 김상헌이 지은 『남사록』에는 환해장성을 일러 ‘탐라의 만리장성’이라 부르고 있다. 그 시초로 조선 시대에 이르러서도 왜구의 잦은 침범을 막기 위해 여러 차례 증축되었다. 현재 남아 있는 신산 환해장성 성벽의 길이는 약 600m이다. 신산환해장성은 성산읍 신산리와 신풍리 경계에 위치한 신산 목장 남쪽 해안에 있다. / (출처 : 국가유산청 홈페이지)",비짓제주 https://www.visitjeju.net/kr,제주도청 유산정책부 064-710-6705,상시 개방,무료,불가능,연중무휴,Unknown,Unknown,입장료: 무료,50,130,HS,역사관광,HS01,역사유적지,HS010200,성ㆍ산성ㆍ성곽,20,0,50,90,10,0,,,30,15,45,category,0.7874,,0.0,0.7874,category
126447,12,관광지,신양섭지해수욕장,제주특별자치도 서귀포시 성산읍 섭지코지로 107,63642,126.9280674087,33.4302500880,"섭지코지는 성산일출봉과 함께 제주도 동쪽의 대표 관광지로 코지는 바다로 돌출되어 나온 지형을 뜻하는 곶의 제주 방언이다. 제주도 바람의 언덕이자, 많은 영화나 드라마, 광고 촬영지로 이용되면서 국내는 물론 해외 관광객들의 발길이 끊이지 않고 있다. 섭지코지를 향해 오르기 전 오른편에 자리한 신양섭지해수욕장을 만날 수 있고, 신양해수욕장이라고도 불린다. 신양섭지해수욕장은 섭지코지 곶부리 안쪽에 자리해 때묻지 않은 자연의 아름다움을 그대로 간직하고 있다. 둥그런 초승달 같은 반원형의 이 해수욕장은 파도가 잔잔하고 아늑해서 어린이들도 안심하고 해수욕을 즐길 수 있고 백사장은 돌, 자갈이 거의 없는 대신에 가늘고 고운 연갈색의 모래가 깔려 있다. 마을과 떨어져 있어서 한가롭고 조용한 분위기를 즐기고픈 사람들에게 권할만한 피서지이다. 해수욕장 반대쪽에서는 바다와 성산일출봉, 유채꽃이 조화를 이룬 아름다운 풍경도 감상할 수도 있다. 또한 국제윈드서핑대회가 개최됐던 곳으로 윈드서핑을 즐기는 이들에게 사랑받는 곳이며, 주변 관광지로 섭지코지, 아쿠아플라넷, 성산일출봉, 온평리 혼인지 등이 있다.",http://www.visitjeju.net,064-760-4282,상시 개방,무료,가능,연중무휴,있음,없음,입 장 료: 무료 | 화장실: 있음,50,130,NA,자연관광,NA02,자연경관(하천‧해양),NA020900,해변. 해수욕장,90,0,90,20,70,0,,,30,15,45,observed,0.6109,0.5795,0.8892,0.8632,blend
2663250,12,관광지,신창풍차해안도로,제주특별자치도 제주시 한경면 한경해안로 485,63002,126.1721349880,33.3431254722,"제주도 서쪽 끝을 따라 연결된 신창 풍차 해안도로는 해상풍력단지가 조성되어 있어 해안도로를 따라 줄지어 서 있는 풍차를 만날 수 있다. 구불구불 해안선을 따라 보이는 하얀 풍차와 에메랄드빛 바다는 우리에게 상쾌한 가을 풍경을 보여준다. 여기에 저 멀리 보이는 차귀도까지 푸른 바다 위 다양한 볼거리가 펼쳐져 있다. 특히 신창 해안도로는 아름다운 일몰로도 손꼽히는 장소이기에 사진을 찍고 일몰을 감상하는 것도 좋다. 또한 해안도로를 달리다 보면 생태체험장이라는 이름의 산책코스를 발견할 수 있다. 이곳에는 자바리상과 원담체험장, 휴게 공간이 마련되어 있어 다양한 풍경으로 사진을 찍는 것이 가능하다. 산책코스 중간에 위치한 전망대는 전체적으로 한산한 편이니, 신창 해안도로를 걸으며 가볍게 사진을 남긴 후 전망대로 향해보자.",https://www.visitjeju.net,제주관광정보센터 064-740-6000,상시 개방,Unknown,가능,연중무휴,Unknown,Unknown,Unknown,50,110,NA,자연관광,NA05,기타자연관광,NA050100,기타자연관광,90,0,90,0,60,0,,,30,15,45,observed,0.8608,0.8608,0.9998,0.8465,blend
3013172,12,관광지,신천리 벽화마을,제주특별자치도 서귀포시 성산읍 신천서로 5,63637,126.84980128954909,33.34418048945659,"신천리는 바람이 머물다 가는 곳이라는 뜻의 바람코지라고 불릴 만큼 바람이 거세게 불어오는 해안 마을이다. 신천리 복지 회관에서 올레길 3코스 바닷가 방면으로 예쁜 벽화가 그려져 있다. 특히 이곳은 몇 년 전, 단편영화 촬영을 위해 그려졌던 벽화가 계기가 되어 다양한 화가들이 아름답고 재미있는 글귀와 그림들로 동네를 채워나가기 시작하며 마을을 가득 메우다시피 한 방대한 양의 벽화를 안내하기 위해 벽화 지도까지 있다. 벽화마을답게 담벼락마다 예쁜 그림이 가득한데 특히 꽃그림이 많아 사계절 아름다운 꽃을 마주하게 된다. 동화 속 캐릭터를 비롯하여 유명 만화 캐릭터, 마을 분위기와 어우러진 다양한 벽화들의 이색적인 마을 풍경은 제주도 추억을 남길 수 있는 좋은 숨은 명소이다. 마을에는 벽화뿐만 아니라 돌담길 곳곳에 동백꽃도 있고 과수원들도 있어서 겨울에 방문하면 빨간 동백꽃들과 노란 귤들이 탐스럽게 열린 귤나무까지 볼 수 있다. 이곳에서 멀지 않은 신천목장에서는 엄청난 양의 귤피를 해풍에 말리는 이색적인 모습도 볼 수 있다. 또한 근처에 있는 마을 신당인 본향당과 천미연대도 함께 둘러보기 좋다.",Unknown,064-787-0157,상시 개방,무료,가능,연중무휴,Unknown,Unknown,입장료: 무료,50,130,VE,문화관광,VE04,도시.지역문화관광,VE040100,"골목길, 문화거리",60,0,90,70,30,0,,,30,15,45,category,0.7841,,0.0,0.7841,category
2872927,12,관광지,신촌 4·3 성터,제주특별자치도 제주시 조천읍 신촌리 (3403),63337,126.6131117136,33.5377303544,"신촌리는 신촌회담을 통해 제주 4·3 항쟁을 결의한 곳으로 항일운동을 가장 활발하게 펼치고 조천 만세운동을 일으킨 조천읍 작은 바닷가 마을이다. 신촌리의 4·3 성터는 제주도 4·3 사건 당시에 사람들을 감시하기 위한 목적으로 돌을 직접 쌓아 만든 성터로, 우리 역사의 단면을 보여주는 곳이다. 닭머르해안 인근에 위치하고 있어, 관광객들이 해안길 방문을 위해 자주 찾는 곳이다. 이곳은 닭머르해안길은 해안누리길 50코스에 포함되어 있다. 역사를 알아보고 중간중간 휴식을 취할 수 있는 의자에서 잠깐 쉬어가며 풍경을 감상하고 산책을 즐길 수 있다.",Unknown,064-740-6000,상시 개방,Unknown,가능 / 요금 (무료),연중무휴,Unknown,Unknown,Unknown,50,110,HS,역사관광,HS01,역사유적지,HS011200,기타역사유적지,70,0,60,90,50,0,,,30,15,45,category,0.7829,,0.0,0.7829,category
1621045,12,관광지,신촌향사,제주특별자치도 제주시 조천읍 신촌5길 27,63337,126.6206833050,33.5365417182,"신촌향사는 조선시대 마을의 공무를 처리하던 곳이었다. 조선 순조 5년(1805)에 이곳으로 옮겨지었다고 하며, 그 뒤로도 여러 차례 고쳐서 원래 형태에서 많이 바뀐 것으로 보이며, 침수에 대비하여 지대를 높이면서 본래의 분위기를 거의 잃었다. 신촌향사는 앞면이 7칸으로 제주도의 일반 민가보다 규모가 크고 가운데 있는 대청도 넓다. 그러나 구조와 양식 등은 민가와 거의 비슷하다. 우진각 지붕의 기와집이며, 전면퇴는 개방되어 있고 내진주에 세살문을 달았으나, 후면은 퇴기둥에 심벽을 치고 간마다 판장문을 달았다.",https://www.heritage.go.kr,064-740-6000,상시 개방,Unknown,불가능,연중무휴,없음,Unknown,화장실: 없음,50,110,HS,역사관광,HS01,역사유적지,HS010900,사당,20,0,40,70,0,0,,,30,15,45,category,0.7874,,0.0,0.7874,category
635701,12,관광지,신풍 신천 바다목장,제주특별자치도 서귀포시 성산읍 일주동로 5417,63636,126.8637960644,33.3559713485,"신풍 신천 바다목장은 제주올레 3코스가 지나는 곳으로, 너른 초지와 탁 트인 바다 풍경이 어우러진 명소이다. 과거에는 지역 주민들이 소유하며 말과 소 등의 가축을 방목하던 목장이었으나, 현재는 목장으로서의 기능을 상실한 상태이다. 이곳은 1980년대부터 감귤껍질을 건조하기 위해 넓은 부지에 펼쳐 놓으면서 색다른 풍경을 만들어 냈다. 특히 주황빛 감귤껍질이 초지 위를 가득 채운 모습이 장관을 이루며 많은 관광객의 발길을 끌었다. 현재는 넓게 펼쳐진 초원과 시원한 바다 경관을 감상할 수 있는 곳으로, 제주올레를 걷는 여행객들에게 사랑받는 구간이다.",Unknown,제주 관광정보센터 064-740-6000,상시 개방,무료,불가능,연중무휴,Unknown,Unknown,입장료: 무료,50,130,NA,자연관광,NA02,자연경관(하천‧해양),NA020800,해안절경,90,0,90,20,70,0,,,30,15,45,blend,0.8445,1.0,0.1813,0.8101,blend
2661821,12,관광지,신풍리 밭담길,제주특별자치도 서귀포시 성산읍 신풍하동로 39,63636,126.8405765535,33.3619034434,"새롭고 풍요로운 마을을 지향한다는 뜻의 신풍리는 제주문화와 민속이 살아 숨쉬는 성산읍의 유서 깊은 마을이다. 2002년 농촌진흥청과 농업기술센터로부터 농촌 전통 테마 마을로 지정됐다. 신풍리는 마을로 향하는 길이 아름답고 초가집, 혼례장 등 체험시설이 잘 갖추어져 있다. 신풍리의 전통이자 정신인 효도의 마음을 담아 ‘어멍아방 잔치마을’이라는 테마로 각종 체험 프로그램을 만들어 운영하고 있다. 밭담은 각자 농지 영역을 표시하기도 하고 농작물과 토양을 보호하기 위해 쌓은 돌담인데, 마치 미로처럼 골목골목 이어진 신풍리의 밭담길을 걷다 보면 감귤 과수원과 원형을 유지하고 있는 집집의 올렛길들을 만날 수 있어 제주의 정겨움이 느껴진다.",http://www.jejubatdam.com,신풍리체험휴양마을 064-782-7445,상시 개방,Unknown,Unknown,Unknown,Unknown,없음,Unknown,50,130,VE,문화관광,VE04,도시.지역문화관광,VE040100,"골목길, 문화거리",70,10,80,90,80,10,,,30,15,45,category,0.7841,,0.0,0.7841,category
128326,12,관광지,신풍리체험휴양마을,제주특별자치도 서귀포시 성산읍 신풍하동로 39,63636,126.8405571105,33.3619201078,"'새롭고 풍요로운 마을'이라는 뜻의 신풍리는 고인돌을 비롯한 선사시대 유적이 산재해 있는 유서 깊은 마을이다. 현재 제주도에서 가장 잘 운영되고 있는 농촌체험마을로서 토종돼지우리, 초가집, 혼례장 등 체험 시설도 잘 갖추어져 있다. 제주도의 전통문화와 생활 풍속이 오늘날까지 잘 살아있는 신풍리체험휴양마을에서는 제주 사투리도 배우고 전통 혼례도 체험할 수 있다. 농업에 대한 의존도가 높으면서도 마을 부근에 아담한 포구가 있어서 농촌과 어촌 체험이 동시에 가능하다. 또한 풍천초등학교 분교를 리모델링하여 게스트하우스와 초가집 형태의 원룸 숙소를 운영하여 숙박도 가능하다.",www.visitjeju.net,064-782-7445,상시 개방,Unknown,가능,연중무휴,있음,Unknown,화장실: 있음,50,130,EX,체험관광,EX03,농.산.어촌 체험,EX030100,체험마을,60,20,60,90,90,10,,,30,15,45,category,0.7753,,0.0,0.7753,category
2562239,12,관광지,신화워터파크,제주특별자치도 서귀포시 신화역사로304번길 38,63522,126.3197365582,33.3072294102,"신화워터파크는 파도풀, 유수풀을 포함한 18개의 풀과 슬라이드, 5개의 식음 매장, 찜질방까지 갖춘 제주 최대 실내외 워터파크로 3,000명까지 동시 수용할 수 있다. 아시아에 최초로 도입된 슬라이드 ‘슈퍼 크리퍼코일’과 ‘자이언트 더블리프’와 함께 신화워터파크에서만 즐길 수 있는 짜릿한 즐거움과 어린이 전용 풀장, 프라이빗한 휴식을 제공하는 카바나, 다양한 음식을 즐길 수 있는 식음료 매장까지 경험할 수 있다.",https://www.shinhwaworld.com/waterpark,1670-1188,※ 시즌 별로 운영 시간이 상이하므로 자세한 사항은 홈페이지 참조,"[정상가] 80,000원 / [시즌 할인가] / - 로우시즌 입장권 (1월 1일~5월 2일, 10월 10일~12월 31일) 40,000원 / - 일반시즌 입장권 (5월 3일~7월 4일, 8월 25일~10월 9일) 53,000원 / - 피크시즌 입장권(7월 5일~8월 24일) 75,000원 / ※ 자세한 입장료는 공식 홈페이지 참조 / 무료",가능,- 실내 수영장 연중무휴- 실외 수영장 5월~9월만 운영,있음,Unknown,"입장료: [정상가] 80,000원 / [시즌 할인가] / - 로우시즌 입장권 (1월 1일~5월 2일, 10월 10일~12월 31일) 40,000원 / - 일반시즌 입장권 (5월 3일~7월 4일, 8월 25일~10월 9일) 53,000원 / - 피크시즌 입장권(7월 5일~8월 24일) 75,000원 / ※ 자세한 입장료는 공식 홈페이지 참조 | 내국인예약안내: 전화 / 홈페이지 예약 가능 | 외국인예약안내: 전화 / 홈페이지 예약 가능 | 주차요금: 무료 | 화장실: 있음 | 한국어안내서비스: 모든 직원 한국어 가능 | 외국어안내서비스: 영어, 중국어",50,130,EX,체험관광,EX06,산업관광,EX061000,기타산업관광지,40,40,60,0,100,0,,,210,165,255,observed,0.8397,0.84,0.9933,0.8022,blend
2562214,12,관광지,신화테마파크,제주특별자치도 서귀포시 안덕면 신화역사로304번길 98,63521,126.3076045827,33.3065177523,"인기 캐릭터 ‘라바’를 탄생시킨 글로벌 3D 애니메이션 제작사, 투바앤(TUBAn)의 다양한 캐릭터와 스토리가 가득한 신화테마파크는 방문객들에게 흥미롭고 환상적인 하루를 선사한다. 환상적인 여행으로 안내하는 ‘로터리 파크’를 지나, 정글 속 신비한 고대 도시 ‘오스카 뉴월드’를 거쳐, 귀여운 캐릭터와 볼거리 가득한 ‘라바 어드벤처 빌리지’에 다다르는 여정, 12가지 짜릿한 놀이기구와 어트랙션을 즐길 수 있다.",https://www.shinhwaworld.com/themepark,1670-1188,10:00~20:00 / ※ 시즌 별로 운영 시간이 상이하므로 자세한 사항은 홈페이지 참조,"[정상가] / - 45,000원 / [시즌 할인가] / - 자유이용권 (1월~2월 / 11월~12월) 29,000원 / - 자유이용권 (3월~10월) 39,000원",가능,연중무휴,있음,Unknown,"입 장 료: [정상가] / - 45,000원 / [시즌 할인가] / - 자유이용권 (1월~2월 / 11월~12월) 29,000원 / - 자유이용권 (3월~10월) 39,000원 | 화장실: 있음",50,130,EX,체험관광,EX06,산업관광,EX061000,기타산업관광지,20,10,80,30,90,10,,,90,60,120,observed,0.7094,0.7094,0.9997,0.8022,blend
2742307,12,관광지,싱계물공원,제주특별자치도 제주시 한경면 신창리 1322-1,63002,126.1738937595,33.3434173465,"제주시의 숨은 비경 중 하나로 선정되기도 했던 싱계물공원은 신창-풍차 해안이라는 이름으로 더 유명한 곳으로 주변의 풍력발전기들과 함께 이국적인 풍경을 보여준다. 싱게물(싱계물)은 제주 사투리로 ‘새로 발견한 갯물’이라는 의미이며 갯물이라는 것은 용천수를 의미한다. 싱계물공원에는 예전에 목욕탕으로 쓰이던 곳이 있는데, 돌담으로 남탕·여탕이 구분되어 있으며, 용천수라 맑고 깨끗하며 시원하다. 싱계물공원에는 등대까지 직접 걸어갈 수 있도록 바다 위로 다리가 설치되어 있다. 바람과 파도에 살짝 흔들거리기도 하는 다리를 건너면 마치 바다 위를 걷는 것만 같은 이색적인 느낌을 받을 수 있다. 바다에 떠 있는 느낌의 사진이나 근방의 억새를 배경으로 촬영을 많이 하며 최근에는 셀프웨딩 명소로 주목받고 있다. 싱계물공원의 최고의 아름다운 순간은 노을이 질 때다. 신창-용수 해안도로로 이어지며 바다와 풍차가 어우러진 이곳에서는 멀리 보이는 차귀도, 수월봉과 함께 떨어지는 낙조가 아름다운 풍경을 선사한다.",https://www.visitjeju.net/kr,신창리사무소 064-773-1939,상시 개방,무료,가능,연중무휴,있음,Unknown,입장료: 무료 | 화장실: 있음,50,110,NA,자연관광,NA04,자연공원,NA040500,생태관광지,90,0,100,20,50,0,,,45,30,60,observed,0.8606,0.8646,0.9093,0.8205,blend
129620,12,관광지,쌍용굴(한림공원),제주특별자치도 제주시 한림읍 한림로 300,63011,126.241825331312,33.3878715738572,"쌍용굴(쌍룡굴)은 황금굴, 소천굴, 만장굴과 더불어 제주도의 대표적인 용암동굴이다. 동굴의 길이는 약 400m, 너비 6m, 높이는 3m 정도의 규모이며, 250만 년 전 한라산 일대의 화산이 폭발하면서 협재굴과 함께 생성되었다. 용암동굴이자 석회동굴의 특징이 복합된 2차원적인 동굴이라는 점이 특이하며, 그 일대가 모래와 조개껍질이 섞여 있는 패사층으로 되어 있다. / 쌍용굴은 좌우 양쪽으로 나뉘어 있으며 마치 용 두 마리가 굴 내부에 있다가 밖으로 빠져나간 듯한 모양을 하고 있다 해서 쌍용굴이라고 이름이 지어졌다. 쌍용굴의 제2입구와 협재굴의 끝부분이 인접해 있어 두 동굴은 원래 하나였다가 내부 함몰로 인해 나뉜 것으로 추정되고 있다. 협재굴과 마찬가지로 천연기념물로 지정되어 있다. / 동굴 내부에는 석회동굴의 특징인 석순과 종유석이 곳곳에 기둥처럼 즐비해 있어 신비한 광경을 연출한다. 동굴 벽면에는 석회분이 덮여있어 마치 하나의 거대한 벽화가 새겨져 있는 듯 웅장한 모습을 보인다. 동굴 내부의 온도는 연중 내내 17~18℃를 유지하여 한여름의 이색적인 피서지로 주목을 받고 있고, 한겨울에는 따뜻한 온도로 추위를 피할 수 있어 사계절 사람이 찾는 관광명소이다.",http://www.hallimpark.co.kr,064-796-0001~4,[2월~5월]09:00~17:00[6월~8월]09:00~17:30[9월~10월]09:00~17:00[11월~1월]09:00~16:30※ 계절별 일몰시간에 따라 변동 가능,"[개인]- 일반 15,000원- 경로 12,000원- 청소년 10,000원- 어린이 9,000원[단체 (20인 이상)]- 일반 12,000원- 경로 11,000원- 청소년 8,000원- 어린이 7,000원※ 자세한 내용은 홈페이지 참조 / 무료",가능,연중무휴,있음,Unknown,"입장료: [개인]- 일반 15,000원- 경로 12,000원- 청소년 10,000원- 어린이 9,000원[단체 (20인 이상)]- 일반 12,000원- 경로 11,000원- 청소년 8,000원- 어린이 7,000원※ 자세한 내용은 홈페이지 참조 | 주차요금: 무료 | 화장실: 있음",50,110,NA,자연관광,NA03,자연생태,NA030100,동굴,90,0,80,70,40,0,,,30,15,45,manual_override,0.8053,,0.0,0.8053,category
3110802,12,관광지,씬오브제주,제주특별자치도 제주시 애월읍 금성3길 21,63034,126.300416650902,33.44605117498354,"씬오브제주는 제주도 애월읍에 위치한 천연염색 브랜드로 제주의 자연 재료를 활용한 친환경적인 염색 제품과 체험 프로그램을 제공하는 곳이다. 주요 특징은 제주에서 자란 꽃, 나뭇잎, 양파 껍질 등 자연 재료를 사용해 의류와 소품을 염색하는 것이다. 또한 방문객들을 위한 자연 염색 클래스를 운영하며 플라워 다잉, 나뭇잎 염색, 양파 껍질 염색 등 다양한 기법을 배울 수 있다. 제주 로컬 음식점 ‘카레 현’과 협업하여 버려지는 양파 껍질을 재활용하고 있다. / 애월읍 금성리와 협력하여 마을 알리기 프로젝트를 진행하는 등 지역 발전에 기여하고 있으며, 씬오브제주는 단순한 염색 브랜드를 넘어 제주의 자연과 문화를 체험하고 힐링할 수 있는 공간으로 지속 가능한 관광과 로컬 비즈니스의 좋은 사례로 평가받고 있는 곳이다.",공식 홈페이지 https://sceneofjeju.com/ 공식 인스타그램 https://www.instagram.com/scene_of_jeju,0507-1315-5219,11:00~17:00,Unknown,가능요금 (무료),매주 화요일~목요일,Unknown,Unknown,Unknown,50,110,EX,체험관광,EX02,공예체험,EX020400,기타공예체험,80,10,70,50,90,20,,,60,45,75,category,0.8032,,0.0,0.8032,category
2740133,12,관광지,아끈다랑쉬 오름,제주특별자치도 제주시 구좌읍 세화리 2593,63352,126.8302942866,33.4754212946,"제주 동쪽에서 오름의 여왕이라 불리는 ‘다랑쉬오름’ 바로 맞은편에 자리하고 있다. 다랑쉬오름처럼 낮고 자그마한 원형 분화구를 이루고 있으며, 다랑쉬오름과 비슷한 모양을 띠고 있어 아끈다랑쉬라고 부른다. ‘아끈’이란 버금가는 것, 둘째 것이라는 뜻의 제주 방언이다. 아끈다랑쉬 오름은 가볍게 산책하듯이 오를 수 있어 어린이를 동반해도 좋다. 서사면으로 난 작은 길을 따라 10분 정도면 쉽게 오를 수 있고 억새의 물결이 이루는 가을에는 아름다운 풍경을 감상할 수 있다. 키 높이의 억새가 가득 차 있고, 특히 일출 무렵에는 바람에 따라 흔들리는 억새의 파도와 낮에는 햇빛을 받아 반짝이는 은빛 억새가 아름다운 경관을 연출한다. 또한 하얀 억새꽃들이 떨어진 겨울 억새밭은 또 다른 느낌으로 다가온다. 특히 바람이 많이 부는 날에 아끈다랑쉬를 찾으면 흔들리는 억새가 만들어낸 겨울 감성을 느낄 수 있다.",https://www.visitjeju.net,제주관광정보센터 064-740-6000,※ 일부 통제될 수 있으므로 방문 시 전화문의 요망,무료,가능,연중무휴,Unknown,Unknown,입 장 료: 무료,50,110,NA,자연관광,NA01,자연경관(산),NA010100,"산, 고개, 오름, 봉우리",90,0,90,10,70,0,,,60,45,75,category,0.8706,,0.0,0.8706,category
2763820,12,관광지,아날로그감귤밭,제주특별자치도 제주시 해안마을5길 124-85 (해안동),63077,126.4633015454,33.4579895705,아날로그감귤밭은 그 이름처럼 아날로그 감성으로 가득 채워진 감귤 체험장 & 카페다. 귤이 나는 철에는 농약을 치지 않은 귤 밭에서 직접 귤을 따는 체험을 해볼수 있다. 귤 밭 곳곳에 꾸며진 포토 스팟은 제주에서의 감귤 체험을 특별한 감성으로 채울 수 있게 공간을 선물한다. 유기농 음료를 마실 수 있는 카페의 내부 공간도 카메라 셔터를 유발할 만큼 깔끔하고 감각 있게 꾸며져 있다. 애견 동반과 외부 음식은 반입이 금지된다.,https://www.visitjeju.net,0507-1497-0846,10:00~18:00,"귤따기 체험 7,000원 / ※ 이용요금은 변동될 수 있으므로 홈페이지 참조 또는 전화 문의 요망",가능,매주 금요일,가능,가능,"화장실: 가능 | 이용가능시설: 감귤밭, 포토존 | 시설이용료: 귤따기 체험 7,000원 / ※ 이용요금은 변동될 수 있으므로 홈페이지 참조 또는 전화 문의 요망 | 한국어 안내서비스: 가능",50,110,EX,체험관광,EX03,농.산.어촌 체험,EX030300,체험농장,80,50,80,10,90,10,,,30,15,45,category,0.7753,,0.0,0.7753,category
4061120,12,관광지,아라동 치유의 숲,제주특별자치도 제주시 아라일동 산31-8,690121,126.555575,33.443987,"아라동 치유의 숲은 제주대학교에서 관음사로 가는 길목에 위치해 있다. 또한 아라동 문화역사 탐방로 2코스의 일부이며 소산오름 자락에서 마주할 수 있는 곳이다. 산림욕을 하며 피톤치드를 마실 수도 있고, 조용히 걷기도 좋다. 특히 건강에 좋은 맨발 걷기를 하는 사람도 많다. 이곳에서는 흡연, 야영, 취사가 불가하다.",Unknown,제주관광정보센터 064-740-6000,상시 개방,무료,가능,연중무휴,Unknown,Unknown,입장료: 무료 | 주차요금: 무료,50,110,NA,자연관광,NA01,자연경관(산),NA010200,숲,90,0,50,20,60,0,,,60,45,75,category,0.8516,,0.0,0.8516,category
3439423,12,관광지,아르떼 키즈파크 제주,제주특별자치도 제주시 애월읍 월각로 929,63039,126.358596923303,33.3539454457208,"2024년 4월 5일 오픈한 환상적인 자연 속에서의 즐거운 놀이 세상, 아르떼 키즈파크 제주(Arte kids park jeju)는 전 세계 육백만 명 이상이 관람한 아르떼뮤지엄(ARTEMUSEM)이 선보이는 체험형 미디어아트 놀이터이다. 아이들이 마음껏 뛰어놀 수 있는 16가지 놀이로 구성된 광장, 3종류의 미디어 체험놀이공간, 미디어아트를 관람할 수 있는 어른들을 위한 전시공간으로 구성되어 있다. 키즈파크 내부에는 아이들이 직접 체험할 수 있는 비누 만들기, 나만의 키링/지비츠 만들기 총 2개의 유료체험 프로그램이 마련되어 있다.",https://www.artekidspark.com,064-799-7007,10:00~19:00,"성인 12,000원[평일]- 어린이 2시간 25,000원- 어린이 3시간 30,000원[주말]- 어린이 2시간 30,000원- 어린이 3시간 35,000원※ 무료 : 12개월 미만 유아(3시간 이용권)※ 자세한 사항은 홈페이지 참조",가능요금 (무료),연중무휴,Unknown,가능,"입장료: 성인 12,000원[평일]- 어린이 2시간 25,000원- 어린이 3시간 30,000원[주말]- 어린이 2시간 30,000원- 어린이 3시간 35,000원※ 무료 : 12개월 미만 유아(3시간 이용권)※ 자세한 사항은 홈페이지 참조",50,110,VE,문화관광,VE02,테마공원,VE020100,테마파크,20,0,70,50,90,20,,,120,90,150,category,0.8607,,0.0,0.8607,category
2714241,12,관광지,아르떼뮤지엄 제주,제주특별자치도 제주시 애월읍 어림비로 478,63038,126.344976644835,33.3966944005763,"국내 최대 규모의 몰입형 미디어아트 전시관인 아르떼뮤지엄 제주는 제주 애월의 옛 공장을 업사이클링 해 탄생한 공간이다. 단순한 재활용을 넘어 디자인과 활용성을 더해 새로운 가치를 만들어냈으며 제주 섬의 정서를 빛과 소리, 향기로 풀어내 감각적으로 경험할 수 있다. / 코엑스 ‘WAVE’ 작품으로 잘 알려진 디스트릭트가 선보인 이 전시관은 스피커 제조 공장으로 사용되던 약 1,400평 규모의 공간과 최대 10m에 이르는 높은 층고를 활용해 압도적인 몰입감을 선사한다. 내부에서는 빛과 소리가 어우러진 16개의 다채로운 미디어아트 전시가 펼쳐진다. 빠르게 소비하는 관광보다 경험과 감정을 중시하는 여행 트렌드와 맞물려 주목받고 있다.",https://kr.artemuseum.com,1899-5008,10:00~20:00 (입장 마감 19:00),"- 성인 18,000원 / - 청소년 14,000원 / - 어린이 11,000원 / - 유아 8,000원 / - 경로/장애인/유공자/군인 10,000원 / ※ 무료 : 2023년 이후 출생 영아 / ※ 자세한 사항은 홈페이지 참조 및 전화 문의 요망",Unknown,연중무휴,Unknown,Unknown,"입장료: - 성인 18,000원 / - 청소년 14,000원 / - 어린이 11,000원 / - 유아 8,000원 / - 경로/장애인/유공자/군인 10,000원 / ※ 무료 : 2023년 이후 출생 영아 / ※ 자세한 사항은 홈페이지 참조 및 전화 문의 요망",50,110,VE,문화관광,VE07,전시시설,VE070600,미술관/화랑,20,0,90,80,30,0,,,90,60,120,observed,0.8395,0.8395,1.0,0.8448,blend
1351320,12,관광지,아부오름,제주특별자치도 제주시 구좌읍 송당리 산164-1,63355,126.7776133886,33.4473291064,"아부오름은 일찍부터 아보름이라 불렸고 송당마을과 당오름 남쪽에 있어서 앞오름이라 하여 이것을 한자로 빌어 표기한 것이 전악(前岳)이다. 또한 산 모양이 움푹 파여있어 마치 가정에서 어른이 믿음직하게 앉아있는 모습과 같다하여 아부오름(亞父岳)이라고도 한다. 어렵지 않게 오름 둘레까지 오를 수 있고 제주오름의 모습을 가깝게 느낄 수 있어 최근 각광 받고 있다. 오름 정상에 함지박과 같은 둥그런 굼부리가 파여있다. 특히 굼부리 안 원형 삼나무숲의 특징적인 모습이 주목 받고 있다. 오름 대부분은 풀밭으로 이루어져 있는데, 인공으로 심은 삼나무가 있고 그 사이로 상수리나무, 보리수나무 등이 있다. 풀밭에는 송양지꽃, 풀솜나물, 향유, 쥐손이풀, 청미래덩굴, 찔레 등이 여기저기 서식한다. 아부오름 주변에는 새미오름, 민오름, 백악이오름, 문석이오름 등의 오름이 둘러싸고 있다.",http://www.visitjeju.net,제주시 관광정보센터 064-740-6000,※ 일부 출입이 통제될 수 있으므로 방문 시 전화문의 요망,무료,가능,연중무휴,있음,없음,"촬영장소: 영화 이재수의 난 , 연풍연가 촬영지 | 입 장 료: 무료 | 화장실: 있음",50,110,NA,자연관광,NA01,자연경관(산),NA010100,"산, 고개, 오름, 봉우리",90,0,80,10,70,0,,,45,30,60,observed,0.8445,0.8333,0.6988,0.8706,blend
2704412,12,관광지,아침미소목장,제주특별자치도 제주시 첨단동길 160-30 (월평동),63311,126.587420689818,33.453285210694,제주공항 부근에 위치해 접근성이 뛰어난 아침미소목장은 지난 1978년 설립되어 많은 젖소들을 건강하게 길러내고 2008년 낙농체험목장으로 선정되어 친환경 목장으로 인정되었다. 무료로 입장이 가능해 부담 없이 방문하기 좋은 이곳은 한라산을 배경으로 펼쳐진 푸른 초원의 아름다운 풍경을 품으며 전통놀이와 자연 친화적 놀이터가 마련되어 있어 온 가족이 함께 즐길 수 있다. 맑고 푸른 자연속에서 송아지에게 우유를 직접 먹여주며 생명의 소중함을 배우고 동물의 체온을 직접 느낄 수 있는 기회가 될 것이다.,Unknown,0507-1469-2545,10:00~17:00,무료,가능,매주 화요일 / 설·추석 연휴,있음,Unknown,입장료: 무료 | 화장실: 있음,50,110,EX,체험관광,EX06,산업관광,EX061000,기타산업관광지,90,0,80,40,90,0,,,60,45,75,observed,0.8505,0.8512,0.985,0.8022,blend
3026668,12,관광지,안덕 월라봉,제주특별자치도 서귀포시 안덕면 감산리,63531,126.3497730000,33.2436440000,"월라봉은 제주특별자치도 서귀포시 안덕면 감산리에 위치한 오름으로, 달이 떠오르는 모습을 닮아 이름 붙여졌으며 다래나무가 많아 다래오름이라고도 불린다. 북동쪽과 남서쪽에 형성된 두 개의 말굽형 화구를 지닌 기생화산으로, 탐방로와 목재데크가 잘 조성되어 있어 비교적 편안하게 정상까지 오를 수 있다. 정상에서는 산방산과 화순 앞바다, 형제섬, 군산, 대평마을 등 제주 남서부의 풍경을 한눈에 조망할 수 있으며, 인근에는 박수기정과 안덕계곡도 자리하고 있다. 또한 일제강점기 화순항 방어를 위해 조성된 진지동굴 7기가 남아 있어 아름다운 자연경관과 함께 제주의 근현대사를 돌아볼 수 있는 다크투어리즘 명소로도 알려져 있다.",https://www.visitjeju.net,제주관광정보센터 064-740-6000,상시 개방,무료,가능,연중무휴,Unknown,Unknown,입장료: 무료,50,130,NA,자연관광,NA01,자연경관(산),NA010100,"산, 고개, 오름, 봉우리",90,0,90,70,70,0,,,60,45,75,category,0.8706,,0.0,0.8706,category
126440,12,관광지,안덕계곡,제주특별자치도 서귀포시 안덕면 감산리 1946,63531,126.3529100773,33.2573294533,"안덕계곡은 서귀포 안덕면의 감산리 마을을 지나 바다로 유입되는 창고천 하류에 형성된 계곡으로 한대오름 주위를 발원지로 한다. 안덕계곡의 안덕(安德)은 치안치덕(治安治德)의 줄임말로, 태초에 안개가 끼고 하늘과 땅이 진동하며 태산이 솟아날 때 암벽 사이에 물이 흘러 치안치덕한 곳이라 하여 유래된 말이다. 제주도 특유의 계곡미를 보이는 골짜기가 깊게 침식된 유년기곡으로, 용암 동굴 천장이 붕괴하여 형성된 계곡이라는 설도 있다. 안덕계곡은 전체 길이의 절반이 수직 단애를 이루며, 하천 하류에는 협곡에 조면암류 주상 절리와 판상 절리군이 발달되어 있다. 병풍처럼 둘러쳐진 기암절벽과 평평한 암반 바닥에서 유유히 흐르는 맑은 물이 멋스러운 운치를 자아낸다. 계곡의 양쪽에는 난대 수목의 고목이 울창하게 덮여 있으며, 하층 식물을 형성하고 있다. 이곳에는 300여 종의 식물이 분포하는데, 특히 양치식물이 많은 것이 특징이다.",https://www.visitjeju.net/kr,064-794-9001,상시 개방,무료,가능,연중무휴,있음,없음,촬영장소: 드라마 '추노' 촬영지 | 화장실: 있음 | 입 장 료: 무료,50,130,NA,자연관광,NA01,자연경관(산),NA010400,계곡,90,0,90,20,30,0,,,30,15,45,observed,0.7921,0.7812,0.7981,0.835,blend
2724387,12,관광지,안돌오름,제주특별자치도 제주시 구좌읍 송당리 산 66-2,63355,126.7560844718,33.4573054352,"구좌읍 송대천간 도로 건영목장 입구 주변에서 서쪽방향으로 바라보면 세 오름이 나란히 있는데, 제일 왼쪽의 도로가에 붙어 있는 것이 거슨세미, 오른쪽에 나란히 안돌오름, 밧돌오름이다. 남서쪽에 있는 안돌오름은 안쪽에 들어앉아 있어서 안돌오름(內石岳)이라 부르고 있으며, 웃송당에서 송당공동묘지를 돌아 들어가면 오름 앞에 이르게 된다. 안돌오름은 북서쪽 봉우리가 정상이고, 남동쪽 봉우리와의 사이에 동쪽으로 골이 파여 있는 형태로 말굽형 화구를 이루면서, 화구 안사면의 골이 패인 곳에서만 유일하게 나무가 우거져 자연림의 숲을 이루고 있는 특징을 보이며, 그 외 사면은 매끈한 풀밭오름이다.",https://www.visitjeju.net,제주관광정보센터 064-740-6000,※ 통제될 수 있으므로 방문 시 전화문의 요망,무료,가능,연중무휴,Unknown,Unknown,입 장 료: 무료,50,110,NA,자연관광,NA01,자연경관(산),NA010100,"산, 고개, 오름, 봉우리",90,0,80,20,30,0,,,30,15,45,observed,0.8418,0.825,0.6321,0.8706,blend
2778897,12,관광지,안성리수국길,제주특별자치도 서귀포시 대정읍 안성리,63520,126.2837741374,33.2696992239,안성리수국길은 관광지로 개발된 곳이 아니라 마을에 살고 계신 노부부께서 돌담에 심어 놓은 수국들이 멋진 장관을 이뤄 사람들이 방문하여 유명해진 곳이다. 개발 지역이 아니기에 주차장이 따로 마련되어 있지 않아 수국이 피는 시기에 방문하면 혼잡할 수 있다. 수국 개화 시기에 따라 다르지만 6월 중순쯤 마을에 들어서면 양쪽 돌담 사이 쭉 피어있는 수국 풍경을 감상할 수 있다. 수국이 만개하는 시기에는 아름다운 순간을 담기 위해 웨딩 촬영으로도 많이 온다. 관광명소로 개발된 곳이 아닌 주민들이 사는 동네이기에 조용히 감상하는 것이 좋다.,Unknown,서귀포종합관광안내소 064-732-1330,상시 개방,무료,불가능,연중무휴,Unknown,Unknown,입 장 료: 무료,50,130,NA,자연관광,NA05,기타자연관광,NA050100,기타자연관광,100,0,90,20,10,0,,,30,15,45,category,0.8465,,0.0,0.8465,category
3396532,12,관광지,안의울림,제주특별자치도 제주시 애월읍 애월북서길 15,63043,126.31198657631539,33.465353093269776,"안의울림은 마음과 몸의 고요를 위한 쉼, 깊은 이완을 위한 소규모그룹 싱잉볼 사운드힐링세션과 프라이빗 힐링프로그램이 준비되어 있는 곳이다. 히말라야싱잉볼의 잔잔하고 깊은 울림의 사운드와 진동 안에서 이완하고 휴식을 경험할 수 있다. 스트레스완화 이완, 힐링, 에너지 균형을 위한 프로그램등이 준비되어 있다.",https://www.instagram.com/jejusingingbowl,0502-5551-0040,06:00~22:00,"[아로마 릴렉스 사운드힐링] / 38,000원",가능 (약 소형 10대 / 대형 2대),연중무휴,Unknown,가능,"시설이용료: [아로마 릴렉스 사운드힐링] / 38,000원",50,110,EX,체험관광,EX07,기타체험,EX070200,기타체험관광,40,0,20,0,80,0,,,60,45,75,category,0.7056,,0.0,0.7056,category
4063885,12,관광지,안친오름,제주특별자치도 제주시 구좌읍 송당리 880-1,63355,126.785714,33.478751,"제주에 위치한 안친오름은 아진오름, 좌악(座岳), 좌치악(座置岳), 아친악(雅親岳) 등 여러 별칭이 있다. 오름의 형상이 두 다리를 벌리고 앉아 있는 사람의 모양과 닮은 데서 유래한 명칭이다. 또한 안친오름의 ‘안친’은 ‘앉히다’에 대응하는 제주어 ‘안치다’의 관형사형으로, 오름의 형세가 ‘나지막하게 앉힌 솥과 같다’는 데서 유래하였다. 높이 192m, 둘레 924m, 총면적 4만 6443m² 규모의 기생 화산이다. 전체적으로 나지막하며 북쪽 비탈면에 북쪽으로 입구가 벌어진 말굽형 분화구가 있고, 분화구 안쪽의 넓은 풀밭 한가운데에는 여러 개의 묘가 자리 잡고 있다. 안친오름은 송당리 본동 북쪽에 있는 오름으로 형태가 나지막하기 때문에 오름으로 인식하기 어려우며 안친오름 일대는 대부분 농경지로 조성되어 있다. / (출처 : 비짓제주)",비짓제주 https://www.visitjeju.net,010-3692-2423,상시 개방,"5,000원 / 무료",가능,연중무휴,Unknown,Unknown,"입장료: 5,000원 | 주차요금: 무료",50,110,NA,자연관광,NA01,자연경관(산),NA010100,"산, 고개, 오름, 봉우리",80,0,70,20,60,0,,,60,45,75,category,0.8706,,0.0,0.8706,category
128640,12,관광지,알뜨르비행장 및 일본군 비행기 격납고,제주특별자치도 서귀포시 대정읍 상모리,63513,126.2785000000,33.2091000000,"알뜨르비행장 및 일본군 비행기 격납고는 제주 서남부의 넓은 들판에 자리한 근현대사 유적으로 일제강점기 중일전쟁의 전초기지로 조성된 군사시설이다. 현재도 격납고와 관제시설, 대공포 진지 등의 흔적이 남아 있으며 원형에 가깝게 보존된 19기의 격납고를 통해 당시의 역사를 살펴볼 수 있다. 군용지이지만 현재는 농경지로 활용되어 과거와 현재가 공존하는 독특한 풍경을 이룬다. / 이곳은 주민들의 강제 동원으로 조성된 시설이자 가미카제 조종 훈련이 이루어진 장소로 일제강점기의 아픈 역사를 간직하고 있다. 격납고 내부에는 실물 크기의 제로센 전투기 조형물이 전시되어 있으며 인근 섯알오름은 제주 4·3사건 희생자를 추모하는 역사 현장으로 평화의 의미를 되새기게 하는 공간이다.",https://www.visitjeju.net,제주도청 세계유산본부 064-710-6708,상시 개방,무료,가능,연중무휴,Unknown,Unknown,입장료: 무료,50,130,HS,역사관광,HS01,역사유적지,HS011100,근대건축물,40,0,70,90,10,0,,,30,15,45,category,0.7874,,0.0,0.7874,category
2740135,12,관광지,알작지,제주특별자치도 제주시 테우해안로 60,63074,126.4412414879,33.4962044339,"제주시 내도동에 있는 알작지 해변은 평범한 모래사장으로 이루어진 해변과는 다르게 동글동글한 돌들로 이루어진 해변이다. 동그란 ‘알’과 돌멩이를 뜻하는 제주도 말 ‘작지’가 합쳐져 만들어진 알작지는 몽돌해변이다. 알작지의 자갈들은 한라산 계곡에서부터 운반되어 퇴적된 것들로, 오랜 세월 동안 무수천과 월대천을 따라 이곳 알작지까지 운반되는 동안 파도에 의해 다듬어지는 과정을 겪었기 때문에 자갈의 모양이 더욱더 동글동글하다. 알작지는 독특함과 아름다움을 공식적으로 인정받아 지난 2003년 12월, 문화유산으로 지정되었다. 진하고 동그란 먹돌과 차돌로 이루어진 해안가와 부서지는 파도가 어울리는 알작지 해변의 이국적인 풍경에 전문 사진작가들도 즐겨 찾는다. 바로 옆이 도심지인데도 불구하고 알작지는 한적하고 조용한 분위기를 만끽할 수 있어, 일상에 지친 시민들이 힐링하며 휴식을 취하기에 적합한 장소이다.",https://www.visitjeju.net,제주시 관광안내센터 064-728-3918,상시 개방,무료,가능,연중무휴,Unknown,Unknown,입 장 료: 무료 | 이용가능시설: 정자,50,110,NA,자연관광,NA02,자연경관(하천‧해양),NA020900,해변. 해수욕장,90,0,90,60,40,0,,,60,45,75,category,0.8632,,0.0,0.8632,category
3056625,12,관광지,애월한담공원,제주특별자치도 제주시 애월읍 애월로 11,63043,126.31126447797632,33.46002879059966,"애월읍 애월리에 있는 애월한담공원은 바다를 조망할 수 있는 해안가 공원이다. 공원에는 1992년 8월에 설치한 물허벅여인상이 있고, 제주의 에메랄드빛 바다를 한눈에 담을 수 있다. 애월한담공원에는 무료 주차장이 설치되어 있어 편리하게 공원을 산책할 수 있으며, 공원 아래에는 애월 해안산책로가 잘 조성되어 있어 애월여행에서 빠질 수 없는 코스이다. 제주 올레길 15코스가 지나는 둘레길이 운영되고 있어 올레길 트레킹을 즐길 수 있으며, 공원이 애월 카페거리와 인접해 있어 산책 후 전망 좋은 카페에 들러 여유로운 시간을 보낼 수 있다.",Unknown,제주시 관광정보센터 064-740-6000,상시 개방,무료,가능,연중무휴,있음,Unknown,입장료: 무료 | 화장실: 있음,50,110,NA,자연관광,NA02,자연경관(하천‧해양),NA020800,해안절경,90,30,90,20,70,10,,,30,15,45,observed,0.8582,0.9167,0.4512,0.8101,blend
2791501,12,관광지,애월해안도로,제주특별자치도 제주시 애월읍 구엄리,63049,126.3754000000,33.4825000000,"제주 공항에서 불과 10㎞ 정도 달리다 보면 아름답기로 소문난 애월해안도로를 만날 수 있다. 북서부의 해안선을 따라서 이어진 애월해안도로는 빼어난 제주의 바다 풍경을 감상할 수 있는 약 9km의 드라이브 코스이다. 자전거 전용도로와 도보길도 잘 갖추어져 있어 드라이브 외에도 사이클링과 산책 등의 방법으로 다양하게 즐길 수 있다 / 이 도로는 제주 올레길 16코스의 일부이며, 자전거 라이딩과 트레킹의 명소로도 유명하다. 가는 길목마다 구엄포구, 남도리쉼터, 신엄리 방파제, 고내포구, 다락 쉼터, 큰 바위 얼굴 등 해안 명소들이 많아 중간중간 내려 아름다운 풍경을 감상하는 것도 좋다. 또한 다양한 맛집들과 카페, 숙박시설 등이 많이 있어 여행객들의 제주 여행 코스로서도 인기가 많다.",비짓제주 https://www.visitjeju.net/kr,제주관광안내센터 064-740-6000,상시 개방,무료,가능,연중무휴,있음,Unknown,입장료: 무료 | 화장실: 있음,50,110,NA,자연관광,NA05,기타자연관광,NA050100,기타자연관광,90,60,90,20,80,10,,,30,15,45,observed,0.8487,0.8487,0.9776,0.8465,blend
2858860,12,관광지,액티브파크 제주,제주특별자치도 제주시 한림읍 금능남로 76,63016,126.2360784858,33.3811423978,"액티브파크 제주는 남녀노소 누구나 신나는 체험을 통해 최고의 성취감을 느낄 수 있는 복합체험공간이다. 이곳은 아이부터 어른까지 모두가 즐길 수 있는 다양한 액티비티가 마련되어 있다. 대표적인 시설 중 하나인 클립 앤 클라임은 독특한 디자인과 안전한 시스템을 갖춘 실내 클라이밍 놀이로 도전과 재미를 동시에 느낄 수 있어 남녀노소 인기가 많은 체험이다. 친환경 카트 트랙 위에서 스피디 하고 바람을 가르는 짜릿한 질주 체험을 느낄 수 있는 엑티브 파크의 카트 체험은 일상의 스트레스를 시원하게 날려버릴 수 있다. 여기에 호기심 많고 에너지가 넘치는 어린이들을 위한 키즈 카페도 마련되어 있는데, 이곳은 마치 마법 같은 공간으로 아이들에게 창의력과 상상력을 자극하고 다양한 놀이를 통해 배움의 즐거움을 느끼게 해준다.",http://activepark.co.kr,064-796-0880,09:30~18:00,"- 클립앤클라임 30,000원 / - 액티브카트 1인승 25,000원 / - 액티브카트 2인승 35,000원 / - 플레이방 1시간 8,000원 / ※ 자세한 사항은 홈페이지 참조",가능 (약 소형 40대 / 대형 3대),연중무휴,있음,Unknown,"시설이용료: - 클립앤클라임 30,000원 / - 액티브카트 1인승 25,000원 / - 액티브카트 2인승 35,000원 / - 플레이방 1시간 8,000원 / ※ 자세한 사항은 홈페이지 참조 | 화장실: 있음",50,110,VE,문화관광,VE02,테마공원,VE020100,테마파크,20,0,40,0,100,0,,,60,45,75,observed,0.8223,0.8,0.6321,0.8607,blend
127862,12,관광지,약천사(제주),제주특별자치도 서귀포시 이어도로 293-28 (대포동),63543,126.449555,33.246208,"약천사는 제주도 서귀포시의 명물로 불리는 대형 사찰로, 대한불교 조계종 제10교구 본사인 은해사의 말사이다. 본래는 약수암이라는 작은 암자였으나, 인근에 유명한 약수터가 있어 약천사라는 이름이 붙었다. 1981년 혜인 스님이 주지로 부임한 이후 대규모 불사가 이루어졌으며, 1996년에는 단일 사찰 건물로 큰 규모를 자랑하는 대적광전이 세워져 더욱 유명해졌다. 대적광전은 조선 초기 불교 건축 양식을 반영한 콘크리트 건물로, 통층 구조로 이루어져 있다. 법당 앞 종각에는 효의 의미를 담은 글과 그림이 새겨진 범종이 걸려 있다. 또한 1960년대 유학자 김형곤이 신병 치료를 위해 작은 굴에서 100일 기도를 올리던 중, 꿈에서 약수를 받아 마신 뒤 건강을 회복하였고, 이에 부처님의 은혜에 보답하고자 약수암을 짓고 수행 정진하다 그곳에서 입적하였다는 이야기도 전해진다. 장엄한 규모를 자랑하는 약천사는 제주를 찾는 관광객들이 많이 방문하는 대표 관광지이며, 내·외국인을 위한 템플스테이도 운영하고 있다. 또한 세종의 아들 문종과 현덕왕후, 대한제국의 마지막 황태자인 영친왕과 이방자 여사의 위패가 모셔져 있다.",약천사 http://www.yakchunsa.org템플스테이 https://www.templestay.com,064-738-5000,체험별로 상이함,"무료 / [휴식 나를 돌아보는 시간] / - 성인 50,000원 / - 중·고등학생 50,000원 / - 초등학생 40,000원 / ※ 체험 프로그램별로 상이하므로 자세한 내용은 홈페이지 참조 또는 전화 문의 요망",가능,연중무휴,있음,템플스테이 이용료 : 신용카드 불가(계좌 이체만 가능),"입장료: 무료 | 내국인예약안내: https://yakchunsa.templestay.com | 시설이용료: [휴식 나를 돌아보는 시간] / - 성인 50,000원 / - 중·고등학생 50,000원 / - 초등학생 40,000원 / ※ 체험 프로그램별로 상이하므로 자세한 내용은 홈페이지 참조 또는 전화 문의 요망 | 화장실: 있음 | 외국어안내서비스: 불가",50,130,HS,역사관광,HS03,종교성지,HS030100,불교,30,0,80,90,70,0,,,30,15,45,observed,0.8251,0.825,0.9975,0.85,blend
1620863,12,관광지,양금석가옥,제주특별자치도 서귀포시 남원읍 신례로298번길 3-6,63608,126.628597127791,33.2913111755089,"양금석가옥은 제주 전통가옥의 면모와 종가의 위상이 공간에 잘 투영된 전통가옥이다. 양금석가옥은 제주도에서 전통이 유지되는 몇 안 되는 가옥 중 하나로, 좁은 골목길을 따라 들어가면 600평의 넓은 대지에 세커리의 가옥이 위치한다. 외부인이 범접하지 못하도록 집 둘레에 돌담을 둘렀고, 집 앞쪽에는 제주도의 상징인 밀감밭이 펼쳐져 있다. 안거리(안채), 모거리(모서리), 밖거리(바깥채)는 밀감밭을 향해 ㄷ자 형태로 배치되어 있다. 안거리 앞쪽에는 동백나무가 집 주변을 에워싸고 있다. 일반적으로 쑥대낭(삼나무)을 집 주변에 두르는 관행과 달라 매우 특별한 풍광을 자아낸다. 벼농사가 발달하지 않아 지붕은 억새를 이용해 얹는데, 거센 바람이 지붕이 날아가지 못하도록 띠를 꼬아 만든 엉으로 망을 만들어 지붕 전체를 덮고, 처마 아래에 긴 대나무에 엉을 일정 간격으로 고정해 둔다. 엉 덕에 바람이 불어도 억새가 날리지 않는다.",https://www.heritage.go.kr/heri,제주특별자치도 세계유산본부 역사문화재과 064-710-6703,상시 외관(외부) 관람 가능※ 관람 전 소유주의 동의 필요로 전화 문의 요망,무료,불가능,연중무휴,Unknown,Unknown,입장료: 무료,50,130,HS,역사관광,HS01,역사유적지,HS010400,고택,80,0,90,90,10,0,,,30,15,45,category,0.7874,,0.0,0.7874,category
127202,12,관광지,어승생,제주특별자치도 제주시 해안동 산220-12 (일대),63077,126.5067521811,33.3856593715,"정상에는 둘레 약 250m가량의 원형 화구호(火口湖)가 있으나 늘 물이 고여있지는 않다. 남서쪽에는 외도천 상류, 동쪽에는 도근천 상류를 끼고 있다. 오름 정상에는 일제시대 일본군이 설치했던 화포 시설 잔해가 남아 있으며, 남사면 중턱에는 샘이 있다. ‘어승생오름’ 북쪽 기슭에 한밝저수지가 있는데, 명마의 산지로 이름났던 어승생에서 발원하는 물이 계곡을 타서 이곳에 모인다. 현재는 중산간 지대의 수원인 어승생저수지로 사용되고 있다. 민간에서는 어스승이, 어스싱이라고 한다. 어승생(御乘生)은 한자의 뜻 그대로 임금이 타는 말(御乘馬)이 낳기 때문에 붙인 것이라면 음독자로 어승생의 표기라 할 수 있는데, 민간의 어스승이, 어스싱이 등을 고려하면 음가자의 결합 표기라 할 수 있다. / (출처 : 제주 문화관광 홈페이지)",www.visitjeju.net,064-710-7826,상시 개방,무료,Unknown,연중무휴,Unknown,Unknown,입 장 료: 무료,50,110,NA,자연관광,NA01,자연경관(산),NA010100,"산, 고개, 오름, 봉우리",90,0,70,30,50,0,,,60,45,75,category,0.8706,,0.0,0.8706,category
1925362,12,관광지,어영공원,제주특별자치도 제주시 서해안로 451 (용담삼동),63114,126.4875702904,33.5183749384,"어영공원은 제주도 용담해안도로를 따라 길게 만들어진 공원이다. 각종 조명시설을 설치해 해가 지면 어영공원의 야경을 감상하기 좋아 많은 관광객이 찾고 있다. 또한, 제주 올레 17코스에 속한 공원으로 올레꾼들의 발걸음이 끊이지 않고 있다. 낮에도 탁트인 전경과 바로 눈 앞에 펼쳐진 바다, 시원한 바닷바람으로 사람들을 붙잡는다. 어영공원에서는 시원한 풍경과 함께 시도 즐길 수 있다. 공원에 설치된 벤치와 바다 쪽의 방호벽에 유명인들의 시가 이어져 있으며 시와 함께 잔잔한 여운을 남기는 벽화가 그려져 있다. 방호벽 위로 어패류 조형물이 세워져 있어, 이것 또한 볼거리이다. 로렐라이 요정상도 눈에 띈다. 독일의 로렐라이시와 제주시가 우정의 상징으로 각각 로렐라이 요정상과 돌하르방을 교환하여 이곳에 세워졌다고 한다.",http://www.visitjeju.net,제주시 관광정보센터 064-740-6000,상시 개방,무료,가능,연중무휴,있음,없음,입 장 료: 무료 | 화장실: 있음,50,110,VE,문화관광,VE03,도시공원,VE030200,소공원,80,0,90,50,40,0,,,30,15,45,observed,0.9335,0.9688,0.7981,0.7938,blend
2662743,12,관광지,엉덩물계곡,제주특별자치도 서귀포시 색달동,63534,126.4139105501,33.2479286727,"중문관광단지의 롯데호텔 동편으로 자리한 계곡이다. 큰 바위가 많고 지형이 험준하여 물을 찾는 짐승들조차 접근은 못하고 엉덩이를 들이밀고 볼일만 보고 돌아갔다고 해서 엉덩물계곡이라는 이름이 붙었다고 한다. 봄이면 계곡 경사면을 따라 유채꽃이 만발하여 장관을 이루며, 평지보다 유채꽃 풍경이 입체적인 특징이 있다. 올레 8코스에 포함되어 있으며, 중문달빛걷기공원으로도 불린다. 중문해수욕장 주차장에 주차 후 접근 할 수 있다. 유채꽃길을 따라 걷다보면, 미라지 연못이 나오며 좌측으로 올라가면 롯데호텔 산책로와 이어져있다.",https://www.visitjeju.net/kr,제주관광정보센터 064-740-6000,상시 개방,무료,가능,연중무휴,Unknown,Unknown,입 장 료: 무료,50,130,NA,자연관광,NA01,자연경관(산),NA010400,계곡,90,0,90,20,70,0,,,30,15,45,manual_override,0.835,,0.0,0.835,category
3071718,12,관광지,엉또돌다카페앤농원,제주특별자치도 서귀포시 월산로 30 (강정동),63556,126.4943532290,33.2633393524,엉또돌다카페&농원은 제주 서귀포 엉또폭포 근처에 위치한 감귤따기 체험 농장 겸 카페이다. ‘돌다’는 맛있다라는 제주도 방언이다. 감귤농원은 지대가 높은 곳에 위치해 제주 서귀포가 한눈에 보이고 전망이 좋다. / 넓은 농원 안에는 다양한 포토존이 있어 귤따기 체험을 하며 귤밭에서의 추억을 남길 수 있다. 감귤따기 체험시 귀여운 감귤모자와 감귤컨셉의 소품들을 무료로 대여해준다. 포토존은 체험객이 아니더라도 무료로 이용가능하다. 카페에서는 커피와 귤을 이용한 음료 등을 판매하며 귤과 제주특산품 등을 판매하고 있다. / 제주올레길 7 -1코스와도 가까워 올레길을 걷다가 잠시 들려도 좋다. 귤 수확시기인 10월말부터 1월말까지 유동적으로 운영하므로 사전에 운영 여부를 확인하고 방문하는 것이 좋겠다.,https://www.instagram.com/eongtto_dolda,010-8541-7852,10:00~17:00,"[감귤따기체험] / - 바구니 소 7,000원 / - 바구니 중 10,000원 / - 바구니 대 15,000원",가능,매주 토요일,있음,Unknown,"화장실: 있음 | 시설이용료: [감귤따기체험] / - 바구니 소 7,000원 / - 바구니 중 10,000원 / - 바구니 대 15,000원",50,130,EX,체험관광,EX03,농.산.어촌 체험,EX030300,체험농장,80,50,90,20,80,30,,,30,15,45,category,0.7753,,0.0,0.7753,category
127052,12,관광지,엉또폭포,제주특별자치도 서귀포시 엉또로 104 (강정동),63556,126.4984055673,33.2672723157,"엉또는 엉의 입구라 하여 붙여진 이름이다. 엉은 작은 바위 그늘집보다 작은 굴을 의미하며 도는 입구를 표현하는 제주어이다. 엉또폭포는 보일 듯 말 듯 숲속에 숨어 지내다 한바탕 비가 쏟아질 때면 위용스러운 자태를 드러내는 폭포로 높이 50m에 이르며 주변의 기암절벽과 조화를 이루어 독특한 매력을 발산한다. 폭포 주변의 계곡에는 천연난대림이 넓은 지역에 걸쳐 형성되어 있어 사시사철 상록의 풍치가 남국의 독특한 아름다움을 자아낸다. 평소에는 건천으로 있으며 산간 지역에 70mm 이상 비가 온 후 풍성한 폭포를 감상할 수 있다. / 엉또폭포 주차장에 주차를 하고 잘 가꾸어진 데크길을 따라 편히 접근이 가능하고 데크길 중간중간 포토존도 잘 꾸며져 있으며, 엉또폭포 무인카페도 운영하고 있다. 엉또폭포는 제주 올레 7-1코스이기도 하며 서귀포 70경 중의 하나이다.",http://www.visitjeju.net,제주관광정보센터 064-740-6000,09:00~18:00,무료,가능,연중무휴,있음,Unknown,화장실: 있음 | 입 장 료: 무료,50,130,NA,자연관광,NA01,자연경관(산),NA010300,폭포,90,20,90,40,40,0,,,30,15,45,observed,0.7618,0.7609,0.9899,0.8525,blend
1898906,12,관광지,엉알해안,제주특별자치도 제주시 한경면 고산리 3671-1,63008,126.1676196819,33.2994219009,"제주시 한경면 고산리에 있는 엉알해안은 제주시 숨은 비경 31곳에 선정된 곳이다. 수월봉 밑에서부터 해안선을 따라 2km가량 이어져 있다. 이 해안지대에는 원래 이 지역 일대 어민들의 어장이 있었으나 현재는 주로 산책로로 이용되고 있다. / 해안절벽이 퇴적층으로 이루어져 있으며, 낙조가 아름다운 곳이다. 유네스코에서 등재한 세계지질공원으로서 올레 12코스에 해당하며 아름다운 해안 풍경을 감상하면서 여유롭게 산책을 즐길 수 있어 많은 사람이 찾는 관광명소이다. 해안을 따라 형성된 해식애를 온통 뒤덮으며 지천으로 피어있는 구절초가 볼거리이다. / 주변 관광지로는 차귀도잠수함관공, 절부암, 고산리선사유적 등이 있다.",Unknown,064-740-6000,상시 개방,Unknown,불가능,연중무휴,있음,Unknown,화장실: 있음 | 이용가능시설: 데크전망대 / 탐방안내소,50,110,NA,자연관광,NA02,자연경관(하천‧해양),NA020800,해안절경,90,0,90,40,60,0,,,30,15,45,observed,0.8206,0.8333,0.4512,0.8101,blend
3056663,12,관광지,엉알해안산책로,제주특별자치도 제주시 한경면 노을해안로 1143,63008,126.16412263702532,33.30805442882491,"제주 사투리로 엉은 벼랑과 절벽을 뜻하고, 알은 아래쪽이라는 의미를 가지고 있다. 엉알해안산책로는 절벽 아래에 자리 잡은 해안 산책로를 뜻한다. 제주시 숨은 비경 31곳에 선정된 엉알해안은 화산재가 쌓여 이루어진 지층이 바다와 어우러져 아름다운 절경을 자랑하며, 해안을 따라 한적한 엉알해안 산책로가 예쁘게 조성되어 있다. 엉알해안 산책로는 수월봉에서 자구내 포구까지 이어지는 해안 산책로로 올레길 12코스와 연결된다. 산책로의 시작점에 있는 수월봉은 화산재가 겹겹이 쌓여 생긴 오름이다. 산책로 코스에는 수월봉이 포함되지 않지만 수월봉 정상에 올라서면 엉알해변이 한눈에 들어오고 차귀도와 산방산, 한라산까지 조망할 수 있다. 엉알해안산책로를 걷는 동안 해안 절벽 곳곳에 있는 다양한 화산암괴와 지층이 휘어진 탄낭구조를 볼 수 있으며 엉알해안과 고산리 선사유적을 지나면 자구내 포구에 도착하는데 자구내 포구는 낙조가 아름답기로 유명하다.",https://www.visitjeju.net/kr,제주시 관광정보센터 064-740-6000,상시 개방,무료,가능,연중무휴,Unknown,Unknown,입장료: 무료,50,110,NA,자연관광,NA02,자연경관(하천‧해양),NA020800,해안절경,100,0,100,30,80,0,,,30,15,45,category,0.8101,,0.0,0.8101,category
1146121,12,관광지,에코랜드테마파크,제주특별자치도 제주시 조천읍 번영로 1278-169,63346,126.6688527655,33.4553485145,"에코랜드테마파크는 1800년대 증기 기관차인 볼드윈 기종을 모델화하여 영국에서 수제품으로 제작된 링컨 기차를 타고 3만 평의 곶자왈 원시림을 체험하는 테마파크이다. 에코랜드테마파크가 위치한 곳은 교래 곶자왈로 지하수 함양은 물론, 보온, 보습 효과가 높아 북방한계 식물과 남방한계 식물이 공존하는 신비의 숲이다. 용암의 바위 위에 처절하고 치열한 생명의 힘으로 바위를 덮고 하늘을 막아 동식물의 낙원으로 만든 숲의 위대함을 느낄 수 있으며, 4.5㎞의 기차여행을 즐기는 동안 신비의 숲 곶자왈에서 서식하는 곤충과 동물 그리고 다양한 식물을 체험할 수 있어 자연이 우리에게 주는 무한한 혜택을 학습할 수 있는 공간이다. / 에코랜드테마파크는 자연의 섭리를 어기지 않고 풀 한 포기도 소중히 여기며 인간과 자연을 하나로 이어주는 다리가 되고자 한다. 돌과 바위의 화산 땅에 뿌리를 길게게 바위틈으로 내리고 한줄기 빛을 찾기 위해 가지를 하늘로 뻗어 질긴 생명력을 이어가는 나무를 보며 자연의 위대함을 배웠다. 그 위대함을 표현하기에 아직 표현력이 부족하지만 자연과 인간의 공존이라는 대명제를 향하여 멈추지 않고 달려갈 것이다.",theme.ecolandjeju.co.kr,064-802-8000,- 파크 운영시간 08:30~19:30- 스카이파크 09:30~17:20- 백조보트 10:00~17:00- 풋티풋티 족욕카페 09:30~17:00,"[개인] / - 일반(20세 이상) 21,000원 / - 청소년 181,000원 / - 어린이(36개월 이상) 15,000원 / [단체(20인 이상)] / - 일반(20세 이상) 18,000원 / - 청소년 15,000원 / - 어린이(36개월 이상) 12,000원 / [제주도민] / - 성인(20세 이상) 15,000원 / - 청소년 13,000원 / - 어린이(36개월 이상) 11,000원 / ※ 자세한 사항은 홈페이지 참조 / 무료",가능,연중무휴,있음,Unknown,"입장료: [개인] / - 일반(20세 이상) 21,000원 / - 청소년 181,000원 / - 어린이(36개월 이상) 15,000원 / [단체(20인 이상)] / - 일반(20세 이상) 18,000원 / - 청소년 15,000원 / - 어린이(36개월 이상) 12,000원 / [제주도민] / - 성인(20세 이상) 15,000원 / - 청소년 13,000원 / - 어린이(36개월 이상) 11,000원 / ※ 자세한 사항은 홈페이지 참조 | 주차요금: 무료 | 화장실: 있음",50,110,VE,문화관광,VE02,테마공원,VE020100,테마파크,90,0,80,40,70,0,,,150,120,180,observed,0.9296,0.9297,0.9983,0.8607,blend
126464,12,관광지,여미지식물원,제주특별자치도 서귀포시 중문관광로 93 (색달동),63535,126.4145703230215,33.25205020409702,"여미지식물원은 중문 관광단지 북쪽에 위치하며 1132로를 타면 쉽게 갈 수 있다. 아름다운 땅이란 뜻을 지닌 여미지식물원은 커다란 온실을 지니고 있으며, 대지 11만 2200㎡의 외부 정원과 1만 1361㎡의 실내 식물원으로 구성되어 있다. / 외부 정원은 야자수와 같은 커다란 나무가 숲을 이루며, 한국, 일본, 이탈리아, 프랑스식 정원을 만들어 놓아 동, 서양의 정원을 감상할 수 있다. 총 2,300여 종의 식물이 살고 있으며, 온실 안에서는 약 절반인 1,300여 종의 식물이 살고 있다. / 실내 식물원은 중앙홀과 높이가 38m인 중앙 전망탑이 있어 중문관광단지, 천제연폭포가 한눈에 들어오며 한라산과 인근 해안선 일대를 조망할 수 있음은 물론 쾌청한 날에는 국토 최남단 마라도까지 선명하게 바라볼 수 있다. / 또한 다양한 테마로 꾸며진 정원을 볼 수 있는데, 신비의 정원, 꽃의 정원, 물의 정원, 선인장 정원, 열대 정원, 열대 과수원으로 이루어져 있다. 신비의 정원은 화산 암반석과 양치식물, 자생 식물들로 이루어져 있으며, 꽃의 정원은 열대 및 아열대 식물들로 조성되어 있다. / 물의 정원은 연못과 습지로 조성되어 있으며, 열대 정원과 열대 과수원은 열대 과수와 식물들로 조성되어 있다. 선인장 정원은 어린 왕자에도 나오는 바오바브나무를 볼 수 있다.",https://www.yeomiji.or.kr/main/main.jsp,064-735-1100,개장시간 09:00~18:00(매표마감 09:00~17:30)※ 온실식물원 : 18:00시까지 관람 가능※ 옥외식물원 : 일몰시까지 관람 가능※ 식물원 입장 : 17:30까지 가능※ 동절기(11월~2월) 17:00까지 입장 가능,"[개인] / - 어른 (20세 이상~65세 이하) 12,000원 / - 청소년(14세 이상~19세 이하), 군경(현역병 및 전경/병장이하 계급) 8,000원 / - 어린이(36개월 이상 ~13세 이하) 7,000원 / - 경로(66세이상) 9,000원 / [단체 (20인 이상)] / - 어른 9,000원 / - 청소년, 군경 6,000원 / - 어린이(36개월 이상~13세 이하) 5,000원 / - 경로 7,000원 / [제주도민/국가유공자/참전용사/복지카드 소지자] 할인(증명서 확인) / - 어른 9,000원 / - 청소년 6,000원 / - 경로 7,000원 / - 어린이 5,000원 / 무료",가능(약 소형 100대 / 대형 20대)요금(무료),연중무휴,있음,Unknown,"입장료: [개인] / - 어른 (20세 이상~65세 이하) 12,000원 / - 청소년(14세 이상~19세 이하), 군경(현역병 및 전경/병장이하 계급) 8,000원 / - 어린이(36개월 이상 ~13세 이하) 7,000원 / - 경로(66세이상) 9,000원 / [단체 (20인 이상)] / - 어른 9,000원 / - 청소년, 군경 6,000원 / - 어린이(36개월 이상~13세 이하) 5,000원 / - 경로 7,000원 / [제주도민/국가유공자/참전용사/복지카드 소지자] 할인(증명서 확인) / - 어른 9,000원 / - 청소년 6,000원 / - 경로 7,000원 / - 어린이 5,000원 | 주차요금: 무료 | 화장실: 있음",50,130,NA,자연관광,NA04,자연공원,NA040700,수목원ㆍ정원,100,0,90,40,30,0,,,90,60,120,observed,0.86,0.8636,0.8892,0.8313,blend
2738683,12,관광지,연대포구,제주특별자치도 제주시 외도이동,63068,126.4267094451,33.4950293341,"연대포구는 ‘마지리포’라고도 불린다. 이곳은 예전 제주 포구의 모습 그대로를 가장 잘 보존하고 있는 포구 중 하나다. 포구의 모습뿐만 아니라 포구 근처에 해녀 탈의장과 물질에 사용했던 테왁이나 망사리 같은 도구들이 탈의장 한편에 보관되어 있다. / 연대포구에서는 산책도 즐길 수 있다. 포구가 있는 연대마을에서 외도 1동까지 산책로를 조성했으며, 외도동 해안에는 친수공원도 만들었다. / 제주에는 해안 산책로가 예쁜 곳이 많지만 그중에서도 연대 포구 해안 산책로는 동네 주민들이 적극 추천할 정도로 일몰이 예쁘고 산책로에서 보는 포구의 모습이 평화롭다.",https://www.visitjeju.net/kr,제주관광정보센터 064-740-6000,상시 개방,무료,가능,연중무휴,있음,Unknown,입 장 료: 무료 | 주차요금: 무료 | 이용가능시설: 정자 / 산책로 | 화장실: 있음,50,110,NA,자연관광,NA02,자연경관(하천‧해양),NA020700,항구/포구,80,0,80,60,60,0,,,45,30,60,blend,0.8164,0.75,0.3297,0.849,blend
126463,12,관광지,연북정,제주특별자치도 제주시 조천읍 조천리 2690,63331,126.6359680033,33.5402304438,"조천읍 조천리 바닷가에서 위치한 조선시대의 정자이다. 제주도 유형문화재로 지정되어 있다. 연북정은 객사(客舍)로, 원래 조천성(朝天城) 밖에 있었다고 하나 창건 연대는 미상이며, 1590년(선조 23)에 이옥절제사(李沃節制使)가 성을 동 북쪽으로 물려 쌓고 그 위에 옮겨 세워 쌍벽정(雙壁亭)이라 하였다고 한다. 교수(敎授) 곽기수(郭期壽)의 중창기에 의하면, 조천관은 바다 어귀에 있는데, 육지로 나가는 사람들이 바람을 관측하는 곳이다. 조천(朝天)이라 이름을 지은 것도 이 때문이다. 절제사 이옥이 부임한 다음 해 경인년 (庚寅年)에 막부(幕府)의 제공(諸公)과 협의하고 아전과 주민에게, ‘조천에 관을 두게 된 것은 실로 도적들이 다니는 길목의 요충이며, 왕명을 받은 사신들이 왕래하는 곳이기 때문인데, 이같이 성이 좁고 건물이 노후해서야 되겠는가, 어찌 농사를 짓는 틈틈이 개축하여 웅장하고 화려하게 하여야 하지 않겠는가.’ 하니, 모두가 옳다고 하였다. / 마침내 여러 재주 있는 역군들을 동원하여 10월에 착공하고 12월에 마쳤다. 성은 동북쪽으로 물려서 쌓고 그 위에 망루를 안치하여 쌍벽(雙璧)이라 하였다. 쌍벽(雙璧)은 청산녹수(靑山綠水)에 접하여 있다는 뜻에서 붙인 이름이라고도 한다. 그 후 선조 32년(1599)에는 성윤문(成允文) 목사가 그 건물을 중수하고 ‘임금을 사모한다’는 뜻으로 연북정(戀北亭)이라 개칭하였다. 지금의 건물은 1973년에 보수한 것인데, 보수 당시 ‘용(龍) ·가경이십오년경진이월십오일진시입주상량(嘉慶二十五年庚辰二月十五日辰時入柱上樑) · 호(虎)’라 한 명문(銘文)이 발견된 것으로 보아, 연북정은 가경(嘉慶) 25년, 즉 순조 20년(1820) 마지막으로 보수된 듯하다. 이 정자가 세워져 있는 조천포구는 화북포와 함께 관원이나 도민들이 본토를 왕래하는 관문(關門)이었을 뿐만 아니라 순풍을 기다리며 머무는 휴식처이기도 하였다. 일제강점기에는 이 정자가 경찰관 주재소로 사용되기도 하였다.",비짓제주 http://www.visitjeju.net / 국가유산청 http://www.cha.go.kr,제주관광정보센터 064-740-6000,상시 개방,무료,가능,연중무휴,Unknown,Unknown,입 장 료: 무료,50,110,HS,역사관광,HS01,역사유적지,HS011200,기타역사유적지,60,0,70,90,10,0,,,30,15,45,blend,0.8223,1.0,0.1813,0.7829,blend
126473,12,관광지,연화못(하가못),제주특별자치도 제주시 애월읍 하가로,63036,126.3475200185,33.4547464297,"연꽃이 많은 연못이라는 뜻으로 지어진 연화못은 제주 유명한 명소인 더럭분교 인근에 있다. 넓이가 3,780여 평으로 봉천수에 의한 연못으로는 제주도에서 가장 넓으며 마을 안에 위치하고 있어 농업용수로 이용할 뿐만 아니라 연꽃, 수련, 소리쟁이, 쇠무릎 등과 각종 수생 식물을 비롯하여 어류 등 다양한 종이 서식하고 있다.",www.visitjeju.net,064-799-1598,상시 개방,무료,가능,연중무휴,있음,없음,입 장 료: 무료 | 화장실: 있음,50,110,NA,자연관광,NA02,자연경관(하천‧해양),NA020200,호수,90,0,70,20,20,0,,,30,15,45,observed,0.8486,0.8438,0.5507,0.8544,blend
2977041,12,관광지,열대과일농장 유진팡,제주특별자치도 서귀포시 원님로399번길 31-7,63616,126.7425157103,33.3399177814,"유진팡은 서귀포시 남원읍 신흥리에 위치한 열대과일 농장이다. '팡'은 제주어로 쉼터를 뜻하며, 방문객들이 편안하게 쉬어 갈 수 있기를 바라는 마음을 담고 있다. 국내에서 쉽게 접하기 어려운 열대과일을 재배하는 농장으로, 주요 재배 작물은 바나나, 파파야, 파인애플, 사탕수수, 망고스틴, 스타프루트 등의 열대 작물과 감귤, 세미향 등 제주 특산물이다. 이곳에서는 열대농장 투어와 동물 먹이 주기, 과일 시식 등 다양한 체험 프로그램을 운영하며, 바나나 따기 체험도 상시 가능하다. 체험을 통해 무농약 바나나를 직접 수확하고 후숙되는 과정도 함께 살펴볼 수 있다. 계절에 따라 겨울에는 감귤 따기, 봄에는 세미향과 금귤 따기 체험도 즐길 수 있다. 농장 곳곳에는 양쪽으로 동백나무가 이어진 동백꽃길과 동백팡 등 사진 촬영 명소가 마련되어 있으며, 겨울철에는 농장 체험과 함께 동백꽃도 감상할 수 있다.",https://yujinfang.kr,0507-1383-6896,10:00~18:00 (입장 마감 16:30),"- 초등학생 이상 9,500원 / - 미취학 아동 6,000원 / - 바나나 따기 6,000원 / - 수제잼 만들기 15,000원 / - 파파야 장아찌 만들기 25,000원 / ※ 자세한 사항은 전화문의 요망",Unknown,연중무휴,Unknown,Unknown,"입장료: - 초등학생 이상 9,500원 / - 미취학 아동 6,000원 | 내국인예약안내: 네이버 예약을 포함한 온라인 예약시 입장료 할인, 단체예약 가능 | 시설이용료: - 바나나 따기 6,000원 / - 수제잼 만들기 15,000원 / - 파파야 장아찌 만들기 25,000원 / ※ 자세한 사항은 전화문의 요망",50,130,EX,체험관광,EX03,농.산.어촌 체험,EX030300,체험농장,80,70,70,20,90,10,,,105,75,135,observed,0.8646,0.9375,0.5507,0.7753,blend
1925369,12,관광지,열안지오름(봉개동),제주특별자치도 제주시 봉개동 778-2,63313,126.6055499659,33.4726124405,"열안지오름은 제주시 봉개동에 위치한 오름이다. 화구는 침식되어 원래의 형태가 말굽형인지 원추형인지 구분이 곤란하나 전체적인 형태로 보아 말굽형 화구였던 것으로 추정된다. 경사진 북사면에는 해송이 숲을 이루고 있으나 남사면은 경작지의 경계에서부터 띠(새)가 덮인 풀밭 오름을 이루고, 남북사면 기슭에는 명도암 마을의 개척자 고이지의 묘가 있다. / 열안지오름을 줄여서 보통 열안지라고 부르며, 한자명은 열안지악, 열안악,열안산 등으로 표기되어 있고, 산 모양이 기러기가 열을 지어 날아가는 형상이라는데 연유하여 붙여진 이름으로 열안지라고도 하고, 제비가 알을 품은 형국이라 하여 연난지라고도 한다.",http://www.grandculture.net,제주관광정보센터 064-740-6000,Unknown,Unknown,불가능,연중개방,없음,Unknown,화장실: 없음,50,110,NA,자연관광,NA01,자연경관(산),NA010100,"산, 고개, 오름, 봉우리",80,0,70,20,40,0,,,60,45,75,category,0.8706,,0.0,0.8706,category
1925366,12,관광지,열안지오름(오라동),제주특별자치도 제주시 산록북로 (오라이동),63144,126.5207167107,33.4265967334,"열안지오름은 제주과학고등학교 서쪽 편에 위치하고 있는 표고 583m인 오라동을 대표하는 오름이다. 오름 전체가 해송과 편백나무 등이 울창한 숲으로 이루고 있고, 남동쪽에는 ‘열안지 물’이라는 샘물이 있다. 열안지의 지명은 ‘산 모양이 기러기가 줄을 지어 날아가는 형상’에서 유래했다. 제주 4·3 당시 열안지 오름 일대의 숲과 계곡은 오라리 주민들의 피신처이기도 했으며, 많은 주민들이 토벌대에 의해 희생된 눈물의 대지이기도 하다. / (표고는 583.2m, 비고는 113m, 둘레는 2,545m이며, 면적은 368,262㎡, 저경이 902m이다.)",Unknown,제주관광정보센터 064-740-6000,상시 개방,Unknown,Unknown,연중무휴,Unknown,Unknown,Unknown,50,110,NA,자연관광,NA01,자연경관(산),NA010100,"산, 고개, 오름, 봉우리",90,0,80,70,70,0,,,60,45,75,category,0.8706,,0.0,0.8706,category
2704351,12,관광지,영주산,제주특별자치도 서귀포시 표선면 성읍리,63624,126.79737228191,33.4042093891,"영주산은 기생화산으로 분화구는 남동쪽으로 벌어진 말굽형의 형태를 띠고 있는 독특한 곳이다. 신선이 살았던 산이라고 해서 붙여진 이름이며, 오래전부터 오름 봉우리에 아침 안개가 끼면 비가 내린다는 이야기가 전해져 내려온다. 동쪽 탐방로를 따라서만 오를 수 있고, 경사가 완만해 남녀노소 어렵지 않게 오르내릴 수 있다. 영주산은 기나긴 계단이 있는 것으로 유명하며, 계단의 끄트머리가 하늘과 맞닿아 있는 듯해 ‘천국의 계단’이라는 별명으로 불리고 있다. 영주산 정상을 오르면 오른쪽으로는 목장, 왼쪽으로는 성읍마을, 뒤쪽으로는 일출봉을 조망할 수 있다. 서쪽 방향의 기슭에는 바닥이 가마솥처럼 패어 있다 하여 ‘가메소‘라고 불리는 연못이 위치하고 있으며, 남쪽으로는 천미천이 흐르고, 주위에는 넓은 목장 지대가 조성되어 있는 것을 볼 수 있다.",https://visitjeju.net/kr,표선면사무소 064-760-4413,상시 개방,무료,가능,연중무휴,Unknown,Unknown,등산로: - 1코스 영주산정상길 : 약 2.3km / 약 40분 소요 / - 2코스 영주산둘레길 : 약 3.82km / 약 1시간 10분 / - 3코스 성읍저수지길 : 약 6.2km / 약 1시간 40분 | 입 장 료: 무료,50,130,NA,자연관광,NA01,자연경관(산),NA010100,"산, 고개, 오름, 봉우리",90,0,90,20,80,0,,,60,45,75,category,0.8706,,0.0,0.8706,category
2740052,12,관광지,예래포구,제주특별자치도 서귀포시 예래해안로 97,63538,126.3745753937,33.2335157559,"예래 포구는 올레 8코스 중간에 위치한 작은 포구로, 올레 8코스의 종점인 박수기정과 산방산의 경치, 포구와 바다를 한눈에 내려다볼 수 있는 동난드르 쉼터가 있다. 포구에서 바라보는 산방산과 형제섬뿐만 아니라 해안 길을 따라가다 보면 보이는 시가 적힌 항아리 작품들이 정취를 더한다. 예래포구에도 다른 포구들처럼 등대가 우뚝 서 있는데, 이곳을 떠나 일본에서 살던 김진황 씨가 물질을 하러 나온 사계리사람을 만나 결혼하고 자수성가하여 고향을 위해 등대를 세웠다고 한다. 하예리에 세운 하얀 등대는 남편 등대, 사계리에 세운 빨간 등대는 아내 등대라고 불리는데, 그중 하얀 등대가 바로 ‘김진황’씨의 이름을 딴 예래포구의 ‘진황등대’이다. 진황등대 옆에 자리한 갯바위는 낚시하는 사람들도 많이 찾는 곳으로, 앞바다에는 바닷물이 얕게 들어와 잠시 발을 담가 시원한 바다를 느껴보는 것도 좋다. / (출처 : 제주 문화관광 홈페이지)",www.visitjeju.net,064-740-6000,상시 개방,무료,불가능,연중무휴,없음,Unknown,입 장 료: 무료 | 화장실: 없음 | 주차요금: 무료,50,130,NA,자연관광,NA02,자연경관(하천‧해양),NA020700,항구/포구,80,0,80,40,30,0,,,60,45,75,category,0.849,,0.0,0.849,category
3343597,12,관광지,오레브핫스프링앤스파,제주특별자치도 서귀포시 태평로 152 (호근동),63571,126.53825656755784,33.24329540701989,"제주 서귀포에 위치한 오레브핫스프링앤스파는 제주에서 유일하게 행정안전부로부터 보양온천으로 지정된 프리미엄 온천 스파이다. 지하 2,003m에서 솟아나는 탄산온천수는 유익한 광물질이 풍부하여 건강 증진과 심신의 피로 회복 효과를 발휘한다. 일식 바데풀, 야외 인피니티 풀, 8개의 노천탕, 아로마 사우나 등 다양한 수(水) 치료 시설을 갖추고 있어 모든 연령대의 방문객들이 건강과 즐거움을 동시에 누릴 수 있다. 또한, 7개의 특색 있는 찜질 스파와 핀란드 사우나, 편백나무 네이처 룸 등 다양한 찜질 및 사우나 경험을 제공한다. 가족과 함께 방문해 몸과 마음의 회복을 돕는 스파를 경험해 보는 것을 추천한다.",https://www.orevespa.co.kr,064-901-3300,- 온천장 10:00~22:00 (매표 마감 21:00)- 아쿠아존 실내 10:00~21:30- 아쿠아존 실외 10:00~21:00- 찜질방 10:00~21:30※ 자세한 사항은 홈페이지 참조,※ 시기별 변동되므로 전화문의 요망,가능,연중무휴,Unknown,Unknown,입장료: ※ 시기별 변동되므로 전화문의 요망,50,130,EX,체험관광,EX05,웰니스관광,EX050500,뷰티스파,80,0,70,10,80,0,,,90,60,120,category,0.8542,,0.0,0.8542,category
1926354,12,관광지,오백나한,제주특별자치도 서귀포시 하원동,63554,126.5027115669,33.3545294146,"이곳은 백록담, 물장올과 함께 한라산 3대 성소 중의 하나로서 이 계곡에 돌기둥이 울창한 숲사이를 뚫고 서 있어 마치 장군이 서 있는 것 같기도 하고 나한불상이 공대하여 서 있는 것 같기도 하다. 서쪽 벽 역시 바위기둥이 한데 붙어 서 있어 마치 장삼으로 예장한 불이 공대하여 서 있는 것 같다. 이 바위를 모양에 따라 병풍바위라 부르고 동쪽 바위를 오백나한, 오백장군, 석라한, 영실기암이라 한다. 이 계곡의 웅장하고 둘러친 모습이 마치 석가여래가 불제자에게 설법하던 영산과 비슷하다 해서 영실이라고 불리워졌다고 하며, 이들 기암 괴석은 또한 억센 나한들과 같다하여 오백나한이라고 부른다. 동쪽 암벽에는 흰진달래, 섬바꽃, 어수리, 구상나무, 주목, 제주백회, 고채나무 등 특수 수종들이 한대성 원시림을 이루고, 서쪽 암벽에는 섬매자, 시로미, 주목, 병꽃 등 관목이 주수종을 이루면서 희귀식물이 자생하고 있으며, 계곡 하나를 사이에 두고 온대와 한대가 마주 보고 있는 특수 지역이기도 하다. 또, 지질학적으로도 서쪽 병풍바위는 잘 발달된 주상절리층이지만 동쪽의 기암은 모두 용암이 약대지층을 따라 분출하다가 그냥 굳어진 것으로 하나하나가 용암분출에 의해 형성된 것이다. 암석은 조면질안산암이며 이 절리대를 따라 용출된 지하수가 복류하여 강정천의 발원지가 되고 있다.",http://www.visitjeju.net,서귀포종합관광안내소 064-732-1330,상시 개방,무료,불가능,연중무휴,Unknown,Unknown,입 장 료: 무료,50,130,NA,자연관광,NA01,자연경관(산),NA010100,"산, 고개, 오름, 봉우리",100,0,90,50,50,0,,,60,45,75,category,0.8706,,0.0,0.8706,category
3071816,12,관광지,오저여,제주특별자치도 제주시 구좌읍 행원리,63349,126.814276,33.561454,"해안경관이 아름다운 오저여는 제주시 구좌읍 행원리에 위치한 일몰 명소로 월정리 해수욕장에서 행원 해수욕장을 조금 지난 곳에 있다. 오저여는 제주어로 물새가 날아와서 새끼를 치는 바위 또는 작은 섬을 뜻한다. 오저여는 제주 동쪽 해안가에 위치하고 있으며, 푸른 바다와 풍력발전단지의 풍경을 감상할 수 있는 곳이다. 해 질 무렵 오묘한 붉은빛의 일몰이 아름다워 여행객과 사진작가들 사이에 알음알음 입소문이 나면서 많은 사람들이 찾아오고 있는 곳이다. 오저여는 일몰 명소로 유명하지만, 일출 명소로도 유명한 곳이다. 바닷가 주변으로 해녀상과 돌하르방 등 다양한 석상을 둘러보는 재미도 쏠쏠하고 바닷가 정자에서 잠시 휴식을 취해도 좋으며 해맞이 해안도로를 달리다가 잠시 차를 세워 둘러보는 것도 좋다. 오저여에서는 운이 좋다면 가끔 제주 남방 돌고래를 볼 수 있는 곳으로도 알려져 있다.",Unknown,제주관광정보센터 064-740-6000,상시 개방,무료,가능,연중무휴,Unknown,Unknown,입장료: 무료,50,110,NA,자연관광,NA05,기타자연관광,NA050100,기타자연관광,90,0,90,20,20,0,,,30,15,45,observed,0.8102,0.8083,0.9502,0.8465,blend
129071,12,관광지,오조마을,제주특별자치도 서귀포시 성산읍 오조로 85 (성산읍),63639,126.9229030466,33.4701955919,"오조마을은 성산일출봉에 해가 뜨면 가장 먼저 빛을 받는다는 뜻에서 지명을 유래했다. 사시사철 해상 유람선 관광과 낚시가 가능하고, 1996년도 해양수산부에서 지원한 어촌종합개발사업으로 민박 시설과 식당들을 갖췄다. 가족 단위 관광지로 적합하며, 해녀들이 직접 잡은 싱싱한 수산물을 맛볼 수 있다. 어둠이 걷히면서 초록빛 들판과 알록달록한 원색 지붕, 낮은 돌담이 모습을 드러내어 정겨운 풍경 속에서 조용히 산책하기 좋다. 축제식 오조양어장에서는 뱀장어, 숭어, 우럭, 넙치 등이 자연 서식하고, 양어장 북쪽에는 푸른 대나무와 울창한 소나무가 있는 식산봉이 자리 잡고 있다. 바다를 가로지며 걸을 수 있는 올레2코스 산책로를 따라 제주의 아름다운 자연 풍경을 한눈에 담을 수 있고, 중간에 식산봉으로 빠져 오름을 오르면 우도까지 조망할 수 있다.",Unknown,064-782-2516,상시 개방,무료,가능,연중무휴,있음,없음,촬영장소: 드라마 [공항가는 길] | 입 장 료: 무료 | 화장실: 있음,50,130,VE,문화관광,VE04,도시.지역문화관광,VE040200,마을관광지,90,70,90,50,80,20,,,45,30,60,blend,0.8591,1.0,0.1813,0.8279,blend
2742256,12,관광지,오조포구,제주특별자치도 서귀포시 성산읍 오조로 33,63639,126.9149845836,33.4573829903,"한적하고 조용한 마을에 위치한 오조포구는 바다 위로 성산 일출봉의 모습이 보이는 풍경이 아름다운 곳이다. ‘오조(吾照)’는 '일출봉에 해가 뜨면 제일 먼저 나를 비춘다'라는 의미이다. 주변에는 산책하기 좋은 둘레길이 있어 이곳만의 경치를 만끽하며 여유로운 산책을 즐길 수 있다. 오조리 마을과 연결된 나무다리가 있는데, 이 다리를 거닐면 바다 위를 걷는 듯한 기분을 느낄 수 있다. 올레 2코스가 지나가는 곳이라 도보 여행객들도 잠시 머물며 성산 일출봉과 바다가 어우러진 경치를 즐기다 가곤 한다. 인근의 식산봉에 올라 푸른 나무와 맑은 공기 속에서 오조포구의 풍경을 감상하는 것도 좋다. 재미를 주는 볼거리나 눈길을 사로잡는 화려함은 없지만, 바다의 풍경과 성산 일출봉, 주위 자연경관들이 어우러져 멋진 풍경을 연출하는 곳으로 제주 해안마을의 한적함을 느낄 수 있다.",Unknown,064-782-3182,상시 개방,Unknown,가능,연중무휴,있음,Unknown,이용가능시설: 오조리 감상소 / 전망대 | 화장실: 있음,50,130,NA,자연관광,NA02,자연경관(하천‧해양),NA020700,항구/포구,90,0,80,20,60,0,,,30,15,45,observed,0.7391,0.7344,0.9592,0.849,blend
126462,12,관광지,오현단,제주특별자치도 제주시 오현길 61 (이도일동),63192,126.5255683759,33.5102618336,"조선시대에 이곳 제주도에 유배되거나 방어사로 부임하여 이 지방의 교학 발전에 공헌한 다섯 분(5현)을 기리고 있는 제단으로, 이들의 위패를 모시던 귤림서원의 옛 터에 마련되어 있다. 5현은 중종 15년(1520)에 유배된 충암 김정 선생, 중종 29년(1534)에 제주목사로 부임해 온 규암 송인수선생, 선조 34(1601)에 안무사로 왔던 청음 김상헌선생, 광해군 6년(1614)에 유배된 동계 정온 선생, 숙종 15년(1689)에 유배된 우암 송시열 선생 등 다섯 분이다. 고종 29년(1892) 제주사람 김의정이 중심이 되어 비를 세우고 제단을 쌓아놓았는데, 원래는 선조 11년(1578) 임진이 목사로 있을 때, 판관 조인준이 가락천 동쪽에 충암 김정을 모시기 위한 충암묘를 지은 것이 그 시초이다. 현종 6년(1665) 판관 최진남이 이 묘를 장수당 남쪽인 지금의 자리로 옮겨놓은 뒤, 숙종 8년(1682) 예조정랑 안건지를 제주도에 파견하여 ‘귤림서원’이라는 현판을 하사하여 김정 선생·송인수 선생·김상헌 선생·정온 선생 등 네 분의 위패를 모시도록 하였다. 숙종 21년(1695) 송시열 선생도 함께 모시면서 5현을 배향하게 되었으나, 고종 8년(1871) 서원 철폐령이 내렸을 때 서원이 헐리게 되어, 그 터에 이 제단을 설치하게 되었다. 단내에 있는 5현의 자취로는 철종 7년(1856) 송시열 선생의 글씨로 하여 판관 홍경섭이 바위에 새긴 ‘증주벽립’이라는 글씨와, 김정 선생과 송시열 선생의 ‘적려유허비’가 남아있다.",비짓제주 https://www.visitjeju.net국가유산청 https://www.heritage.go.kr,064-710-6702,상시 개방,무료,가능,연중무휴,Unknown,Unknown,입장료: 무료,50,110,HS,역사관광,HS01,역사유적지,HS010900,사당,20,0,60,90,10,0,,,30,15,45,category,0.7874,,0.0,0.7874,category
3553653,12,관광지,온평리 포구,제주특별자치도 서귀포시 성산읍 환해장성로 513,63633,126.903,33.4017,온평포구에는 현무암으로 쌓아 올려 뱃길을 나간 어부들이 생선 기름들을 이용하여 불을 밝혔다가 안전하게 돌아와 그 불을 끄고는 했던 전통 등대인 ‘도대’가 아직도 보존되고 있다. 현재 제주에는 7개밖에 남지 않은 도대는 어려운 시절 마을 사람들과 함께하고 마지막 불이 꺼진 후 지금까지 한 번도 불을 밝히지 않았다고 한다. 제주올레 2코스의 종착점이자 3코스의 시작점이기도 하다. 포구를 향해 내려오다 보면 제주도의 천연기념물이자 제주의 신화가 있는 혼인지도 있으니 연계 관광에 용이하다. / (출처 : 비짓제주 홈페이지),비짓제주 https://www.visitjeju.net/kr,서귀포시청 해양수산과 064-760-2764,상시 개방,무료,불가능,연중무휴,Unknown,Unknown,입장료: 무료,50,130,NA,자연관광,NA02,자연경관(하천‧해양),NA020700,항구/포구,80,0,70,70,50,0,,,45,30,60,blend,0.8764,1.0,0.1813,0.849,blend
3056448,12,관광지,올레바당체험마을,제주특별자치도 제주시 한림읍 한림해안로 267-6,63023,126.26406290297412,33.42542169301652,"올레바당체험마을은 한림읍 수원리 마을공동체에서 운영하는 마을기업이다. 관광객들에게 제주 바다의 아름다움을 알리고, 청정 제주 바다에서 누릴 수 있는 다양한 체험을 소개하기 위해 주민들의 뜻을 모아 운영되고 있다. 관광특화마을답게 제주 전통의 테우가두리낚시체험을 저렴한 가격으로 즐길 수 있다. 아이부터 어른까지 모두 즐겁게 체험이 가능하다. 테우란 전통적인 뗏목 형태의 낚싯배이며 테우가두리낚시체험은 약 1시간 정도 소요된다. 올레바당체험마을 인근에는 협재해수욕장, 평수포구, 한림항 등의 관광지가 있어 같이 둘러보기 좋다.",https://www.instagram.com/ollebadang_fishing,0507-1437-7223,11:00~17:00 (휴게시간 12:00~13:30),"테우낚시체험 12,000원",가능,연중무휴,있음,Unknown,"시설이용료: 테우낚시체험 12,000원 | 화장실: 있음",50,110,EX,체험관광,EX03,농.산.어촌 체험,EX030100,체험마을,70,0,60,60,90,0,,,45,30,60,blend,0.7481,0.625,0.1813,0.7753,blend
1891566,12,관광지,와이리조트 제주,제주특별자치도 서귀포시 안덕면 화순중앙로124번길 75,63530,126.3278570231,33.2426334601,"유럽의 지중해처럼 여유롭고, 알프스의 풍경처럼 아름다우며, 동남아의 따뜻함까지 느낄 수 있는 와이리조트 제주는 바쁜 일상 속 잠시 멈춰 서고 싶을 때 찾게 되는 힐링 공간이다. 리조트는 전체적으로 청결하고 깔끔하게 관리되어 있으며, 북적이지 않아 한적하고 조용한 분위기 속에서 온전한 휴식을 즐길 수 있다. 야외 수영장은 가족 단위 여행객에게도 적합해 아이들과 함께 물놀이를 하며 소중한 추억을 만들 수 있고, 객실에서는 제주의 풍경인 산방산을 바라보며 하루의 피로를 풀 수 있다.",Unknown,064-794-7007,Unknown,Unknown,Unknown,Unknown,Unknown,가능,Unknown,50,130,VE,문화관광,VE05,복합관광시설,VE050200,리조트,80,10,70,0,50,0,,,60,45,75,blend,0.818,0.75,0.1813,0.8331,blend
2905045,12,관광지,와흘메밀마을,제주특별자치도 제주시 조천읍 남조로 2455,63344,126.6500688270,33.4827833507,"제주 한라산 북쪽 사면 밑에 자리 잡은 와흘리는 구그네오름, 세미오름 등 여러 오름에 둘러 쌓여있고, 넓은 초지가 있는 중산간 마을이다. 산세모습이 마치 사람이 편안하게 누운 모습과 같다 하여 누울 ‘와’, 산 높을 ‘흘’이라 칭한 만큼 편안한 인심을 가진 사람들이 모여 하늘을 섬기던 전통을 잇고, 땅을 지키며, 이웃과 함께하는 아름다운 전형적인 농촌마을이다. / 매년 5월과 10월이면 하얀 메밀꽃이 만개해 사진 촬영 명소로 유명하다. 5월에는 축제가 열리며 다양한 체험행사도 진행한다. / 제주특별자치도 제주시 조천읍에 소재하고 있으며 제주공항에서 30분으로 제주시와 가까운 거리에 위치해 있다.",https://waheul.com,064-783-1688,09:00~18:00,"무료 / [음식체험] / - 30,000원 / [영농생활체험] / - 풍낭투어 10,000원 / - 소원 밭담 쌓기 30,000원 / - 메밀베개 만들기 30,000원 / [숙박시설] / - 단체형 120,000원 / - 가족형 50,000원 / [식당시설] / - 1일 200,000원 / [세미나실] / - 1일 200,000원 / [기타시설(야외체험장)] / - 1일 200,000원 / ※ 이용요금은 변동될 수 있으므로 자세한 사항은 홈페이지 참조 또는 전화 문의",가능,연중무휴,있음,Unknown,"입장료: 무료 | 시설이용료: [음식체험] / - 30,000원 / [영농생활체험] / - 풍낭투어 10,000원 / - 소원 밭담 쌓기 30,000원 / - 메밀베개 만들기 30,000원 / [숙박시설] / - 단체형 120,000원 / - 가족형 50,000원 / [식당시설] / - 1일 200,000원 / [세미나실] / - 1일 200,000원 / [기타시설(야외체험장)] / - 1일 200,000원 / ※ 이용요금은 변동될 수 있으므로 자세한 사항은 홈페이지 참조 또는 전화 문의 | 화장실: 있음",50,110,EX,체험관광,EX03,농.산.어촌 체험,EX030100,체험마을,80,20,90,60,70,10,,,60,45,75,observed,0.8302,0.875,0.5507,0.7753,blend
2713585,12,관광지,왕이메오름,제주특별자치도 서귀포시 안덕면 광평리 산 79,63524,126.3750562608,33.3421787614,"서귀포시에 위치한 왕이메오름은 오름을 찾아가는 길도 쉽고 오르기에 그리 힘이 들지도 않으면서 제주의 숲길과 오름의 진수를 모두 만끽할 수 있는 오름이다. 이 오름은 먼 옛날 탐라국 삼신왕이 이곳에 와서 사흘 동안 기도를 드렸다고 해서 왕이메라는 이름이 붙었다. 오름은 여러 개의 크고 작은 봉우리가 어깨를 맞대어 하나의 커다란 산을 이루고 있으며, 오름 정상에는 산굼부리와 흡사한 깔때기 모양의 커다란 원형 분화구가 있고 화구주위가 작은 굼부리들로 이루어진 복합 화산체이다. 이 때문에 동쪽의 산굼부리와 자주 비교되기도 한다. 입구 초반 자연 그대로의 삼나무 숲길과 굼부리 내부까지 들어가 오름의 속살을 느끼면서 걸을 수 있는 것이 이곳의 매력이다. 이 오름은 개인 사유지로 도민과 관광객을 위해 부분적으로 개방한 곳이니, 승인된 등산로로만 다녀야 한다.",Unknown,제주관광정보센터 064-740-6000,※ 일부 통제될 수 있으므로 방문 시 전화문의 요망,무료,가능,연중무휴,Unknown,Unknown,입 장 료: 무료,50,130,NA,자연관광,NA01,자연경관(산),NA010100,"산, 고개, 오름, 봉우리",90,0,80,40,70,0,,,60,45,75,blend,0.8941,1.0,0.1813,0.8706,blend
126470,12,관광지,외돌개(제주),제주특별자치도 서귀포시 서흥동 791,63594,126.5462159180,33.2402621646,"제주 올레길 7코스의 시작점인 외돌개는 바다에서 20m 높이로 솟아난 형상의 돌기둥이다. 바다 위에 홀로 우뚝 서있어 ‘외돌개’라는 이름이 붙여졌다. '장군석’, ‘할망 바위’라는 이름으로도 불리는데, 최영장군이 원나라와 싸울 때, 이 바위를 장군처럼 꾸며 놓아 적군을 자멸하게 했다는 설화가 있다. '할망바위'라는 이름의 유래에 대해서는 아래의 전설을 읽어보자. 눈에 보이는 암석뿐만 아니라 바다 사람을 기다리던 제주 사람들의 생활상도 엿볼 수 있다. / (출처 : 제주 문화관광 홈페이지)",비짓제주 /www.visitjeju.net / 국가유산청 https://www.heritage.go.kr,064-760-3192,상시 개방 / ※ 일몰 전 이용 권장,무료,가능,연중무휴,있음,Unknown,촬영장소: '대장금' 촬영지 | 이용가능시설: 전망대 / 쉼터 / 상점 / 산책로 | 입 장 료: 무료 | 화장실: 있음,50,130,NA,자연관광,NA03,자연생태,NA030300,기암괴석,90,0,90,70,60,0,,,30,15,45,observed,0.8516,0.8516,0.9983,0.8516,blend
572960,12,관광지,용눈이오름,제주특별자치도 제주시 구좌읍 종달논길,63364,126.8320410805,33.4587755524,"구좌읍에 위치한 용눈이오름은 해발 247.8m, 높이 88m, 둘레 2,685m로 360여 개의 오름 중 유일하게 분화구가 3개다. 봄, 여름에는 잔디가 가을, 겨울에는 억새가 덮이며 계절마다 옷을 갈아입는다. 부드러운 능선이 유독 아름다워 많은 사진작가들이 찾는다. 한가운데가 움푹 패어있어 용이 누웠던 자리 같다는 뜻을 담아 용와악(龍臥岳), 용이 놀았던 자리라는 뜻을 담아 용유악(龍遊岳), 용의 얼굴 같다 하여 용안악(龍眼岳) 등으로 표기되었는데, 실제로 위에서 내려다보면 화구의 모습이 용의 눈처럼 보인다. / (출처 : 비짓제주)",http://www.visitjeju.net,제주관광정보센터 064-740-6000,상시 개방,무료,가능,연중무휴,있음,Unknown,입장료: 무료 | 화장실: 있음,50,110,NA,자연관광,NA01,자연경관(산),NA010100,"산, 고개, 오름, 봉우리",90,0,90,20,60,0,,,60,45,75,observed,0.8367,0.8281,0.7981,0.8706,blend
2767900,12,관광지,용담공원,제주특별자치도 제주시 용담일동 373-5,63153,126.5150125811,33.5081292873,"용담공원은 용두암 근처에 있는 작은 공원으로, 용연 다리와도 연결된 도심 속의 자그마한 쉼터이다. 근처 관광지인 용두암은 기암괴석 사이에 있는 용머리 모양의 관광 명소이며, 용연 다리는 용담 공원과 건너편을 잇는 거대한 출렁다리다. 밤이면 화려한 조명이 켜지면서 아름다운 야경을 자랑한다. 다리 건너편 용담공원은 비록 규모가 크지는 않지만, 오밀조밀 잘 꾸며놓아 산책하기에 좋다. 나무 벤치와 조각상이 설치되어 있어 해안을 바라보며 잠시 쉬었다가 갈 수도 있다.",Unknown,064-740-6000,상시 개방,Unknown,가능,연중무휴,있음,Unknown,이용가능시설: 운동기구 / 쉼터 / 산책로 출렁다리 / 정자 / 화장실 / 주차장 | 화장실: 있음,50,110,VE,문화관광,VE03,도시공원,VE030100,시민공원,70,0,60,10,40,0,,,90,60,120,category,0.8,,0.0,0.8,category
3056592,12,관광지,용담레포츠공원,제주특별자치도 제주시 서해안로 580 (용담삼동),63114,126.4994427069005,33.51823715798163,"용담 레포츠공원은 제주시민들의 건강한 레저와 스포츠, 여가활동을 위해 조성된 공원이다. 다양한 활동이 가능한 다목적 운동장, 족구장, 배구장, 롤러스케이트장, 농구장 등의 체육시설과 정자, 쉼터 등 편의시설이 잘 갖춰져 있어 운동이나 가벼운 산책하기에 좋은 공원이다. 제주공항과 가까워 항공기 소음이 들린다는 단점이 있지만, 최근에는 비행기 이착륙 장면을 공원에서 근접 촬영할 수 있어서 사진 촬영 명소로 유명해졌다. 해안가에 조성된 공원답게 해안 산책길이 있으며 공원 내에서 야영과 취사는 금지하고 있다.",https://www.visitjeju.net/kr,064-728-3929,상시 개방,무료,가능,연중무휴,있음,Unknown,입장료: 무료 | 화장실: 있음,50,110,VE,문화관광,VE03,도시공원,VE030100,시민공원,80,0,90,20,80,0,,,75,60,90,blend,0.8659,1.0,0.3297,0.8,blend
2738705,12,관광지,용담해안도로,제주특별자치도 제주시 서해안로 687-8 (용담이동),63152,126.5121043316,33.5155784156,"용두암부터 도두봉까지 이어지는 6㎞의 해안도로로, 제주도민들이 즐겨 찾는 드라이브 코스다. 특히 밤에 더욱 화려한 빛을 발한다. 올레 17코스 중 일부다. 정식 명칭은 ‘서해안로’지만, 제주 유명 관광지인 용두암과 가까이 자리하고 있어 용두암 해안도로 또는 용담 해안도로로 알려져 있다. 해안도로 중간중간 차를 대고 바다를 볼 수 있는 공원이 조성되어 있고, 바다를 비추는 조명도 설치되어 있어 밤낮으로 바다를 보기 위해 찾는 사람들이 많다. 해안도로의 마지막은 도두봉이 자리 잡고 있다. 도두봉은 경사가 완만해 누구나 올라가기 편하다. 특히, 도두봉은 노을 명소로도 유명한 오름이고 공항과 가깝기 때문에 제주도에 도착하거나 출발하기 전에 들르기 좋다.",https://www.visitjeju.net,제주관광정보센터 064-740-6000,상시 개방,무료,가능,연중무휴,Unknown,Unknown,주차요금: 무료 | 이용가능시설: 소공원 / 전망대 / 놀이터,50,110,NA,자연관광,NA05,기타자연관광,NA050100,기타자연관광,90,0,90,10,50,0,,,30,15,45,observed,0.8195,0.8173,0.9257,0.8465,blend
228853,12,관광지,용두암,제주특별자치도 제주시 용두암길 15 (용담이동),63152,126.5125098697,33.5147812884,"제주공항 인근의 북쪽 바닷가에 있는 용두암은 오랜 세월에 걸쳐 파도와 바람에 씻겨 빚어진 모양이 용의 머리와 닮았다 하여 용두암이라 불린다. 전설에 의하면 용 한 마리가 한라산 신령의 옥구슬을 훔쳐 달아나자 화가 난 한라산 신령이 활을 쏘아 용을 바닷가에 떨어뜨려 몸은 바닷물에 잠기게 하고 머리는 하늘로 향하게 하여 그대로 굳게 했다고 전해진다. 또 다른 전설은 용이 되어 하늘로 올라가는 것이 소원이던 한 마리의 백마가 장수의 손에 잡힌 후, 그 자리에서 바위로 굳어졌다는 전설이 있다.용두암에서 도두항까지 이어지는 용담-도두 해안도로에는 다양한 카페와 맛집이 있어 눈과 입이 즐거운 드라이브도 즐길 수 있다. 제주의 명물로 떠오른 카페촌에서 차를 한잔하고 바닷길을 따라가다 보면 이호 해수욕장과 하귀해변, 애월읍으로 이어진다. 애월읍에서 용두암에 이르는 북제주의 해안도로는 제주 사람들이 가장 많이 찾는 데이트코스이다.",http://www.visitjeju.net,제주시 관광정보센터 064-740-6000,상시 개방,무료,가능,연중무휴,있음,Unknown,화장실: 있음 | 입 장 료: 무료,50,110,NA,자연관광,NA02,자연경관(하천‧해양),NA020800,해안절경,90,40,80,30,30,10,,,30,15,45,observed,0.7754,0.7754,1.0,0.8101,blend
250412,12,관광지,용두암해수랜드,제주특별자치도 제주시 서해안로 630,63150,126.5045688690,33.5158588206,"용두암해수랜드는 제주시 해안도로와 용두암 인근에 있는 사우나이다. 야자수로 조경을 둘러 남국의 정취가 물씬 풍기는 해수랜드는 넓은 규모의 사우나 종합시설과 정원 내 전통불한증막, 대형폭포, 이벤트 광장인 낙원의 쉼터, 주차장 등의 시설을 갖춘 대형 목욕 업장이다. 단순히 몸을 씻어내는 목욕이 아니라 휴식과 즐거움이 있는 여가공간을 만들어가고 있다. 각종 미네랄이 풍부한 청정 바닷물을 이용하는 해수사우나와 찜질방에서 피로를 풀 수 있고, 해수랜드에서 내려다보이는 바닷가 절경이 몸과 마음을 즐겁게 한다.",Unknown,064-742-7000,[기본] / 05:00~22:00 / [건식사우나] / 05:00~22:00 / [게르마늄방] / 05:00~20:00,"[목욕] / - 성인 9,000원 / - 어린이 6,000원 / [찜질방] / - 성인 12,000원 / - 어린이 7,000원 / 무료",가능,연중무휴,있음,가능,"입 장 료: [목욕] / - 성인 9,000원 / - 어린이 6,000원 / [찜질방] / - 성인 12,000원 / - 어린이 7,000원 | 화장실: 있음 | 주차요금: 무료",50,110,EX,체험관광,EX05,웰니스관광,EX050200,찜질방,70,0,60,0,60,0,,,90,60,120,category,0.8542,,0.0,0.8542,category
3061701,12,관광지,용두암해안도로,제주특별자치도 제주시 서해안로 687-8 (용담이동),63152,126.51209310788026,33.515548807796954,"용두암 해안도로는 용두암에서부터 도두봉까지 제주공항 북쪽의 해안을 따라 이어지는 해안도로로, 제주도민들과 관광객들이 즐겨 찾는 드라이브 코스이다. 밤에는 호텔, 카페, 횟집, 상가에서 흘러나오는 화려한 불빛을 받아 아름다운 야경을 연출하며, 야간 경관 조명 등도 설치되어 있어 야경 명소로 알려져 있다. 제주 올레길 제17코스 중 일부이며, 정식 명칭은 서해안로이지만, 제주의 유명 관광지인 용두암과 가까이 있어 용두암 해안도로 또는 용담 해안도로로 불리고 있다. 해안도로 곳곳에는 차를 대어 놓고 바다를 조망할 수 있는 공원이 조성되어 있고, 노을 명소로 유명한 도두봉 오름도 있다.",https://www.visitjeju.net,제주시 관광정보센터 064-740-6000,상시 개방,무료,가능,연중무휴,없음,Unknown,입장료: 무료 | 화장실: 없음,50,110,NA,자연관광,NA05,기타자연관광,NA050100,기타자연관광,90,20,90,10,50,10,,,30,15,45,category,0.8465,,0.0,0.8465,category
228854,12,관광지,용머리해안,제주특별자치도 서귀포시 안덕면 사계리 112-3,63528,126.3151,33.2317,"용머리 해변은 산방산 앞자락에 있는 바닷가로 산방산 휴게소에서 걸어내려가면 수려한 해안절경의 용머리 해안과 마주치게 된다. 수천만 년 동안 쌓이고 쌓여 이루어진 사암층과 파도가 만들어낸 해안 절벽을 감상할 수 있다. 작은 방처럼 움푹 들어간 굴방이나 드넓은 암벽의 침식 지대가 펼쳐져 장관을 연출하고 있으며, 용머리라는 이름은 언덕의 모양이 용이 머리를 들고 바다로 들어가는 모습을 닮았다 하여 붙여졌다. 전설에 의하면 용머리가 왕이 날 훌륭한 형세임을 안 진시황이 호종단을 보내어 용의 꼬리 부분과 잔등 부분을 칼로 끊어 버렸는데 이때 피가 흘러내리고 산방산은 괴로운 울음을 며칠째 계속했다고 한다. 파도가 하얗게 부서지는 바닷가 바로 옆으로 길이 나있으며, 절벽이 마치 물결치듯 굽어져 있다. 해식애 앞쪽으로 좁지만 평탄한 파식대가 발달되어 용머리해안을 일주할 수 있는 탐방로 역할을 하고 있다. 기상악화나 만조 때에는 위험성이 높아 출입을 금하니 방문 전 미리 관람 가능 시간을 확인하고 가는 것이 좋다. 사암층을 따라 걷다 보면 나오는 해안가 일대에서는 해녀들이 좌판을 깔아 놓고 해산물을 판매하고 있으며 용머리로 들어가는 입구에는 하멜기념비가 서 있다.◎ 한류의 매력을 만나는 여행 정보 - 드라마 / 드라마 '환혼' 2화에서 장욱(이재욱)이 경천대호에 빠진 무덕이(정소민)를 찾아 도달한 장소가 바로 이곳, 제주 용머리해안이다. 파도에 깎여 형성된 암벽층이 만들어내는 독특하고 아름다운 풍경은 보는 이로 하여금 감탄을 자아낸다.",비짓제주 https://www.visitjeju.net 서귀포시 공영관광지 인스타그램 https://www.instagram.com/6sot_official,"064-794-2940, 064-760-6321",09:00~17:00※ 기상상황에 따라 통제되므로 자세한 사항은 방문 전 전화 문의 요망,"[개인] / - 어른 2,000원 / - 청소년, 어린이 1,000원 / [단체] / - 어른 1,600원 / - 청소년, 어린이 600원 / ※ 자세한 사항은 전화문의 요망",가능,연중무휴※ 기상상황에 따라 통제되므로 자세한 사항은 방문 전 전화 문의 요망,있음,Unknown,"입장료: [개인] / - 어른 2,000원 / - 청소년, 어린이 1,000원 / [단체] / - 어른 1,600원 / - 청소년, 어린이 600원 / ※ 자세한 사항은 전화문의 요망 | 화장실: 있음",50,130,NA,자연관광,NA02,자연경관(하천‧해양),NA020800,해안절경,90,20,100,30,40,10,,,30,15,45,observed,0.79,0.79,1.0,0.8101,blend
2765233,12,관광지,용수성지,제주특별자치도 제주시 한경면 용수1길 108,63009,126.1677385965,33.3228915301,"제주시 한경면 용수리 해안은 성 김대건 안드레아 신부가 중국 상해에서 출발해 서해로 귀국하다가 표착한 곳이다. 김대건 신부는 한국인 최초로 상해에서 사제품을 받았는데, 라파엘 호를 타고 귀국하던 중 큰 폭풍우를 만나 표류하다가 용수리 해안으로 오게 됐다고 한다. 이후 경기도 용인에서 사목 활동을 하다가 순교하였는데, 이 선교 열정과 순교 정신을 기리기 위해 용수리 포구를 성지로 선포하고 기념 성당과 기념관, 라파엘 호를 복원해 전시하고 있다. 올레길 12코스와 13코스의 연결지점인 용수 포구에 있어 천주교 신자가 아니더라도 한 번쯤 들러보기 좋은 곳이다.",Unknown,064-772-1252,09:00~18:00 / ※ 자체 개별 미사 신청은 오후 시간대에만 가능,무료,가능,연중무휴,Unknown,Unknown,입 장 료: 무료 | 내국인 예약안내: 단체 관람 및 예약은 사전예약 필수,50,110,HS,역사관광,HS03,종교성지,HS030200,기독교,40,0,60,90,30,0,,,30,15,45,blend,0.7807,0.5,0.1813,0.8429,blend
2742267,12,관광지,용수항,제주특별자치도 제주시 한경면 용수리,63009,126.1664000000,33.3233000000,"용수항은 한경면 용수리에 위치한 소규모 어항으로, 용수리포구 또는 용수포구로 불리기도 한다. 용수항의 옛 이름은 쇠머리 코지 자락에 있는 포구라 하여 ‘우두포’라고 했다. 용수항 앞바다에서는 제주도에서 가장 큰 무인도인 차귀도의 푸른 실루엣이 보인다. 포구의 양쪽으로는 마을을 지켜주는 방사탑이 우뚝 서 있는데, 해의 부리 모양과 닮았다고 하여 매주제가라고 불리는 탑이다. 한국 최초의 신부인 김대건 천주교 신부가 중국 상하이에서 사제 서품을 받은 뒤 귀국하다 풍랑을 만나 표류한 곳이 바로 용수항이다. 이후로 천주교 제주교구는 이곳을 성지로 선포하고, 2006년 포구 앞에 김대건 신부 표착기념관을 세웠으며, 2008년에는 기념관 옆으로 기념 성당을 조성하였다. 인근 관광 명소로는 절부암, 차귀도, 협재해수욕장 등이 있다.",https://www.visitjeju.net/kr,제주관광정보센터 064-740-6000,상시 개방,무료,가능,연중무휴,Unknown,Unknown,입장료: 무료,50,110,NA,자연관광,NA02,자연경관(하천‧해양),NA020700,항구/포구,80,10,80,70,20,0,,,60,45,75,category,0.849,,0.0,0.849,category
127745,12,관광지,용연,제주특별자치도 제주시 흥운길 73 (용담이동),63152,126.5139125156,33.5152118184,"용연은 제주시 용담동에 위치한 호수로 계곡의 물이 유입되는 것이 특징이다. 산등성이부터 바닷가로 흐르는데, 바닷물과 민물이 만나 신비로움을 선사한다. 용연은 가뭄이 들어도 물이 마르지 않아 이곳에 살고 있는 용이 승천하여 비를 내리게 했다는 전설이 내려오기도 하고, 선인들이 풍류를 즐긴 장소로도 이용되었다고 한다. / 나무로 연결된 용연구름다리는 용연 사이를 잇는 역할을 하며, 붉은빛이 감도는 정자와 에메랄드빛 계곡이 마치 그림의 한 폭처럼 어우러진 경관을 감상할 수 있다. 용연구름다리는 야경이 멋진 곳으로, 저녁 산책 코스로 손색이 없다. 밤이면 다리에 켜지는 형형색색의 불빛들과 잔잔한 호수, 그리고 우거진 숲이 장관을 이룬다. 제주 올레 17코스가 통과하는 이곳은 제주공항에서 차로 약 10분 정도 달리면 만날 수 있는 곳으로, 제주 자연의 아름다움과 은은함을 느낄 수 있다. / 인근 명소로는 용머리 형상의 바위인 용두암, 제주의 역사를 담고 있는 가장 오래된 건물인 관덕정 등이 있다.",http://www.visitjeju.net,064-728-3917,상시 개방,무료,가능,연중무휴,있음,Unknown,입 장 료: 무료 | 화장실: 있음 | 이용가능시설: 용연구름다리 / 용연 정자,50,110,NA,자연관광,NA01,자연경관(산),NA010400,계곡,90,0,80,30,40,0,,,60,45,75,blend,0.7743,0.5,0.1813,0.835,blend
2738692,12,관광지,용연구름다리,제주특별자치도 제주시 용담이동 2581,63164,126.5143124879,33.5149285237,"용연구름다리는 제주공항 서쪽에 위치한 다리이다. 용연은 제주시 용담동에 위치한 계곡의 물이 유입되는 하천으로, 산등성이부터 바닷가로 흘러 바닷물과 민물이 만나 신비로움을 선사한다. 용연은 가뭄이 들어도 물이 마르지 않아 이곳에 살던 용이 승천해 비를 내리게 했다는 전설이 내려온다. 물이 풍부해 선인들이 풍류를 즐긴 장소로도 이용되었다. 출렁다리로 연결된 용연구름다리는 용연의 기암절벽 사이를 잇는, 현수교 형태이다. 붉은빛이 감도는 정자와 에메랄드빛 계곡이 어우러진 경관을 감상할 수 있다. 특히 야경이 멋진 곳으로, 저녁 산책코스로 좋다. 밤이면 다리에 켜지는 불빛들과 잔잔한 호수, 그리고 우거진 나무숲들이 어우러진 모습을 볼 수 있다. 또한 제주올레 17코스가 통과하는 곳으로 제주 자연의 아름다움과 은은함을 느낄 수 있다.",Unknown,제주관광정보센터 064-740-6000,상시 개방,무료,가능,연중무휴,Unknown,Unknown,입 장 료: 무료,50,110,VE,문화관광,VE01,랜드마크관광,VE010300,다리 / 대교,90,0,90,60,50,0,,,30,15,45,observed,0.7003,0.7,0.9933,0.7444,blend
127336,12,관광지,우도,제주특별자치도 제주시 삼양고수물길 1,63365,126.9510300250,33.5195017100,"우도는 소가 누워있는 모양을 닮았다고 해서 일찍부터 소섬 또는 쉐섬으로 불렸다. 완만한 경사와 옥토, 풍부한 어장, 우도팔경 등 천혜의 자연조건을 갖춘 관광지로써 한 해 약 200만 명의 관광객이 찾는 제주의 대표적인 부속섬이다. 성산항과 종달항에서 우도 가는 배를 탈 수 있는데 어디서 출발하든 15분 정도 소요된다. 섬의 길이는 3.8㎞, 둘레는 17㎞이며, 쉬지 않고 걸으면 3~4시간 걸리는 거리지만, 대부분의 관광객은 버스나 자전거, 미니 전기차를 타고 유명한 관광지 위주로 돌아볼 수 있다. 여유 있게 우도를 즐기고 싶다면 오전 아침배를 타고 들어가 오후 배를 타고 나와 하루 종일 우도에 머물러 보는 것도 좋다. 단, 기상에 따라 배 운항여부가 달라질 수 있으니 우도 여행일정을 짜는 데는 기상조건을 필히 확인해야 한다. / (출처 : 제주 문화관광 홈페이지)",https://www.visitjeju.net,064-782-5671,상시 개방,무료,가능,연중무휴,Unknown,Unknown,촬영장소: 영화 ‘인어공주’ 촬영지 | 입 장 료: 무료,50,110,NA,자연관광,NA02,자연경관(하천‧해양),NA020500,섬,100,20,90,20,70,10,,,210,165,255,observed,0.8879,0.8879,1.0,0.8695,blend
129147,12,관광지,우도 등대,제주특별자치도 제주시 우도면 우도봉길 105 (우도면) 부근,63365,126.9665931996,33.4920855483,"우도 등대는 제주 최초로 빛을 밝힌 등대로, 1906년 3월 처음 불을 밝혔다. 2003년 12월, 높이 16m의 원형 콘크리트 등대를 신축하였고, 국내 기술로 개발한 대형 회전식 등명기를 설치해 50㎞ 밖에서도 확인 가능한 불빛을 비추고 있다. 주변에는 우리나라 최초로 등대를 테마로 한 등대 공원을 조성하여 지역 경제 발전에 기여하고 있다. 등대 공원에서는 홍보 전시실 및 항로 표지 3D체험관과 세계 7대 불가사의 중 하나인 파로스 등대 등 국내외 유명한 등대 모형 14점을 전시하여 우도봉에 오른 관광객들에게 즐거움을 더해주고 있다. 또한, 우리나라 최초로 등대를 테마로 한 등대공원을 조성하여 해양관광상품을 개발하고, 지역경제 발전 기여를 위해 노력하고 있다.",https://www.visitjeju.net,064-783-0180,09:00~18:00,Unknown,가능 (소형 50대 / 대형 5대),연중무휴,있음,Unknown,"촬영장소: 영화 ‘시월애’, ‘인어공주’, ‘연리지’ 등의 촬영지 | 이용가능시설: 홍보관 / 체험관 / 기타시설 (야외 등대미니어쳐 공원, 산책로, 전망대 등) | 화장실: 있음",50,110,VE,문화관광,VE01,랜드마크관광,VE010800,등대,70,0,80,80,50,0,,,30,15,45,blend,0.8605,0.9375,0.3297,0.8226,blend
129074,12,관광지,우도마을,제주특별자치도 제주시 우도면 우도비양길 119,63365,126.96480936059389,33.51192218763324,"우도는 소가 누워있는 모양을 닮았다고 해서 일찍부터 소섬 또는 쉐섬으로 불리웠다. 완만한 경사와 옥토, 풍부한 어장, 우도팔경 등 천혜의 자연조건을 갖춘 관광지로써 한해 약 200만 명의 관광객이 찾는 제주의 대표적인 부속섬이다. 물소가 머리를 내민 모양이라 우도라 부르는데, 우도8경 등 수려한 자연경관과 청정해역으로 많은 관광객들이 찾고 있는 곳이다. 또한 최근에 영화 '시월애'와 '인어공주' 등의 촬영지로 알려지면서 세인들의 관심이 더욱 높아지고 있다.",www.visitjeju.net,제주관광정보센터 064-740-6000,상시 개방,무료,가능,연중무휴,Unknown,Unknown,입장료: 무료,50,110,VE,문화관광,VE04,도시.지역문화관광,VE040200,마을관광지,90,20,90,30,40,10,,,30,15,45,category,0.8279,,0.0,0.8279,category
598558,12,관광지,우도산호해변 홍조단괴 서빈백사,제주특별자치도 제주시 우도면 우도해안길 252,63365,126.9437532672,33.5026812286,"우도 산호해변은 에메랄드빛으로 부서지는 햇살 아래 하얗다 못해 푸른빛이 감돌며, 우도 서쪽의 하얀 모래해변이라 하여 서빈백사로 불린다. 수심에 따라 바다 빛깔이 달라 남태평양이나 지중해의 어느 바다와 비교해도 손색이 없다. 여름에는 해수욕장으로, 봄, 가을에는 사진 찍기 좋은 곳으로 인기가 많으며, 인근에는 우도 땅콩을 넣은 아이스크림, 수제버거 등 식당과 아기자기한 카페들이 많이 들어서 있다. 이곳의 모래는 해양 조류 중 하나인 홍조가 해안으로 쓸려와 퇴적된 것으로, 이러한 해변을 홍조단괴 산호해변으로도 불린다. 홍조단괴란 홍조류가 생리과정에서 탄산칼슘을 축적하여 돌처럼 단단하게 굳어져 버린 상태를 말한다. 홍조단괴로 이루어진 해변은 세계에서도 몇 곳 없어 학술적으로도 희소가치를 지닌다.",http://www.visitjeju.net,제주시 관광안내센터 064-740-6000,상시 개방,무료,가능,연중무휴,있음,없음,화장실: 있음 | 입 장 료: 무료,50,110,NA,자연관광,NA02,자연경관(하천‧해양),NA020900,해변. 해수욕장,90,20,90,60,70,10,,,30,15,45,observed,0.8616,0.8616,0.9963,0.8632,blend
127363,12,관광지,우도잠수함,제주특별자치도 서귀포시 성산읍 성산등용로 112-7,63643,126.93452013491,33.4728533627449,"제주씨월드 우도잠수함은 제주도 부속 도서 중 가장 면적이 넓은 섬 속의 섬 우도에서 신비의 해저 세계와 세계자연유산 및 세계 7대 자연경관에 선정된 성산일출봉을 한눈에 관람하는 체험 프로그램이다. 성산포항에서 해저 잠수함 선착장까지 유람선으로 이동하면서 우도 해상 비경과 성산일출봉을 즐기고, 잠수함 선착장에서 잠수함으로 갈아타고 바다 밑으로 내려간다. 이동 거리 500m로 국내 최대이며 30m 아래 바다에서 해저 세계의 아름다움을 감상할 수 있다. 우도 앞바다 일대의 수중 속 신비를 만날 수 있으며 특히 제주의 특산 어종인 자리돔을 비롯해 범돔, 돌돔, 쏠배감펭, 줄도화돔 등의 다양한 어종이 무리 지어 다니는 모습을 볼 수 있다.",https://jejuseaworld.co.kr/home,064-784-2333,09:40~15:40※ 운항시간은 상황에 따라 변동될 수 있음,"- 성인 및 청소년 55,000원- 소인 35,000원",Unknown,연중무휴 (상황에 의해 운항이 변경 될 수 있음),Unknown,Unknown,"내국인예약안내: 사전 예약 필수 | 시설이용료: - 성인 및 청소년 55,000원- 소인 35,000원",50,130,EX,체험관광,EX07,기타체험,EX070100,유람선/잠수함관광,80,0,90,20,90,0,,,90,60,120,category,0.8651,,0.0,0.8651,category
2767884,12,관광지,우도천진항,제주특별자치도 제주시 우도면 연평리 1737-15,63365,126.950434879884,33.4919930639295,"제주의 동쪽 끝, 해가 가장 먼저 떠오르는 섬이자 제주의 부속 섬 중 가장 큰 우도는 볼거리와 즐길 거리가 가득해 관광객들로 북적이는 여행지다. 걷기에는 섬 크기가 커서 자동차를 가지고 입도하거나 입도 후 전동 스쿠터나 소형 전기차, 버스로 여행하는 것이 좋다. 우도에는 2개의 선착장이 있는데, 천진항과 하우목동항이 바로 그곳이다. 천진항은 우도의 관문 항구이자 전동 스쿠터 등 대여 업체가 많아 보통 이곳에서 내리는 관광객이 많다. 성산항과 종달항에서 천진항까지는 10~15분 정도가 소요된다.",Unknown,제주관광정보센터 064-740-6000,상시 개방,무료,가능,연중무휴,Unknown,Unknown,입장료: 무료,50,110,NA,자연관광,NA02,자연경관(하천‧해양),NA020700,항구/포구,80,20,70,20,60,30,,,30,15,45,observed,0.8607,0.875,0.4512,0.849,blend
4058180,12,관광지,우뭇개해안,제주특별자치도 서귀포시 성산읍 성산리,63643,126.939029,33.46229,"우뭇개해안은 제주 대표 관광지 성산일출봉의 동쪽 절벽 아래편에 위치한 해안가다. 이곳은 다른 해변들과 다르게 검은빛 모래밭을 볼 수 있어 입소문을 타고 떠오르는 곳이다. 용암이 바다에 닿아 표면이 검게 변한 뒤, 폭발과 파도에 마모되어 새카만 모래밭의 해안가가 형성되었다. 본래 화산섬이었던 성산일출봉에서 특별히 만나볼 수 있는 이색적인 바다 전경이며 특히, 성산일출봉 등반코스와 다르게 표를 구매하지 않고 무료로 탐방할 수 있어 가볍게 방문하기 좋다.​",Unknown,제주관광정보센터 064-740-6000,[하절기(3월~9월)]07:00~20:00 (입장 마감 18:50)[동절기(10월~2월)]07:30~19:00 (입장 마감 17:40),Unknown,가능,매월 첫째 월요일,Unknown,Unknown,Unknown,50,130,NA,자연관광,NA02,자연경관(하천‧해양),NA020800,해안절경,90,0,90,40,60,0,,,45,30,60,blend,0.8727,1.0,0.3297,0.8101,blend
2781327,12,관광지,운진항,제주특별자치도 서귀포시 대정읍 하모리,63513,126.2583110141,33.2095276929,"운진항은 대한민국 최남단 섬인 마라도와 청보리 축제로 유명한 가파도로 가는 여객선이 드나드는 항구다. 운진항에서 출발한 여객선은 10분이면 가파도, 25분이면 마라도에 도착한다. 크기는 작으나, 매년 60만 명 이상의 관광객이 제주의 아름다운 부속 섬을 방문하기 위해 이곳 운진항을 찾는다. 평소에도 관광객으로 활기찬 항구지만, 특히 가파도 청보리 축제가 열리는 봄이면 배편이 자주 매진되니 사전에 예약하는 것을 추천한다.",Unknown,제주관광정보센터 064-740-6000,상시 개방,무료,가능,연중무휴,있음,Unknown,화장실: 있음 | 주차요금: 무료,50,130,NA,자연관광,NA02,자연경관(하천‧해양),NA020700,항구/포구,70,0,60,20,50,10,,,60,45,75,category,0.849,,0.0,0.849,category
128665,12,관광지,워터월드 제주,제주특별자치도 서귀포시 월드컵로 33 (법환동),63572,126.50681699336153,33.24648032376472,"워터월드 제주는 국내 최초 '물'을 이용한 몰입형 미디어 테마파크로, 감각적인 미디어아트와 다채로운 콘텐츠를 선보인다. 총 12개의 테마 공간으로 구성되어 있으며, 독창적인 컨셉과 높은 퀄리티로 특별한 경험을 제공한다. 사계절 내내 즐길 수 있도록 가을과 겨울에는 온수로 운영되며, 공간 곳곳에 마련된 감성적인 사진 명소에서 추억을 남기기에도 좋다. 어린이가 있는 가족부터 이색적인 경험을 원하는 성인까지, 모든 연령층이 즐길 수 있는 다양한 콘텐츠가 준비되어 있어 누구나 특별한 시간을 보낼 수 있다.",https://www.instagram.com/waterworld_jeju,0507-1344-6430,10:00~20:00 (입장 마감 19:00),"- 성인 27,000원- 청소년 24,000원- 어린이 22,000원※ 자세한 내용은 네이버 플레이스 참고",가능,연중무휴,있음,Unknown,"입장료: - 성인 27,000원- 청소년 24,000원- 어린이 22,000원※ 자세한 내용은 네이버 플레이스 참고 | 화장실: 있음",50,130,VE,문화관광,VE02,테마공원,VE020100,테마파크,20,0,90,40,80,0,,,120,90,150,category,0.8607,,0.0,0.8607,category
126458,12,관광지,원당사지,제주특별자치도 제주시 원당로16길 41 (삼양일동),63316,126.5984742947,33.5290560802,"제주시에 위치한 원당사지는 보물로 지정된 제주 불탑사 오층석탑이 남아 있는 절터이다. 고려시대에 탐라가 원나라의 지배 아래에 있을 때 원나라 사람들이 세운 절 중의 하나가 원당사였다. 원나라 기황후가 고려의 풍수가들까지 동원하여 명당자리에 절을 지어 불공을 드리기 위하여 세웠다는 전설이 있다. 원당사는 없어졌지만, 17세기 중엽까지 존속되었던 것으로 보이며 당시 경내에 있던 석탑은 그대로 남아 고려시대 사찰의 면모를 보여주고 있으며, 원당사지에는 불탑사가 자리하고 있다.",https://www.visitjeju.net,제주시 관광정보센터 064-740-6000,상시 개방,무료,가능,연중무휴,있음,없음,화장실: 있음 | 입 장 료: 무료,50,110,HS,역사관광,HS01,역사유적지,HS010900,사당,10,0,60,90,10,0,,,30,15,45,category,0.7874,,0.0,0.7874,category
2742357,12,관광지,월령 선인장군락지,제주특별자치도 제주시 한림읍 월령리 359-3,63010,126.2157082002,33.3780278479,"월령리의 선인장은 관상용으로 많은 종이 재배되고 있는 선인장류 중 유일한 자생종이다. 선인장이 이곳에서 자라게 된 것은 집에서 가꾸던 것에서 퍼졌다고 보는 견해와 해류를 타고 남방에서 밀려와 바닷가의 모래땅이나 바위틈에 기착한 것으로 보는 견해도 있다. / 월령리에 있는 선인장은 월령리 자생종 선인장으로, 손바닥과 비슷하다고 하여 ‘손바닥 선인장’이라는 이름이 붙여졌다. 여름이 되면 까만 현무암 사이로 노란 꽃과 자색 열매를 맺으며 장관을 이룬다. / 월령리 선인장 군락지는 해안선을 중심으로 나무 데크가 놓여 있어 보행하기에 수월한 편이다. 산책로가 끝날 즈음이면 마을 안으로 들어서는 골목길이 이어진다. 골목길의 검은 현무암 돌담 위로 선인장들이 얼굴을 내밀고 있다.",https://www.visitjeju.net/kr,월령리사무소 064-796-2589,상시 개방,무료,가능,연중무휴,있음,없음,화장실: 있음 | 입 장 료: 무료,50,110,NA,자연관광,NA04,자연공원,NA040500,생태관광지,90,0,90,40,60,0,,,30,15,45,observed,0.8089,0.8083,0.9502,0.8205,blend
2742297,12,관광지,월령포구,제주특별자치도 제주시 한림읍 월령리 317-1,63010,126.2163109139,33.3785527991,월령포구는 4·3 사건 당시 청년들이 산으로 올라가는 것을 방지하기 위해 마을 향장이 이 일대를 청년들 손으로 일일이 쌓도록 하였다. 그렇게 만들어진 포구는 현재에도 많은 어선들이 이용하고 있다. 특히 월령포구 방파제와 갯바위는 낚시 포인트로 낚시를 좋아하는 분들이 찾아와 낚시를 즐기는 곳이다. 무엇보다 인근 협재해수욕장이나 금능으뜸원 해변에 비해 조용하기 때문에 차분히 제주도 바다를 느낄 수 있다. 출어 준비를 위해 그물을 재정비하는 모습도 보고 방파제를 따라 걸으며 사색에 잠겨보는 것도 제주바다를 느끼는 방법 중에 하나다. / (출처 : 비짓제주),www.visitjeju.net,064-740-6000,상시 개방,Unknown,가능,연중무휴,있음,Unknown,촬영장소: TvN 예능 | 화장실: 있음,50,110,NA,자연관광,NA02,자연경관(하천‧해양),NA020700,항구/포구,80,0,70,30,70,0,,,120,90,150,observed,0.8939,0.9028,0.8347,0.849,blend
347233,12,관광지,월영사(제주),제주특별자치도 제주시 애월읍 하귀동남2길 40-16,63057,126.4140192709,33.4778338147,"월영사는 한국불교 태고종 사찰로, 애월읍 상귀리 파군봉에 위치하고 있다. 월영사가 자리 잡고 있는 파군봉은 해발 고려 시대 여몽연합군의 상륙부대를 맞아 삼별초가 항전했던 전적지다. 이곳에서 삼별초가 대파되었다고 전해져 파군봉이라 불린다. 월영사는 1936년 완주 위봉사의 상귀리 포교당으로 설립되어, 1945년 무렵에는 귀이사라는 이름으로 변경했으나 1948년 제주 4·3사건으로 모두 소실되었다. 4·3사건의 상흔을 이겨내고 옛 사찰의 명맥을 이으며, 지학 스님에 의해서 월영사가 창건된 후 여러 번의 불사를 거쳐 오늘날에 이르고 있다. 이 사찰에는 대웅전과 법당, 요사, 종각 등이 갖추어져 있으며, 법당 내부에는 조선시대 불상이자 제주특별자치도 문화재 자료인 목조여래좌상이 봉안되어 있다.",Unknown,064-713-2553,상시 개방,무료,가능,연중무휴,있음,없음,화장실: 있음 | 입 장 료: 무료,50,110,HS,역사관광,HS03,종교성지,HS030100,불교,40,0,70,90,10,0,,,30,15,45,category,0.85,,0.0,0.85,category
1918639,12,관광지,월정리해변(월정리해수욕장),제주특별자치도 제주시 구좌읍 해맞이해안로 485,63358,126.7982299577,33.5550461413,"제주도의 동쪽에 있는 마을인 월정리는 달이 머문다는 뜻의 이름을 가진 서정적인 풍경의 마을이다. 아름다운 에메랄드빛 바다가 한 폭의 그림처럼 펼쳐져 있고, 그 위에는 밝은 달이 비친다. 풍경화처럼 아름다운 월정리 해변을 방문한 여행객들은 저마다 다양한 방법으로 해변의 경치를 만끽한다. 특히 수심이 얕은 편이기 때문에 아이를 동반한 가족들이 물놀이를 즐기기 좋다. 월정리의 아름다운 풍광이 여행객들 사이에서 점점 유명해질수록 월정리의 해변을 방문하는 사람들이 더욱 늘어났고, 그에 맞춰 다양한 식당과 카페, 숙박시설 등이 많이 들어서 있다. 몇몇 카페는 사람들이 바다를 보며 쉬어갈 수 있도록 의자를 두었는데, 이 의자에 앉아 찍은 사진이 유명해지면서 하나의 포토 스폿이 되기도 했다. 월정리엔 카메라를 들고 제주도 여행의 추억을 담는 사람들의 모습을 쉽게 볼 수 있다. 그 밖에 서핑, 스노클링, 카약 등 다양한 수상 레포츠를 즐기며 보다 더 역동적으로 해변에서의 즐거움을 만끽하는 사람들도 있다. 월정리 해변은 일정한 높이의 파도가 지속해서 들어오기 때문에 서핑을 하기 좋아 서퍼들이 즐겨 찾는다. 제주도 올레길 20코스 [김녕-하도 올레]와 [김녕-월정 지질 트레일 코스]의 일부여서, 뚜벅이 여행객들이 걷다가 바다의 아름다운 풍경과 시원한 바다 내음을 맡으며 쉴 수 있는 아름다운 해변이다.",http://www.visitjeju.net,월정리사무소 064-783-5798,[해변] - 상시 개방 [해수욕장] - 주간 개장 10:00~19:00 - 야간 개장 10:00~20:00,Unknown,가능,연중무휴※ 수영 개장 시기는 전화 문의 바람,있음,Unknown,화장실: 있음,50,110,NA,자연관광,NA02,자연경관(하천‧해양),NA020900,해변. 해수욕장,90,60,90,20,90,20,,,30,15,45,observed,0.8821,0.8821,1.0,0.8632,blend
2738701,12,관광지,월정리해안도로,제주특별자치도 제주시 구좌읍 월정리 652-4,Unknown,126.7949343757,33.5566117438,"월정리해안도로는 풍차와 애매랄드 빛 바다를 보며 드라이브를 즐기기 좋은 곳이다. 월정리해안도로의 정식 명식은 ‘김녕-오조해안도로’로 김녕부터 성산 오조리까지 이어지는 긴 해안도로인데, 여러 사람들이 찾는 예쁜 해수욕장이나 유명 카페들이 월정리에 많이 있어서 인지 월정리해안도로라 불리고 있다. 월정리해변 바로 앞에는 많은 카페들이 있어서 성수기와 비성수기를 불문하고 관광객이 많지만, 이 구간만 벗어나면 도로는 비교적 한적하다. / (출처 : 제주 문화관광 홈페이지)",www.visitjeju.net,064-740-6000,상시 개방,무료,가능,연중무휴,있음,Unknown,화장실: 있음 | 주차요금: 무료,50,110,NA,자연관광,NA05,기타자연관광,NA050100,기타자연관광,80,40,90,10,70,10,,,30,15,45,observed,0.8405,0.8333,0.4512,0.8465,blend
347234,12,관광지,월정사(제주),제주특별자치도 제주시 아연로 216-5 (오라이동),63147,126.5100972799,33.4667615657,"월정사는 제주 최초의 불교 선원으로서, 제주 4·3사건 당시 제주도민과 함께 근대사의 아픔을 겪었던 사찰이자 대한불교 조계종 본사 관음사의 말사이다. 전하는 말에 따르면 월정사 자리는 1871년 무렵 토굴을 마련하고 수행하던 승려가 머물렀던 곳이라고 한다. 1938년 10월 1일 월정사에 조선불교 중앙선리참구원 제1지방 분원이 마련되어 제주 최초의 선원이 탄생했음을 알리는 기록이 남아 있다. 이 제주 선원은 1940년대까지 존속했으며 참여한 승려의 수는 10명 이내로 기록되어 있다. 1960년대 승려들의 노력으로 월정사 터에 난민 보건 주택을 짓고 법당으로 사용하면서 사찰의 명맥을 유지하였다. 1970년대 지문스님에 의해 대웅전과 요사가 신축되면서부터 월정사를 본격적으로 재건했다. 계속된 불사에 힘입어 2001년 10월 25일 전통 사찰로 지정되었으며 현재 월정사에는 2002년 12월 제주도 문화유산자료로 지정된 소조여래좌상과 목조보살입상이 보존되고 있다.",Unknown,064-742-7755,05:00~20:00,무료,가능,연중무휴,있음,없음,입 장 료: 무료 | 화장실: 있음,50,110,HS,역사관광,HS03,종교성지,HS030100,불교,20,0,50,90,10,0,,,30,15,45,category,0.85,,0.0,0.85,category
2742257,12,관광지,월평포구,제주특별자치도 서귀포시 말질로 462 (월평동),63562,126.4634590000,33.2344450000,"월평마을에 위치한 작고 아름다운 포구인 월평포구는 제주 올레길 7코스인 외돌개와 월평마을의 후반부 코스에 속해 있으며, 동시에 8코스의 시작점이기도 하다. 올레길 7코스는 외돌개를 출발하여 법환포구를 지나 월평포구까지 이어지는 해안 올레길로 많은 올레꾼이 사랑하는 길로 유명하다. 월평포구 또한 오목하게 들어온 작은 연못 같은 포구로 올레꾼들이 사랑하는 장소 중 하나다. 특히 석양을 받아 붉게 물드는 포구의 따스하고 아늑한 풍경은 올레길의 마지막을 향해 걷는 이들의 마음마저 보듬어 준다. 올레길을 걷다가 발견하는 숨은 선물 같은 월평포구는 고즈넉하고 잔잔한 바다와 함께 어우러진 바위와 산책로 등 특유의 목가적인 풍경으로 방문하는 사람들에게 편안함과 포근함을 전해준다. 월평포구는 포구의 기능, 올레길, 그리고 낚시 포인트 외에 스노클링 포인트로도 잘 알려져 있다.",https://www.visitjeju.net,제주관광정보센터 064-740-6000,상시 개방,무료,가능,연중무휴,있음,Unknown,입장료: 무료 | 주차요금: 무료 | 화장실: 있음,50,130,NA,자연관광,NA02,자연경관(하천‧해양),NA020700,항구/포구,90,0,80,20,60,0,,,90,60,120,observed,0.8812,0.9,0.6321,0.849,blend
128330,12,관광지,위미1리어촌체험마을,제주특별자치도 서귀포시 남원읍 위미해안로 43,63611,126.6587526977,33.2710355577,"마을 전체가 감귤밭에 둘러싸인 농촌 마을이자, 1종 어항인 위미항이 있는 어촌 마을이기도 하다. 앞 바다에는 지귀도라는 무인도가 떠 있는데, 이 섬은 마을 해녀들이 연중 해산물을 채취하는 '바다 밭'일 뿐만 아니라, 제주도 전역에 몇 군데 안되는 관광 유어장으로 지정되어 외지인들도 스쿠버다이빙이나 작살 다이빙을 체험할 수 있다. 또한, 이 마을에는 농구, 족구 등을 즐길 수 있는 해양 소공원이 조성돼 있으며, 마을 가까이에는 제주도 제일의 해안 경승지로 꼽히는 남원 큰엉해안이 자리 잡고 있다. 서귀포와 성산포 사이를 잇는 일주 도로가 마을 한복판을 관통하기 때문에 찾아가기도 쉽다.",Unknown,064-764-0303,10:00~17:00,"[스킨스쿠버] / - 성인 120,000원 / [바다낚시] / - 2시간 5인 기준 100,000원 (미끼 포함) / [바릇잡이] / - 무료",Unknown,Unknown,없음,Unknown,"화장실: 없음 | 시설이용료: [스킨스쿠버] / - 성인 120,000원 / [바다낚시] / - 2시간 5인 기준 100,000원 (미끼 포함) / [바릇잡이] / - 무료",50,130,EX,체험관광,EX03,농.산.어촌 체험,EX030400,체험어장,80,30,80,50,90,10,,,30,15,45,category,0.7753,,0.0,0.7753,category
2709579,12,관광지,위미동백나무군락,제주특별자치도 서귀포시 남원읍 위미중앙로300번길 15,63610,126.67499910688764,33.27287477995361,"위미동백나무군락은 황무지를 옥토로 가꾸기 위하여 정성을 쏟은 현맹춘 할머니의 얼이 깃든 곳이다. 17세 되던 해 이 마을로 시집온 현맹춘(1858-1933) 할머니는 해초 캐기와 품팔이 등 근면하고 검소한 생활로 어렵게 모은 돈으로 이곳 황무지를 사들였다. 그리고 모진 바람을 막기 위하여 한라산의 동백 씨앗을 따다가 뿌린 것이 오늘날에 이르러 숲을 이루었다. 사철 푸른 동백과 가을이면 풍요로움이 가득한 감귤원과 함께 제주의 정취를 물씬 풍긴다. 동백나무는 차나무과의 상록소교목이다. 나무껍질은 회갈색이고 새순은 갈색이다. 잎은 어긋나고 타원형 또는 장타원형이고, 물결 모양의 톱니가 있으며, 표면은 짙은 녹색이고 뒷면은 황록색이다. 꽃은 늦가을부터 이른 봄에 걸쳐서 붉게 피며, 열매는 둥글고 지름이 익으면 세 개로 갈라진다.",https://www.visitjeju.net,제주관광정보센터 064-740-6000,상시 개방,무료,가능,연중무휴,Unknown,Unknown,입장료: 무료,50,130,NA,자연관광,NA04,자연공원,NA040500,생태관광지,90,10,80,60,20,0,,,30,15,45,category,0.8205,,0.0,0.8205,category
2740129,12,관광지,위미항,제주특별자치도 서귀포시 남원읍 위미중앙로196번길 6-13,63610,126.6623912660,33.2713050304,"위미항은 국가 어항으로 풍부한 수산자원을 보유한 연근해 어업의 근거지다. 제주에서 가장 포근하고 따뜻한 곳으로 봄에는 제주도에서 가장 먼저 벚꽃이 개화하는 곳이며 석양이 아름답기로도 유명하다. 위미항은 바닥이 훤히 보일 정도로 맑고 깨끗한 것이 특징이다. 바다 멀리 편평하게 다듬어 놓은 듯한 지귀도가 보인다. 제주 올레 5코스에 속해 있는 이곳은 걷기에도 좋고, 주변에 동백나무 군락지가 있어 구석구석 아름다운 풍경을 감상할 수 있다. 체험학습과 낚시를 즐길 수 있는 관광용 어장이 있어 여름철에 가족 단위의 관광객들이 많이 찾는다. 또한 동방파제에 있는 수협 활어 어판장에서 싱싱한 회를 바로 손질해 먹을 수 있어 식도락 여행지로도 손색이 없다.",www.visitjeju.net,제주 관광정보센터 064-764-6000,상시 개방,무료,가능,연중무휴,있음,Unknown,화장실: 있음 | 주차요금: 무료 | 입 장 료: 무료 | 내국인 예약안내: 064-764-0303(체험 예약),50,130,NA,자연관광,NA02,자연경관(하천‧해양),NA020700,항구/포구,90,80,90,20,70,40,,,30,15,45,observed,0.7428,0.6562,0.5507,0.849,blend
1973369,12,관광지,윗세오름,제주특별자치도 제주시 애월읍 광령리,63062,126.5199599283,33.3608206597,"한라산 정상 밑에 서쪽으로 웃세오름 대피소 주변에 영실등산 코스를 따라서 세 개의 오름이 서로 이어져 있는데, 이 오름들은 세오름(삼형제오름)에 비해 위쪽에 있다고 하여 윗세오름이라고 부르게 되었다. 윗세오름은 한라산 서쪽 등줄기로서 남북의 분수령을 이루며 서귀포시와 제주시의 경계가 되고 있으며, 윗세오름은 각각 독자적인 호칭을 가지고 있는데, 위로 부터 남사면에 붉은 흙이 드러나 있는 것이 붉은오름, 가운데 길게 가로누운 것이 누운오름, 막내격인 작은 오름이 족은오름 또는 새끼오름이라고 부른다. 이들은 삼형제에 빗대어 맏이를 큰오름, 둘째를 샛오름, 막내를 족은오름이라고도 한다. 웃세오름은 봄철 철쭉과 진달래꽃이 필때는 꽃바다를 이루어 아름다운 모습을 볼 수 있다. 붉은오름과 누은오름사이 남쪽 등산로변에 노루샘이 있어 등반객이 많이 이용하고 있다.",http://www.visitjeju.net,제주관광정보센터 064-740-6000,※ 일부 통제될 수 있으므로 방문 시 전화문의 요망,무료,가능,연중무휴,Unknown,Unknown,입 장 료: 무료,50,110,NA,자연관광,NA01,자연경관(산),NA010100,"산, 고개, 오름, 봉우리",90,0,90,20,80,0,,,240,180,300,observed,0.924,0.9375,0.7981,0.8706,blend
2045014,12,관광지,유수암마을,제주특별자치도 제주시 애월읍 유수암평화길 14 (애월읍),63067,126.4030877096,33.4413793435,"유수암마을은 제주공항에서 남서쪽으로 15km 떨어진 지점에 위치하고 있으며 중산간 마을이다. 형제봉 오름들과 맑게 솟아 흐르는 유수암물, 무환자나무 및 팽나무 군락지와 어우러져 천혜의 자연환경을 갖추고 있는 자연생태우수마을이다. 마을 주민들과 함께 할 수 있는 농촌 체험학습을 진행하고, 두부, 오메기떡, 빙떡, 건강색깔수제비, 감귤쨈만들기와 같은 전통음식체험과 전통 초가집 줄놓기, 활쏘기, 녹차밭 승마체험, 목공교실 등 전통문화체험을 다양하게 운영하고 있다. 소박하게 꾸며져 있어 편히 쉬어 갈 수 있는 팜스테이도 있다.",http://jejuyusuam.co.kr/index.php,064-799-2229,※ 체험별로 상이함,"무료 / - 가구용품 만들기 10,000원 / - 천연염색 10,000원 / - 초가집줄놓기 8,000원 / ※ 자세한 사항은 홈페이지 참조",가능,연중무휴,있음,없음,"입 장 료: 무료 | 화장실: 있음 | 시설이용료: - 가구용품 만들기 10,000원 / - 천연염색 10,000원 / - 초가집줄놓기 8,000원 / ※ 자세한 사항은 홈페이지 참조 | 내국인 예약안내: 사전예약 필수",50,110,EX,체험관광,EX03,농.산.어촌 체험,EX030100,체험마을,90,80,80,80,90,10,,,30,15,45,category,0.7753,,0.0,0.7753,category
3069080,12,관광지,유채꽃재배단지,제주특별자치도 서귀포시 성산읍 고성리 270-1,63640,126.924974,33.454952,"유채꽃재배단지는 성산일출봉 인근에 위치한 유채꽃밭이다. 이 꽃밭은 본래 바다였다가 모래와 흙이 쌓여 성산일출봉과 연결된 좁고 긴 지형에 위치해 있다. 따라서 꽃밭 양쪽으로 바다가 펼쳐져 있어 유채꽃과 어우러진 바다, 성산일출봉의 경관이 아름답다. 이러한 지형 위에는 유채꽃밭이 넓게 조성되어 있어 이름 그대로 멋진 사진을 남기기 좋은 곳이다. 평소에도 경관이 아름답지만, 유채꽃이 피는 봄철에는 바다의 푸른 물결과 꽃밭의 노란 물결이 어우러져 압권이다. 주변에는 우도로 가는 여객선이 출항하는 성산포항, 섭지코지, 오조포구 등이 있어 연계하여 관광할 수 있다.",https://www.visitjeju.net,제주 올레 여행자센터 064-762-2167,상시 개방,무료,가능,연중무휴,Unknown,Unknown,입장료: 무료 | 주차요금: 무료,50,130,EX,체험관광,EX07,기타체험,EX070200,기타체험관광,90,0,100,20,20,0,,,60,45,75,category,0.7056,,0.0,0.7056,category
2755049,12,관광지,유채꽃프라자,제주특별자치도 서귀포시 표선면 녹산로 464-65,63622,126.731765773426,33.3937314906265,"큰사슴이 오름 앞에 위치한 유채꽃플라자는 2013년 가시리권역 농촌마을 종합개발사업의 일환으로 건축된 농촌체험연수원이다. 7개의 숙박 객실과 독립된 2채의 통나무 숙박시설이 있고 1층에는 카페, 세미나실, 셀프 카페테리아가 있다. 잔디 광장과 야외무대 및 족구장 등이 부대시설로 갖추어져 소규모 워크숍이나 수련회 활동을 위해 많이 찾는 곳이다. 봄에는 벚꽃과 유채꽃이 어우러진 녹산길을 볼 수 있으며, 여름밤 별빛과 바다에 떠있는 배의 불빛이 야경의 운치까지 더한다. 가을에는 억새의 향연과 풍력발전기가 함께 하는 풍경은 이국적인 아름다움을 선사한다.",https://www.instagram.com/gasirifarm,0507-1416-1669,- 09:30~17:30※ 변동될 수 있으므로 방문 시 전화문의 요망,무료 / ※ 시설 별 상이하므로 전화문의 요망,가능,연중무휴※ 자세한 사항은 전화문의 요망,있음,Unknown,입장료: 무료 | 내국인예약안내: 064-787-1665 | 시설이용료: ※ 시설 별 상이하므로 전화문의 요망 | 주차요금: 무료 | 화장실: 있음,50,130,EX,체험관광,EX03,농.산.어촌 체험,EX030100,체험마을,80,20,80,40,60,0,,,30,15,45,category,0.7753,,0.0,0.7753,category
780778,12,관광지,이상한나라의 앨리스,제주특별자치도 서귀포시 안덕면 중산간서로 1881,63522,126.3218259602,33.2889726923,"제주 이상한 나라의 앨리스는 5가지 즐거운 테마로 이색 실내 체험을 할 수 있는 테마파크다. 다면체 형상 반사 원리를 이용한 신비롭고 입체적인 거울 미로 탈출, 스릴 넘치는 고대 이집트 피라미드 내부 체험, 빛의 굴절 반사로 시각적 착시를 느낄 수 있는 매직 착시 포토존 촬영 체험, 가족과 연인을 위한 사랑의 자물쇠 보석관 체험, 토네이도 폭풍 속을 온몸으로 전율을 느낄 수 있는 이상한 나라의 앨리스 엔딩 테마 환상의 블랙홀 체험 등이 있다.산방산과 용머리해안에서 가까운 거리에 위치해 있으며 친구, 가족과 함께 방문하기 좋다.",https://www.visitjeju.net,064-794-4700,09:00~17:00 (입장 마감 16:30),"[개인] / - 성인 6,000원 / - 청소년, 어린이 5,000원 / [단체] / - 성인 5,000원 / - 청소년, 어린이 4,000원",가능,연중무휴,있음,Unknown,"이용가능시설: 미스테리 미로공원 / 피라미드 어둠의 방 / 매직착시 포토존 / 사랑의 자물쇠 보석관 등 | 화장실: 있음 | 입 장 료: [개인] / - 성인 6,000원 / - 청소년, 어린이 5,000원 / [단체] / - 성인 5,000원 / - 청소년, 어린이 4,000원 | 내국인 예약안내: 단체 방문시 사전 예약",50,130,EX,체험관광,EX07,기타체험,EX070200,기타체험관광,20,0,80,10,90,0,,,60,45,75,category,0.7056,,0.0,0.7056,category
2740123,12,관광지,이승이오름 (이승악),제주특별자치도 서귀포시 남원읍 신례리 산2-1,699943,126.6229000000,33.3402000000,"이승이오름은 살쾡이를 닮아서 이승이란 이름을 갖게 되었지만 정확한 생김새를 확인하기는 수월치 않다. 능선에 울창하게 자라난 나무들 때문이다. 이승이오름은 동쪽으로 움푹 파인 말발굽 형태를 가지고 있다. 제주 오름에서 흔히 볼 수 있는 모습이다. 주차장에 차를 세우고 이승이오름 갈림길에 들어서면 이승이오름 순환코스, 수악길, 신례공동목장으로 갈라지는 길의 이정표가 선명하게 보인다. / 봄, 여름, 가을, 겨울 언제 가도 좋은데 봄에는 벚꽃으로, 가을에는 단풍으로 아름다운 풍경을 자아내며, 여름에는 시원해서 좋고 겨울에는 눈 덮인 삼나무 숲길을 구경할 수 있는 곳이다. 이승이오름의 시작 지점에서 오른쪽 길로 들어서 20분 정도 걸어가면 만나는 삼나무 길에서 많은 이들이 인생샷을 남겼다. 이곳을 기점으로 한라산 둘레길을 걸어도 좋고, 이승이오름 정상으로 가로질러 가도 좋다. / (출처 : 비짓제주 홈페이지)",https://www.visitjeju.net/kr,제주관광정보센터 064-740-6000,상시 개방,무료,가능,연중무휴,Unknown,Unknown,입장료: 무료 | 주차요금: 무료,50,130,NA,자연관광,NA01,자연경관(산),NA010100,"산, 고개, 오름, 봉우리",90,0,80,10,70,0,,,60,45,75,observed,0.8914,0.9167,0.4512,0.8706,blend
127283,12,관광지,이중섭 거주지,제주특별자치도 서귀포시 이중섭로 29 (서귀동),63595,126.5644169991,33.2455757555,"이중섭 거주지는 이중섭이 서귀포로 피난을 와서 정착한 곳이다. 천재 화가 이중섭과 그의 작품세계를 기리기 위해 그가 잠시 살다 간 서귀포 정방동 거주지를 당시 모습으로 복원, 정비하고 정방동 매일시장 입구부터 솔동산까지 360m를 이중섭 거리로 지정하여 그의 서귀포 체류 시절을 기념하고 있다. 1995년 11월 이중섭 거주지 기념 표석이 세워졌고, 이듬해 2월 말 그가 자주 거닐곤 했던 길가는 이중섭 거리로 그리고 그 이듬해인 1997년 4월 그가 기거했던 집과 부속 건물을 복원, 정리하여 이중섭 거주지와 그의 호 '대향'을 따라서 대향 전시실로 꾸며 놓고 소개하게 되었다. / 이로써 제주 서귀포시의 이중섭 거리는 한국 최초로 화가의 이름이 붙여진 거리가 되었으며, 더불어 매년 10월 말 그의 사망 주기에 맞추어 ""이중섭 예술제""를 이곳에서 거행해 그의 예술혼을 기리는 행사를 하고 있다. 이중섭과 그의 가족 4명이 기거했던 방은 1.3평 정도의 아주 협소한 공간으로 명성에 비하여 얼마나 그의 인생이 초라했고 치열했는지 알 수 있다. 전시실은 8평 남짓한 공간에 그의 서귀포 생활이 담긴 작품을 중심으로 서귀포의 추억물고기 등의 그림이 전시되어 있으며, 특히 눈길을 끄는 것은 담배 은박지에 그린 은지화 작품으로 6·25전쟁 후 생활고로 인한 그림재료의 열악함을 짐작할 수 있는 부분이다. 이곳은 이중섭 가족의 추억이 담긴 장소이자 이중섭 화백의 숨결을 느낄 수 있는 소중한 공간이다.",http://www.visitjeju.net,064-760-3567,10:00~17:00,무료,가능,연중무휴,Unknown,Unknown,입 장 료: 무료,50,130,HS,역사관광,HS01,역사유적지,HS011200,기타역사유적지,20,0,60,90,10,0,,,30,15,45,observed,0.7621,0.75,0.6321,0.7829,blend
1620936,12,관광지,이중섭거리,제주특별자치도 서귀포시 이중섭로 29 (서귀동),63595,126.5644697732,33.2455202067,"40세의 젊은 나이에 요절한 천재 화가 이중섭을 기리기 위해 피난 당시 거주했던 초가를 중심으로 조성된 거리이다. 1996년에 사업체가 창단하고 1997년 9월 복원되었다. 주변에는 이중섭의 삽화가 들어간 기념품이나 각종 수공예품, 편집샵 등이 즐비해 있으며, 수제버거, 피쉬앤칩스 음식점 등 젊은이들에게 인기 있는 맛집도 어렵지 않게 찾아볼 수 있다. 서귀포에 머물며 명작을 남긴 예술가들의 삶의 자취를 더듬어보는 작가의 산책 길도 조성되어 있다.",www.visitjeju.net,064-740-6000,상시 개방,무료,불가능,연중무휴,Unknown,Unknown,입 장 료: 무료,50,130,VE,문화관광,VE04,도시.지역문화관광,VE040100,"골목길, 문화거리",20,40,80,90,50,60,,,30,15,45,observed,0.7358,0.7333,0.9502,0.7841,blend
2792565,12,관광지,이호테우 말 등대,제주특별자치도 제주시 서해안로 58 (이호일동),63108,126.4520660000,33.5018840000,"이호테우 말 등대는 제주도 도심과 제일 가까운 이호테우해변에 자리 잡은 등대로 제주의 조랑말을 형상화하여 만든 등대이다. 높이 12m의 빨간 말 등대와 하얀 말 등대가 각각 안쪽 방파제와 바깥 방파제에 한 마리씩 자리 잡고 있다. 등대의 색이 흰색과 빨간색으로 칠해진 이유는 배들이 흰색, 빨간색 등대를 보고 배가 나아가는 방향을 결정하기 때문이라고 한다. / 이 등대는 제주도의 푸른 바다와 파란 하늘 배경과 잘 어울려 많은 사람들이 제주의 풍경과 추억 사진을 찍기 좋은 곳으로 즐겨 찾고 있다. 또한 도두동무지개해안도로와 함께 인기가 높은 여행지로 제주 공항과도 가까워 비행기를 타기 전에 잠시 들러 보는 것도 좋다.",https://www.visitjeju.net,제주관광정보센터 064-740-6000,상시 개방,무료,가능,연중무휴,있음,Unknown,입장료: 무료 | 주차요금: 무료 | 화장실: 있음,50,110,VE,문화관광,VE01,랜드마크관광,VE010800,등대,70,0,90,50,10,0,,,30,15,45,observed,0.8412,0.8413,0.9945,0.8226,blend
126448,12,관광지,이호테우해변,제주특별자치도 제주시 도리로 (이호일동),63111,126.4531448539,33.4973871738,"이호테우해변(이호해수욕장)은 조랑말 등대로 제주도 사진을 찍기 좋은 곳으로 붉은 조랑말과 흰색 조랑말은 극명하게 대조되는 색감이 이국적인 풍경을 선사한다. 또한, 제주 시내에서 가장 가까이 있어 교통이 편리하고, 편의시설도 잘 갖추어져 있다. 백사장의 경사가 완만하여 많은 피서객들이 찾으며 특히 야영하기에 안성맞춤인 소나무 숲이 형성되어 있다. 해수면이 가장 낮아지는 간조에는 끝없이 넓은 백사장과 함께 원담의 모습도 볼 수 있다. 원담은 밀물과 썰물의 차이를 이용해 고기를 잡는 제주의 전통 고기잡이 방식 중 하나로, 이호테우해변(이호해수욕장)에는 그 공간을 복원시켜 놓은 이호 모살원이 있다.",http://www.visitjeju.net,064-728-3994,상시 개방,무료,가능,연중무휴,Unknown,Unknown,입장료: 무료,50,110,NA,자연관광,NA02,자연경관(하천‧해양),NA020900,해변. 해수욕장,90,0,100,60,70,0,,,30,15,45,observed,0.7998,0.7998,1.0,0.8632,blend
127857,12,관광지,일출랜드,제주특별자치도 서귀포시 성산읍 중산간동로 4150-30,63635,126.8428064761,33.3811208022,"‘새로운 태양이 떠오르는 휴식 공간’이라는 일출랜드는 천연용암동굴 미천굴을 중심으로 사계절 제주토종식물과 꽃의 축제가 열리는 제주의 자연, 생태, 문화체험이 가능한 웰니스 관광지이다. 귤따기체험, 동백족욕체험, 자연염색체험 등의 다양한 체험 프로그램과 마이스(MICE) 연계 관광상품을 운영 중이며, 반려동물 동반이 가능한 휴식공간이다. 특히 제주 용암동굴 미천굴 관람 후 동백족욕체험은 여행의 피로를 풀고 힐링하는 시간이 될 것이다.",http://www.ilchulland.com,064-784-2080,09:00~17:00 / ※ 일몰 1시간 전까지 입장 가능하므로 전화문의 요망,"무료 / [개인] / - 성인, 대학생 12,000원 / - 청소년 8,000원 / - 어린이 7,000원 / - 경로 10,000원 / [단체 (30인 이상)] / - 성인, 대학생 10,000원 / - 청소년 6,000원 / - 어린이 5,000원 / - 경로 9,000원 / ※ 자세한 사항은 전화문의 요망",가능,연중무휴,있음,Unknown,"관광코스안내: 센터하우스 - 수변공원- 돌하르방가족 - 잔디광장 - 미천굴 - 화석원 - 제주종갓집초가 - 조각의거리 - 세다리팽나무 - 돌하르방분재정원 - 선인장온실 - 야자수산책로 | 촬영장소: SBS TV '일요일이 좋다-런닝맨' 촬영지 | 상점정보: 기념품샵 - 센터하우스 1층 : 다양한 감성 소품 및 굿즈 판매 / 휴게매점 - 센터하우스 1층 : 다양한 음료 및 아이스크림, 과자 등 판매 / 스낵바 - 잔디광장 옆 건물 1층 : 라면, 꼬치, 핫도그 등 다양한 분식 및 음료와 아이스크림 판매 / 족욕카페 - 다양한 음료와 동백족욕을 체험할 수 있는 카페 | 주차요금: 무료 | 입 장 료: [개인] / - 성인, 대학생 12,000원 / - 청소년 8,000원 / - 어린이 7,000원 / - 경로 10,000원 / [단체 (30인 이상)] / - 성인, 대학생 10,000원 / - 청소년 6,000원 / - 어린이 5,000원 / - 경로 9,000원 / ※ 자세한 사항은 전화문의 요망 | 이용가능시설: 용암동굴 미천굴 / 제주종갓집초가 / 야자수산책 등 | 화장실: 있음",50,130,VE,문화관광,VE03,도시공원,VE030500,주제공원,90,0,70,60,80,10,,,60,45,75,blend,0.7602,0.625,0.1813,0.7901,blend
3081317,12,관광지,일출봉유채밭,제주특별자치도 서귀포시 성산읍 성산리 397,63643,126.928174,33.460248,"성산 일출봉 부근의 유채꽃 명소로 성산 일출봉과 광치기 해변 사이에 조성되어 있다. 보통 12월부터 3월까지 만개한 유채꽃을 볼 수 있으며 밭 멀리 바다와 한라산이 보여 풍경이 아름다워 포토스팟으로 인기가 많다. 유채꽃 피는 시기는 해마다 다르므로, 시기를 확인하고 방문해야 한다. 상시 개방되어 있으나 유채꽃을 관광하려면 일몰 전에 방문하는 것을 추천한다.",Unknown,제주관광정보센터 064-740-6000,상시 개방,무료,가능,연중무휴,Unknown,Unknown,입장료: 무료 | 주차요금: 무료,50,130,NA,자연관광,NA04,자연공원,NA040500,생태관광지,90,0,100,0,20,0,,,30,15,45,category,0.8205,,0.0,0.8205,category
2792595,12,관광지,자구내포구,제주특별자치도 제주시 한경면 노을해안로 1161,63008,126.1651502316,33.3093902050,"자구내포구에 가면 차귀도가 눈앞에 펼쳐져 있다. 고래 등 같은 생김새 때문에 고래가 물 밖으로 나와 쉬는 것처럼 보이기도 한다. 한치와 오징어 제철 시기에는 포구에 오징어 말리는 모습을 볼 수 있고, 즉석에서 오징어 파는 점포들도 종종 볼 수 있다. 차귀도 가는 배가 자구내포구에 있어 차귀도 포구라고도 불린다. 자구내포구는 작은 포구라 관광 명소는 아니지만, 노을이 아름다운 곳으로 유명하다. 차귀도의 매바위 방향으로 해가 넘어가면서 멋진 풍경을 만들어낸다. 노을과 한적한 어촌의 풍경이 적절히 어우러진 정겨운 곳이다.",https://www.visitjeju.net/kr,제주관광정보센터 064-740-6000,상시 개방,무료,가능,연중무휴,있음,Unknown,입 장 료: 무료 | 화장실: 있음 | 주차요금: 무료,50,110,NA,자연관광,NA02,자연경관(하천‧해양),NA020700,항구/포구,80,30,80,20,20,20,,,60,45,75,category,0.849,,0.0,0.849,category
2738724,12,관광지,자구리문화예술공원(자구리공원),제주특별자치도 서귀포시 칠십리로 120-12 (서귀동),63596,126.5675084795,33.2419428720,"제주도의 아름다운 바다 풍광과 함께 작가들의 숨결이 느껴지는 작품을 감상하며 걷는 제주 산책길 코스 중 하나다. 제주도의 민물과 바닷물이 만나는 곳으로 전망대가 있어 정면에는 섶 섬, 오른쪽으로는 서귀포항과 문섬을 볼 수 있다. 해가 지면 공원에 각종 조명이 밝혀져 야간에도 제주를 만끽할 수 있다. ‘문화 예술로 하나 되는 자구리’라는 이름으로 다양한 예술 작품과 조각들이 공원 곳곳에 전시되어 있다. 공원의 끝에는 담수욕장도 위치해 있어 잠깐 발을 담그고 놀기 좋다. 서귀포의 문화 예술 트레킹 코스, ‘작가의 산책길(유토피아로)’의 경유지로 산책로가 이중섭 미술관에서 소양 기념관까지 이어져 있다. 이중섭 화백은 자구리 해안에서 부인, 두 아들과 함께 게를 잡으며 어느 때보다도 행복한 시간을 보냈다고 전해진다.",https://www.visitjeju.net,서귀포시 공원녹지과 064-760-3192,상시 개방,무료,가능,연중무휴,있음,Unknown,입 장 료: 무료 | 주차요금: 무료 | 화장실: 있음 | 이용가능시설: 담수욕장 / 전망대 / 바닥분수 등,50,130,VE,문화관광,VE03,도시공원,VE030500,주제공원,80,0,90,80,60,0,,,30,15,45,observed,0.8555,0.8636,0.8892,0.7901,blend
3038479,12,관광지,장생의숲길,제주특별자치도 제주시 명림로 584 (봉개동),63313,126.63036259117361,33.439737252689625,"제주 절물자연휴양림 안에 있는 장생의숲길은 제주시 숨은 비경 31에서 선정된 곳 중 하나이다. 흙 그대로의 길로 낙엽이 쌓여 폭신폭신하기까지 하다. 자연스러운 걸음은 흙으로 흡수되어 발목이나 무릎에 오는 충격이 약하다. 길에 있는 울퉁불퉁한 돌과 송이는 오히려 발을 자극하여 지압 효과까지 나서 기분도 좋아진다. 자연적인 오르막길과 내리막길이 형성되어 있고 길 양쪽으로 각종 식물들이 자라고 있어 기분도 좋으며 쉽게 지루해지지 않고 피곤함도 적다. 나무와 식물들의 신비로운 모습을 볼 수 있으며 여름에는 습도가 높아 다양한 버섯들과 초록색의 이끼들을 보며 걸을 수 있다. 장생의숲길은 오후 16시 이후에는 일몰시간으로 출입을 금하며, 흙길이 많기 때문에 비가 많이 내린 다음날에는 출입통제를 하는 경우도 있으니 미리 연락을 취해 알아보고 가는 것이 좋다.",제주절물자연휴양림 https://www.foresttrip.go.kr/비짓제주 https://www.visitjeju.net/kr,장생의숲길 064-728-3631 / 절물자연휴양림 064-728-1510,07:00~17:00,"[개인] / - 일반 1,000원 / - 청소년 600원 / - 어린이 300원 / [단체] / - 일반 800원 / - 청소년 500원 / - 어린이 200원 / ※ 자세한 사항은 홈페이지 참조 / - 경형 1,500원- 중·소형 3,000원- 대형 5,000원",가능,연중무휴,있음,Unknown,"입장료: [개인] / - 일반 1,000원 / - 청소년 600원 / - 어린이 300원 / [단체] / - 일반 800원 / - 청소년 500원 / - 어린이 200원 / ※ 자세한 사항은 홈페이지 참조 | 주차요금: - 경형 1,500원- 중·소형 3,000원- 대형 5,000원 | 화장실: 있음",50,110,NA,자연관광,NA04,자연공원,NA040600,자연휴양림,90,0,70,0,80,0,,,60,45,75,category,0.8617,,0.0,0.8617,category
2765268,12,관광지,저지문화예술인마을,제주특별자치도 제주시 한경면 저지14길 28-4,63005,126.2671268084,33.3395412444,"제주시 한경면 저지리에 위치한 저지예술마을, 일명 새오름이라 하는 저지악이 마을 중심에 있어 풍광이 독특하고, 전국의 유명 예술인들이 모여 작품을 생산하는 문화예술인촌이 형성돼 있어 문화적 향취가 남다르다. 또 동양 최대의 분재 정원으로 알려진 생각하는 공원과 세계적으로도 희귀한 천연 난대림 지역인 곶자왈, 야생화가 지천인 방림원 등 이색 공간이 많아 제주의 문화와 함께 볼거리까지 풍성하게 돌아볼 수 있다. / (출처 : 제주 문화관광 홈페이지)",www.jeju.go.kr,064-710-3413,상시 개방,전시관별 상이 / ※ 자세한 사항은 전화 문의 요망,가능,연중무휴,가능,가능,"화장실: 가능 | 이용가능시설: 화장실, 주차장 / 제주현대미술관, 김창열도립미술관 등 | 시설이용료: 전시관별 상이 / ※ 자세한 사항은 전화 문의 요망",50,110,VE,문화관광,VE04,도시.지역문화관광,VE040200,마을관광지,70,0,80,80,40,0,,,60,45,75,observed,0.868,0.9167,0.4512,0.8279,blend
1351196,12,관광지,"저지오름(닥몰오름,새오름)",제주특별자치도 제주시 한경면 중산간서로,63007,126.2517754921,33.3338221918,"한경면 저지리(옛 이름:닥몰) 저청 초등학교에서 북서쪽 수동으로 가는 도로 우측에 우뚝 선 오름으로, 산상의 분화구를 중심으로 어느 쪽 사면이나 경사와 거리가 비슷한 둥근 산체를 이루고 있으며, 둘레가 약 900m, 깊이가 약 60m쯤 되는 매우 가파른 깔때기형 산상 분화구를 갖고 있는 화산체이다. 오름 각 사면에는 해송이 주종을 이루며 잡목과 함께 울창한 숲을 이루고 있으며, 분화구 안에는 낙엽수림과 상록수림이 울창한 자연림 상태를 보이고 있으나 안사면으로 보리수나무, 찔레나무, 닥나무 등이 빽빽이 우거져 있어 화구 안으로의 접근이 매우 어렵다. / 저지 오름(楮旨岳)이란 호칭은 마을 이름이 ‘저지’로 되면서부터 생긴 한자명이라 한다. 그전까지는 ‘닥몰 오름’이라 불렀으며, 저지의 옛 이름이 ‘닥모루’(닥몰)였다고 한다. 이는 닥나무(楮)가 많았다는 데서 연유한 것이고, 한자이름은 한자의 뜻을 빌려서 표기한 것이라고 한다. / * 2007년 제8회 아름다운 숲 전국대회에서 생명상(대상) 수상",https://www.visitjeju.net/kr,064-728-7952,Unknown,Unknown,가능,연중무휴,있음,없음,"이용가능시설: 저지오름휴게소, 전망대 | 화장실: 있음",50,110,NA,자연관광,NA01,자연경관(산),NA010100,"산, 고개, 오름, 봉우리",100,0,80,40,30,0,,,60,45,75,observed,0.8418,0.825,0.6321,0.8706,blend
2778044,12,관광지,전농로 벚꽃거리,제주특별자치도 제주시 삼도일동,63173,126.5171791396,33.5045936021,"제주공항에서 자동차로 10분이면 도착할 수 있는 전농로는 하늘을 가득 메운 벚꽃터널이 인상적인 벚꽃길이다. 구도심인 삼도일동에 자리한 전농로는 약 왕복 2차선 도로로, 양쪽 도로변을 따라 제주 지역 자생종인 왕벚나무가 끝없이 이어져 있다. 짧게는 20년에서 많게는 100년 이상 된 이곳 왕벚나무들이 피우는 꽃은 제주에서도 아름다운 벚꽃명소로 유명하다. 해마다 봄이면 거리 가득 흐드러진 벚꽃이 그야말로 꽃 천지를 이룬다. 1992년부터 전농로를 배경으로 왕벚꽃축제도 열리고 있다. 연인과 데이트 혹은 가족들과 봄에 벚꽃구경을 하며 추억을 남길 수 있는 거리이다.",Unknown,제주관광정보센터 064-740-6000,상시 개방,무료,가능,연중무휴,Unknown,Unknown,입 장 료: 무료,50,110,NA,자연관광,NA05,기타자연관광,NA050100,기타자연관광,90,0,100,20,40,0,,,30,15,45,category,0.8465,,0.0,0.8465,category
228864,12,관광지,절부암,제주특별자치도 제주시 한경면 용수리 4241-5,63009,126.1671080750,33.3238275280,"제주시 한경면 용수리 포구에 사철나무, 후박나무, 동백나무 등 난대식물 군락을 이루고 있는 곳에 절부암이란 바위가 있다. 1981년 8월 26일 제주도 기념물로 지정된 이 바위는 고씨 부인의 절개를 기리고 있는 바위이다. 조선 후기 이 마을의 어부 강사철이 고기잡이를 나갔다가 거센 풍랑으로 변을 당하였다. 그의 처 고씨는 며칠 동안 남편을 찾아 헤매다가 끝내 남편을 찾지 못하자 남편의 뒤를 따르는 것이 도리라 생각하여 소복을 입고 이곳 나무에 목매어 자살하고 말았다. 그러자 홀연히 남편의 시체가 이 바위 밑에 떠올랐으므로 사람들은 감탄하였다 한다. 이를 신통히 여긴 당시 판관 신재우는 고씨가 자결한 바위에 절부암이라는 글귀를 새겨 후대에 기리게 하였다. 또한 관에서는 이들 부부를 합장한 후 그 넋을 위로하고자 이 마을 주민들로 하여금 매년 3월 15일에 제사를 지내도록 하였다.",비짓제주 https://www.visitjeju.net/ / 국가유산청 https://www.heritage.go.kr,064-710-6704,상시 개방,Unknown,불가능,연중무휴,있음,Unknown,화장실: 있음,50,110,NA,자연관광,NA03,자연생태,NA030300,기암괴석,70,0,70,80,20,0,,,30,15,45,category,0.8516,,0.0,0.8516,category
987913,12,관광지,점보빌리지,제주특별자치도 서귀포시 안덕면 평화로319번길 31-11,63521,126.3055443214,33.2763404987,"점보빌리지는 우리나라에서 가장 많은 코끼리들이 대가족을 이루어 함께 살고 있는 특별한 코끼리 마을이다. 이곳은 코끼리들이 자유롭게 휴식하고 생활하는 공간으로, 코끼리와 사람들이 함께 공존할 수 있도록 조성된 곳이다. 점보빌리지는 단순히 코끼리들이 사는 곳에 그치지 않고, 방문객들이 코끼리들의 자연스러운 생활을 가까이서 체험할 수 있는 다양한 프로그램도 제공한다. 매일 진행되는 생태 해설을 통해 코끼리들에 대한 생태적 이해를 돕고, 코끼리 퍼레이드와 코끼리 가족운동회와 같은 다채로운 행사들이 펼쳐진다. 이를 통해 방문객들은 코끼리들의 독특한 사회 구조와 가족 간의 유대감을 느끼며, 코끼리와 인간이 어떻게 함께 살아갈 수 있는지에 대한 소중한 경험을 쌓을 수 있다.",https://jumbovillage-mo.imweb.me,064-792-1233,10:00~18:00,"11,000원~18,000원 / ※ 이용요금은 변동될 수 있으므로 홈페이지 참조",가능,연중무휴,있음,Unknown,"이용가능시설: 공연장 / 카페 / 굿즈샵 | 화장실: 있음 | 관 람 료: 11,000원~18,000원 / ※ 이용요금은 변동될 수 있으므로 홈페이지 참조",50,130,VE,문화관광,VE02,테마공원,VE020100,테마파크,80,0,70,60,80,0,,,90,60,120,observed,0.8273,0.8264,0.9727,0.8607,blend
3530411,12,관광지,정모시쉼터,제주특별자치도 서귀포시 칠십리로 156-8 (서귀동),63596,126.57062993878547,33.244898585742895,"서귀포항 인근에 있는 정모시쉼터는 도민들이 사랑하는 여름 피서지로 정방폭포 상류, 울창한 숲속에 자리해있다. 제주도 3대 폭포 중 하나인 정방폭포의 물줄기가 시작되는 곳으로 사계절 내내 얼음처럼 차가운 용천수가 흐르며, 계곡에 둑을 쌓아 만든 천연 수영장이기도 하다. 수심이 얕은 구역과 깊은 구역이 나뉘어 있어 가족 단위로 물놀이를 즐기기에 적합하고 여름 성수기에는 구명조끼를 무료로 대여할 수 있고 안전요원이 상주해 있다. 한편에는 용천수에 발을 담글 수 있는 족욕 테이블도 설치되어 있다. 쉼터 옆 숲길은 정방폭포까지 이어져 숲 향기를 벗 삼아 산책을 즐기기 좋은 곳이다.",https://www.visitjeju.net,제주관광정보센터 064-740-6000,상시 개방,무료,가능,연중무휴,있음,Unknown,입장료: 무료 | 화장실: 있음,50,130,NA,자연관광,NA01,자연경관(산),NA010400,계곡,90,0,70,0,80,0,,,60,45,75,observed,0.8719,0.9167,0.4512,0.835,blend
1926369,12,관광지,정물알오름,제주특별자치도 제주시 한림읍 금악리,63021,126.3249106803,33.3393282866,"정물알오름은 정물오름에 딸린 오름이란 뜻으로 붙여진 이름으로 금악 이시돌목장 내에 있는 정물오름의 서쪽 기슭에 위치해 있다. 원추형의 작은 오름이며 오름 앞에 있는 정물샘으로 유명한 오름인데, 정물샘의 물이 깨끗하고 양이 많아 식수가 귀한 제주에서 꽤 먼 곳의 마을 사람들도 물을 길어다 마셨다고 한다. 봉우리는 항공사진 판독 결과 화산체의 형태와 화구의 존재가 인정되어 정물오름과는 별개의 독립된 화산체로 보아야 하며, 주변의 언덕들은 정물오름 화구에서 흘러나오는 암설류로 이루어진 것으로 추정된다. 해송이 주를 이루며 삼나무 조림지 등과 함께 울창한 숲이 펼쳐져 있다.",Unknown,제주관광정보센터 064-740-6000,상시 개방,무료,가능,연중무휴,Unknown,Unknown,입 장 료: 무료,50,110,NA,자연관광,NA01,자연경관(산),NA010100,"산, 고개, 오름, 봉우리",90,0,80,30,60,0,,,60,45,75,category,0.8706,,0.0,0.8706,category
1926379,12,관광지,정물오름,제주특별자치도 제주시 한림읍 금악리 산52-1,63021,126.3302158047,33.3380257364,"정물오름은 제주리 한림읍에 있는 말굽형 화구를 가진 기생화산이다. 오름 동남쪽에 당오름이 이웃해 있다. 오름의 형태는 남서쪽에서 다소 가파르게 솟아올라 꼭대기에서 북서쪽으로 완만하게 뻗어 내린다. 정물오름 서쪽에는 조그만 알오름이 있는데, 이를 '정물알오름' 이라 한다. 오름 북서쪽 비탈 아래쪽 기슭에 정물이라는 쌍둥이 샘이 있는데 이 샘 이름에서 오름 이름을 따왔다. 제주도는 전국 연평균 강수량에 비해 훨씬 많은 강수량에도 불구하고 마실 물이 귀했다. 이 샘은 물이 깨끗하고 양이 많아 이곳에서 꽤 먼 곳의 중산간마을 사람들도 물을 길러다 마셨다고 한다.정물오름은 억새뿐 아니라 노을 명소로도 손색이 없는 곳이다. 억새가 아름다운 시기에 일몰시간에 맞춰 이곳을 방문하는 것도 가을 제주 여행 추천 코스로 추천한다.",http://www.visitjeju.net,제주시 관광정보센터 064-740-6000,상시 개방 / ※ 일부 출입이 통제될 수 있으므로 방문 시 전화문의 요망,무료,가능,연중무휴,Unknown,없음,입 장 료: 무료,50,110,NA,자연관광,NA01,자연경관(산),NA010100,"산, 고개, 오름, 봉우리",90,0,80,20,50,0,,,60,45,75,category,0.8706,,0.0,0.8706,category
126437,12,관광지,정방폭포,제주특별자치도 서귀포시 칠십리로214번길 37 (동홍동),63599,126.5730501303,33.2447479529,"정방폭포는 천지연, 천제연과 더불어 제주도 3대 폭포라고 불린다. 국내에선 유일한 뭍에서 바다로 직접 떨어지는 폭포다. 웅장한 폭포음과 쏟아지는 물줄기에 햇빛이 반사되면, 일곱 색깔의 무지개가 푸른 바다와 함께 어우러져 신비의 황홀경을 연출한다. / 예로부터 이곳을 정방하폭(正房夏瀑)이라 하여 영주 십 경의 하나로 삼았다. 중국 진나라 시황제가 서불에게 동양의 삼신산의 하나인 한라산에 가서 불로초를 캐어 오도록 하였으나 불로초를 찾지 못하고 정방폭포의 절벽에 ‘서불과지(徐市過之)’라는 글을 새기고 서쪽으로 돌아갔다는 이야기가 있다. / 해변을 끼고 높이 솟은 절벽에는 노송이 바다로 나뭇가지를 드리워 넘어질 듯 서 있으며 각종 수목이 울창하다.",https://www.visitjeju.net,064-733-1530,09:00~17:30,"- 어른 2,000원 / - 청소년(13세~24세) 1,000원 / - 어린이(7세~12세) 1,000원 / - 군인(하사 이하) 1,000원 / ※ 자세한 사항은 전화 문의 요망",가능,연중무휴,있음,Unknown,"입장료: - 어른 2,000원 / - 청소년(13세~24세) 1,000원 / - 어린이(7세~12세) 1,000원 / - 군인(하사 이하) 1,000원 / ※ 자세한 사항은 전화 문의 요망 | 화장실: 있음",50,130,NA,자연관광,NA01,자연경관(산),NA010300,폭포,100,0,100,70,20,0,,,30,15,45,observed,0.8214,0.8214,1.0,0.8525,blend
1621147,12,관광지,정의향교,제주특별자치도 서귀포시 표선면 성읍서문로 14,63624,126.8000850448,33.3869055872,"정의향교는 1971년 제주특별자치도 유형문화유산으로 지정되었고 향교재단에서 관리하고 있다. 1423년 정의현청을 고성리에서 진사리(지금의 성읍리)로 옮겨 설치할 때 함께 성안으로 들어왔다. 그 후 여러 차례 개축과 이건을 거듭하다가 1849년 방어사 장인식이 조정에 주청하여 지금의 위치로 옮겨 세웠다. / 향교는 훌륭한 유학자의 위패를 모시고 제사를 지내며 지방민의 교육과 교화를 위해 설립된 고려, 조선시대의 국립 지방 교육기관이다. 정의향교는 약간 높은 지역에 자리 잡고 있으며, 현재 대성전, 명륜당, 수선당, 수호사, 내삼문, 협문, 동재가 복원되어 있다. 대부분의 향교 건물이 남향이고, 제주향교와 함께 동쪽을 향하고 있으며, 배향 공간인 대성전과 강학 공간인 명륜당이 좌우로 나란히 배치되어 있다. / 정의향교에는 현재 전패가 보관되어 있다. 대성전에는 5성, 10철, 송조6현과 한국의 18현의 위패가 봉안되어 있으며 해마다 봄가을에 석전을 봉행한다. 향교 앞에는 10개의 송덕비가 줄지어 서 있고 향교 안에도 5개의 송덕비가 있다. 주변에 가볼 만한 곳으로는 성읍민속마을과 보름왓, 백약이오름이 있다.",제주 문화관광 https://www.visitjeju.net / 문화재청 https://www.cha.go.kr,064-787-1324,Unknown,무료,가능,Unknown,있음,Unknown,입 장 료: 무료 | 이용가능시설: 대성전 / 명륜당 / 수선당 등 | 화장실: 있음,50,130,HS,역사관광,HS01,역사유적지,HS010900,사당,40,0,70,90,20,0,,,30,15,45,category,0.7874,,0.0,0.7874,category
1621165,12,관광지,정의현성,제주특별자치도 서귀포시 표선면 성읍리 성읍민속마을 공영주차장 인근,63624,126.8021126853,33.3852280274,"서귀포시 표선면에 있는 조선 시대의 성곽이다. 본래 이 성은 지금의 성산읍 고성리에 있었지만, 우도와 가까워서 새벽과 밤에 북과 나발 소리가 들리고 여러 번 태풍으로 흉년이 들었을 뿐만 아니라 왜적이 침범했기 때문에 세종 5년(1423) 9월에 안무사 정간이 진사리로 이전하여 축성했다. 당시 성의 둘레는 2,520척, 높이 13척이었다. 동, 서, 남에 각각 문이 있었으며, 문 위에는 초루가 있었다. 정의현성 안에는 110호에 달하는 가옥이 있고 성 밖으로도 많은 가옥이 있었으며 관아 문밖에 12개의 돌하르방을 세워 성안으로 출입하는 사람들을 감시하고 성을 지키는 수문장 역할을 했다. / 1986년부터 정의현의 읍성 복원과 보수를 시작했다. 복원 과정에서 정의현감이 업무를 보던 일관헌은 1975년 옛 건물을 헐어내고 새롭게 증축해 제주도 유형문화재 제7호로 지정되었다. 또한 성읍민속마을 주변에 왜구의 침입으로부터 현청 등을 보호하는 성도 복원되었다.",Unknown,064-742-8866,10:00~17:00,무료,가능 / 요금 (무료),Unknown,있음,Unknown,화장실: 있음 | 이용가능시설: 공용주차장 / 화장실 / 경보 및 피난시설 | 입 장 료: 무료 | 내국인 예약안내: 전화 예약 064-742-8866 | 한국어 안내서비스: 가능(문화관광해설사),50,130,HS,역사관광,HS01,역사유적지,HS010200,성ㆍ산성ㆍ성곽,20,0,70,90,20,0,,,30,15,45,category,0.7874,,0.0,0.7874,category
3056151,12,관광지,제동목장 입구,제주특별자치도 제주시 조천읍 교래7길 218,63346,126.6969128618206,33.41950376280661,"제동목장은 한진그룹에서 운영하는 제주도 목장으로 한국마사회에서 운영하는 렛츠런팜 목장 인근에 자리 잡고 있다. 제동목장은 사유지이기 때문에 목장 출입은 불가능 하나, 최근 제동목장 진입도로가 제주도 결혼사진 촬영 명소로 널리 알려지면서 관광객들이 많이 찾는 인생사진 명당이 됐다. 제동목장 입구에는 거대한 삼나무가 도로 양쪽으로 빽빽하게 있어 드라이브 코스로 제격이고, 이국적인 풍경을 연출한다. 특히, 비 오는 날에도 이곳만의 특별한 분위기에서 기억에 남는 사진을 찍을 수 있다. 제동목장 입구는 주차 공간이 없기 때문에 삼다수숲길 공영주차장에 주차하고 걸어서 이동하는 것을 권장한다.",Unknown,제주시 관광정보센터 064-740-6000,상시 개방,무료,불가능,연중무휴,있음,Unknown,입장료: 무료 | 화장실: 있음,50,110,VE,문화관광,VE04,도시.지역문화관광,VE040100,"골목길, 문화거리",80,0,100,10,20,0,,,30,15,45,observed,0.9154,0.9318,0.8892,0.7841,blend
3022258,12,관광지,제원하늘농원,제주특별자치도 제주시 조천읍 대흘북길 72-5,63343,126.6664495134059,33.502978324166364,"제원하늘농원은 26,046㎡(8,500평) 규모의 노지와 하우스 시설을 갖추고 농림축산식품부의 무농약, GAP, 저탄소 인증을 받은 감귤농원이다. 4월 말에서 5월 초 감귤꽃을 시작으로 8월~9월 풋귤, 10월 노지귤, 12월~2월 황금향, 레드향, 천혜향 등을 만나볼 수 있다. 계절에 따라 감귤마말레이드, 감귤케이크, 풋귤청, 하귤청 등을 직접 만들어보는 푸드테라피 프로그램을 다양하게 진행하고 있으며, 감귤밭에서의 싱잉볼 명상과 소원을 담은 후우링 만들기 등의 소리치유를 통해 심신이 지친 이들을 위한 쉼과 휴식의 공간으로 열어가고 있다.",https://www.instagram.com/jewonhaneul,010-9601-1788,09:00~18:00,"- 감귤 따기 10,000원- 싱잉볼 명상 10,000원- 푸드테라피(쿠키 또는 케이크) 25,000원- 싱잉볼 명상+푸드테라피(쿠키 또는 케이크) 30,000원※ 자세한 사항은 전화 문의",가능,연중무휴,Unknown,Unknown,"시설이용료: - 감귤 따기 10,000원- 싱잉볼 명상 10,000원- 푸드테라피(쿠키 또는 케이크) 25,000원- 싱잉볼 명상+푸드테라피(쿠키 또는 케이크) 30,000원※ 자세한 사항은 전화 문의",50,110,EX,체험관광,EX05,웰니스관광,EX050600,기타웰니스,80,60,70,10,80,20,,,60,45,75,manual_override,0.8542,,0.0,0.8542,category
2763739,12,관광지,제주 교래자연휴양림,제주특별자치도 제주시 조천읍 남조로 2023,63345,126.6667,33.4418,"교래자연휴양림은 제주의 곶자왈 지역에 조성된 자연휴양림으로 숲속의 초가, 야외공연장 등이 갖춰진 휴양지구와 야영장 및 야외무대, 풋살경기장 등이 자리 잡은 야영지구, 곶자왈 생태를 관찰할 수 있는 생태체험지구, 3.5㎞의 오름산책로를 통해 큰지그리오름 산행을 할 수 있는 삼림욕지구 등 총 4개 구역으로 나뉘어서 조성되어 있다. 일상에 지친 현대인들에게 치유와 휴식공간으로 각광받고 있다.",https://www.foresttrip.go.kr,064-710-7475,- 하절기(3월~10월) 07:00~16:00- 동절기(11월~2월) 07:00~15:00,"[개인]- 일반 1,000원- 청소년·군인 600원[단체]- 일반 800원- 청소년·군인 500원※ 자세한 사항은 홈페이지 참조",가능,연중무휴,Unknown,Unknown,"입장료: [개인]- 일반 1,000원- 청소년·군인 600원[단체]- 일반 800원- 청소년·군인 500원※ 자세한 사항은 홈페이지 참조",50,110,NA,자연관광,NA04,자연공원,NA040600,자연휴양림,100,0,60,20,80,0,,,60,45,75,observed,0.9292,0.9583,0.6988,0.8617,blend
2778809,12,관광지,제주 글라스하우스,제주특별자치도 서귀포시 성산읍 고성리 46,63640,126.9340141417,33.4291280857,"제주 섭지코지에 자리한 글라스하우스는 현대건축의 거장으로 꼽히는 안도 다다오의 작품이다. 일본 출신의 건축가인 그는 노출 콘크리트를 시적으로 승화시킨 독창적인 아이디어와 자연, 빛과 조화롭게 어우러진 건축물로 국내에서도 뜨거운 인기를 누리고 있다. 글라스하우스는 곧게 뻗은 선과 네모반듯한 면이 작가의 상징처럼 느껴진다. 건축물의 모양새는 바다를 향해 기지개를 켜듯 꺾쇠 형태로 뻗어 나간다. 간결해 보이지만 안도 다다오만의 섬세한 매력이 곳곳에 숨어 있다. 글라스하우스는 플로이스트 베이커리 카페, 소품샵 페이보릿 아일랜드로 이루어져 있다. 특히 플로이스트 베이커리 카페는 탁 트인 통유리 너머 제주 바다의 아름다움까지 즐길 수 있어 낭만적인 분위기를 즐기기에 좋다. 해가 질 무렵이면 카페 전체가 붉은 노을에 물든다. / ◎ 한류의 매력을 만나는 여행 정보 - 영화 / 마녀 프로젝트를 만든 백총괄의 신비로운 저택은 휘닉스 제주의 글라스 하우스이다. 글라스 하우스의 민트레스토랑은 어느 자리에서든 넓게 펼쳐진 바다를 볼 수 있다. 건물이 위치한 섭지코지와 함께 둘러보기를 추천한다.",https://phoenixhnr.co.kr,064-731-7001,10:00~18:00,무료,불가능,연중무휴,Unknown,Unknown,입 장 료: 무료,50,130,VE,문화관광,VE01,랜드마크관광,VE010100,건물,70,60,90,80,30,20,,,30,15,45,blend,0.7724,0.75,0.1813,0.7774,blend
1672315,12,관광지,제주 노루생태관찰원,제주특별자치도 제주시 명림로 520,63313,126.6266209993,33.4444547805,"제주 노루생태관찰원은 2007년 8월 3일 개장하였다. 각종 동식물이 자연 그대로 보존된 52㏊의 공간에 오름에서 자유롭게 뛰노는 노루를 관찰할 수 있는 숲길 관찰로와 관람객이 가까이에서 직접 노루를 만져보고 먹이 주기 체험을 할 수 있는 상시관찰원이 조성되어 있다. 전시관에는 제주의 다양한 동식물과 한라산의 식생분포 등 제주의 자연에 대한 동물 이야기관과 노루의 특징, 역사 속에 나오는 노루의 기록 등 노루에 대한 지식을 제공하는 노루의 생태관, 노루의 생태와 생활상을 영상으로 보여주는 노루이야기 영상관이 있다. 천혜의 자연환경을 바탕으로 제주의 상징인 노루를 직접 관찰하고 휴식을 취하면서 노루에 대한 지식을 얻을 수 있는 노루생태관찰원은 자연학습과 생태체험을 동시에 즐길 수 있는 우리들의 공간이다. 거친 오름 중턱을 따라 조성된 숲길 관찰로는 온 가족이 쉽게 이용할 수 있는 트래킹 코스로 약 40분이 소요되며 탁 트인 전망과 함께 자연 속의 휴식공간을 제공한다. 노루생태관찰원에서는 노루먹이 주기 체험과 나무를 이용한 노루 만들기 체험 등을 진행하고 있다.",https://www.visitjeju.net,064-728-3611,09:00~18:00,"- 일반 1,000원 / - 청소년 600원",가능 / 요금 (무료),연중무휴,Unknown,불가,"입산통제 기간: 산불조심기간 중 입산 가능 | 등산로: 숲길 관찰로 2.3km, 주관찰로 3km | 야간산행 제한안내: 야간산행 제한 | 입 장 료: - 일반 1,000원 / - 청소년 600원 | 내국인 예약안내: 인터넷, 전화 예약",50,110,NA,자연관광,NA04,자연공원,NA040500,생태관광지,90,10,80,70,90,0,,,45,30,60,observed,0.8161,0.8125,0.5507,0.8205,blend
2023350,12,관광지,제주 동백마을,제주특별자치도 서귀포시 남원읍 한신로531번길 22-1,63616,126.7451829828,33.3203953813,"제주 동백마을은 서귀포시 남원읍에 중산간 마을로 300년의 역사를 가진 설촌터이자, 도 지정기념물로 지정된 동백나무군락지를 중심으로 동백을 테마로 한 마을사업을 하고 있는 곳이다. 마을 곳곳에 토종 동백나무와 수령이 300~400년 된 동백나무를 볼 수 있으며, 마을 공동사업으로 운영하는 동백방앗간에서 생산한 동백기름을 판매하고 있으며, 동백이야기를 담은 동백 공예체험, 마을에서 직접 생산한 식용동백기름을 이용한 동백음식체험, 생동백기름을 이용한 천연비누체험도 가능하다. 동백마을에서 주민들이 가꿔 더욱 아름다운 나무도 보고, 고사리파스타 만들기 체험도 경험해 보자.",http://www.jejudongbaektown.com,064-764-8756,09:00~18:00,※ 프로그램마다 상이하므로 전화문의 요망 / 무료,가능,"매주 수요일, 토요일, 일요일 / 법정공휴일",Unknown,Unknown,시설이용료: ※ 프로그램마다 상이하므로 전화문의 요망 | 입 장 료: 무료,50,130,EX,체험관광,EX03,농.산.어촌 체험,EX030100,체험마을,80,70,70,60,90,50,,,30,15,45,category,0.7753,,0.0,0.7753,category
801097,12,관광지,제주 명도암참살이마을,제주특별자치도 제주시 명림로 268-71,63313,126.5948706883,33.4916790001,"제주 명도암참살이마을은 제주시 봉개동에 위치한 중산간 농촌마을로, 1604년경 조선시대 유학자인 명도암 김징용 선생이 유학을 전파한 데서 그 이름이 유래되었다. 마을 주변은 노루가 서식하고 약 16개의 오름이 둘러싼 자연환경으로, 자연연못과 습지가 잘 발달한 것이 특징이다. 이곳은 드넓은 목장과 초지가 어우러져 양 떼가 뛰노는 이국적인 풍경을 자아내며, 자연 그대로의 삶을 지향하는 ‘참살이’ 철학을 바탕으로 한 조용하고 평화로운 농촌 마을이다. 또한 마을 전체에서 연중 채소를 생산하여 신선하고 건강한 먹거리를 제공하는 친환경 농업 마을로 알려져 있다. 옛 자연환경과 생활 방식이 잘 보존되어 있어 제주의 중산간 마을 특유의 정취를 느낄 수 있는 곳이다.",https://www.visitjeju.net/kr,064-723-0261,체험별로 상이함※ 자세한 사항은 전화 문의 요망,"무료 / - 김치류 만들기 15,000원 / - 비빔밥 만들어 먹기 체험 10,000원 / - 막된장 만들기 25,000원 / ※ 이용요금은 변동될 수 있으므로 자세한 사항은 홈페이지 참조 또는 전화 문의 요망",가능,연중무휴,있음,Unknown,"입장료: 무료 | 시설이용료: - 김치류 만들기 15,000원 / - 비빔밥 만들어 먹기 체험 10,000원 / - 막된장 만들기 25,000원 / ※ 이용요금은 변동될 수 있으므로 자세한 사항은 홈페이지 참조 또는 전화 문의 요망 | 화장실: 있음",50,110,EX,체험관광,EX03,농.산.어촌 체험,EX030100,체험마을,90,60,80,60,70,10,,,30,15,45,category,0.7753,,0.0,0.7753,category
2714306,12,관광지,제주 무지개해안도로,제주특별자치도 제주시 도두일동 1734,Unknown,126.4724622276,33.5093583102,"도두동 무지개 해안도로는 공항에서 차로 10분 거리에 있는 이색 도로다. 차량 추락을 막기 위해 해안도로를 따라 설치된 방호벽에 색을 입혀보자는 주민들의 의견을 반영하여 무지개색으로 칠했는데, 관광객들 사이에서 도두동 무지개 해안도로로 불리면서 명소가 되었다. 주변에는 해녀상을 비롯한 여러 조각상이 있어 구경하는 재미가 있고, 걸어서 이동이 가능한 곳에 도두봉이 있는데, 올레길 코스이면서 숨은 비경 중 하나이다. 경사가 완만하여 오르기 어렵지 않다.",https://www.visitjeju.net/kr,제주관광정보센터 064-740-6000,상시 개방,무료,불가능,연중무휴,Unknown,Unknown,입장료: 무료,50,110,NA,자연관광,NA05,기타자연관광,NA050100,기타자연관광,70,0,90,20,40,0,,,30,15,45,observed,0.85,0.85,1.0,0.8465,blend
128555,12,관광지,제주 산방산탄산온천,제주특별자치도 서귀포시 안덕면 사계북로41번길 192,63528,126.298837026576,33.2489330795627,"산방산탄산온천은 서귀포의 대중 온천이자 국내에서 보기 힘든 탄산온천이다. 이곳의 온천은 예로부터 ‘구명수’라 부르기도 했는데, 구명수는 비둘기 울음소리가 난다는 뜻과 사람을 구한 물이라는 뜻을 모두 지니고 있다. 예로부터 이곳에서 나온 물을 마시고 병을 고쳤다거나 고혈압과 심장 건강에 도움을 준다는 이야기가 전해온다. 이는 피부로 흡수된 탄산가스가 모세혈관을 자극해 확장시키고, 결과적으로 혈압을 낮춰 심장의 부담을 덜어주는 효과가 있기 때문이다. 또한 탄산온천은 피부 미용과 피로 해소에도 좋다고 알려져 있다. 천장과 벽면이 모두 유리로 되어 있어 자연 속에서 온천을 즐기는 듯한 분위기를 느낄 수 있으며, 시원하게 펼쳐진 제주의 모습을 보며 입욕을 즐기기 좋다.",http://tansanhot.com,064-792-8300,[실내온천]06:00~23:00[찜질방]06:00~22:00[노천탕(수영장)]10:00~22:00,"[실내온천] / - 대인 14,000원 / - 소인 7,000원 / - 도민 대인 10,000원 / - 도민 소인 7,000원 / [노천탕] / - 5,000원 / [찜질방] / - 2,000원 / ※ 자세한 사항은 홈페이지 참조 및 전화 문의 요망",가능,연중무휴,있음,Unknown,"입장료: [실내온천] / - 대인 14,000원 / - 소인 7,000원 / - 도민 대인 10,000원 / - 도민 소인 7,000원 / [노천탕] / - 5,000원 / [찜질방] / - 2,000원 / ※ 자세한 사항은 홈페이지 참조 및 전화 문의 요망 | 화장실: 있음",50,130,EX,체험관광,EX05,웰니스관광,EX050100,온천 / 사우나 / 스파,80,0,70,20,60,0,,,90,60,120,observed,0.8536,0.8536,0.9991,0.8536,blend
127744,12,관광지,제주 삼성혈,제주특별자치도 제주시 삼성로 22 (이도일동),63197,126.528945979249,33.5041459335279,"국가지정문화재 사적으로 지정되어 있는 삼성혈은 탐라국 시조에 대한 제의가 이루어지는 장소이다. 태초에 탐라를 창건한 고을나, 양을나, 부을나 삼신이 이곳에서 동시에 태어나 수렵생활을 하다가 소, 말, 오곡의 종자를 가지고 온 벽랑국의 세 공주를 맞이하면서부터 농경생활이 비롯되었으며 탐라왕국으로 발전하였다고 전한다. 특히, 이 세 개의 지혈은 주위가 수백 년 된 고목으로 둘러싸여 있으며 모든 나뭇가지들이 혈을 향하여 경배하듯이 신비한 자태를 취하고 있다. 또한 아무리 비가 많이 오거나 눈이 내려도 일 년 내내 고이거나 쌓이는 일이 없는 성혈로서 이곳을 찾는 방문객들의 놀라움을 자아낸다. 조선 중종 21년(1526) 목사 이수동이 처음 표단과 홍문을 세우고 담장을 쌓아 춘·추봉제를 하기 시작한 이래 역대 목사에 의하여 성역화 사업이 이루어졌고 현재에도 매년 춘·추대제(4월 10일, 10월 10일) 및 건시대제(12월 10일)를 지내고 있다.",공식 홈페이지 http://www.samsunghyeol.or.kr국가유산청 https://www.heritage.go.kr,064-722-3315,09:00~18:00※ 1월 1일 / 설·추석 10:00 개장,"[개인] / - 성인 4,000원 / - 청소년/군인 2,500원 / - 어린이/경로/장애인/국가유공자 1,500원 / [단체 (10인 이상)] / - 성인 3,000원 / - 청소년/군인 2,000원 / - 어린이/경로/장애인/국가유공자 1,000원 / [주간 (09:00~18:00)]- 최초 5분 : 무료- 5분~30분 이내 1,000원- 15분 초과 500원- 1일 장기 주차 10,000원[야간 (18:00~09:00)]- 최초 5분 : 무료- 5분~30분 이내 500원- 15분 초과 250원- 1일 장기 주차 10,000원※ 관람객은 1시간 30분 무료",가능,연중무휴,있음,Unknown,"입장료: [개인] / - 성인 4,000원 / - 청소년/군인 2,500원 / - 어린이/경로/장애인/국가유공자 1,500원 / [단체 (10인 이상)] / - 성인 3,000원 / - 청소년/군인 2,000원 / - 어린이/경로/장애인/국가유공자 1,000원 | 주차요금: [주간 (09:00~18:00)]- 최초 5분 : 무료- 5분~30분 이내 1,000원- 15분 초과 500원- 1일 장기 주차 10,000원[야간 (18:00~09:00)]- 최초 5분 : 무료- 5분~30분 이내 500원- 15분 초과 250원- 1일 장기 주차 10,000원※ 관람객은 1시간 30분 무료 | 화장실: 있음 | 외국어안내서비스: 애니메이션 영상, 팜플렛 (영어, 일어, 중국어)",50,110,HS,역사관광,HS01,역사유적지,HS011200,기타역사유적지,70,0,80,100,30,0,,,30,15,45,observed,0.7599,0.75,0.6988,0.7829,blend
129455,12,관광지,제주 삼양동 유적,제주특별자치도 제주시 선사로2길 13,63318,126.5877845121,33.5232668738,"제주 삼양동 유적은 청동기부터 초기 철기시대의 해안평탄대지에 많은 사람들이 모여 큰 마을을 이루고 살았던 마을 유적이다. 이 마을 안에는 크고 작은 집터, 창고, 저장공, 야외 토기요지, 마을 공간을 구획한 돌담과 배수로, 폐기장, 조개무지, 고인돌 등이 확인되었다. 발굴조사에서 확인된 집터는 원형주거지, 장방형주거지, 부정형주거지, 창고지 등이다. 원형주거지가 가장 많이 확인되었으며 대부분 한국 본토의 이른바 ‘송국리형 주거지’의 형태를 취하고 있다. 이 유적지에서 출토된 옥제품 등으로 보아 당시 삼양 동선사인들은 ‘삼국지’ 등의 기록처럼 중국, 일본 등과의 교역을 통해 축적된 부를 토대로 탐라국의 기틀을 다진 것으로 짐작된다. 삼양동 유적이 한국 본토나 일본의 야요이시대 주거지와 다른 특징적 요소는 집터 유구 자체가 완전한 정형성으로 작은 광장이 배치되어 있고 그 주위로 원형 움집 다수가 둥그렇게 들어서 있는 ‘단위주거군’의 정형성을 보이고 있다. 이러한 유적의 중요성 때문에 삼양동 마을 유적은 1999년 11월 16일에 국가사적지로 지정되었고, 지난 2004년 4월 전시관 2동, 선사 움집 14동 등이 복원 완료되어 문화관광자원으로 활용되고 있다.",http://www.jeju.go.kr/samyang/index.htm,064-710-6806,09:00~18:00,무료,가능,연중무휴,있음,Unknown,입장료: 무료 | 주차요금: 무료 | 화장실: 있음,50,110,HS,역사관광,HS01,역사유적지,HS011200,기타역사유적지,30,0,50,90,20,0,,,15,15,30,blend,0.7996,0.875,0.1813,0.7829,blend
127861,12,관광지,제주 서귀포 산방산,제주특별자치도 서귀포시 안덕면 사계리 산16,63528,126.3140110065,33.2424277101,"산방산은 제주 서남부 지역의 평탄한 지형 위에 우뚝 솟은 타원형의 돔형(dome) 화산으로 한라산, 성산일출봉과 함께 제주의 3대 산으로 불리며, 구름이 주위를 감싸 안으면 비가 내린다는 신비스러운 분위기의 영산으로 옥황상제가 한라산의 봉우리를 뽑아 던져 만들었다는 전설 등이 전해진다. 특히, 산방산 서남쪽 중턱에 암벽 속으로 깊이 파인 산방굴이 있는데 이 굴에서 바라보는 용머리해안 풍경과 해넘이 경관이 뛰어나다. 자연유산 명승의 보호를 위해 공개제한지역으로 지정관리하고 있어 관리 및 학술 목적 등으로 출입하고자 할 때에는 국가유산청장의 허가를 받아 출입할 수 있다. / (출처 : 국가유산청)",비짓제주 http://www.visitjeju.net/ / 국가유산청 https://www.heritage.go.kr,064-794-2940,"09:00~18:00 / ※ 단, 입장 마감은 일몰시간에 따라 변동",무료,가능 / 요금 (무료),연중무휴,있음,Unknown,입 장 료: 무료 | 화장실: 있음,50,130,NA,자연관광,NA01,자연경관(산),NA010100,"산, 고개, 오름, 봉우리",90,0,90,40,20,0,,,60,45,75,category,0.8706,,0.0,0.8706,category
2800664,12,관광지,제주 성산항,제주특별자치도 서귀포시 성산읍 성산등용로 129-21,63643,126.9299218287,33.4725482235,"성산항은 1968년 1월 연안항으로 지정되었다. 연안 화물 및 수산물 유통을 원활하게 하고 여객의 해상 교통 편의를 제공하고 있다. 주로 모래, 감귤 등 제주 동부 지역 연안 화물 처리와 연안 어업 기지로서의 기능을 수행하고 있고, 인근 성산 일출봉 및 우도 등 해양 관광 시설의 지리적 여건을 갖추고 있어 관광항으로서의 개발 잠재력이 풍부하다. 섬 속의 섬인 우도를 잇는 뱃길로 많은 관광객들이 성산항을 찾고 있다. 또한, 성산포 전경과 우도의 해안 절경을 시원한 선상에서 바라볼 수 있는 유람선을 운항하며, 우도의 서빈백사나 주간명월, 용두암, 후해석벽, 말뚝 바위, 동안 경굴 등 제주의 빼어난 절경을 바다 위에서 볼 수 있다는 것이 큰 특징이다. 성산항을 시작해 동쪽 종달에서 세화, 김녕을 잇는 해안도로도 드라이브 코스로 제격이다.",https://www.visitjeju.net,성산포항종합여객터미널 064-782-5671,상시 개방 / ※ 여객선 이용 시 배 운항시간 확인 요망,무료 / ※ 여객선 이용 시 별도 요금 발생,"가능 / 요금 (최초 30분 무료 / 60분 1,500원 / 120분 3,500원 / 240분 7,500원)",연중무휴,있음,Unknown,입 장 료: 무료 / ※ 여객선 이용 시 별도 요금 발생 | 이용가능시설: 여객선터미널 | 화장실: 있음,50,130,NA,자연관광,NA02,자연경관(하천‧해양),NA020700,항구/포구,80,20,90,10,70,10,,,60,45,75,category,0.849,,0.0,0.849,category
1621161,12,관광지,제주 성읍마을 고창환 고택,제주특별자치도 서귀포시 표선면 성읍서문로 4-7,63624,126.8001350317,33.3872944340,"19세기 초에 세운 것으로 보이며, 정의향교와 울타리를 사이에 두고 있는 제주 성읍마을 고창환 고택은 정의고을의 여인숙으로 쓰였던 일이 있어, 지금도 주민들 사이에는 여관집이라고 불리기도 한다. 문을 들어서면 왼쪽 곁으로 헛간채, 그 앞마당을 가로질러 안채가 있고 안채 뒤편으로 넓은 텃밭과 수목들이 우거져 집 주변과 조화롭게 어울린 자연이 격을 더한다. / 안채는 한라산 산남지역에서 볼 수 있는 전형적인 3칸 집으로 앞에서 볼 때 왼쪽부터 부엌, 대청, 안방으로 구성되어 있고 부엌 뒤쪽에 작은방을 안방 뒤쪽에는 곡물을 쌓아두던 고팡을 마련하였다. 대청마루와 안방 앞쪽으로는 툇마루를 두고 대청마루에 두 개의 쌍여닫이 널문을 설치하였다. 그중 오른쪽 문에만 작은 생깃문(호령창)을 달았다. 생깃문은 주인이 일꾼이나 머슴을 부르거나 바깥사람과 대화할 때 쓰는 작은 창이다. 부엌 앞에는 물동이를 넣는 바구니인 물구덕을 얹어두는 물팡이 있다. 헛간채는 1칸으로 멍석이나 살림 도구 등을 두던 곳이다. 전형적인 민가의 특징을 잘 보여주고 있으며 특히 상방과 고팡과 안뒤와 정지 등의 공간구성이 어색함이 없이 매우 자연스러우며, 평범하면서도 부족함이 없다. 여관으로서 특이한 가옥 형태는 찾아볼 수 없지만 평범하고 단출한 옛 농가의 형태를 살피고 대문 없는 민가를 연구하는데 좋은 자료가 되고 있다.",https://www.heritage.go.kr,성읍마을관리사무소 064-710-6796,상시 개방,Unknown,가능,연중무휴,있음,Unknown,화장실: 있음,50,130,HS,역사관광,HS01,역사유적지,HS010400,고택,50,0,70,80,10,0,,,30,15,45,category,0.7874,,0.0,0.7874,category
1621155,12,관광지,제주 성읍마을 고평오 고택,제주특별자치도 서귀포시 표선면 성읍정의현로34번길 5-3,63624,126.8018154715,33.3859918271,"서귀포시 표선면 성읍리에 있는 조선시대의 고택으로 성읍민속마을 안에 있다. 고평오의 증조부가 1829년(순조 29)에 지었다고 전해진다. / 고택에는 안거리(안채), 밖거리(바깥채), 모커리가 배치되어 있다. 모커리는 안채, 바깥채 사이에 배치된 대문간 옆의 건물로, 수레간과 절구 등을 보관하던 헛간으로, 현재 있는 모커리 맞은편에 모커리 한 채가 더 있었는데 1970년대 중반에 헐었다고 한다. 지금 있는 건물들은 1979년에 수리한 것으로 바람에 지붕이 날리지 않도록 새끼줄로 그물처럼 덮어 놓았다. / 배치 도면에서 남쪽에 위치하는 바깥채는 예전 면사무소 관원들이 숙식하던 곳이었다고 전해지며, 안채 대청의 쌍여닫이창은 제주 남부 일부 지방에서만 볼 수 있는 중요한 연구자료로 평가된다.",https://www.heritage.go.kr,064-740-6000,10:00~17:00,Unknown,가능 / 요금 (무료),연중무휴,있음,Unknown,이용가능시설: 안채 / 바깥채 / 모커리 | 화장실: 있음,50,130,HS,역사관광,HS01,역사유적지,HS010400,고택,20,0,60,90,20,0,,,30,15,45,observed,0.7446,0.7361,0.8347,0.7874,blend
128049,12,관광지,제주 센트럴파크,제주특별자치도 제주시 조천읍 비자림로 606,63346,126.6745670935,33.4332262333,"제주 센트럴파크는 태고의 신비를 그대로 간직한 한라산을 중심으로 둘러싼 중산간에 위치하여 있다. 1만 5천 평 규모의 사계절 형형색색의 아름다운 경관 속에 에펠탑, 자유의 여신상, 콜로세움 등 전 세계의 유명 건축 조형물 미니어처와 캐릭터 조형물, 그리고 세계 위인상과 인물상이 전시되어 있다. 이곳은 세계문화유산의 나라, 세계 위인의 나라, 환상과 동화의 나라, 공룡의 나라, 레이싱카트장 등 5개의 이색 테마로 이루어져 있다. 특별한 제주 속 세계여행지로 각광받고 있는 제주 센트럴파크는 문화예술에 대한 경험의 폭을 넓히는 창의적인 공간이자 국내 최초 야외 전동 고카트장에서 안전하게 드라이빙을 즐길 수 있는, 관람과 체험을 동시에 만족하는 복합문화공간이다. 근처에 에코랜드 테마파크와 산굼부리분화구가 있어 연계해서 방문하는 것도 좋다.",https://www.instagram.com/jejucentralpark,064-782-7720,09:00~18:00 (입장 마감 17:00),"- 성인 10,000원 / - 청소년 7,000원 / - 어린이 5,000원 / 무료",가능 (약 소형 150대 / 대형 10대),연중무휴,있음,가능,"촬영장소: 너는 어느별에서 왔니(2006년 MBC 드라마) | 화장실: 있음 | 입 장 료: - 성인 10,000원 / - 청소년 7,000원 / - 어린이 5,000원 | 주차요금: 무료",50,110,VE,문화관광,VE02,테마공원,VE020100,테마파크,70,0,80,80,80,0,,,90,60,120,blend,0.7047,0.0,0.1813,0.8607,blend
2763726,12,관광지,제주 스위스마을,제주특별자치도 제주시 조천읍 함와로 566-27,63342,126.6767932932,33.4939389994,"제주도 스위스 마을은 다채로운 색감의 상가와 숙박시설로 꾸며져 있으며 마을 곳곳에 여행자들을 위한 포토존들이 마련되어 있는 곳으로, 여러 공방과 아기자기한 소품 숍들이 있어 함께 구경하기 좋은 곳이다. 언덕배기에 지어진 마을이라 올라갈수록 아름다운 제주도의 바다가 펼쳐져 마치 동화 속에 들어온 듯한 느낌을 받을 수 있다.",www.visitjeju.net,010-6847-8488,상시 개방,무료,가능,연중무휴,Unknown,없음,입 장 료: 무료,50,110,VE,문화관광,VE04,도시.지역문화관광,VE040200,마을관광지,70,20,90,40,30,60,,,15,15,30,blend,0.7198,0.5,0.3297,0.8279,blend
2798882,12,관광지,제주 우도 천진항 대합실,제주특별자치도 제주시 우도면 우도해안길 70,63365,126.9515555965,33.4928352215,"제주도의 동쪽 끝에 있는 우도는 물소가 머리를 내민 모양(우두형)으로 있는 것 같다고 해서 붙여진 이름이다. 서울 면적의 약 100분의 1이며, 인구가 1,800여 명 정도 되는 제주도의 섬이다. 우도에는 2개의 선착장 천진항과 하우목동항이 있는데 우도의 관문 항구이자 관광객들에게 많이 알려진 곳은 천진항이다. 우도 유채꽃 마을 정보 센터와 바로 붙어있는 우도 천진항 대합실은 크지 않은 규모로 매표소와 대기석 그리고 간단한 간식과 기념품을 구매할 수 있는 매점이 있다. 대합실 근처에는 우도 관광의 편의를 위해 전기자동차 대여소들이 즐비해 있다. 우도로 들어올 때는 자동차와 스쿠터를 가지고 들어올 수 있다. 자동차는 선적증 구입 후 출항 시간 10분 전까지 선원의 지시에 따라 반드시 면허증 소유자가 선적시켜야 한다.",Unknown,064-783-0448,"07:00~17:00 / ※ 30분 간격 운항 / ※ 정원의 초과, 물때, 화물, 날씨에 따라 도착항이 변경 또는 조금 빨라지거나 지연될 가능성이 있음","[편도] / - 대인 4,500원 / - 소인(2~13세) 1,500원 / ※ 이용요금은 변동될 수 있으므로 홈페이지 참조 또는 전화 문의 요망",가능,연중무휴,있음,Unknown,"이용가능시설: 매점 | 화장실: 있음 | 입 장 료: [편도] / - 대인 4,500원 / - 소인(2~13세) 1,500원 / ※ 이용요금은 변동될 수 있으므로 홈페이지 참조 또는 전화 문의 요망",50,110,EX,체험관광,EX07,기타체험,EX070100,유람선/잠수함관광,50,10,20,10,60,20,,,30,15,45,manual_override,0.8651,,0.0,0.8651,category
1936339,12,관광지,제주 청수리마을,제주특별자치도 제주시 한경면 대한로 1036,63006,126.247673674219,33.3175650318651,"청수리 마을은 제주 생태계의 보고인 곶자왈 지역으로 다양한 야생식물과 야생화가 자생하고 있는 곳이다. 운문산 반딧불이의 최대 서식지인 청수리 마을은 청정한 환경을 지키고자 마을의 자원을 가꾸며 살아가는 마을이다. / ‘맑고 깨끗한 물’이라는 데서 붙여진 청수리는 제주시에서 서쪽으로 약 45㎞에 위치해 있으며, 북쪽은 한림읍, 서쪽은 낙천리, 남쪽은 산양리로 에워 싸여 있다. 친환경 농업경영과 곶자왈 보전 등 환경오염을 걱정하고 자연보호를 실천하고 있기 때문에 믿을 수 있는 농산물과 깨끗한 자연환경을 자랑하며, 이러한 자연자원과 역사문화자원을 바탕으로 다양한 프로그램들을 개발하여 농촌체험관광의 메카로 거듭나 도민은 물론 국내외 관광객의 방문이 끊이지 않고 있다.",https://www.cheongsuri.kr/index.php,064-773-1949,상시 개방,무료,가능,연중무휴,있음,Unknown,입장료: 무료 | 화장실: 있음,50,110,EX,체험관광,EX03,농.산.어촌 체험,EX030100,체험마을,90,40,80,60,80,30,,,30,15,45,category,0.7753,,0.0,0.7753,category
126445,12,관광지,제주 토끼섬 문주란 자생지,제주특별자치도 제주시 구좌읍 문주란로 (구좌읍),63363,126.9083420420,33.5202314920,"문주란 자생지는 하도리 해안에서 50m쯤 떨어진 토끼섬에 위치해 있다. 섬 주변은 바위로 둘러싸여 있으며, 안쪽으로 형성된 모래땅에 문주란 군락이 형성되어 있다. 이 자생지는 한때 많이 파괴되었으나 사람들의 노력으로 보존 및 관리되고 있다. / 제주 토끼섬은 우리나라 유일의 문주란 자생지로서 기후로 보아 분포의 북쪽 한계 지역이기 때문에 학술적 가치가 높아 천연기념물로 지정하고 보호하고 있다. 문주란은 일본, 중국, 인도, 말레이시아, 우리나라 등에 분포하는 식물로 연평균 온도가 15℃, 최저온도가 -3.5℃ 이상인 환경에서 자란다. 꽃은 흰색으로 7~9월에 피는데, 이 꽃이 활짝 피는 것은 밤중이며 향기가 강하게 난다.",비짓제주 http://www.visitjeju.net/ / 국가유산청 https://www.heritage.go.kr,제주관광정보센터 064-740-6000,상시 개방,Unknown,불가능,연중무휴,없음,Unknown,화장실: 없음,50,110,NA,자연관광,NA03,자연생태,NA030200,희귀동.식물,90,0,70,70,20,0,,,30,15,45,manual_override,0.829,,0.0,0.829,category
128050,12,관광지,제주 항파두리 항몽 유적,제주특별자치도 제주시 애월읍 항파두리로 50,63057,126.4089499911,33.4523056089,"제주 항파두리 항몽 유적은 몽골의 침입 때 조국을 지키고자 궐기한 삼별초가 최후까지 항전한 유서 깊은 곳으로, 사적으로 지정되어 있다. 전시관과 기념비, 토성이 남아 있으며 주변에는 김통정 장군이 뛰어내린 발자국에서 솟아나는 물이라고 전해지는 장수물이 있다. 삼별초는 고려군의 정예 별동 부대로서 고려 조정이 몽골군과 강화 조약을 맺자 이에 반대하여 끝까지 반몽항쟁을 계속하였는데, 전라도 진도로 근거지를 옮겼다가 그곳에서 크게 패하자 이곳 제주도로 건너와 항파두성을 쌓고 몽골군과 대결한 끝에 1273년 4월 몽골 세력에 의해 전원이 순의 했다. 삼별초의 독자적인 무력 항몽은 외세의 침략으로부터 조국을 수호하려는 호국 충정이 담겨 있으며 오늘날까지 우리에게 교훈을 일깨워준다.",https://www.jeju.go.kr/hangpadori,064-710-6726,09:00~18:00 (입장 마감 17:30),무료,가능,연중무휴,있음,Unknown,입장료: 무료 | 화장실: 있음,50,110,HS,역사관광,HS01,역사유적지,HS011200,기타역사유적지,20,0,70,100,20,0,,,30,15,45,observed,0.7916,0.7917,0.9918,0.7829,blend
1907801,12,관광지,제주4·3평화공원,제주특별자치도 제주시 명림로 430,63313,126.6177472981,33.4498231292,"제주 4·3 평화공원은 4·3 사건으로 인한 제주도 민간인 학살과 처절한 삶을 기억하고 추념하며, 화해와 상생의 미래를 열어가기 위한 평화 인권기념공원이다. 제주 4·3 평화공원 조성사업은 제주 4·3 사건에 대한 공동체적 보상의 하나로 이루어졌으며, 4·3 특별법 공포(2000), 공원부지 매입, 조성기본계획 연구 용역, 현상공모, 건축공사, 전시물 제작 및 설치 등이 이어져 2008년 3월 28일 개관하게 되었다. / 공원 안에는 제주 4·3 평화기념관, 위령제단, 위령탑, 봉안관 등이 이곳을 지키고 있다. 위령제단은 연중 4·3 희생자에 대해 참배를 진행하는 곳이며, 그들을 모시고 있는 위패봉안실이 따로 마련되어 있다. 봉안관은 4·3 유해발굴 사업 시기에 발굴된 유해를 봉안하는 장소로 현재 380기가 안치되어 있다. 각 명비원에는 희생자의 성명과 성별, 당시 연령 등을 기록해 두었다. / 제주 4·3 평화기념관에는 총 6개의 특별 전시관이 있다. 제1관에서는 주민들의 피신처로 활용되었다는 천연동굴을 주제로 한 역사관이 있으며, 제2관에서는 해방과 좌절이라는 주제로 해방 후 3·1절 기념행사에서 사망한 6명의 민간인의 이야기를 담아내고 있다. 제3관에서는 무장봉기와 분단 거부라는 주제로 1948년 4월 3일에 일어난 무장봉기에 대한 이야기가 있고, 제4관에서는 학살에 관한 내용을 다루고 있다. 마지막으로 5관과 6관에서는 진상 규명 운동으로 상처를 극복해 내는 과정과 관람 후의 소감문이 걸려 있다.",https://jeju43peace.or.kr,064-723-4344,[야외 공원]- 상시개방[4·3 평화 기념관]- 09:00~18:00 - 입장 마감 17:00,무료,가능,"[야외 공원]- 연중무휴[4·3 평화 기념관]- 매월 첫째, 셋째 월요일 (단, 공휴일(대체공휴일)인 경우 그 다음의 첫 번째 비공휴일)",있음,Unknown,입장료: 무료 | 주차요금: 무료 | 화장실: 있음,50,110,VE,문화관광,VE03,도시공원,VE030500,주제공원,60,0,70,100,20,0,,,90,60,120,observed,0.9057,1.0,0.5507,0.7901,blend
2858467,12,관광지,제주곶자왈도립공원,제주특별자치도 서귀포시 대정읍 에듀시티로 178,63644,126.2735716622,33.2832221372,"제주곶자왈도립공원은 서귀포 대정읍 보성리, 구억리, 신평리에 걸쳐 조성한 도립공원이다. 곶자왈이란 암괴들이 불규칙하게 널려있는 지대에 형성된 숲으로, 다양한 동 식물이 공존하며 독특한 생태계가 유지되고 있는 지역을 말한다. 입구에는 탐방 안내소가 있으며 전시학습실, 생태학습실, 카페가 있다. 탐방코스는 테우리길, 한수기길, 빌레길, 오찬이길, 가시낭길로 다섯 가지 코스가 있다. 매일 두 번의 숲 해설을 진행하고 있어 함께 들으면서 탐방하기 좋다. 테우리길, 빌레길, 오찬이길이 만나는 곳에는 곶자왈 전망대가 있어 곶자왈과 주변 경관을 조망할 수 있다. 탐방 시 등산화, 운동화는 필수이며 구두, 샌들, 키높이 운동화 착용 시 입장이 불가하다.",http://www.jejugotjawal.or.kr,064-792-6047,[3월~10월]- 입장시간 09:00~16:30- 탐방시간 09:00~18:00[11월~2월]- 입장시간 09:00~15:00- 탐방시간 09:00~17:30,"- 일반 1,000원 / - 청소년 800원 / - 군인 800원 / - 어린이 500원",가능,연중무휴,Unknown,Unknown,"입장료: - 일반 1,000원 / - 청소년 800원 / - 군인 800원 / - 어린이 500원",50,130,NA,자연관광,NA04,자연공원,NA040200,도립공원,90,10,80,40,70,0,,,75,60,90,observed,0.881,0.8854,0.9093,0.8371,blend
2606696,12,관광지,제주대 벚꽃길,제주특별자치도 제주시 제주대학로 102,63243,126.5624123787,33.4579467077,"제주대 벚꽃길은 제주도에서 가장 유명한 벚꽃 명소 중 하나이다. 제주시청을 지나 1131번 도로를 타고 내려가다 보면 왼편으로 제주대학교 진입로가 나타난다. 제주대학교 입구까지 도로변에 벚나무들이 즐비하게 늘어서 있으며, 만개한 벚꽃을 보기 위해 많은 이들의 발걸음이 이어지고 있다. 꽃 터널을 지나가는 듯한 환상적인 기분을 느낄 수 있는 드라이브 코스로, 만개한 꽃송이가 떨어지는 광경이 눈이 내린 설경을 보는 것 전해질 정도로 아름다운 벚꽃길을 만끽할 수 있다.",Unknown,제주시 관광정보센터 064-740-6000,상시 개방,무료,가능,연중무휴,Unknown,없음,입 장 료: 무료,50,110,NA,자연관광,NA05,기타자연관광,NA050100,기타자연관광,90,0,100,10,60,0,,,30,15,45,category,0.8465,,0.0,0.8465,category
1957971,12,관광지,제주도 관광특구,제주특별자치도,63208,126.4961418675,33.3911585950,"한반도의 남서해상에 위치하는 제주도는 특별자치도로 지정된 국내 최대의 관광 지역이다. 전 지역이 관광특구로 지정될 만큼 발길 닿는 곳마다 아름다운 자연 경관이 펼쳐진다. 내외국인을 합쳐 한 해 약 1,500만명 이상의 관광객이 다녀갈 정도로 매력적인 이 섬의 크기는 남북으로 31㎞, 동서로 73㎞에 이른다. 유네스코 3관왕(세계자연유산, 세계지질공원, 생물권보전지역) 지역이며, 세계7대자연경관 지역으로 지정된 제주도는 온대 지방의 특징을 가진 한반도의 육지와는 다른 기후대에 자리했다. 덕분에 아열대에서 아한대에 이르는 제주만의 식생을 보유했다. / 제주도의 색다른 자연은 이 섬을 찾은 여행자들의 발길을 붙잡는다. 섬 한가운데 우뚝 솟은 한라산과 산기슭에 솟아 오른 크고 작은 오름이 만들어 내는 풍경, 해안에 펼쳐진 주상절리는 화산섬 제주도를 대표하는 풍경이다. 바다에서 한라산을 향해 오르다 만나는 중산간 지역은 자연이 주는 선물이다. 제주세계자연유산센터가 있는 거문오름을 찾아 중산간의 자연을 탐방하는 것도 좋다. 제주의 방언과 생활풍습도 이색적이다. 해안선을 따라 이어진 182㎞의 일주도로는 자동차는 물론 스쿠터나 자전거를 타고 달리면 좋다. 도보길인 ‘제주올레’를 따라가면 걸어서 제주도를 한 바퀴 돌 수 있다.제주도는 ‘국제관광도시’ ‘국제자유도시’ 라는 이름에 걸맞게 관광은 물론 정치·경제에서도 육지의 자치구들보다 자유롭고 다양한 정책을 펼치고 있어 외국인들에게도 인기 있다. / * 제주도 관광특구 현황 / 1) 범위 : 제주특별자치도 전역(부속 도서 제외) / 2) 면적 : 1,809.56k㎡ / 3) 관광특구 지정일 : 1994년 8월 31일 / * 제주도 관광특구 시설 현황 / 한라산, 오름, 해안일주도로, 중산간 지역, 제주올레 도보길, 해수욕장, 박물관, 갤러리, 중문 관광 단지 등",Unknown,064-740-6000,상시 개방,Unknown,가능,연중무휴,있음,Unknown,"장애인 편의시설: 제주 내 관광지의 장애인 전용 화장실과 주차 공간 이용 | 화장실: 있음 | 이용가능시설: 관광 안내소 / 외국인 통역 안내소 / 관광 기념품 판매 / 외국인 전용 유흥 음식점 / 특급 호텔 / 관광호텔 등 | 외국어 안내서비스: 특급 호텔과 관광 안내소 등에서 통역 가능 / 각 관광지의 안내소마다 영어, 중국어, 일어 안내 책자 비치 / 제주놀멍쉬멍 홈페이지에서 영어, 중국어, 일본어 안내 지원 서비스",50,110,VE,문화관광,VE05,복합관광시설,VE050100,관광단지,100,20,100,70,80,30,,,60,45,75,category,0.8331,,0.0,0.8331,category
1162240,12,관광지,제주도 국가지질공원,제주특별자치도 제주시 조천읍 선교로 569-36,63341,126.7142575546,33.4569020299,"제주도는 한반도 서남단에서 남쪽으로 약 90㎞ 떨어져 있는 대륙붕 위의 화산섬으로 화산분출물로 형성되었다. 화산지형이 원형 그대로 잘 보존돼 지구과학적 가치가 크고, 경관도 아름답다. 제주도는 이 가운데 경관이 뛰어난 명소 9곳(한라산, 성산일출봉, 만장굴, 서귀포층, 산방산과 용머리해안, 수월봉, 중문 대포해안 주상절리대, 천지연폭포)을 유네스코 세계지질공원 네트워크(GGN)에 세계지질공원으로 인증받았다. 유네스코가 지원하는 세계지질공원은 지질학적으로 가치가 있고, 희귀하며 경관이 아름다운 지역으로 교육과 지질관광이 활발히 이루어져 지역 경제 발전에 기여하는 곳을 말한다. 제주도는 유네스코가 인정하는 지질공원, 생물권 보전지역, 세계 자연유산을 보유함으로써 세계적인 자연관광지로서 거듭나고 있다. / 한라산은 제주도 순상화산의 중심 봉우리이며 1,950m의 해발고도로 남한에서 가장 높은 산이다. 한라산은 제주도의 상징이자 한반도와 주변 해역에서 일어난 제4기 화산활동의 대표적인 산물이기도 하다. 정상부에 깊이 108m, 너비 550m의 화구호인 백록담 분화구가 있으며 영실기암의 가파른 암벽과 약 40여 개의 오름 등 여러 화산지형을 갖고 있다. 풍화와 침식에 의해 순상화산의 원래 지형이 파괴되지 않은 상태로 남아있는 한라산은 2002년과 2007년에는 각각 유네스코 생물권 보전지역과 유네스코 세계 자연유산으로 등재되었다. / 전형적인 수성화산으로 높이 179m로 제주도 동쪽 해안에 거대한 고대의 성곽처럼 우뚝 솟아있다. 성산일출봉 응회구는 수심이 얕은 해저에서 분출하여 해수면 위로 성장한 섯치형 화산의 탄생과 성장과정을 잘 보여주고 있다. 2000년과 2007년에 각각 천연기념물과 유네스코 세계 자연유산으로 지정되었다. / 만장굴은 거문 오름에서 흘러나온 용암이 땅 위를 흐르다 만들어진 용암동굴로 전체 길이 약 7,400m, 최대 높이 약 25m, 최대 폭 약 18m로서 제주 세계 자연유산의 한 부분인 거문 오름 용암 동굴계에 속하는 용암동굴이다. / 서귀포층은 수성화산 활동으로 생긴 화산재가 해양 퇴적물과 함께 쌓이기를 반복해 생겨난 약 100m 두께의 퇴적층으로 천연기념물로 지정되어 있다. / 산방산은 제주도의 남서부 해안에 위치하고 있으며, 395m의 높이를 지닌 거대한 용암 돔이다. 밝은 회색을 띠고 있는 산방산 용암 돔은 주상절리가 잘 발달한 조면암으로 구성되어 있다. / 용머리 해안은 산방산 용암돔의 남쪽 해안에 있는 용머리는 제주에서 가장 오래된 화산 지형으로 수성화산 활동으로 만들어진 응회환의 일부이다. 용머리는 작은 돌기처럼 돌출해 있는 형상을 하고 있으며, 바닷속으로 들어가는 용의 머리를 닮았다하여 ‘용머리’로 불리며 해안경관이 뛰어나다. / 수월봉은 제주도의 서쪽 가장자리에 위치하고 있는 기복이 낮은 언덕 형태의 화산 쇄설성 퇴적층이다. 땅속에서 올라온 마그마가 지하수를 만나 격렬하게 폭발하면서 뿜어져 나온 화산재들이 쌓여 형성된 응회암의 일부로 높이가 77m이다. / 대포동의 주상절리 용암은 인근에 있는 녹하지악이라는 오름에서 분출된 용암이 해안으로 흘러와 굳으면서 생겨났다. 주상절리의 기둥이 두껍게 잘 만들어져 있는 아랫부분과 주상절리의 기둥이 가늘고 복잡하게 만들어져 있는 윗부분의 수평과 수직 단면에서 잘 발달되어 있다. / 천지연폭포는 높이는 22m, 폭은 12m이며 폭포 아래에는 수심 20m의 호수가 형성되어 있다. 폭포의 하류는 서귀포항까지 약 1㎞ 정도의 계곡을 형성하는데 이곳에 서식하는 무태장어, 담팔수나무 및 난대림은 천연기념물로 지정되어 있다.",www.jeju.go.kr/geopark,제주도 지질공원 064-710-3945 / 세계유산본부 064-710-6027,상시 개방,Unknown,Unknown,연중무휴,Unknown,Unknown,Unknown,50,110,NA,자연관광,NA04,자연공원,NA040400,지질공원,100,0,100,70,60,0,,,60,45,75,category,0.8371,,0.0,0.8371,category
635460,12,관광지,제주도예촌,제주특별자치도 서귀포시 대정읍 암반수마농로 433,63502,126.2353801057,33.2650781575,"제주도예촌은 제주도 무형문화재 제14호 허벅장 '신창현' 선생외 전수자 및 제주전통도공, 관련 기능인들이 전통도예의 맥을 잇고 있다. 세계에서 유일하게 돌로 축조된 제주전통가마인 석요는 1960년에 들어서면서 맥이 끊어졌다. 그러다 20년간의 조사와 연구를 토대로 2000년에 복원에 성공한 노랑굴이 공개되면서 유약을 칠하지 않고 불의 힘으로 얻어지는 천연도기가 생산되고 있다. 도예촌에는 현재 '노랑굴', '검은굴' 외에 기왓굴, 축조 중인 굴을 합쳐서 6기를 보유하고 있다. 매년 최소한 1회 이상 학술발표회 및 세미나를 통해서 제주전통도예를 널리 알리고 함께 공유하며 도자기체험행사도 개최한다.",Unknown,064-792-0052,체험별로 상이함,Unknown,가능,체험별로 상이함,있음,Unknown,화장실: 있음,50,130,EX,체험관광,EX02,공예체험,EX020400,기타공예체험,30,0,60,90,80,10,,,60,45,75,category,0.8032,,0.0,0.8032,category
2806115,12,관광지,제주동백수목원,제주특별자치도 서귀포시 남원읍 태위로 288,63610,126.678,33.2753,"제주동백수목원은 위미리 동백군락지를 일군 할머니의 증손자가 1977년부터 꺾꽂이로 정성스럽게 가꾼 둥근 수형의 애기동백나무 수백여 그루가 숲을 이루고 있는 수목원이다. 큰 애기동백나무 수백그루가 어우러져 있는 것을 볼 수 있고 수백 종류의 동백나무와 야생화, 야자수, 전망대, 연못, 방사탑, 조각상 등 다양한 볼거리가 있다. 분수대와 산책로도 있어 겨울마다 동백꽃의 풍경을 보며 걸을 수 있다. 가족과 친구, 연인과 방문해 동백나무를 배경으로 사진을 찍기에도 좋다.",https://jejucamellia.co.kr,0507-1373-4473,09:00~18:00 (입장 마감 17:00)※ 11월 중순부터 2월 말 운영으로 자세한 사항은 전화문의 요망,"- 성인 8,000원- 어린이 5,000원",Unknown,연중무휴※ 겨울시즌 중 무휴,Unknown,가능,"입장료: - 성인 8,000원- 어린이 5,000원",50,130,NA,자연관광,NA04,자연공원,NA040700,수목원ㆍ정원,90,0,90,40,60,0,,,60,45,75,category,0.8313,,0.0,0.8313,category
3371999,12,관광지,제주동화마을,제주특별자치도 제주시 구좌읍 비자림로 1191,63355,126.7320377305,33.4354329703,"제주다운 개방형 공원을 표방하는 제주동화마을은 제주 동부 오름 군락 중심부인 구좌읍 송당리에 자리 잡고 있으며, 약 3만 평의 부지에 수백 년 수령의 팽나무, 조록 나무, 배롱나무 등 제주의 나무와 수십만 년 전 화산활동을 통해 형성된 S급의 자연석 5천 점을 기본 재료로 공원을 조성하였다. 문화재급 동자석, 문관석, 촛대석을 비롯해 상석류 200여 점을 수집하여 전시하였고 옛 문헌과 자료의 고증을 통하여 다양한 형태의 동자석 복원을 시도하고 있다. / 향기체험관을 통해 농어촌 체험학습관을 시설하였고, 제이팜정육식당, 미스터밀크(성이시돌목장), 송당산들네식당(향토음식점) 등 제주의 맛을 맛볼 수 있는 음식점들은 물론, 관광지로서의 역할로 공원의 전경을 볼 수 있는 스타벅스, 파리바게뜨, 지브리공식 코리코카페, 지브리공식 도토리숲 등이 있다. 감성 소품과 편의점 물품을 판매하는 제스코 관광마트는 제주위미농협직판장, 성산포수협직판장, 제주시산림조합을 통한 제주 특산품 판매를 하고 있으며, 동시에 제주농촌관광 활성화를 위해 제주농촌 융복합산업 6차 산업 인증사업자들의 상품이 많은 비중을 차지하고 있어 제주관광 상품 및 제주 굿즈의 대부분을 한 곳에서 쇼핑할 수 있는 장소라 할 수 있다.",https://jejudonghwa.com,064-743-5000,09:00~20:00,무료 / ※ 체험 비용은 별도로 부과됨으로 자세한 사항은 홈페이지 참조 및 전화 문의 요망,가능,연중무휴,있음,Unknown,입장료: 무료 / ※ 체험 비용은 별도로 부과됨으로 자세한 사항은 홈페이지 참조 및 전화 문의 요망 | 화장실: 있음,50,110,NA,자연관광,NA04,자연공원,NA040700,수목원ㆍ정원,90,60,80,70,50,80,,,60,45,75,category,0.8313,,0.0,0.8313,category
128556,12,관광지,제주러브랜드,제주특별자치도 제주시 1100로 2894-72 (연동),63079,126.488378718063,33.4520763477468,"국내 유일의 성(性)을 주제로 한 테마조각공원 제주러브랜드. 홍익대 미대 조소과 출신의 신인, 중견 작가 20여 명이 2년여의 제작기간을 거쳐 2004년 11월 16일 드디어 국내 최초로 성테마 조각공원이 문을 열었다. 39,667m²(12,000평)의 대지 위에 야외 조각작품 100여 점과 실내 미술관에 40여 점의 조각품이 전시되어 있으며 공원 전체가 거대한 랜드아트(대지미술)로 작품화되어 있다. 제주도 유일의 야간 관광지로 관람시간은 오전 9시부터 밤 12시까지 일 년 365일 관람객들을 맞이하고 있으며 관람 소요시간은 주간 30분, 야간 40분이 소요된다. 공원 내에 유리돔 레스토랑과 노천카페, 아트샵도 있어 볼거리, 먹거리, 살 거리와 함께 촉각체험작품을 직접 작동해 보면 색다른 즐거움을 맛볼 수 있는 곳이다. 즐거움과 해학으로 가득 찬 조각공원 제주러브랜드는 휴식과 관광, 에로티시즘이 가미된 새로운 볼거리를 제공하며, 외설이 아닌 예술의 공간으로 성을 아름답고 개방된 곳에서 만날 수 있다.",www.jejuloveland.com,064-712-6988,09:30~21:00,"- 개인 15,000원 - 경로/유공자/장애인 12,000원- 단체 12,000원※ 단체 30인 이상※ 미성년자 입장불가(청소년 휴게실 운영)※ 경로 65세이상, 유공자 본인에 한함※ 자세한 할인사항은 전화문의 / 무료",가능 (120대)요금 (무료),연중무휴,있음,Unknown,"입장료: - 개인 15,000원 - 경로/유공자/장애인 12,000원- 단체 12,000원※ 단체 30인 이상※ 미성년자 입장불가(청소년 휴게실 운영)※ 경로 65세이상, 유공자 본인에 한함※ 자세한 할인사항은 전화문의 | 주차요금: 무료 | 화장실: 있음 | 이용가능시설: 백록미술관1관 / 백록미술관2관 / 게스트하우스 / 갤러리카페 / 다목적극장 / 어린이휴게실",50,110,VE,문화관광,VE02,테마공원,VE020100,테마파크,30,40,80,90,60,30,,,75,60,90,blend,0.7624,0.5625,0.3297,0.8607,blend
637212,12,관광지,제주마방목지,제주특별자치도 제주시 516로 2480,63312,126.6036880018,33.4275893792,"제주마방목지는 제주특별자치도 제주시 5·16도로 인근에 위치한 방목지로, 제주 고유 혈통의 제주마를 가까이에서 볼 수 있는 곳이다. 넓은 초원에서 방목되는 제주마의 모습을 관찰할 수 있으며, 제주마는 천연기념물로 지정되어 보호·관리되고 있다. 한라산 중산간 지역의 드넓은 초원과 어우러진 풍경이 인상적이며, 계절과 날씨에 따라 각기 다른 매력을 선사한다. 문화유산 보호를 위해 방목지 내부 출입은 제한되며, 지정된 관람 구역에서 제주마와 자연경관을 감상할 수 있다.",제주 문화관광 http://www.visitjeju.net,064-710-7942,상시 개방,무료,가능,연중무휴,있음,Unknown,입장료: 무료 | 화장실: 있음,50,110,EX,체험관광,EX03,농.산.어촌 체험,EX030200,체험목장,80,0,80,70,30,0,,,30,15,45,observed,0.7931,0.7955,0.8892,0.7738,blend
2503694,12,관광지,제주맥주,제주특별자치도 제주시 한림읍 금능농공길 62-11 (한림읍),63016,126.2412647465,33.3584804108,"제주맥주는 30년 양조 노하우를 보유한 뉴욕 No.1 크래프트 맥주사 브루클린 브루어리와 15년 이상 경력의 세계 반열 브루어가 참여하여 탄생한 양조장이다. 좋은 맥주로 맥주 미식 문화를 창조하는 것을 목표로 하고 있다. 국내 최고 양조 시설을 갖추고 있으며, 도슨트의 안내에 따라 체험 및 내부 시설 관람을 할 수 있는 투어 프로그램을 운영하고 있다.",http://jejubeer.co.kr,064-798-9872,12:30~19:30 (양조장PUB 주문 마감 19:00),무료,가능,"매주 월요일, 화요일 / 설, 추석 전날 및 당일",Unknown,없음,주차요금: 무료 | 내국인 예약안내: 홈페이지를 통한 사전예약 (전화예약 불가),50,110,EX,체험관광,EX06,산업관광,EX060800,화장품/주류/먹거리,0,70,60,50,80,20,,,60,45,75,observed,0.823,0.825,0.8647,0.8099,blend
128641,12,관광지,제주목 관아,제주특별자치도 제주시 관덕로 25,63166,126.5220519585,33.5136724909,"조선시대 제주지방 통치의 중심지였던 제주목 관아[濟州牧 官衙]는 지금의 관덕정을 포함하는 주변 일대에 분포해 있었으며, 이미 탐라국시대부터 성주청 등 주요 관아 시설이 있었던 곳으로 추정되고 있다. 관아 시설은 1434년 관청의 화재로 건물이 모두 불타 없어진 뒤 바로 역사를 시작하여 그다음 해인 1435년에 골격이 이루어졌으며, 조선시대 내내 중. 개축이 이루어졌다. 그러나 제주목 관아는 일제강점기 때 집중적으로 훼철되어 관덕정을 빼고는 그 흔적을 볼 수가 없었다. 제주시에서는 탐라국 이래 조선시대에 이르기까지 제주의 정치·행정·문화의 중심지 역할을 해왔던 제주목 관아를 원래의 양식으로 복구하고자, 1991년부터 1998년까지 4차례 발굴 조사를 마친 결과, 탐라시대부터 조선시대에 이르기까지의 여러 문화층과 함께 문헌상에 나타난 중심 건물인 홍화각[弘化閣], 연희각[延曦閣], 우연당[友蓮堂], 귤림당[橘林堂]등의 건물터와 유구[遺構]가 확인되고 유물[遺物]도 출토되었다. 1993년 3월 30일에 제주목 관아지 일대가 국가 사적으로 지정되었고, 발굴 과정에서 확인된 초단. 기단석 등을 토대로 하고, 『탐라순력도[耽羅巡歷圖]』와 『탐라방영총람[耽羅防營總覽]』 등 당대의 문헌 및 중앙문화재위원·향토사학가·전문가 등의 고증과 자문을 거쳐 관아지 복원 기본 설계를 완료, 2002년 12월에 복원을 완료하였다.",www.jeju.go.kr/mokkwana,064-710-6717,[일반 개장] - 09:00~18:00 [야간 개장] - 수요일~일요일 18:00~21:00,"[개인]- 일반 1,500원- 청소년 및 군인 800원- 어린이 400원[단체(10인 이상)]- 어른 1,000원- 청소년 및 군인 600원- 어린이 300원※ 야간 개장 무료 입장 (5월~10월) / 무료",가능,연중무휴,있음,Unknown,"입장료: [개인]- 일반 1,500원- 청소년 및 군인 800원- 어린이 400원[단체(10인 이상)]- 어른 1,000원- 청소년 및 군인 600원- 어린이 300원※ 야간 개장 무료 입장 (5월~10월) | 주차요금: 무료 | 화장실: 있음 | 한국어안내서비스: 사전예약시 문화해설사 안내 가능",50,110,HS,역사관광,HS01,역사유적지,HS010100,고궁,40,0,70,100,20,0,,,60,45,75,observed,0.8443,0.8462,0.9257,0.8208,blend
3056829,12,관광지,제주바다체험장,제주특별자치도 제주시 구좌읍 일주동로 1921,63357,126.73709456410437,33.55543573406823,"제주바다체험장은 2008년 10월 제주시 구좌읍 동복리에서 개장하였고 제주시 구좌읍 김녕리로 신축 이전하여 아쿠아리움 카페와 제주바다체험장을 오픈했다. 아이들에게 바다에 대한 추억을 심어줄 수 있는 체험장으로 실내에 있어 날씨와 상관없이 언제든 짜릿한 손맛을 느끼며 다양한 해산물을 직접 잡고 만질 수 있다. 바다지하수를 사용하여 평균 수온이 일정하며 여름에는 시원하고 겨울에는 따뜻하다. 낚시 방수복을 제공해 장비 없이 방문해도 체험이 가능하다. 체험장은 문어 잡기, 소라와 조개 잡기, 바구니로 고기 잡기, 상어 먹이 주기 등의 프로그램을 운영하며 실내 아쿠아리움에서는 씨워킹 스쿠버 잠수함 체험이 가능하다. 제주도 바닷가에서 살고 있는 바다 생명체들이 어떻게 생겼는지 직접 만져보고 눈으로 확인할 수 있는 특별한 체험의 현장이다.",http://land201kr.alltheway.kr,064-784-5757,10:00~17:00 (입장 마감 16:00),"15,000원",가능,연중무휴,있음,가능,"입장료: 15,000원 | 화장실: 있음",50,110,EX,체험관광,EX03,농.산.어촌 체험,EX030400,체험어장,30,10,40,20,90,0,,,30,15,45,category,0.7753,,0.0,0.7753,category
745313,12,관광지,제주별빛누리공원,제주특별자치도 제주시 선돌목동길 60 (오등동),63242,126.5491971626,33.4446063059,"제주별빛누리공원은 천체탐구와 천문학습의 장으로 활용되고 있는 최첨단천문우주 과학시설이다. 21세기의 주역인 청소년들에게 무한한 꿈과 희망을 심어줄 과학문화 공간이다. 내부에는 삼차원 입체영상을 모션시뮬레이터에 탑승하여 현실감 있게 관람할 수 있는 4D영상관, 반구모양의 돔 스크린으로 우주에 대한 영상물과 사계절 별자리를 감상할 수 있는 천체투영실, 태양계 전시물, 행성 체중계, 디지털 망원경, 우주쓰레기 제거 게임, 포토존 등 다양한 볼거리와 체험이 있는 전시실 등이 있다. 또한, 구름 없이 맑은 날, 야간에만 운영하는 관측실은 주관측실과 보조관측실로 나뉘어 있다. 주관측실에서는 600㎜ 리치크리티앙 반사망원경을 통하여 희미한 천체를 더 밝게 접할 수 있으며, 보조관측실에서는 천체 망원경을 이용하여 다양한 천체를 관측할 수 있다. 이 외에 야외광장에는 태양계 광장과 해시계가 조성되어 있어 관람객들이 다양한 체험을 할 수 있는 공간으로 만들어졌다.",http://www.jejusi.go.kr/star,064-728-8900,[하절기(4월~9월)] / 15:00~23:00 / [동절기(10월~3월)] / 14:00~22:00 / ※ 마감 1시간 30분 전까지 입장 가능,"[통합관람료] / - 어른 5,000원 / - 청소년, 군인, 어린이 2,000원 / [선택관람료] / - 어른 2,000원 / - 청소년, 군인, 어린이 800원 / ※ 통합관람료 : 4D영상관, 천체투영실, 천체관측실 3개관 동시 관람 / ※ 선택관람료 : 4D영상관, 천체투영실, 천체관측실 중 1개관 선택 관람 / ※ 도민 입장료 50% 할인(신분증 지참) / ※ 자세한 요금은 홈페이지 참조",가능(약 소형 100대 / 대형 10대),"매주 월요일 / 신정 / 설 당일 / 추석 당일 / (단, 월요일이 공휴일인 경우 그 공휴일 다음의 첫번째 평일)",있음(남/녀 구분),가능,"입 장 료: [통합관람료] / - 어른 5,000원 / - 청소년, 군인, 어린이 2,000원 / [선택관람료] / - 어른 2,000원 / - 청소년, 군인, 어린이 800원 / ※ 통합관람료 : 4D영상관, 천체투영실, 천체관측실 3개관 동시 관람 / ※ 선택관람료 : 4D영상관, 천체투영실, 천체관측실 중 1개관 선택 관람 / ※ 도민 입장료 50% 할인(신분증 지참) / ※ 자세한 요금은 홈페이지 참조 | 이용가능시설: 4D 상영관, 천체투영실, 전시실, 관측실 | 화장실: 있음(남/녀 구분) | 내국인 예약안내: 단체 관람일 경우 온라인 접수 후 방문",50,110,VE,문화관광,VE03,도시공원,VE030100,시민공원,40,0,70,80,80,0,,,90,60,120,category,0.8,,0.0,0.8,category
2479639,12,관광지,제주불빛정원,제주특별자치도 제주시 애월읍 평화로 2346,63066,126.4089792859,33.4226259562,제주불빛정원은 2017년 개장한 이래 제주관광공사에서 선정한 제주야간관광 10선에 선정되는 등 아름다운 제주도의 밤을 가족과 친구들과 보낼 수 있는 야간 축제 관광지로써 발전해 왔다. LED조명과 아름다운 조형물을 기획하고 설치하는 기술을 토대로 아름다운 추억과 감성을 느낄 수 있도록 끊임없이 연구하고 있다. 제주도의 야간관광을 활성화하여 제주도를 방문하는 관광객들에게 더욱 알찬 관광의 기회를 제공하고 지역사회에 기여하고 있다.,https://jejulightgarden.cafe24.com,0507-1416-6996,17:00~24:00 (입장 마감 23:00) / ※ 악천후 시 조기폐장 가능,"- 성인 (20~65세) 12,000원 / - 청소년 (중고등학생) 10,000원 / - 어린이 (초등학생) 8,000원 / - 경로우대/제주도민/장애인 (신분증 제시) 8,000원 / ※ 만 3세 이하/생일 당일 방문 무료",가능 / 요금 (무료),연중무휴,있음,Unknown,"화장실: 있음 | 입 장 료: - 성인 (20~65세) 12,000원 / - 청소년 (중고등학생) 10,000원 / - 어린이 (초등학생) 8,000원 / - 경로우대/제주도민/장애인 (신분증 제시) 8,000원 / ※ 만 3세 이하/생일 당일 방문 무료",50,110,NA,자연관광,NA04,자연공원,NA040700,수목원ㆍ정원,80,0,90,20,40,0,,,60,45,75,observed,0.851,0.875,0.4512,0.8313,blend
2554570,12,관광지,제주샘주 양조장,제주특별자치도 제주시 애월읍 애원로 283,63036,126.3374100177,33.4444696300,"제주샘주는 과거 제주 조상들이 즐겨 마시던 전통주를 제주 청정 지하 암반수로 빚어 재현함과 동시에 현대인의 기호에 맞게 주질을 변형, 발전시키고자 하는 목적으로 운영하고 있다. ‘찾아가는 양조장’에 선정되어 다양한 체험 프로그램을 진행 중인데, 제주 전통주인 ‘고소리 술’과 ‘오메기 술’을 직접 맛보고, 술이 만들어지는 과정도 알아갈 수 있다. 오메기떡 체험, 쉰다리 체험, 칵테일 만들기 체험 등이 가능하다. 제주도에서 특별한 경험을 해보고 싶다면, 제주샘주에 들러보기를 추천한다.",https://www.jejusaemju.co.kr,064-799-4225,09:30~18:00 (휴게시간 12:00~13:00),Unknown,가능 / 요금 (무료),설·추석 연휴,Unknown,Unknown,Unknown,50,110,EX,체험관광,EX06,산업관광,EX060800,화장품/주류/먹거리,10,60,40,70,90,40,,,45,30,60,blend,0.8726,1.0,0.3297,0.8099,blend
636393,12,관광지,제주선인장마을,제주특별자치도 제주시 한림읍 금능남로 418,63016,126.2529225533,33.3542365950,"제주선인장마을은 제주시 한림읍 월령리 일대에 조성된 곳으로, 해안가를 따라 자생하는 손바닥선인장을 만날 수 있는 명소이다. 월령해안과 어우러진 선인장 군락은 이국적인 풍경을 자아내며, 계절에 따라 붉은 열매와 노란 꽃을 감상할 수 있다. 또한 마을 내 제주특산물개발원에서는 손바닥선인장을 활용한 진액, 백년초, 과립 제품 등 다양한 특산품을 생산하고 있어 제주 선인장의 가치를 체험할 수 있다. 아름다운 해안 풍경과 지역 특산물을 함께 만날 수 있는 제주만의 특색 있는 관광지이다.",비짓제주 www.visitjeju.net,제주관광정보센터 064-740-6000,상시 개방,Unknown,가능,연중무휴,있음,Unknown,화장실: 있음,50,110,EX,체험관광,EX06,산업관광,EX061000,기타산업관광지,80,10,90,40,30,40,,,90,60,120,category,0.8022,,0.0,0.8022,category
129384,12,관광지,제주성지,제주특별자치도 제주시 오현길 61 (이도일동),63192,126.5255810579,33.5102931048,"제주성지는 제주목의 치소를 둘러쌓았던 성터로, 오현단 남쪽에 일부가 복원되었고, 곳곳에 잔해가 남아있다. 제주성의 축성 연대는 정확히 알 수 없으나 탐라국 당시 쌓았던 것을 고려 때 왜구 방어용으로 보수하여 사용했던 것으로 추정되며, 현재는 일부인 남수각 부분이 150여 미터 정도 복원되어 있다. 역사가 깊고 제주도의 중심지역을 지켰던 이곳은 일제강점기인 1925년부터 1928년 사이에 건입동 포구 앞바다를 매립할 때 성곽의 돌을 매립골재로 사용하면서 크게 훼손되었다고 전해진다. / 성곽 주위에는 귤과 유자나무가 많이 심어져 있어 가을철 귤이 익을 무렵이면 성 주위는 가을색으로 절정을 이루었다고 한다. 튼튼한 성을 쌓으며 왜침의 ‘바람’을 잠재우려 했던 선조들의 지혜를 느낄 수 있는 곳으로, 이러한 가치를 인정받아 1971년 8월 26일 제주특별차지도 기념물로 지정되었다.",비짓제주 https://www.visitjeju.net/ / 국가유산청 https://www.heritage.go.kr,064-750-7224,상시 개방,Unknown,Unknown,연중무휴,Unknown,Unknown,Unknown,50,110,HS,역사관광,HS01,역사유적지,HS010200,성ㆍ산성ㆍ성곽,40,0,60,90,20,0,,,30,15,45,category,0.7874,,0.0,0.7874,category
3071875,12,관광지,제주송정농원,제주특별자치도 제주시 영평동 2470-5,63308,126.564215,33.48018,"제주송정농원은 제주국제공항에서 차량으로 15분 거리에 위치해 뚜벅이 여행자들도 체험이 용이한 감귤 농장이다. 이곳에서는 감귤 따기 체험과 함께 한라봉, 천혜향, 레드향, 황금향 등 다양한 종류의 감귤을 구입할 수 있다. 또한, 송정농원의 건물과 농장 주변을 배경으로 사진을 찍을 수 있으며 즐거운 사진 찍기를 위한 주황색, 노란색 감귤모자와 선글라스 등 사진 찍을 때 활용하기 좋은 소품들을 무료로 이용할 수 있다. 감귤체험은 10월부터 소진 시까지 진행되며 대체로 레드향은 1월부터, 천혜향은 2월부터 진행되며 조기 마감될 수 있으니 일정에 참조하면 된다. 귤 따기 체험은 하루 13회 진행하며 30분 단위로 운영되고 있으며 귤 따기 체험을 하면서 시식은 무제한으로 가능하다. 정해진 통 안에만 넣어 오면 가져갈 수 있어서 푸근한 제주의 인심을 느낄 수 있는 가성비 감귤체험 농장이다.",https://blog.naver.com/kto6360,0507-1405-2381,10:00~17:00 (입장 마감 16:00) ※ 체험 시즌 종료 후 휴장함으로 홈페이지 참조 및 전화 문의 요망,"감귤체험 12,000원 / ※ 자세한 사항은 홈페이지 참조 및 전문의 요망",가능,※ 체험 시즌 종료 후 휴장함으로 홈페이지 참조 및 전화 문의 요망,있음,Unknown,"시설이용료: 감귤체험 12,000원 / ※ 자세한 사항은 홈페이지 참조 및 전문의 요망 | 화장실: 있음",50,110,EX,체험관광,EX03,농.산.어촌 체험,EX030300,체험농장,80,70,70,20,90,50,,,30,15,45,category,0.7753,,0.0,0.7753,category
2789378,12,관광지,제주신흥해수욕장,제주특별자치도 제주시 조천읍 조함해안로 273-35,63332,126.648530979961,33.5519478452539,나만 알고 싶은 프라이빗 해수욕장을 찾는다면 제주 동쪽 조천읍에 있는 신흥해수욕장을 추천한다. 제주 올레길 19코스에 있으며 ‘민만 아는 작은 해변이지만 있을 건 다 있다. 돌벽으로 지어진 탈의실과 샤워 시설은 신축하여 시설이 모두 깨끗하다. 널리 알려지지 않은 곳이라 주로 숙소 사장님에게 추천받아 오는 관광객들만 찾아 성수기에도 북적이지 않는 해변이다. 주변에 주차하기도 편리하고 여름철에는 안전요원도 배치되어 안심하고 이용할 수 있다. 멀리 서우봉이 보이며 바로 옆에 카페가 있어 더욱 편리하다. 조용한 곳에서 물놀이 휴가를 즐기고 싶다면 방문해 보길 권한다.,Unknown,제주시관광안내센터 064-728-3918,상시 개방,무료,가능,연중무휴,있음,Unknown,입장료: 무료 | 화장실: 있음,50,110,NA,자연관광,NA02,자연경관(하천‧해양),NA020900,해변. 해수욕장,90,10,70,0,80,0,,,60,45,75,observed,0.8121,0.75,0.4512,0.8632,blend
2766752,12,관광지,제주아이브리조트,제주특별자치도 서귀포시 산록남로 1966-34 (영남동),63556,126.4976384869,33.2887088265,"지루하고 답답한 일상에서 벗어나 상쾌한 피톤치드로 둘러싸인 청정제주의 숲에서 편안한 쉼과 여유로운 추억을 남길 수 있는 제주 아이브리조트는 호텔형 자쿠지 객실과 핀란드산 독채 객실이 있는 유럽형 리조트이다. 기분 좋은 새소리를 들으며 상쾌한 아침을 맞이하고 쏟아지는 별들을 눈에 담을 수 있으며 북으로는 한라산이 감싸 안고 전 객실이 남향으로 배치되어 에메랄드빛 서귀포 앞바다를 향해 있다. 또한 야외 수영장, 실내 거품 욕조, 물품보관소 및 컨시어지 서비스 등 다양한 시설과 서비스를 구비하고 있다. 객실마다 주방용품과 전자레인지가 구비되어 있어 취사도 가능하다.",Unknown,064-739-8899,Unknown,Unknown,Unknown,Unknown,Unknown,Unknown,Unknown,50,130,VE,문화관광,VE05,복합관광시설,VE050200,리조트,90,10,80,20,30,0,,,60,45,75,category,0.8331,,0.0,0.8331,category
3329719,12,관광지,제주안전체험관,제주특별자치도 제주시 애월읍 평화로 1885,63038,126.3734284420147,33.394132960406694,"제주안전체험관은 2020년 11월 3일 개관하여 제주도민을 비롯한 국내외 제주 방문객들의 안전문화 정착을 목표로 설립된 전국 8번째 안전체험관이다. 지상 3층, 연면적 5,427.63㎡의 규모로 누구나 쉽게 재난을 경험하고 극복하는 방법을 배울 수 있도록 다양한 안전체험 프로그램을 갖추고 있다.",https://www.jeju.go.kr/119safe/index.htm,064-729-0330,09:00~18:00,무료,가능,"매주 월요일(단, 월요일이 법정공휴일인 경우에는 그 다음날 휴관) / 1월 1일 / 설·추석 연휴",있음,Unknown,입장료: 무료 | 화장실: 있음 | 한국어안내서비스: 있음,50,110,EX,체험관광,EX07,기타체험,EX070200,기타체험관광,0,0,20,60,90,0,,,60,45,75,blend,0.759,1.0,0.1813,0.7056,blend
2791523,12,관광지,제주양떼목장,제주특별자치도 제주시 애월읍 도치돌길 289-13,63035,126.3653060000,33.4112380000,"제주 애월읍에 있는 제주 양떼목장은 양뿐만 아니라 염소, 말, 돼지 등 다양한 동물들을 만날 수 있는 자연 친화적인 공간이다. 동물에게 먹이를 줄 수 있는 목장 체험은 물론이고, 신선한 산양유 커피를 맛볼 수 있는 목장 카페, 통나무 펜션까지 운영해 다른 체험 목장보다 풍성한 추억을 만들 수 있다. 다양한 프로그램이 있는 체험 목장에서 숙박까지 하는 이색 체험이 마련되어 있어 관광객에게 인기가 많은 관광지이다.",http://www.sheepinjeju.com,064-799-7346,- 10:00~18:00- 입장 마감 17:30,"- 성인 7,000원 / - 소인(24개월~13세) 6,000원 / - 경로(65세 이상) 4,000원 / ※ 자세한 이용요은 홈페이지 참조",가능,매주 월요일,있음,Unknown,"시설이용료: - 성인 7,000원 / - 소인(24개월~13세) 6,000원 / - 경로(65세 이상) 4,000원 / ※ 자세한 이용요은 홈페이지 참조 | 화장실: 있음",50,110,EX,체험관광,EX03,농.산.어촌 체험,EX030200,체험목장,70,60,60,10,90,10,,,60,45,75,observed,0.5939,0.375,0.4512,0.7738,blend
2773755,12,관광지,제주에너지누리마당,제주특별자치도 제주시 구좌읍 해맞이해안로 712-3,63358,126.818655162866,33.559311665911,제주에너지누리마당은 미래의 에너지 자원으로 꼽히는 신재생에너지를 배우는 전시·학습 공간이다. 제주도에서 시행 중인 신재생에너지 정책과 미래형 에너지 도시 모델도 미리 만나볼 수 있다. 전시관은 2층에 위치한다. 먼저 터널 형식인 산업혁명관을 지나면 곧바로 기후위기관으로 이어진다. 우리나라를 비롯해 대륙별로 감지되는 이상기후 현황과 피해 사례가 전시되어 있다. 또한 국내 최초 ‘탄소 없는 섬(CFI; Carbon Free Island)’ 시범 모델인 가파도의 마이크로그리드 시스템도 자세히 살펴볼 수 있다.,www.jejuenergy.or.kr,064-720-7490,10:00~17:00 (휴게시간 12:00~13:00),무료,가능,"매주 토요일, 일요일 / 공휴일 / 명절 연휴 / 4·3기념일",Unknown,Unknown,입장료: 무료,50,110,EX,체험관광,EX07,기타체험,EX070200,기타체험관광,20,0,40,80,60,0,,,60,45,75,category,0.7056,,0.0,0.7056,category
3038062,12,관광지,제주이호랜드,제주특별자치도 제주시 이호일동 374-1,63108,126.455058,33.499659,"제주이호랜드는 제주올레길 17코스로 이호 테우해변과 인접한, 야자나무가 아름다운 공원이다. 라벤더, 수국, 버베나, 코스모스 등 다양한 꽃들이 시기마다 피어나고 곧게 뻗은 야자수는 이국적인 풍경을 만들어낸다. 제주공항에서 아주 가까워서 낮게 나는 비행기와 함께 사진을 찍을 수도 있고, 제주바다와 이호 테우 말 등대를 배경으로 이국적인 풍경도 즐길 수 있는 공원이다. 이호랜드 옆에는 이호 테우해변이 있어 바다에서 놀거나 해변 옆 깊은 소나무 숲길도 산책해 볼 수 있다.",Unknown,제주관광정보센터 064-740-6000,상시 개방,무료,가능,연중무휴,있음,Unknown,입장료: 무료 | 화장실: 있음,50,110,NA,자연관광,NA02,자연경관(하천‧해양),NA020900,해변. 해수욕장,90,0,90,0,60,0,,,60,45,75,category,0.8632,,0.0,0.8632,category
2755492,12,관광지,제주자연생태공원,제주특별자치도 서귀포시 성산읍 금백조로 448,63630,126.8227318948,33.4387918874,"제주 자연생태공원에는 독수리, 수리부엉이, 매 등 다쳐서 자연으로 돌아가지 못하는 맹금류, 뿔이 그물에 걸리거나 어미를 잃은 노루 등 다양한 야생동물들을 만날 수 있으며 지금은 쉽게 접할 수 없는 굼벵이, 도마뱀, 개구리, 메뚜기 등을 만지고 관찰하면서 자연의 소중함을 배우는 곳이다. 또한, 노루 먹이 주기를 통해 야생동물과 친해질 수 있는 공간이다. 집줄 놓기, 새끼줄 만들기 등 우리 조상의 생활사를 체험하고 편백 열매로 만든 팔찌, 도토리 팽이 등 다양한 자연 재료를 이용하여 만들기 체험을 함으로써 자연이 주는 풍요로움을 만끽할 수 있다. 제주자연생태공원 내에 있는 궁대오름은 나지막한 오름으로 걸으면서 건강과 심신의 안정을 취할 수 있다.",www.jejunaturepark.com,064-787-4711,- 10:00~17:00 / - 입장 마감 : 하계 16:30 / 동계 16:00,무료,가능,연중무휴,있음,Unknown,"등산로: 분화구전망대 탐방로, 자연생태공원 탐방로, 궁대오름 둘레길 | 화장실: 있음 | 입 장 료: 무료 | 한국어 안내서비스: 가능",50,130,NA,자연관광,NA04,자연공원,NA040500,생태관광지,90,0,60,60,80,10,,,45,30,60,blend,0.853,1.0,0.1813,0.8205,blend
127479,12,관광지,제주절물자연휴양림,제주특별자치도 제주시 명림로 584,63313,126.6252156649,33.4400774642,"제주절물자연휴양림은 삼나무가 주종을 이루는 힐링명소이다. 절물은 근처에 약효가 좋은 물이 난다고 하여 유래된 이름이며, 이전에 가뭄 때도 물이 마르지 않아 주민들이 식수로 이용했다고 할 정도로 수량이 풍부하다. 특히 신경통과 위장병에 특효가 있다고 하며, 제주도와 제주시에서 정기적으로 수질 검사를 진행하고 있다. 휴양림에 주 수종을 이루고 있는 삼나무는 60년대 중반부터 잡목을 제거하고 식재한 것이다. 삼나무 우량조림지는 자연휴양림으로 개발되면서 전국에서 가장 많은 사람이 방문하는 유명한 산림 휴식공간을 제공하고 있다. 휴양림 내에는 산책로, 약수터, 폭포, 연못, 잔디광장, 목공예체험장, 운동시설, 어린이 놀이시설, 숙박시설 등 다양한 시설이 갖추어져 있어 편안한 한 때를 보낼 수 있으며, 산책로는 비교적 완만하고 경사가 낮고 계단이 없어 노약자나 어린이, 장애인도 편하게 이용할 수 있다. 또 휴양림 내에는 다양한 동식물이 서식하고 있다. 휴양림 근처에는 기생화산인 절물오름이 있으며, 이곳 정상에는 전망대가 있어 말발굽형 분화구를 볼 수 있다. 날씨가 좋은 날이면 동쪽으로 성산일출봉이, 서쪽으로는 제주에서 제일 큰 하천인 무수천이, 북쪽으로는 제주시를 한눈에 조망할 수 있다.",https://www.foresttrip.go.kr,064-728-1510,07:00~17:00,"[개인] / - 성인 1,000원 / - 청소년 600원 / - 어린이 300원 / [단체(20명 이상)] / - 성인 800원 / - 청소년 500원 / - 어린이 200원 / ※ 자세한 사항은 전화문의 요망",가능,연중무휴,있음,Unknown,"입 장 료: [개인] / - 성인 1,000원 / - 청소년 600원 / - 어린이 300원 / [단체(20명 이상)] / - 성인 800원 / - 청소년 500원 / - 어린이 200원 / ※ 자세한 사항은 전화문의 요망 | 화장실: 있음",50,110,NA,자연관광,NA04,자연공원,NA040600,자연휴양림,100,10,80,10,70,0,,,60,45,75,observed,0.8697,0.8698,0.9918,0.8617,blend
2638441,12,관광지,제주탐나라공화국,제주특별자치도 제주시 한림읍 한창로 897,63020,126.3256857208,33.3345121647,"제주 서쪽 한림읍 금악리에 자리 잡은 탐나라공화국은 대한민국 안에 개국한 또 하나의 나라다. / 정확하게는 가상국가형 테마파크이다. 이름부터 낯선 탐나라공화국은 제주의 옛 이름 ‘탐라’를 의미한다. 여권도 있고 이곳에서만 사용하는 화폐도 있다. 탐나라공화국에 도착해 처음 만나는 건 출입국관리소이다. 입구에 들어서 좌측 작은 카페(Lava)에서 입장료를 내고 비자를 발급 받아야 한다. 비자(티켓)의 형태는 일단위와 연간 단위가 있는데, 연 단위 티켓의 경우 여권형을 준다. 제주에는 지형 특성상 호수나 연못이 없는데 탐나라공화국에는 빗물을 받아 만든 인공 연못이 많이 있다. 크고 작은 연못 80여 개에 이 곳을 형성하면서 시간이 흐르며 물고기나 양서류 등 생명체가 탄생 중이다. 탐나라공화국에는 수많은 이야기들이 담겨 있다. 어떤 공간에는 고의로 만든 전설이 있기도 하고, ‘길이 없어 길을 내고, 산이 없어 산을 만들다’, ‘내일도 모레도 만나는 날은 오늘입니다’ 등등 의 글귀를 보며 명상에 잠길 수도 있다. / (출처 : 제주 문화관광 홈페이지)",www.jejutamnara.com,064-772-2878,09:00~18:00 / ※ 사전 예약 방문,"[국민여권] / - 일반(1년) 20,000원 / - 5세~초등학생 10,000원 / [당일비자] / - 일반(1년) 10,000원 / - 5세~초등학생 5,000원 / [제주도민 무료개방] / - 매월 마지막주 토요일 / ※ 비자면제 : 5세 미만 어린이(보호자 동반)",가능 (소형 80대 / 대형 10대),연중무휴,Unknown,가능,"입 장 료: [국민여권] / - 일반(1년) 20,000원 / - 5세~초등학생 10,000원 / [당일비자] / - 일반(1년) 10,000원 / - 5세~초등학생 5,000원 / [제주도민 무료개방] / - 매월 마지막주 토요일 / ※ 비자면제 : 5세 미만 어린이(보호자 동반) | 한국어 안내서비스: 탐나라공화국 스토리 투어 / ※ 여권 또는 1일 방문 비자 발급시 진행",50,110,EX,체험관광,EX07,기타체험,EX070200,기타체험관광,80,10,80,60,60,10,,,60,45,75,category,0.7056,,0.0,0.7056,category
2791511,12,관광지,제주항,제주특별자치도 제주시 임항로 111 (건입동),63280,126.5342384162,33.5200699382,"제주항은 제주 국제공항에서 차로 약 15분 거리에 떨어져 있는 국제 무역항으로, 제주도의 무역, 물류, 여객 수송의 역할을 모두 전담하는 주요 항구이다. 제주도 화물의 약 70%를 담당하고 있으며, 육지로부터 들어오는 대부분의 물류는 제주항을 통해 들어온다. 여객터미널로는 연안 터미널과 국제 터미널을 운영 중이며, 목포와 여수, 부산, 완도 등을 오가는 여객선이 운항하는 곳이다. 비행기와 달리, 자기 차량을 배에 싣고 제주도를 올 수 있다는 장점이 있어 여객선을 이용하는 사람이 많은 편이다.",Unknown,064-740-6000,상시 개방,무료,가능,연중무휴,있음,Unknown,입 장 료: 무료 | 화장실: 있음 | 이용가능시설: 항구 / 여객터미널,50,110,NA,자연관광,NA02,자연경관(하천‧해양),NA020700,항구/포구,30,0,40,20,30,10,,,45,30,60,blend,0.8764,1.0,0.1813,0.849,blend
1621118,12,관광지,제주해녀항일운동기념탑,제주특별자치도 제주시 구좌읍 해녀박물관길 26,63362,126.8639930584,33.5225027447,"제주해녀항일운동기념탑은 제주해녀항일운동의 흔적과 저항 정신을 기리고 있는 곳이다. 제주해녀항일운동은 1932년 1월 제주시 구좌읍과 성산읍, 우도면 일대에서 일제의 식민지 수탈 정책과 민족적 차별에 항거한 국내 최대 규모의 항일운동이다. 이 운동은 여성들이 주도한 유일한 여성항일운동으로 그 의의가 매우 크다고 할 수 있다. 제주해녀항일운동기념탑은 당시 항일운동에 참여했던 해녀들의 2차 집결지인 이곳에 해녀 항일 운동 정신을 기리고자 조성하였다. 선열들의 자주독립 정신을 바탕으로 후세들에게 올바른 역사의식과 애국, 애향정신 함양을 위한 교육장으로 활용되고 있다.",http://www.jeju.go.kr,064-740-6000,Unknown,Unknown,가능,Unknown,있음(남녀 구분),없음,화장실: 있음(남녀 구분),50,110,HS,역사관광,HS02,역사유물,HS020100,탑ㆍ비석ㆍ기념탑,20,0,60,90,10,0,,,30,15,45,category,0.8148,,0.0,0.8148,category
127743,12,관광지,제주향교,제주특별자치도 제주시 서문로 43,63153,126.5158220408,33.5111282430,"제주향교는 훌륭한 유학자의 위패를 모시고 제사를 지내며 지방민의 교육과 교화를 위해 설립된 고려·조선시대의 국립 교육기관이자 제주의 학교이다. 조선 태조 원년인 1392년에 설립되었으며, 여러 차례의 개축과 이전을 거듭하다 순조 27년인 1827년 오늘날의 자리에 들어섰다. 인재 양성과 학문 수양의 목적으로 세워졌지만 조선 초 중엽 서원이 등장하면서 서원의 압력을 받아 교육기관으로서의 기능은 약화되었다. 대성전, 명륜당, 전사청, 계성사 등이 남아 있고 계성사에는 5성의 위패가 있다.",https://jejuhyanggyo.co.kr,064-757-0976,06:00~18:00※ 자세한 사항은 전화문의 요망,무료,가능,연중무휴,Unknown,Unknown,입장료: 무료,50,110,HS,역사관광,HS01,역사유적지,HS010900,사당,0,0,50,90,10,0,,,30,15,45,category,0.7874,,0.0,0.7874,category
3071796,12,관광지,제주향농원,제주특별자치도 서귀포시 천제연로 315-29 (회수동),63540,126.4389,33.254,"제주향농원은 중문 관광단지 내에 위치해 있어 관광지 관람 후 직접 제주의 감귤을 따보는 체험을 즐길 수 있다. 다양한 감귤(노지, 하우스, 청귤, 한라봉, 황금향, 레드향, 천혜향) 체험이 가능하다. 직접 착즙한 당근주스도 판매하고 감귤로 만든 한과, 유과, 초콜릿 등 여러 상품들이 판매되고 있다. 감귤 상품을 전국 택배 발송도 가능하다. 제주올패스로 고당도 감귤 1㎏ 받을 수 있다.",http://jejujjh.com,064-738-6776,10:00~17:00※ 자세한 사항은 홈페이지 참조 및 전화 문의 요망,체험 별로 상이함,가능,연중무휴,있음,Unknown,시설이용료: 체험 별로 상이함 | 화장실: 있음,50,130,EX,체험관광,EX03,농.산.어촌 체험,EX030300,체험농장,60,60,40,20,90,60,,,30,15,45,category,0.7753,,0.0,0.7753,category
128345,12,관광지,제주허브동산,제주특별자치도 서귀포시 표선면 돈오름로 170,63628,126.8155933234,33.3304565115,"2000년 부지매입을 시작으로 약 5년간 59,504m²(18,000평)의 대지 위에 허브동산을 만들어왔다. 현재 약 180여 종의 허브와 우리 산하의 야생화로 채워진 각양각색의 정원들과 작은 동산들, 그리고 611.6m²(2,000평)의 체험 감귤농장 등 다양한 형태의 테마공원이 조성되어 있다. 또한 허브동산을 휘어감은 산책로, 허브 관련 제품을 구입할 수 있는 허브샵, 허브를 이용한 다양한 퓨전 음식을 맛볼 수 있는 카페, 허브에 대한 지식과 정보를 공유하고, 더욱 다양한 체험을 할 수 있는 허브체험관 등의 시설이 잘 구비되어 있어 연인 및 가족단위 혹은 기업의 단체에서 자연학습 및 데이트 코스, 워크숍 등 여러 가지 목적으로 이용 가능한 편안한 휴식처가 될 것이다. / 그리고 허브 동산의 매력을 만끽할 수 있도록 설계된 6개 동의 각 숙소들은 허브정원 사이에 자리를 잡고 쾌적하고 안락한 여행이 될 수 있도록 최적의 환경을 구비하고 있다. 각 동 2층 침실 어디에서나 일출과 바다를 조망할 수 있고, 뒤로는 한라산이 한눈에 들어온다. 허브동산의 주요 테마는 ‘쉴休’, 봄날 오후 같은 편안하고 조용한 휴식. ‘번잡한 일상과 긴장된 도시 생활의 피로를 털어버리고, 몸과 마음에 쉼을 주자, 실컷 게으름을 피워도 하나 바쁠 것 없는, 느리게 사는 여유를 신이 인간에게 준 선물 가운데 마음껏 누리자.’ 이것이 허브동산이 추구하는 방향이다.",http://www.herbdongsan.com,064-787-7362,- 관람 09:00~21:30 / - 족욕 11:00~18:00,"[종일권] / - 입장+허브족욕+허브티 20,000원 / - 입장+허브티 15,000원 / [조조, 야간] / - 성인, 청소년 14,000원 / - 소인, 경로, 군경 12,000원 / ※ 자세한 사항은 홈페이지 참고",가능,연중무휴,있음,Unknown,"등산로: 동산 내 자유산책가능 (약 1.2km) | 촬영장소: 드라마 촬영지 | 상점정보: 허브샵 | 이용가능시설: Knot Garden / 황금족욕장 / 그림상회 / 로즈마리 이야기관 / House Garden / 동백숲 / 허브가든 전망대 등 | 화장실: 있음 | 입 장 료: [종일권] / - 입장+허브족욕+허브티 20,000원 / - 입장+허브티 15,000원 / [조조, 야간] / - 성인, 청소년 14,000원 / - 소인, 경로, 군경 12,000원 / ※ 자세한 사항은 홈페이지 참고 | 한국어 안내서비스: 가능 | 내국인 예약안내: 숙박 및 체험 시 홈페이지 사전예약",50,130,EX,체험관광,EX06,산업관광,EX061000,기타산업관광지,90,50,80,20,60,40,,,75,60,90,observed,0.8531,0.875,0.6988,0.8022,blend
1206420,12,관광지,제주힐링명상테마파크,제주특별자치도 제주시 애월읍 어음13길 196,63038,126.3610557300,33.3955670091,"제주힐링명상테마파크는 명상 분야의 자격을 갖추고 오랜 기간 전문성을 키워온 운영 인력과 함께 체계적이고 전문화된 힐링 및 체험 프로그램을 보유한 테마파크이다. 한국 고유의 호흡법과 명상, 기문화 전파를 통해 행복한 삶을 추구하는 공간이 되고 있으며 2021년 제주 웰니스 관광지로 선정됐다. 자연이 선물한 드넓은 들판이 있고 한림해변과 비양도를 품은 바다가 한눈에 내려다보이는 곳에 위치한 교육 및 연수용 강의장, 아름답게 꾸민 일지기(氣)가든, 역사문화공원, 자연쉼터에서 가볍게 산책을 즐기기 좋다. 또 다른 시설 국궁장에서는 국궁지도사의 전문지도를 통하여 전통 활 쏘기의 프로그램을 경험할 수 있다.",http://www.jejuspirit.com,064-799-7720,- 09:00~18:00- 입장 마감 17:00,시설별로 상이함 / 무료,가능,연중무,있음,Unknown,시설이용료: 시설별로 상이함 | 주차요금: 무료 | 화장실: 있음,50,110,EX,체험관광,EX07,기타체험,EX070200,기타체험관광,90,0,80,70,90,0,,,60,45,75,category,0.7056,,0.0,0.7056,category
1918417,12,관광지,제지기오름,제주특별자치도 서귀포시 보목동 275-1,63599,126.6095687240,33.2419935340,"제지기오름은 남사면은 매우 가팔라서 곳곳이 벼랑져 있고, 숲이 덮힌 외관으로는 나타나지 않지만 안에 들면 곳곳에 바위가 서 있고 커다란 바위 등이 드러나 있다. 정상부는 나무가 없고 환상 탈모 대머리처럼 둥그렇게 벗어졌고 억새며 잡풀이 무성하다. 북사면은 급준하게 솟아 오른 남사면과 달리 비교적 완만한 등성이가 두 가닥으로 뻗어 내리고 그 가랑이진 곳이 각각 서향·북향·북동향으로 야트막이 오목져 있다. 화구로 보일 만큼의 뚜렷한 형태는 아니다. 남사면 중턱의 바위 굴은 꽤 큰 편이며, 밑으로는 가파르게 비탈져 풀과 나무가 우거지고 양옆으로도 벼랑 바위가 우뚝 서있다. 옛날 절이 있었던 데서 절오름, 일명 제지기오름 또는 제제기오름이라고도 한다.",https://www.visitjeju.net,제주관광정보센터 064-740-6000,※ 일부 통제될 수 있으므로 방문 시 전화문의 요망,무료,불가능,연중무휴,Unknown,Unknown,입 장 료: 무료,50,130,NA,자연관광,NA01,자연경관(산),NA010100,"산, 고개, 오름, 봉우리",90,0,80,30,70,0,,,60,45,75,blend,0.8487,0.75,0.1813,0.8706,blend
1812994,12,관광지,조랑말체험공원,제주특별자치도 서귀포시 표선면 녹산로 381-17,63622,126.7356684832,33.3834771540,"제주의 말 문화를 쉽고 재밌게 이해하고 체험할 수 있는 조랑말체험공원은 조선시대 최고의 말을 사육했던 갑마장이 있었던 가시리 마을 그 자리에 600년 목축문화의 역사를 고스란히 간직하고 있다. 농림부가 지원하는 ‘신문화공간 조성사업’의 일환으로 조성된 조랑말 박물관에 마을회의 노력으로 따라비 승마장, 마음 카페, 아트숍, 체험장, 축제공간 등이 어우러진 복합 문화공간으로 확대 조성되었다. 마을에서 설립한 국내 최초의 리립 박물관이자, 마을의 역사와 문화를 주제로 한 문화공간으로 새로운 형식의 커뮤니티 비즈니스 모델로서도 큰 의미가 있다.",https://www.instagram.com/jejuhorsepark,064-787-0960,09:00~18:00,"- 승마체험 A코스 12,000원 / - 승마체험 B코스 25,000원 / - 목장산책, 트랙 50,000원 / - 1시간 체험 100,000원 / - 먹이주기 체험 3,000원 / 무료",가능,연중무휴,있음,Unknown,"시설이용료: - 승마체험 A코스 12,000원 / - 승마체험 B코스 25,000원 / - 목장산책, 트랙 50,000원 / - 1시간 체험 100,000원 / - 먹이주기 체험 3,000원 | 화장실: 있음 | 주차요금: 무료",50,130,EX,체험관광,EX07,기타체험,EX070200,기타체험관광,30,20,60,90,80,30,,,60,45,75,blend,0.6378,0.5,0.3297,0.7056,blend
3057244,12,관광지,조천만세동산,제주특별자치도 제주시 조천읍 조천리 1142-1,63335,126.642205,33.540496,"조천읍 조천리에 있는 조천만세동산은 제주의 3대 항일운동 중 하나인 조천만세운동이 일어났던 장소에 세워진 기념공원이다. 조천만세동산에는 조국의 자주독립을 위해 목숨을 바친 분들을 추모하고, 평화를 염원하는 애국선열 추모탑, 만세운동의 뜻을 기억하고 기리기 위해 세워진 3·1 독립운동 기념탑, 항일운동 관련 역사 자료를 전시하는 항일기념관이 있다. 애국선열 추모탑은 제주 고유의 문인 정낭을 닮은 모양을 하고 있고 항일기념관은 독립운동에 대한 다양한 역사적 사실들을 배우고 그 뜻을 기리는 기회를 가질 수 있다. 제주 올레길 18코스의 종점이자, 19코스의 시작점이기도 하여 올레길 여행객들이 많이 방문하는 동산이다.",https://www.visitjeju.net/kr,064-783-2008,상시 개방,무료,가능,연중무휴,있음,Unknown,입장료: 무료 | 화장실: 있음,50,110,HS,역사관광,HS01,역사유적지,HS011000,선사유적지,50,0,70,90,50,0,,,15,15,30,blend,0.8259,1.0,0.1813,0.7874,blend
2792568,12,관광지,조천함덕해안도로,제주특별자치도 제주시 조천읍 조함해안로 525,63333,126.6690845131,33.5427390309,"조천함덕해안도로는 조천과 함덕을 잇는 약 4.5㎞ 길이의 해안도로다. 함덕에서가 아닌 조천에서 출발하여 달려도 되지만, 함덕에서 출발하는 편이 바다와 자동차의 거리가 가까워 제주 풍경을 즐기기에 더 좋다. 다른 코스들보다 쉬어갈 수 있는 곳이 많진 않지만, 어느 코스보다 바다와 마을을 구경하기 좋다. 해안도로의 시작인 함덕 서우봉 해변은 에메랄드빛 바다와 모래사장을 따라 심은 야자수가 이국적인 풍경을 연출한다. 도로는 해남 땅끝마을과 가장 가까운 관곶도 지나게 되는데, 관곶에서 바라본 제주시의 야경은 매우 아름답다. 맑은 날에는 추자도와 남해 도서까지 보인다고 한다.",https://www.visitjeju.net,제주관광정보센터 064-740-6000,상시 개방,Unknown,불가능,연중무휴,Unknown,Unknown,Unknown,50,110,NA,자연관광,NA05,기타자연관광,NA050100,기타자연관광,90,0,90,0,40,0,,,30,15,45,category,0.8465,,0.0,0.8465,category
4078062,12,관광지,족은노꼬메오름,제주특별자치도 제주시 애월읍 유수암리 산138,695916,126.4180000000,33.3937000000,"족은노꼬메오름은 제주 오름 중 숲길과 오름을 함께 즐길 수 있는 곳이다. 노꼬메오름은 족은노꼬메오름과 큰 노꼬메오름으로 이루어져 있으며, 놉고메로 부르다가 시간이 흐르면서 노꼬메로 불려지고 있다. / 큰노꼬메오름은 뾰족하게 도드라진 것이 특징이며, 족은노꼬메오름은 큰노꼬메의 북동쪽에 위치하고 있으며 경사가 낮지만 몸집이 매우 큰 것이 특징이다. 두 노꼬메오름은 나란히 위치하고 있기 때문에 ‘형제오름’이라고도 불린다. / 제주방언으로 ‘작은’을 뜻하는 ‘족은’노꼬메오름은 이름 때문에 오르기 쉽다고 착각하기 쉬우나 호락호락하게 오를 수 있는 오름은 아니다. 족은노꼬메 오름을 오르는 길은 궷물오름, 큰노꼬메오름 등을 거쳐가는 여러 갈래가 있다. / 족은노꼬메오름은 오르는 길이 잘 정비되어 있어 편하게 오를 수 있다. 정상에 오르게 되면 탁 트인 경치와 함께 반대편에 위치한 큰노꼬메오름의 모습을 조망할 수 있다. / (출처 : 비짓제주 홈페이지)",https://www.visitjeju.net,제주관광정보센터 064-740-6000,상시 개방,무료,가능,연중무휴,Unknown,Unknown,입장료: 무료,50,110,NA,자연관광,NA01,자연경관(산),NA010100,"산, 고개, 오름, 봉우리",90,0,80,10,70,0,,,60,45,75,category,0.8706,,0.0,0.8706,category
3015172,12,관광지,졸띠유채밭,제주특별자치도 서귀포시 성산읍 동류암로 8,63640,126.9192593887,33.4497589013,"성산일출봉 근처 플레이스 캠프 바로 옆에 위치해 성산일출봉, 우도, 갈대밭이 한곳에서 보이는 제주 유일의 유채밭으로 유채꽃밭 주변을 돌아보는 승마체험까지 가능한 곳이다. 예전에는 유채꽃 개화시기가 3월~5월이었는데 유채꽃이 방문객의 인기를 끌면서 품종개량과 함께 파종시기를 조절하여 요즘은 11월~5월 사이에 볼 수 있으며 최고조는 3월이다. 무료보다는 유료 유채꽃밭이 좀 더 풍성하고 관리가 잘되어 있다. 안쪽의 하트 모양의 구조물에 쏙 들어가 보이는 성산일출봉을 배경으로 사진을 찍을 수 있다. 유채꽃과 갈대의 대조적인 풍경이 봄과 가을을 함께 느낄 수 있는 곳이다. 광치기해변도 가까워 성산 여행을 즐기면서 함께 들러보길 추천한다.",Unknown,064-757-2076,11월 중순~3월 중순 09:00~18:00,"1,000원",가능,매년 3월 말~11월 초,있음,Unknown,"입 장 료: 1,000원 | 화장실: 있음",50,130,NA,자연관광,NA03,자연생태,NA030500,기타자연생태,90,0,90,0,70,0,,,30,15,45,manual_override,0.829,,0.0,0.829,category
2779454,12,관광지,종달리 수국길,제주특별자치도 제주시 구좌읍 종달리,63354,126.9111143136,33.5077301412,"제주도 북동쪽 구좌읍에 자리한 조용한 마을 종달리에는 종달리 수국길이라는 테마 거리가 형성되어 있다. 종달리는 공항에서 제주 동부를 향해 달리면 비자림을 지나 지미봉 자락에서 만나게 되는 마을이다. 수국은 흙의 산도에 따라 색이 하늘색에서 분홍색까지 달라지는 신비로운 꽃이다. 보통 6월 중순에서 말, 늦으면 7월 말까지 종달리 바닷길을 따라 형형색색의 수국이 만개한 모습을 볼 수 있다. 수국은 흙의 산도에 따라 하늘색에서 분홍색까지 색이 달라진다. 다만, 이 테마 거리는 도로 한쪽으로 자전거도로 겸 인도가 마련되어 있지만, 차가 지나다니는 도로변이니 조심해야 한다.",https://www.visitjeju.net/kr,제주시 관광정보센터 064-740-6000,상시 개방,무료,불가능,연중무휴,Unknown,없음,입 장 료: 무료,50,110,NA,자연관광,NA05,기타자연관광,NA050100,기타자연관광,80,0,90,10,40,0,,,30,15,45,observed,0.8664,0.875,0.6988,0.8465,blend
2602741,12,관광지,종달리 해안도로,제주특별자치도 제주시 구좌읍 종달리 630-1,63354,126.9017240330,33.4829243983,"종달리 해안도로는 광치기해변에서 시작하는 해맞이해안도로의 일부로 하도해변까지 이르는 길로 약 11.2㎞이다. 동쪽에 있는 해안도로라서 해맞이라는 이름이 붙었고, 해가 뜰 때도 물론 장관이지만 해가 질 무렵에도 아름다운 하늘과 바다의 색을 뽐낸다. 종달리해안에는 수국이 가득 심어져 있어 5월 말부터 6월 내내 활짝 핀 수국이 가득한 길을 지날 수 있다. 길이 구불구불하여 우도와 성산일출봉이 번갈아 보이며, 종달리 전망대에 올라 주변 풍경을 한눈에 담아보는 것도 좋다. 마지막 지점인 하도해변은 조용한 분위기에 에메랄드 빛을 띠고 있으며, 건너편의 철새 도래지를 바라보며 여유를 느끼기에 제격이다.",https://www.visitjeju.net,제주관광정보센터 064-740-6000,상시 개방,Unknown,Unknown,연중무휴,Unknown,없음,Unknown,50,110,NA,자연관광,NA05,기타자연관광,NA050100,기타자연관광,100,0,90,10,50,0,,,30,15,45,blend,0.7837,0.5,0.1813,0.8465,blend
2779457,12,관광지,종달리해변,제주특별자치도 제주시 구좌읍 종달리 565-72,63364,126.9097146979,33.4963286013,‘종처럼 생긴 산(지미봉) 밑에 위치한다’라는 뜻을 가진 종달리해변은 넓은 모래 해변이 깔려있다. 비교적 잘 알려지지 않은 종달리해변은 조용하게 여행하고 싶은 사람들에게 추천하는 곳이다. 종달리해변에서는 성산일출봉과 우도가 아름답게 보인다. 특히 종달리해변 옆에 있는 해안도로는 수국이 아름답기로 유명한 길이 형성되어 있다.,https://www.visitjeju.net,064-728-7783,상시 개방,무료,가능,연중무휴,Unknown,Unknown,입 장 료: 무료,50,110,NA,자연관광,NA02,자연경관(하천‧해양),NA020900,해변. 해수욕장,90,0,90,0,50,0,,,60,45,75,observed,0.8685,0.875,0.4512,0.8632,blend
2779462,12,관광지,종달항(두문포항),제주특별자치도 제주시 구좌읍 종달리 484-10,63364,126.910660686374,33.4965502173871,"종달리 해안 도로는 봄과 여름 사이, 길을 따라 만개하는 수국 길로 유명하다. 하도리 해수욕장에서 왼쪽에 바다를 끼고 이 해안 도로를 따라 달리다 보면 자그마한 종달항과 해변이 나온다. 종달항 혹은 두문포항이라고도 불리는 작은 항구가 있다. 작은 어선이 선박해 있으며, 우도로 가는 여객선이 운항하는 항구이다. 이곳은 항구 자체로도 아름답기로 유명하다. 성산 일출봉과 우도가 보이고, 뒤편으로는 지미봉까지 보인다. 물이 맑고 잔잔해 가볍게 산책을 즐기기에도 좋은 곳이다.",Unknown,064-740-6000,상시 개방,무료,불가능,연중무휴,있음,Unknown,입장료: 무료 | 화장실: 있음,50,110,NA,자연관광,NA02,자연경관(하천‧해양),NA020700,항구/포구,90,0,80,10,40,0,,,60,45,75,category,0.849,,0.0,0.849,category
127492,12,관광지,중문관광단지,제주특별자치도 서귀포시 색달동,63535,126.4125,33.2487,"중문관광단지는 제주의 독특한 자연경관과 지리적 조건을 활용하여 제주특별자치도 서귀포시 중문, 대포, 색달동 일원에 조성한 국제적인 관광 휴양지이다. 중문관광단지에는 관광 휴양지답게 신라호텔, 롯데호텔, 그랜드조선호텔 등 9개의 호텔이 있으며, 퍼시픽리솜, 여미지식물원, 테디베어박물관, 그림포레스트, 박물관은 살아있다, 초콜릿랜드, 제주국제평화센터, 천제연폭포, 주상절리대 등의 관광지가 있다. 특히 서핑, 요트, 패러세일링 등 해양 레포츠를 즐길 수 있는 중문색달해수욕장과 바다 전망 카페, 산책로 등이 최근 각광을 받고 있다.",Unknown,064-735-7200,상시 개방,무료,가능,연중무휴,있음,Unknown,입장료: 무료 | 화장실: 있음,50,130,VE,문화관광,VE05,복합관광시설,VE050100,관광단지,90,60,80,70,80,40,,,60,45,75,category,0.8331,,0.0,0.8331,category
2738726,12,관광지,중문미로파크,제주특별자치도 서귀포시 상예동 3592-5,697301,126.382401161238,33.2634799314062,"중문 미로파크는 사계절 푸르른 랠란디나무의 미로 속에서 길을 찾는 즐거움을 체험할 수 있는 공간으로 감귤 체험, 동물 친구들, 유채꽃밭과 제주의 신화와 역사, 황금사자의 이야기가 있는 곳이다. 이곳의 미로를 구성하는 나무는 랠란디 사이프러스(X cupressocyparis leylandii)로 흔히 랠란디라 칭한다. 푸르른 랠란디 나무의 싱그러운 향기는 심신 안정의 효과가 있다. 미로의 끝에는 황금사자 형상이 있다. 미로파크가 있는 예래동[猊來]은 ’사자가 온다’는 뜻으로 마을 이름의 유래가 전해진다. 서귀포 앞바다의 호랑이를 닮은 범섬이 예래동을 바라보고 있다. 예로부터 예래동은 범섬인 호랑이의 저주를 받아 나쁜 일이 그치지 않았다. 우연히 한 고승이 지나가다가 해 뜨는 동녘 바다에 우뚝 솟은 섬이 범 형상이어서 마을에 재앙을 가져오기 때문에 이 마을 뒤편 서북쪽에 있는 군산이 사자형이므로 호랑이와 대항할 사자가 온다는 뜻으로 예래라 지어주었으며, 그 뒤로 마을은 평온을 되찾았다고 한다.",https://jmmaza.wixsite.com/mazepark,064-738-0667,09:00~18:00,"[개인]- 일반 5,000원- 경로(만65세이상) 4,000원 - 어린이(48개월이상) 및 청소년 3,000원[단체(10인 이상)]- 일반 4,000원- 경로(만65세이상) 3,000원 - 어린이(48개월이상) 및 청소년 2,000원[제주도민]- 일반 3,000원- 어린이(48개월이상) 및 청소년 2,000원 / 무료",가능,연중무휴,있음,가능,"입장료: [개인]- 일반 5,000원- 경로(만65세이상) 4,000원 - 어린이(48개월이상) 및 청소년 3,000원[단체(10인 이상)]- 일반 4,000원- 경로(만65세이상) 3,000원 - 어린이(48개월이상) 및 청소년 2,000원[제주도민]- 일반 3,000원- 어린이(48개월이상) 및 청소년 2,000원 | 주차요금: 무료 | 화장실: 있음",50,130,VE,문화관광,VE02,테마공원,VE020100,테마파크,60,30,70,70,80,0,,,105,75,135,blend,0.8406,0.75,0.1813,0.8607,blend
126449,12,관광지,중문색달해수욕장,제주특별자치도 서귀포시 색달동,63535,126.4112108397,33.2454289066,"중문색달해수욕장은 아름다운 해안 풍경과 야자수의 이국적인 모습을 가진 해변으로 중문관광단지에서 시작해 천제연폭포와 대포주상절리와 이어지는 곳에 있다. 해변의 길이가 약 560미터에 달하는 활처럼 굽은 백사장으로 해마다 100만 명이 넘는 사람들이 다양한 해양 스포츠를 즐기기 위해 몰려든다. 본래는 진모살이라고 불렸는데 긴 모래 해변이라는 뜻이다. 이곳의 모래는 흑색, 회색, 적색, 백색 4가지가 섞여 있어 해가 비추는 방향에 따라 해변의 색깔이 달라 보이며 제주도 특유의 검은 돌인 화산석과 아름다운 조화를 이루고 있다. 다른 해수욕장보다 파도가 잦고, 높은 편이라 서퍼들에게 인기가 많고, 국내의 가장 큰 규모의 국제 서핑 대회가 매년 6월에 개최된다. / 이 밖에도 수상스키, 윈드서핑, 스쿠버다이빙, 제트보트 등 함께 즐길 수 있는 수상 레저 활동이 많아 수상 레저 마니아들이 좋아하는 해변으로 알려져 있다. 1999년 환경운동연합이 실시한 수질환경성 조사 결과 전국 44개 해수욕장 가운데 최고의 청정 해수욕장으로 꼽히기도 했다. 색달해변이 한눈에 보이는 쉬리의 언덕은 이곳의 또 다른 명소로 영화 쉬리의 마지막 장면의 촬영지이기도 하며 제주에서 가장 아름다운 일출과 일몰을 볼 수 있는 장소이다.",http://www.visitjeju.net,064-739-4993,상시 개방 / ※기상 상황에 따라 통제 가능,Unknown,가능,연중무휴 / ※기상 상황에 따라 통제 가능,있음,Unknown,촬영장소: 영회 '쉬리' 마지막 장면 촬영지 | 화장실: 있음,50,130,NA,자연관광,NA02,자연경관(하천‧해양),NA020900,해변. 해수욕장,90,0,90,20,90,0,,,60,45,75,observed,0.8094,0.8094,1.0,0.8632,blend
1918413,12,관광지,지미봉,제주특별자치도 제주시 구좌읍 종달리,63354,126.9020069661,33.4992031582,"지미봉은 제주도의 아름다운 오름 중 하나로, 제주시 구좌읍 종달리 마을 입구 동북 방향에 자리 잡고 있다. 원뿔 모양의 동쪽 봉우리가 주봉(정상)이며 북쪽에서 바라보면 두 개의 봉우리로 이루어졌고, 서북쪽 기슭에는 하도리 창흥동 양어장이 있다. 이 지역은 철새도래지로서, 겨울이 되면 겨울 철새인 저어새, 도요새, 청둥오리 등이 날아와 겨울을 난다. 성산일출봉과 우도, 종달항과 종달리 앞바다를 한눈에 내다볼 수 있다. 지미봉은 올레길 21코스에 자리하고 있어 올레길 관광객들도 찾고있다. 오름 꼭대기에 봉수대의 흔적이 남아 있는데, 북서로 왕가 봉수, 남동으로 성산 봉수와 교신하였다고 한다. 지미라는 이름이 붙은 것은 이곳이 제주 섬의 꼬리 부분에 해당하기 때문이고, 지미봉이라 표기하며, 속칭으로는 이라고 부른다. 예전에 한경면 두모리를 섬의 머리 또는 제주 목의 머리라 하고, 동쪽 끝의 이 오름을 이라 했다고 한다. 두산봉, 은월봉, 식산봉 북사면에 말굽형 분화구가 북향으로 벌어진다.",http://www.visitjeju.net,제주관광정보센터 064-740-6000,※ 통제될 수 있으므로 방문 시 전화문의 요망,무료,가능,연중무휴,Unknown,Unknown,입 장 료: 무료,50,110,NA,자연관광,NA01,자연경관(산),NA010100,"산, 고개, 오름, 봉우리",90,0,80,40,60,0,,,45,30,60,blend,0.8514,0.8125,0.3297,0.8706,blend
1874612,12,관광지,지속가능환경교육센터,제주특별자치도 제주시 송이길 226 (회천동),63330,126.62930257715661,33.462080972123374,"지속가능환경교육센터는 자원 절약과 폐기물 자원화의 소중함을 알리고 자원 재활용을 시민 생활문화로 정착시키기 위해 설립됐다. 교육 프로그램의 개발 및 교육교재의 보급, 환경전문가를 양성하는 데 힘쓰고 있으며, 제주도민 및 국내외 제주 방문객에게 환경교육을 시행하고 있다. 교육프로그램으로는 3R센터 견학을 통해 쓰레기 분리배출놀이, 업사이클 만들기 등의 체험을 할 수 있다. 또한 교육과정도 유아, 청소년, 성인으로 나뉘어서 진행하고 있다. 유아과정은 생태탐방, 숲탐색하기, 숲속게임활동 등 자연과 친해질 수 있는 내용으로 구성되어 있고, 청소년과정은 일상생활에서 실천하는 친환경 행동 배우기, 푸드 마일리지에 대한 교육 등이 있으며, 성인과정으로는 미세플라스틱의 위험성에 대한 교육과 천연 멀티밤이나 폼클렌저 만들기 등 체험 프로그램이 있다.",http://www.jejueco.or.kr,064-772-9401,09:00~18:00 (준비시간 12:00~13:00),무료,가능,"매주 토요일, 일요일 / 법정공휴일",있음,Unknown,입장료: 무료 | 내국인예약안내: 교육 프로그램 최소 14일 전 인터넷 홈페이지 예약 | 화장실: 있음,50,110,EX,체험관광,EX06,산업관광,EX061000,기타산업관광지,70,20,30,60,90,0,,,90,60,120,category,0.8022,,0.0,0.8022,category
2851320,12,관광지,짱구네유채꽃밭,제주특별자치도 서귀포시 성산읍 한도로 90,63639,126.9174549932,33.4684567560,"짱구네유채꽃밭은 제주 성산 지역에 위치한 유채꽃 명소로 넓게 펼쳐진 꽃밭과 다양한 포토존을 함께 즐길 수 있는 곳이다. 개인이 가꾼 공간으로 여행객들이 자유롭게 사진을 남길 수 있도록 산책로와 촬영 구역이 조성되어 있으며 유채꽃 사이 마련된 길을 따라 관람할 수 있다. / 현장에서는 커피와 차 같은 간단한 음료를 비롯해 셀카봉, 밀감 모자 등 촬영 소품도 판매하고 있어 제주 여행의 추억을 남기기 좋다. 넓은 주차 공간이 마련되어 있어 방문이 편리하며, 광치기해변과 섭지코지 등 주변 관광지와 함께 둘러보기에도 좋다. 유채꽃 개화 시기는 날씨에 따라 달라질 수 있어 방문 전 확인하는 것을 추천한다.",Unknown,010-3697-3592,전화 문의 후 방문 요망,"1,000원",가능,전화 문의 후 방문 요망,Unknown,Unknown,"입장료: 1,000원",50,130,NA,자연관광,NA05,기타자연관광,NA050100,기타자연관광,90,20,100,0,40,20,,,30,15,45,category,0.8465,,0.0,0.8465,category
126444,12,관광지,차귀도,제주특별자치도 제주시 한경면 고락로 200-52,63008,126.1485,33.3116,"차귀도는 제주시 한경면 고산리에 딸린 섬으로 사람이 살지 않으며 제주의 무인도 가운데 가장 크다. 고산리에서 해안 쪽으로 약 2㎞ 떨어진 자구내마을에서 배를 타고 10여 분 가면 차귀도가 나온다. 죽도, 지실이섬, 와도의 세 섬과 작은 부속섬을 거느리고 있다. 섬에는 시누대·들가시나무·곰솔·돈나무 등 13종의 수목과 양치식물인 도깨비고비, 제주특별자치도에서만 사는 해녀콩을 비롯한 갯쑥부쟁이·천무동 등 62종의 초본류 등 총 82종의 식물이 자란다. 주변 바다는 수심이 깊고 참돔·돌돔·혹돔·벤자리·자바리 등 어족이 풍부하며 바닷바람에 말린 화살오징어로도 유명하다. 차귀도라는 이름은 섬에 내려오는 전설에서 유래했다. 옛날 중국 송나라 푸저우 사람 호종단이 이 섬에서 중국에 대항할 큰 인물이 나타날 것이라고 하여 섬의 지맥과 수맥을 모두 끊은 뒤 고산 앞바다로 돌아가는 길에 날쌘 매를 만났는데 매가 돛대 위에 앉자 별안간 돌풍이 일어 배가 가라앉았다. 이 매가 바로 한라산의 수호신이고 지맥을 끊은 호종단이 돌아가는 것을 막았다고 하여 대섬과 지실이섬을 합쳐서 차귀도라 불렀다는 것이다.",https://www.visitjeju.net/kr,차귀도유람선 064-738-5355 / 차귀도선셋유람선 010-9538-5580,상시 개방,※ 유람선 마다 상이하므로 전화문의 요망,Unknown,연중무휴,Unknown,Unknown,입장료: ※ 유람선 마다 상이하므로 전화문의 요망,50,110,NA,자연관광,NA02,자연경관(하천‧해양),NA020500,섬,90,20,80,50,60,10,,,90,60,120,observed,0.872,0.875,0.4512,0.8695,blend
3057180,12,관광지,차귀도유람선,제주특별자치도 제주시 한경면 노을해안로 1160,63008,126.16489810263236,33.30892422479478,"한경면 고산리에 있는 차귀도 유람선은 차귀도 둘레길 탐방과 경치 유람을 동시에 즐길 수 있는 관광 유람선이다. 둘레길을 비롯해 섬을 탐방한 후 유람선에 승선하여, 범바위, 장군바위, 쌍둥이바위, 병풍바위, 고래등바위, 매바위, 송이동산, 장군석바위, 해식동굴 등 아름다운 차귀도 주변의 절경을 둘러볼 수 있다. 정기노선이 아니기 때문에 유람선 관광을 하려면 사전 전화예약이 필수이다. / 차귀도는 고산리 해안 자구내포구에서 약 2㎞ 떨어진 곳에 있는 무인도로 세계 유네스코 지질공원으로 등재된 섬이다. 수려한 자연경관과 깎아지른 듯한 해안 절벽, 기암괴석이 절경을 이루며 차귀도를 중심으로 죽도, 지실이섬, 와도 등 작은 부속 섬들이 있다.",http://www.chagwidocruise.co.kr,064-738-5355,09:00~18:00※ 기상 악화나 업체 사정에 의해 변동될 수 있으므로 홈페이지 참조 및 전화 문의 요망,"[섬탐방투어] / - 대인 15,000원 / - 소인 12,000원 / [섬탐방노을투어] / - 대인 20,000원 / - 소인 17,000원 / [돌고래투어] / - 성인 27,000원 / - 소인 23,000원 / ※ 자세한 사항은 홈페이지 참조 / 무료",가능,연중무휴,있음,Unknown,"시설이용료: [섬탐방투어] / - 대인 15,000원 / - 소인 12,000원 / [섬탐방노을투어] / - 대인 20,000원 / - 소인 17,000원 / [돌고래투어] / - 성인 27,000원 / - 소인 23,000원 / ※ 자세한 사항은 홈페이지 참조 | 주차요금: 무료 | 화장실: 있음",50,110,EX,체험관광,EX07,기타체험,EX070100,유람선/잠수함관광,90,0,90,20,70,0,,,90,60,120,category,0.8651,,0.0,0.8651,category
2858656,12,관광지,창꼼,제주특별자치도 제주시 조천읍 북촌리 393,63339,126.7000343788,33.5524884484,"창꼼은 북촌환해장성, 북촌 용물 동쪽에 있다. ‘창꼼’은 창 고망(구멍) 난 돌이라 하고, 뙤창문의 제주어이기도 하다. 뙤창문은 방문에 낸 작은 창문을 뜻한다. 말처럼 창을 뚫어 놓은 듯한 기암으로, 서 있는 바위에 구멍이 나 있어 여행자들은 이 구멍을 통해 사진을 찍는다. 창꼼바위에서는 바다 쪽으로 다려도가 보이고, 방파제가 보인다. 창꼼 가까이 있는 용물은 용천수를 뜻하며 지하를 흐르다 바다 가까이에서 분출하는 지하수를 말한다. 이곳 역시 사진 포인트이다. / ◎ 한류의 매력을 만나는 여행 정보 - 드라마 / ‘창꼼’은 우영우의 멘토 정명석 변호사가 아내와의 일을 회상하던 장소이다. 이 바위는 보통 바위와는 조금 다르게 한가운데 동그랗게 구멍이 뚫려있다. 그 구멍으로는 그림 같은 제주 바다가 보인다. 제주 특유의 푸르고 아름다운 풍경이 유독 돋보이는 명소라 기념사진을 찍으러 온 많은 여행객을 찾아볼 수 있다. 창꼼바위 앞에서 바다를 배경 삼아 사진 한 장 남겨보는 것을 추천한다.",Unknown,제주관광정보센터 064-740-6000,상시 개방,무료,가능,연중무휴,Unknown,Unknown,입 장 료: 무료,50,110,NA,자연관광,NA03,자연생태,NA030300,기암괴석,80,0,90,10,20,0,,,30,15,45,category,0.8516,,0.0,0.8516,category
1895611,12,관광지,천아오름,제주특별자치도 제주시 애월읍 광령리,63062,126.4499096413,33.3969294468,"어승생악 서쪽 지점 신엄공동목장 안에 위치한 오름으로, 남쪽 봉우리를 중심으로 북서쪽으로 패어있는 소규모 말굽형 화구를 이루고 있다. 천아오름이라는 이름은 옛 지도에 이곳이 참나무봉우리로 표기된 것에서 따왔다. 해송이 주종을 이루며 잡목이 우거지고 꽝꽝나무가 많다. 천아오름 동녘 자락에 속칭 무수내(무수천 상류)가 있고, 이 냇가에는 어승생저수지의 보조수원인 천아수원이 개발되어 있다. 제주시와 애월읍의 경계를 이루며 계곡 양안에서 우거진 온대림은 참꽃나무와 낙엽활엽수의 단풍 등이 있어 경치가 수려하다. 오름은 경사가 완만하여 굳이 오르지 않더라도 평탄하고 주변의 어승생악, 붉은오름 등을 관찰할 수 있다. 천아오름은 사유지이며 탐방로가 정비가 되어있지 않아 천아계곡까지만 탐방하는 것을 추천한다.",http://www.visitjeju.net,제주관광정보센터 064-740-6000,※ 일부 통제될 수 있으므로 방문 시 전화문의 요망,무료,불가능,연중무휴,Unknown,Unknown,입 장 료: 무료,50,110,NA,자연관광,NA01,자연경관(산),NA010100,"산, 고개, 오름, 봉우리",90,0,80,10,40,0,,,60,45,75,category,0.8706,,0.0,0.8706,category
482093,12,관광지,천왕사(제주),제주특별자치도 제주시 1100로 2528-111 (노형동),63080,126.4939972225,33.4082872226,"아흔아홉 골의 수려한 풍광 속에 들어앉은 천왕사는 한라산 어승생 동쪽에 수많은 봉우리와 골짜기로 이루어진 아흔아홉 골 중 하나인 금봉곡 아래 위치한 사찰이다. 1955년 천왕사 근처 토굴에서 참선수행하던 비룡스님에 의해 수영산 선원이란 명칭으로 처음 창건되었다. 비록 건립된 지 오래되지 않았으나 1994년 전통 사찰로 지정되었다. 대웅전 바로 뒤로는 용바위라 불리는 커다란 바위가 있고, 마당 왼쪽 자락에 기세 좋게 곧게 뻗은 바위가 울창한 숲과 어우러져 절경을 이룬다. 사찰 옆의 냇물을 따라 올라가면 한라산의 유일한 폭포라는 선녀 폭포가 나오고, 사찰 입구에는 약수터가 있다. 특히 가을에 기암절벽 아래 물드는 단풍이 장관으로 알려져 있다.",https://www.visitjeju.net,064-748-8811,상시 개방,무료,가능,연중무휴,있음,없음,촬영장소: JTBC 예능 프로그램 촬영지 | 입 장 료: 무료 | 화장실: 있음,50,110,HS,역사관광,HS03,종교성지,HS030100,불교,90,0,90,80,40,0,,,30,15,45,blend,0.8582,0.875,0.3297,0.85,blend
126439,12,관광지,천제연폭포,제주특별자치도 서귀포시 천제연로 132 (중문동),63546,126.4184294967,33.2526559999,"천제연 폭포는 한라산에서 시작된 중문천이 바다로 흐르면서 형성된 폭포로, 중문관광단지 내에 있다. 천제연폭포는 3개의 폭포로 나누어지는데, 주상절리 절벽에서 천제연(못)으로 떨어지는 것이 제1폭포, 천제연의 물이 더 아래로 흐르면서 형성된 제2,3 폭포가 있다. 제1폭포는 높이 22m, 천제연 수심 21m로 건기에는 폭포수가 떨어지지 않지만 주상절리형의 암벽과 에매랄드 빛의 연못이 굉장히 아름다워 내외국인을 불문하고 카메라를 꺼내 들지 않는 이가 없다. 1 폭포 근처에 있는 암석동굴 천정에는 이가 시리도로 차가운 물이 쏟아져 백중, 처서에 이물을 맞으면 모든 병이 사라진다는 설이 있었으나 지금은 수영이 금지되어 진입할 수 없다. / (출처 : 제주 문화관광 홈페이지)",https://www.visitjeju.net,064-760-6331,09:00~17:50 (입장 마감 17:10),"- 일반 2,500원 / - 청소년/어린이 1,350원 / - / ※ 자세한 사항은 홈페이지 참고",가능,연중무휴,있음,Unknown,"입 장 료: - 일반 2,500원 / - 청소년/어린이 1,350원 / - / ※ 자세한 사항은 홈페이지 참고 | 화장실: 있음",50,130,NA,자연관광,NA01,자연경관(산),NA010300,폭포,90,0,90,30,20,0,,,60,45,75,observed,0.85,0.85,0.9997,0.8525,blend
2765240,12,관광지,천주교 대정성지,제주특별자치도 서귀포시 대정읍 추사로247번길 102,63505,126.2607820469,33.2535839778,"대정성지는 다산 정약용의 조카이자 제주 최초의 천주교인 정난주 마리아의 묘가 안치된 곳이다. 그녀의 남편인 황사영은 신유박해의 실상을 저술한 백서를 청나라에 보내려다가 발각되어 처형당했고, 그녀 역시 제주로 유배되었다. 제주 관노로 전락했음에도 신앙심을 잃지 않고 그녀의 풍부한 교양과 학식으로 주민들을 교화해 이웃들의 칭송을 받았다고 한다. 그녀가 세상을 떠나자 주민들은 그녀를 추모하는 공간을 마련했고, 훗날 천주교는 이곳을 대정성지로 꾸며 성지순례 장소 중 하나가 되었다.",Unknown,제주관광정보센터 064-740-6000,상시 개방,무료,가능,연중무휴,Unknown,Unknown,주차요금: 무료,50,130,HS,역사관광,HS01,역사유적지,HS010200,성ㆍ산성ㆍ성곽,20,0,40,90,20,0,,,30,15,45,category,0.7874,,0.0,0.7874,category
129395,12,관광지,천지연 걸매생태공원,제주특별자치도 서귀포시 서홍로 4-42,63594,126.5551177065,33.2499640127,"서귀포시 서홍동 천지연폭포 상류에 있는 걸매생태공원은 인간과 자연이 공존하는 생태도시의 표본이다. 국내 최대 관광의 보고인 천지연폭포를 보호하고 친환경적인 자연생태를 보존하여 시민과 관광객들에게 자연환경의 소중함을 일깨우는 생태관광 자원으로 가치가 높다. 수생식물 관찰원, 습지 생태계 관찰원, 매화 및 야생 초화류 관찰원, 야생 조류 관찰원, 목재 산책로 등이 조성되어 있어서, 자연을 유흥 중심에서 생태 자연 중심으로 시민들이 인식하고 시민 스스로 올바른 자연환경을 지켜가도록 만든 이 공원에서 숨 쉬는 자연을 만나볼 수 있다. '걸매'란 '물도랑이 자주 막혀 메워져 있는 곳'이란 뜻으로, 즉 항상 물이 고여있는 장소로 예전에는 논이었다.",Unknown,서귀포시청 환경관리과 064-760-3191,상시 개방,무료,가능 (약 소형 14대),연중무휴,Unknown,Unknown,입 장 료: 무료,50,130,NA,자연관광,NA04,자연공원,NA040500,생태관광지,90,0,70,20,40,0,,,30,15,45,category,0.8205,,0.0,0.8205,category
126438,12,관광지,천지연폭포,제주특별자치도 서귀포시 서홍동 666-1,63594,126.5595508450,33.2447166744,"이름만큼이나 빼어난 서귀포 천지연폭포는 조면질 안산암의 기암절벽이 하늘높이 치솟아 마치 신선의 세계로 들어온 것 같은 황홀경을 느끼게 한다. 천지연폭포의 하부에는 화산물질과 해양 퇴적물로 구성된 서귀포층이 분포하고, 그 상부에는 약 40만 년 전 분출된 용암이 서귀포층을 덮고 있다. 서귀포층에는 주로 회색 또는 회갈색을 띠는 사암류 및 점토로 구성되어 있고, 조기패류와 동물화석들이 섞여 있다. 40만 년 이후 서귀포 주변 해안선을 따라 대규모 단층운동이 발생하여 계단형 지형들이 형성되었고, 이후 하천이 발달하면서 여러 개의 폭포들이 만들어졌다. 용암아래 놓인 서귀포층은 계속되는 폭포수의 침식작용에 의해 깎이면서 점점 아래로 깊어져 20m에 이르는 깊은 웅덩이가 만들어졌다. 원래 폭포는 지금보다 바다에 더 가까웠으나, 오랜 시간에 걸친 침식작용으로 점점 계곡의 상류 쪽으로 이동되었던 것으로 추정된다. / 천지연 계곡에는 천연기념물로 지정된 담팔수 자생지 이외에도 가시딸기, 송엽란 등의 희귀 식물과 함께 계곡 양쪽에 구실잣밤나무, 산유자나무, 동백나무 등의 난대성 식물들이 울창한 숲을 이루고 있어 천연기념물로 지정 보호되고 있다. 특히 담팔수나무는 담팔수과의 상록교목으로 우리나라에서는 안덕계곡, 천제연, 효돈천 등 제주도 남쪽해안이 섶섬, 문섬 등이 그 북한지이다. 또, 천연기념물인 무태장어는 뱀장어과에 속하는 열대성 대형 물고기인데, 천지연에서 가끔 발견되고 있다. 주로 아프리카 동부에서 남태평양, 동남아시아, 일본, 대만 등에 걸쳐 널리 분포하며, 우리나라에는 섬진강, 거제도, 영덕오십천 등의 하천에서 매우 드물게 발견되고 있다. 매우 희귀종에 속하는 물고기이므로 분포지역에 관계없이 무태장어 종 자체를 천연기념물로 지정하여 보호하고 있다.",https://www.jeju.go.kr/geopark,064-733-1528,09:00~22:00 (입장 마감 21:20),"[개인] / - 성인 2,000원 / - 청소년, 어린이, 군인 1,000원 / [단체(10인 이상)] / - 성인 1,600원 / - 청소년, 어린이, 군인 600원",가능,연중무휴,있음,Unknown,"입장료: [개인] / - 성인 2,000원 / - 청소년, 어린이, 군인 1,000원 / [단체(10인 이상)] / - 성인 1,600원 / - 청소년, 어린이, 군인 600원 | 화장실: 있음 | 한국어안내서비스: 가능",50,130,NA,자연관광,NA01,자연경관(산),NA010300,폭포,90,0,90,70,40,0,,,60,45,75,observed,0.8842,0.8842,1.0,0.8525,blend
2742373,12,관광지,청수곶자왈,제주특별자치도 제주시 한경면 연명로 348,63006,126.2590505609,33.3022924580,"곶자왈이란 제주어로 ‘곶(숲)’과 ‘자왈(덤불)’의 합성어로 제주의 천연 원시림이라고 할 수 있다. 화산 활동 때 분출된 용암 위에 만들어진 곶자왈은 세계에서 유일하게 열대 북방한계 식물과 한대 남방한계 식물이 공존하는 제주의 독특한 지형이다. 청수 곶자왈은 제주도 내 최대 '운문산 반딧불이'의 서식지인 만큼 청정하게 유지되고 있는 생태 숲이다. 저녁이 되면 반딧불이의 빛이 만들어내는 동화 같은 신비함을 눈에 담을 수 있다. 반딧불이는 날씨에 영향을 많이 받기 때문에 아름다운 반딧불이의 빛을 보기 위해서는 날씨를 확인하고 오는 것이 좋고, 입장 시에는 어두운 옷을 착용해야 한다. 청수 곶자왈은 산책로도 잘 정비되어 있어 낮에 가볍게 산책을 즐기기에도 좋다. 곶자왈의 맑은 공기와 시원한 바람, 나무들의 속삭임을 들을 수 있는 곳이며, 평온함을 주는 곳이기에 일상에서 벗어나 한때의 여유로움을 느낄 수 있다.",http://www.cheongsuri.kr,062-772-1303,상시 개방,Unknown,가능,연중무휴,있음,가능,화장실: 있음,50,110,NA,자연관광,NA01,자연경관(산),NA010200,숲,100,0,80,40,60,0,,,135,105,165,observed,0.8989,0.9375,0.5507,0.8516,blend
635928,12,관광지,최남단체험감귤농장,제주특별자치도 서귀포시 남원읍 남위남성로 164,63619,126.6937536953,33.2899166171,"최남단감귤체험농장은 서귀포시 최남단인 남원읍에 위치한 감귤 체험 농장이다. 이곳은 사계절 내내 감귤 수확 체험을 즐길 수 있는 곳으로, 감귤을 활용한 다양한 상품도 판매하고 있다. 이곳은 가족 단위 여행객이 즐길 수 있는 다채로운 프로그램을 꾸준히 운영하며 제주 농촌 생태체험 공간으로 발전해 왔다. 계절에 따라 다양한 감귤 체험이 가능하며, 색다른 즐거움을 선사한다. 최근에는 다양한 포토존도 조성되어 감귤 체험과 함께 특별한 추억을 남길 수 있으며, 제주 농촌의 정취를 느낄 수 있는 체험 관광지로 사랑받고 있다.",http://www.orangefarm.co.kr,0507-1402-7759,09:30~17:50,"농장이용료 7,000원 / ※ 체험마다 상이하므로 자세한 사항은 홈페이지 참조 또는 전화 문의 요망",가능,연중무휴,있음,Unknown,"시설이용료: 농장이용료 7,000원 / ※ 체험마다 상이하므로 자세한 사항은 홈페이지 참조 또는 전화 문의 요망 | 화장실: 있음",50,130,VE,문화관광,VE03,도시공원,VE030500,주제공원,80,40,70,50,90,30,,,75,60,90,blend,0.6945,0.5,0.3297,0.7901,blend
127863,12,관광지,추자도,제주특별자치도 제주시 추자면,63001,126.3076233112,33.9518128033,"제주도와 한반도 중간에 위치한 추자도는 제주도에서 45㎞, 해남에서는 35㎞ 떨어져있는 섬으로 1,600명 가량의 인구가 살고 있는 유인도이다. 추자도는 상추자도와 하추자도로 이루어져 있으며 인근에는 추포도, 횡간도까지 4개의 유인도와 38개의 무인도가 있다. / 추자도에 마을이 처음 들어선 것은 고려 원종 12년(1271년)부터이며 옛날 뱃길로 제주와 육지를 오가다 바람이 심하면 바람을 피해가기 위해 기다리는 섬이라 하여 후풍도라 불리었다. 그 후 조선 태조 5년 이 섬에 추자나무 숲이 무성한 탓에 추자도로 불리게 되었다고 한다. / 제주시에서 추자도는 배로 이동이 가능하고, 1시간 반 정도의 시간이 소요된다. 추자도는 예로부터 멸치 잡이로 유명하며 벵어돔, 돌돔, 참돔, 전갱이 등의 고급 어종이 많이 잡혀 바다 낚시에 대한 인기가 상당히 높다. / 근래에 추자올레코스가 생긴 후부터는 낚시꾼 뿐만 아니라 일반 관광객도 많이 찾는 섬이 되었다. 이로 인하여 민박 등의 숙박 시설도 마을마다 운영하고 있으며 펜션도 운영된다. / 낚시꾼들의 성지이자 올레꾼들의 필수 코스인 추자도는 사실 낚시와 올레길만으로 설명되지 않는 다채로운 매력을 가지고 있다. 추자군도부터 마을 전경, 바다와 몽돌해안까지 색다른 제주를 프레임에 담아보고 싶은 여행자에게 떠오르는 인생샷 성지 추자도에서의 포토존 투어를 추천한다.",http://www.visitjeju.net/kr,추자면사무소 064-728-1526,상시 개방,Unknown,Unknown,연중무휴,있음,Unknown,화장실: 있음 | 이용가능시설: 해수욕장 / 최영장군 사당 / 음식점 / 숙박시설 등,50,110,NA,자연관광,NA02,자연경관(하천‧해양),NA020500,섬,80,30,90,30,80,0,,,150,120,180,category,0.8695,,0.0,0.8695,category
129146,12,관광지,추자도 등대,제주특별자치도 제주시 추자면 영흥리,63000,126.2964103208,33.9554316656,"제주도의 다도해 추자도는 빼어난 경치와 더불어 풍성한 어족, 어장을 갖춘 청정 해양자원의 보고이며 흑비둘기 및 슴새의 서식지인 사수도(천연기념물)와 최영장군 사당, 박씨처사각 등의 문화재가 있다. 상추자도, 하추자도, 횡간도, 추포도 네 개의 유인도와 38개의 무인도로 이루어졌다. 추자도 등대는 제주해협과 부산, 목포 등 내륙을 오가는 여객선과 화물선 그리고 동중국해를 항해하는 선박들의 안전한 밤길을 인도하는 역할을 하고 있다. 1980년 2월27일 점등된 추자도 등대는 규모가 작고 노후되어 철거하고 그 자리에 사무실과 홍보관 등을 갖추고 등대를 신설하였다.",http://www.visitjeju.net,제주관광정보센터 064-740-6000,상시 개방,무료,불가능,연중무휴,Unknown,Unknown,입 장 료: 무료,50,110,VE,문화관광,VE01,랜드마크관광,VE010800,등대,80,0,70,60,10,0,,,30,15,45,category,0.8226,,0.0,0.8226,category
741109,12,관광지,카멜리아힐,제주특별자치도 서귀포시 안덕면 병악로 166,63526,126.368254661009,33.2898683072143,"안덕면 상창리에 조성된 카멜리아힐은 세계에서 가장 큰 동백꽃을 비롯하여 가장 일찍 피는 동백꽃, 향기를 내는 동백꽃에 이르기까지 전 세계 500여 종 6000여 그루의 동백나무가 한데 모여 있다. 카멜리아힐은 동백과 함께 야자수 등 각종 조경수가 함께 어우러진 수목원이기도 하다. 야생화 코너를 비롯해 넓은 잔디광장, 생태연못 등도 골고루 갖추고 있다. 초가 별장과 목조 별장, 스틸하우스, 콘도형 별장 등 다양한 숙박시설을 비롯해 동백꽃을 소재로 제작된 공예품을 전시하는 갤러리, 다목적 세미나실도 마련했다. 카멜리아 힐은 30년 열정과 사랑으로 제주의 자연을 담은, 동양에서 가장 큰 동백 수목원이다. 가을부터 봄까지 시기를 달리해서 피는 동백나무 500여 품종 6000여 그루가 울창한 숲을 이루고 있다. 또 향기가 나는 동백을 보유하고 있어서 달콤하고 매혹적인 동백의 향기에 흠뻑 취할 수 있다. 그뿐만 아니라 제주 자생식물 250여 종을 비롯해 모양과 색깔, 향기가 각기 다른 다양한 꽃이 동백과 어우러져 계절마다 독특하고 아름다운 풍경을 연출해 준다. / ◎ 한류의 매력을 만나는 여행 정보 - 예능 / 주원과 유정이 데이트를 즐기며 많은 시청자들에게 대리 설렘을 느끼게 했던 장소다. 수목원이라 사계절 아름답지만, 특히 동백이 피는 겨울에 붉은 꽃망울로 장관을 이룬다.",http://www.camelliahill.co.kr,064-759-0088,[하절기/간절기(3월~11월)]- 08:30~18:30- 입장 마감 17:30[동절기(11월~2월)]- 08:30~18:00- 입장 마감 17:00,"[개인] / - 성인 12,000원 / - 청소년/경로/군인 10,000원 / - 어린이/장애인/보훈대상/4.3유족 9,000원 / [단체(30명 이상)] / - 성인 10,000원 / - 청소년/경로/군인 9,000원 / - 어린이/장애인/보훈대상/4.3유족 8,000원 / ※ 자세한 입장료는 공식 홈페이지 참조 / 무료",가능,연중무휴,있음,가능,"입장료: [개인] / - 성인 12,000원 / - 청소년/경로/군인 10,000원 / - 어린이/장애인/보훈대상/4.3유족 9,000원 / [단체(30명 이상)] / - 성인 10,000원 / - 청소년/경로/군인 9,000원 / - 어린이/장애인/보훈대상/4.3유족 8,000원 / ※ 자세한 입장료는 공식 홈페이지 참조 | 주차요금: 무료 | 화장실: 있음",50,130,NA,자연관광,NA04,자연공원,NA040700,수목원ㆍ정원,100,0,100,20,40,10,,,60,45,75,observed,0.8186,0.8186,1.0,0.8313,blend
3080405,12,관광지,캔디원,제주특별자치도 제주시 조천읍 선교로 384,63341,126.70775177421912,33.47129448253796,"캔디원은 조천읍에 있는 수제캔디 전문점으로 ‘SWEET TO EVERYONE(모두에게 달콤한)’을 모토로 수제캔디를 통해 달콤한 행복을 주기 위해 2014년 문을 열었다. 수제캔디 전문점으로는 세계에서 가장 큰 규모이이다. 오래전부터 사용하던 사탕기계와 다양한 사진전시물을 통해 사탕의 유래를 한눈에 볼 수 있고 전 세계 다양하고 신기한 사탕들이 전시되어 있어 사탕에 관한 신비한 볼거리가 많다. 아이들이 체험을 즐길 수 있도록 캔디체험학습장을 보유하여 만들어진 수제캔디를 직접 잘라보고 다양한 색의 롤리팝 캔디를 우리 아이들의 손으로 직접 만들어보는 체험을 즐길 수 있다. 캔디열판이 뜨겁기 때문에 캔디 만들기 체험은 기본적으로 키가 120㎝ 이상이 되어야 안전하게 체험할 수 있으며 키가 되지 않은 5살 이상 미취학 아동은 부모와 함께 캔디 컷팅체험을 할 수 있다. 판매장에서는 시중에서는 볼 수 없는 다양한 모양의 수제캔디와 젤리, 그 외에도 선물이나 기념품으로 구매할 만한 굿즈들을 구매할 수 있다.",http://candyone.co.kr,0507-1349-5260,09:00~18:00※ 동절기·하절기 마감 시간이 상이할 수 있으므로 홈페이지 참조 및 전화 문의 요망,"- 톡톡 컷팅 체험 15,000원 / - 캔디 만들기 체험 30,000원 / ※ 자세한 사항은 홈페이지 참조 및 전화 문의 요망",가능요금 (무료),연중무휴,있음,Unknown,"시설이용료: - 톡톡 컷팅 체험 15,000원 / - 캔디 만들기 체험 30,000원 / ※ 자세한 사항은 홈페이지 참조 및 전화 문의 요망 | 화장실: 있음",50,110,EX,체험관광,EX07,기타체험,EX070200,기타체험관광,10,40,70,40,90,70,,,60,45,75,observed,0.7068,0.7083,0.4512,0.7056,blend
2837222,12,관광지,코난해변,제주특별자치도 제주시 구좌읍 행원리 575-6,63358,126.8111907275,33.5575720498,"코난 해변 또는 코난 비치로 알려져 있으며 월정리해수욕장에서 제주 동쪽 구좌방파제 근처에 위치해있다. 큰 해수욕장은 아니고 특별한 시설은 없지만, 에메랄드빛을 가득 머금은 바다로 수심이 얕고 용암에 의해 형성된 바위가 바닷물을 막아 다양한 깊이의 물놀이 장소로 나뉜다. 바다 색이 워낙 아름다워 물놀이를 하지 않고 해변 근처의 예쁜 길을 쭉 산책만 해도 힐링이 가능하다. 또한 일몰 맛집이기 때문에 시간 맞춰 방문하는 것도 추천한다. 근처에는 해녀노래전승관, 월정리 해수욕장, 김녕해수욕장 등이 있다. / ◎ 한류의 매력을 만나는 여행 정보 - 예능 / 동진, 혜원이 데이트를 즐긴 코난해변은 탁 트인 하늘과 에메랄드빛 바다, 그사이 우뚝 솟은 풍력발전기의 풍경이 한 장의 그림처럼 아름다운 곳이다. 제주 동쪽의 카약과 스노클링 명소로 떠오르고 있으며 운이 좋으면 돌고래 떼를 만날 수도 있다.",https://www.visitjeju.net/kr,행원리사무소 064-783-5889,상시 개방,무료,가능,연중무휴,있음,Unknown,입장료: 무료 | 주차요금: 무료 | 화장실: 있음,50,110,NA,자연관광,NA02,자연경관(하천‧해양),NA020900,해변. 해수욕장,90,0,90,10,70,0,,,60,45,75,category,0.8632,,0.0,0.8632,category
2738712,12,관광지,큰노꼬메오름,제주특별자치도 제주시 애월읍 유수암리 산138,695910,126.410403,33.38944,제주시 서쪽 애월읍에 있는 큰노꼬메오름은 큰녹고메라고도 불린다. 자연경관이 뛰어나고 주변 궷물 오름으로 이어지는 산책로를 포함하고 있어 제주 서부지역 오름 중 관광객과 도민이 많이 찾는 곳 중 하나이다. 오름 정상은 가운데가 우묵져 남북으로 두 봉우리가 마주 보면서 북서쪽으로 말굽형 화구를 이루고 있다. 가파른 사면과 상당한 높이가 특징이다. 제주시에서는 탐방로 및 안내표지판 등의 정비 작업을 마쳤다. 데크로 잘 정돈된 정상 전망대에는 오랜 시간 머물며 노을을 관람하는 탐방객이 많다.,https://www.visitjeju.net,제주관광정보센터 064-740-6000,※ 일부 통제될 수 있으므로 방문 시 전화문의 요망,무료,가능,연중무휴,있음,Unknown,입장료: 무료 | 화장실: 있음,50,110,NA,자연관광,NA01,자연경관(산),NA010100,"산, 고개, 오름, 봉우리",90,0,90,0,70,0,,,135,105,165,blend,0.9133,1.0,0.3297,0.8706,blend
2767695,12,관광지,큰사슴이오름,제주특별자치도 서귀포시 표선면 가시리,63623,126.7292,33.3987,"대록산은 전반적으로 가파르고 둥근 모습이 사슴 모양을 닮았다고 하여 큰사슴이오름으로 불린다. 정상의 봉우리 사이에는 둥그렇게 패어있는 원형 화구를 가지고 있다. 화구 안사면에는 해송, 삼나무 등 잡목으로 숲을 이루면서 정상부로 양지바른 곳에는 진달래가 식생하고, 그 반대 사면은 풀밭을 이루면서 기슭 자락에는 찔레나무가 산재해 있고 부분적으로 습원을 이룬다. 사시사철 자연의 아름다움을 자랑하는 곳이지만 가을이면 넓게 펼쳐진 아름다운 억새로 많은 관광객이 찾는다. 정상으로 가는 길목에 있는 이 억새밭은 넓은 들판과 대록산을 배경으로 완벽한 포토존을 만들어 낸다.",비짓제주 https://www.visitjeju.net,제주시 관광정보센터 064-740-6000 / 서귀포시청 공원녹지과 064-760-3395,상시 개방※ 일부 입산 통제되는 곳이 있으므로 전화 문의 요망,무료,가능,연중무휴,Unknown,Unknown,입장료: 무료,50,130,NA,자연관광,NA01,자연경관(산),NA010100,"산, 고개, 오름, 봉우리",90,0,90,10,60,0,,,60,45,75,category,0.8706,,0.0,0.8706,category
3057363,12,관광지,탐나는농장,제주특별자치도 제주시 애월읍 오당빌레길 88,63036,126.3585287584191,33.4480342148416,"탐나는농장은 애월읍 하가리에 있는 감귤 따기 체험농장이다. 감귤 따기 체험은 계절별, 시기별 상이하게 열리며, 예약 없이 방문하여도 언제든지 체험할 수 있다. 가족, 친구, 연인 누구와도 즐거운 시간을 보낼 수 있다. 농장에서 직접 딴 감귤을 바로 먹어볼 수도 있고, 일정량을 가져갈 수도 있으며, 농장에서 재배한 신선한 감귤을 구입할 수도 있다. 탐나는농장에는 농장 곳곳에 포토존을 꾸며 놓아 사진 촬영하기 좋으며, 농장에서 운영하는 펜션이 농장 바로 옆에 있어 숙박과 체험을 겸할 수 있는 관광지이다.",https://blog.naver.com/tamnaneunfarm,0507-1320-2721,10:00~17:30 (휴게시간 13:00~14:00),"- 제주 감귤과즐 만들기 체험 20,000원 / - 귤모양화과자만들기 30,000원 / ※ 자세한 사항은 홈페이지 참조 및 전화 문의 요망",가능,연중무휴,있음,가능,"시설이용료: - 제주 감귤과즐 만들기 체험 20,000원 / - 귤모양화과자만들기 30,000원 / ※ 자세한 사항은 홈페이지 참조 및 전화 문의 요망 | 화장실: 있음",50,110,EX,체험관광,EX03,농.산.어촌 체험,EX030300,체험농장,70,60,70,10,90,60,,,30,15,45,category,0.7753,,0.0,0.7753,category
2788436,12,관광지,탑동광장,제주특별자치도 제주시 중앙로 1,63276,126.5265650000,33.5180700000,탑동광장은 탑동해변공연장을 중심으로 길게 조성된 광장 산책로가 있으며 도민이나 관광객이 밤바다를 보며 산책을 하거나 행사가 진행되는 문화공간으로 조성 되어있다. 여름이면 시원한 바닷소리를 들으며 산책을 즐기는 사람들과 버스킹 등 작은 공연이 열리는 모습을 볼 수 있다.,https://www.visitjeju.net,제주관광정보센터 064-740-6000,상시 개방,무료,가능,연중무휴,Unknown,Unknown,입장료: 무료 | 주차요금: 무료,50,110,VE,문화관광,VE03,도시공원,VE030500,주제공원,70,0,60,50,60,0,,,30,15,45,observed,0.7591,0.7578,0.9592,0.7901,blend
3015651,12,관광지,태웃개,제주특별자치도 서귀포시 남원읍 태위로398번길 57,63610,126.6908965386,33.2706439223,"태웃개는 남원읍 위미리에 있는 곳으로 올레 5코스에 속해있다. 태우(떼배)를 매어두던 포구라고 하여 붙여진 명칭으로 종정포구라고도 불리며 용천수 담수장으로 많은 이들이 찾는다. 산에서 내려오는 지하수가 구멍마다 용천수가 나오는데 무더운 여름철에 이러한 특성을 알고 찾아오는 인파와 올레 코스를 걷는 방문객들이 함께 즐기는 곳이다. 바로 바다를 접하고 있어 깨끗한 수질을 자랑하여 용천수 풀장이 따로 마련되어 물놀이 장소로 이용되기도 하며 물이 맑아 스노클링 장소로도 좋은 곳이다. 방문객을 위해 성수기에는 계절음식점을 운영하기도 한다. 샤워 시설이나 편의 시설은 전무하고 방파제 입구에 공중화장실이 있긴 하다. 원래 파도가 꽤 있는 해변인데 방파제 역할을 해주는 포구와 돌들로 둘러싸여 있는 곳이라 밖에서 아무리 큰 파도가 쳐도 잔잔한 물결이 들어와서 수영하는 사람들이 여유롭게 물놀이를 즐기며 해안절경을 감상할 수 있다. 민물과 바닷물이 공존하는 곳인 데다가, 용천수가 사시사철 흘러나와서 물이 매우 차갑다. 파도가 세게 들어오면 물이 좀 따뜻한 느낌이 들긴 하지만 말이다. 바닷물과 섞이는 곳은 조금 깊이가 있어서 어린아이들이 놀기에는 힘들고 반드시 구명조끼나 튜브 등을 착용해야 한다. 바닥에는 날카로운 돌들이 많아 아쿠아슈즈나 물에 젖어도 되는 신발은 필수이다. 요즘 더 핫하게 떠오른 이유는 바로 다이빙 명소가 되었기 때문인데 물때에 따라 수심이 차이가 나서 얕을 때는 다이빙을 삼가야 한다. 특히 조심해야 할 점은 다이빙하는 위쪽이 이끼로 인해 매우 미끄럽다. 잘못했다가는 미끄러져 크게 다칠 수도 있고 바다로 추락할 수 있는 사고의 위험 때문에 바다지킴이가 상주해 있다. 또한 태웃개에는 캠핑을 할 수 있는 잔디 사이트도 있다. 방파제에서 섬 쪽을 바라보면 정말 멋있는 일몰을 볼 수 있다. 배경 풍경이 아름다워 지나가는 관광객들이 무조건 사진을 찍는 명소이기도 하다.",Unknown,서귀포시청 해양수산과 064-760-2772,상시 개방,무료,가능,연중무휴,있음,Unknown,입장료: 무료 | 화장실: 있음,50,130,NA,자연관광,NA02,자연경관(하천‧해양),NA020700,항구/포구,90,20,80,30,80,0,,,45,30,60,observed,0.9072,0.9219,0.7981,0.849,blend
2738653,12,관광지,토토아뜰리에,제주특별자치도 제주시 애월읍 고성북길 112,63057,126.4131000861,33.4698485725,"토토아뜰리에는 셀프쿠킹 체험을 할 수 있는 카페 겸 요리체험 공간이다. 성인을 위한 쿠킹 랩과 아이를 위한 쿠킹 랩이 따로 운영되고 있어 아이와 성인 모두가 즐겁게 체험을 할 수 있는 곳이다. 또한 자체적으로 텃밭을 가꾸고 있어 이곳의 식재료를 이용해 음식을 만들어볼 수 있다. 치킨, 라자냐, 쿠키, 베이킹 등 다양한 음식 체험 활동을 할 수 있다. 쿠킹 체험을 할 수 있는 공간과 함께 카페도 운영하고 있어 여유롭게 티타임을 즐기기에도 좋다. 건물의 벽면이 모두 통유리로 되어있어 밖의 전경을 바라보며 여유로운 시간을 가질 수 있다. 카페 밖에는 아이들이 뛰어놀 수 있는 공간이 있어 가족과 함께 가기 좋다. 요리하는 모습을 전담 포토그래퍼가 촬영해 준다.",Unknown,0507-1318-7676,Unknown,Unknown,Unknown,매주 월요일 / 1월 1일,Unknown,Unknown,Unknown,50,110,EX,체험관광,EX07,기타체험,EX070200,기타체험관광,40,80,70,20,90,10,,,75,60,90,blend,0.7136,0.75,0.1813,0.7056,blend
3559736,12,관광지,통오름,제주특별자치도 서귀포시 성산읍 독자봉로 281,63635,126.8556,33.3927,"통오름은 산 모양이 물통, 밥통 같은 통처럼 움푹 팬 형태라 하여 이름이 붙여졌다. 전 사면이 완만하고 둥글며 화구를 에워싸고 낮은 봉우리가 5개가 있다. 화구가 깊게 패어있고 거의 원형 분화구의 형태를 띠고 있다. 서쪽으로는 용암유출수로가 형성되어 말굽형 화구를 이루고 있다. 일부는 해송림으로 이루어져 있고 억새나 풀밭으로 되어있다. 화구 안은 조림된 삼나무를 경계로 농경지가 조성되어 있어 아름다운 조경 또한 볼 수 있는 것이 특징이다. / (출처 : 비짓제주 홈페이지)",비짓제주 https://www.visitjeju.net/kr,제주관광정보센터 064-740-6000,상시 개방,무료,불가능,연중무휴,있음,Unknown,입장료: 무료 | 화장실: 있음,50,130,NA,자연관광,NA01,자연경관(산),NA010100,"산, 고개, 오름, 봉우리",90,0,80,20,40,0,,,45,30,60,blend,0.8941,1.0,0.1813,0.8706,blend
3071776,12,관광지,트로이테마농원,제주특별자치도 서귀포시 안덕면 녹차분재로 56,63521,126.3020508283,33.2906707905,"귤 따기, 승마체험을 함께 운영하고 있으며 아이들을 위한 동물 먹이주기 체험도 마련되어 있는 체험농원이다. 입구에 들어서면 초콜릿, 과자, 모자, 가방 등 여러 가지를 취급하고 있는 기념품 가게를 만날 수 있다. 이곳에서 다양한 기념품 뿐만 아니라 감귤 택배 주문도 가능하다. 별도로 기념사진을 남기기에 좋은 감귤 모자와 귤 모양의 귀마개도 대여할 수 있는데, 체험 중에는 착용이 불가하여 사진 촬영 용도로만 이용할 수 있다. 감귤 체험은 인당 1개의 바구니를 채워서 오는 방식으로 체험 중에는 시식이 가능하다는 점에서 재미를 더한다. 승마체험은 승마체험장으로 이동한 뒤 진행되며 난이도가 높지 않아 어린이들이 체험하기에 적합하다. 곳곳에는 포토존이 있어 모든 체험이 끝난 뒤에도 예쁜 사진을 남길 수 있다.",https://www.instagram.com/jeju_troy_farm,0507-1342-8625,- 감귤체험 10:00~17:00 (입장 마감 16:00)- 노지한라봉체험 10:00~16:00 (입장 마감 15:30)※ 체험 별로 상이함으로 전화 문의 요망,"- 감귤체험 7,000원 / - 동물먹이체험 2,000원 / - 노지한라봉체험 12,000원 / ※ 무료 : 36개월 미만 소인 / ※ 변동될 수 있으므로 전화 문의 요망",가능,연중무휴,있음,Unknown,"입장료: - 감귤체험 7,000원 / - 동물먹이체험 2,000원 / - 노지한라봉체험 12,000원 / ※ 무료 : 36개월 미만 소인 / ※ 변동될 수 있으므로 전화 문의 요망 | 화장실: 있음",50,130,EX,체험관광,EX03,농.산.어촌 체험,EX030300,체험농장,70,20,80,10,90,40,,,30,15,45,category,0.7753,,0.0,0.7753,category
2753082,12,관광지,파더스가든,제주특별자치도 서귀포시 안덕면 병악로 44-33,63526,126.3647390979,33.2801410085,"아름다운 제주도 여행의 첫 시작 감성정원 파더스가든은 제주의 사계절을 담은 감성정원이다. 드넓은 귤밭에서 감귤 따기는 물론 동물 먹이 주기 체험 그리고 유채꽃, 수국, 핑크뮬리, 팜파스, 동백꽃 등 계절마다 피어나는 다채로운 꽃을 감상할 수 있다. 호빗마을과 천국의 계단, 모래놀이터 등 어린이들과 연인 또는 가족들이 함께 시간을 보내기 좋다. 가든 곳곳에 있는 동물과 교감하고 핑크뮬리축제, 팜파스축제를 만끽하며 귤 따기 체험, 청귤차 만들기 등 계절마다 다양한 체험과 축제를 즐길 수 있는 대규모 테마파크이다. 나무 한 그루, 작은 꽃잎 하나까지도 온 가족의 정성과 소중한 마음으로 오랜 시간 가꾸어진 농장이 더 많은 사람들의 건강한 삶을 위한 힐링 장소로 자리매김하고 있다.",http://www.fathersgarden.co.kr,070-8861-8899,09:00~18:00 (입장 마감 17:00),"[개인] / - 성인 13,000원 / - 청소년, 어린이, 군인, 경로 11,000원 / [단체(20명 이상)] / - 성인 11,000원 / - 청소년, 어린이, 군인, 경로 9,000원 / ※ 자세한 사항은 전화문의 요망",가능,연중무휴,가능,가능,"촬영장소: 아이유 삼다수 광고 촬영지 | 입 장 료: [개인] / - 성인 13,000원 / - 청소년, 어린이, 군인, 경로 11,000원 / [단체(20명 이상)] / - 성인 11,000원 / - 청소년, 어린이, 군인, 경로 9,000원 / ※ 자세한 사항은 전화문의 요망 | 화장실: 가능",50,130,NA,자연관광,NA04,자연공원,NA040700,수목원ㆍ정원,90,50,90,20,90,10,,,45,30,60,observed,0.7177,0.625,0.5507,0.8313,blend
2785869,12,관광지,판포포구,제주특별자치도 제주시 한경면 판포리 2877-3,63003,126.1996321009,33.3654401002,"제주 서쪽에 있는 판포포구는 스노클링 명소로 꼽힌다. 모래 바닥에 맑고 깨끗한 물색 덕분에 신비로운 바닷속 풍경을 마음껏 눈에 담을 수 있기 때문이다. 스노클링 장비가 없더라도 여름 시즌에는 판포리 청년회에서 장비를 대여해 준다. 샤워시설도 갖추고 있어 몸만 가더라도 스노클링의 매력을 즐길 수 있다. 스노클링 외에 패들 보트나 구명조끼, 일행끼리 여유롭게 쉬면서 포구 풍경을 감상할 수 있는 평상도 대여해 준다. 일반 해수욕장과 달리 포구 형태라 모래가 몸에 묻어나지 않고, 수심도 얕은 편이라 어린이들과 쾌적하고 안전하게 물놀이를 즐기기에도 좋다.",https://www.visitjeju.net,064-728-7968,상시 개방,무료,가능,연중무휴,Unknown,Unknown,입 장 료: 무료,50,110,NA,자연관광,NA02,자연경관(하천‧해양),NA020700,항구/포구,80,0,80,0,90,0,,,90,60,120,observed,0.8651,0.8651,1.0,0.849,blend
126466,12,관광지,퍼시픽 리솜,제주특별자치도 서귀포시 중문관광로 154-17,63535,126.415640156538,33.244988161814,"퍼시픽 리솜은 호반그룹의 레저계열사로 중문의 아름다운 해변길에, 드넓은 남태평양의 바다 위에 자리한 해양문화 복합공간이다. 남녀노소 즐길 수 있는 선진국형 해양레포츠 요트 마리나 프로그램과 함께 특급 호텔 출신의 셰프가 준비하는 신선하고 맛있는 씨푸드 다이닝, 이국적인 정경에서 누리는 각종 문화이벤트가 펼쳐지는 공간이다. 요트에서 바라보는 경이로운 바다, 제주의 신선한 해산물로 정성스럽게 만들어 내는 맛있는 요리와 함께 바다를 즐기는 다채로운 방법을 만날 수 있다.",http://www.resom.co.kr/pacific,1544-2988,※ 자세한 사항은 전화문의 요망,※ 자세한 사항은 전화문의 요망 / 무료,Unknown,연중무휴,Unknown,Unknown,내국인예약안내: 네이버 예약 | 시설이용료: ※ 자세한 사항은 전화문의 요망 | 주차요금: 무료,50,130,VE,문화관광,VE02,테마공원,VE020100,테마파크,80,70,90,60,80,10,,,105,75,135,blend,0.8633,0.875,0.1813,0.8607,blend
3015718,12,관광지,편백포레스트,제주특별자치도 서귀포시 남원읍 서성로 544-97,63614,126.6597257315336,33.31725189925932,"편백포레스트는 제주 최대 편백 군락지(7만 그루)인 고이오름에 위치하여 약 3.5만 평의 편백숲(고이오름)과 35년 이상 된 편백나무숲에서 피톤치드 가득한 산림욕을 즐길 수 있다. 넓은 편백숲과 1.5만 평의 목장에서 토종흑염소 3천5백 마리가 자연친화적으로 살고 있는 방대한 공간이다. 편백나무는 소나무의 5배나 많은 피톤치드를 내뿜어 스트레스 해소, 심폐기능 강화, 아토피성 피부염, 비염 등 여러모로 좋은 작용을 한다고 알려져 있다. 관람 소요 시간은 코스(오솔길, 둘레길, 추천길)에 따라 30분에서 1시간 정도이다. 관람로를 따라 걷다 보면 500년 된 고목을 만날 수 있고 계절에 따라 수국과 핑크 뮬리를 볼 수 있다. 전망대까지 오르면 서귀포 바다와 성산 일대, 한라산을 조망할 수 있는 뷰 포인트도 있다. 이곳에서 염소 먹이주기, 아기 염소 우유주기 체험뿐만 아니라 매 정시마다 엄선된 흑염소 100여 마리가 종소리를 듣고 펼치는 달리기 또한 볼거리이다. 제주도 관광지로 입장만 하는 것도 가능하나 편백숲과 목장에는 볼거리와 놀 거리 및 다양한 체험이 가능하다. 아름다운 편백나무 숲속 놀이터에서 차분히 산책하며 힐링하는 것도 좋고 안전장비를 착용하고 로프 체험과 집라인을 즐기거나 ATV 체험, 염소 먹이 주기도 경험할 수 있다. 사진 찍기 좋은 예쁜 포토존이 많이 있어 가족, 친구, 연인들끼리 추억 남기기에도 좋다.",https://www.visitjeju.net,0507-1329-5099,10:00~17:00,"[입장료] / - 대인 10,000원 / - 소인 6,000원 / [염소 먹이주기/우유주기 체험] / - 3,000원 / [ATV] / - 편백힐링코스 40,000원 / - 둘레길코스 30,000원 / - 세미코스 20,000원 / ※ 자세한 사항은 홈페이지 참조 및 전화 문의 요망",가능,연중무휴,있음,Unknown,"시설이용료: [입장료] / - 대인 10,000원 / - 소인 6,000원 / [염소 먹이주기/우유주기 체험] / - 3,000원 / [ATV] / - 편백힐링코스 40,000원 / - 둘레길코스 30,000원 / - 세미코스 20,000원 / ※ 자세한 사항은 홈페이지 참조 및 전화 문의 요망 | 화장실: 있음",50,130,EX,체험관광,EX03,농.산.어촌 체험,EX030200,체험목장,100,0,90,10,90,0,,,45,30,60,blend,0.8148,1.0,0.1813,0.7738,blend
2723555,12,관광지,평대해변,제주특별자치도 제주시 구좌읍 평대리 1994-20,Unknown,126.8406003954,33.5332400681,"평대해변은 동쪽의 명소인 월정리해변과 세화해변 사이에 자리하고 있으며, 제주올레 20코스가 지나는 곳이다. 구좌읍 평대리는 당근 생산지로 전국 최고인 곳이지만, 뱅듸라는 옛 이름을 간직한 시골마을이다. 해변이라기엔 작은 편이여서 덜 알려진 바다이다. 바닥에 모래까지 투명하게 비칠 정도로 깨끗다. 바다 빛깔은 옆동네인 세화나 월정에서 보던 것만큼 여전히 아름답다. / 아담한 해변은 아이들과 물놀이, 모래놀이를 하기에도 좋고, 한적한 해변은 나만 알고 싶은 제주바다로 손색이 없다. / (출처 : 제주 문화관광 홈페이지)",www.visitjeju.net,064-728-7783,상시 개방,무료,가능,연중무휴,Unknown,없음,입 장 료: 무료,50,110,NA,자연관광,NA02,자연경관(하천‧해양),NA020900,해변. 해수욕장,90,0,80,20,60,0,,,30,15,45,observed,0.8156,0.8125,0.9392,0.8632,blend
1621032,12,관광지,평화통일 불사리탑,제주특별자치도 제주시 조천읍 일주동로 884 (조천읍),63335,126.6362431688,33.5319646966,"평화통일 불사리탑은 반구형으로 건립한 불교사원으로 1998년 8월 15일 완공되었다. 조선시대의 억불정책에 맞서 불교중흥을 위해 헌신하다가 제주도로 유배된 허응당 보우대사와 환성 지안대사의 전법 정신을 이어 조국 통일과 세계평화를 염원하며 세운 사찰이다. / 탑은 민족의 영산 백두의 천지에 정방향으로 맞추어 건축했고 한라산과 백두산이 불사리탑을 축으로 서로 일직선상에 놓이도록 했다. 불사리탑의 높이는 33M로 이것은 불교에서 말하는 천상세계 삼십삼천을 상징하는데 1층은 둥근 우주의 완전한 평화와 행복, 2층은 깨달음과 열반으로 이끄는 올바른 여덟 가지 길, 3층은 108번뇌를 상징한다.",http://www.visitjeju.net,064-740-6000,Unknown,Unknown,가능 (소형 30대),Unknown,있음(남/녀 구분),없음,화장실: 있음(남/녀 구분),50,110,HS,역사관광,HS03,종교성지,HS030100,불교,20,0,60,90,10,0,,,30,15,45,category,0.85,,0.0,0.85,category
2751986,12,관광지,포레스트 공룡사파리,제주특별자치도 제주시 조천읍 선교로 474-1,63341,126.7095828183,33.4630929367,"생동감 있게 움직이는 공룡들과 스탬프 미션이 기다리고 있는 포레스트 공룡사파리는 제주 최대 사파리테마파크이다. 포토 존, 힐링 존, 체험 존, 페인팅 존, 실내 놀이시설 등 다양한 공간과 체험을 즐길 수 있으며, 어린이가 올라타도 되는 안전하고 편안한 동물 모형과 어른들이 쉴 수 있는 공간까지 가족 모두가 즐길 수 있는 테마파크이다. 공룡사파리 존은 마치 살아 숨 쉬는 듯한 공룡 친구들을 만날 수 있으며, 직접 동물을 만져보고 동물들에게 먹이도 주며 동물과 교감해 보는 동물 먹이 주기 체험 존과 어린이들만의 개성으로 동물을 페인팅해 보며 어린이의 창의성을 배가하는 페인팅 존, 비가 오나 눈이 오나 날씨와 상관없이 신나게 놀 수 있는 실내놀이터 존 등에서 어린이는 물론 어른들도 시간 가는 줄 모르는 흥미진진한 가족 여행지이다.",Unknown,0507-1305-0314,09:00~17:30 (입장 마감 16:00),"- 성인 12,000원 / - 어린이 12,000원",가능,연중무휴,있음,가능,"입 장 료: - 성인 12,000원 / - 어린이 12,000원 | 화장실: 있음 | 내국인 예약안내: 전화 문의",50,110,VE,문화관광,VE02,테마공원,VE020300,동물원,60,0,80,20,90,0,,,120,90,150,category,0.866,,0.0,0.866,category
1918421,12,관광지,폭낭오름,제주특별자치도 제주시 애월읍 봉성리,63039,126.3822415228,33.3522277635,"폭낭오름은 제주도 제주시 애월읍 봉성리에 있는 오름으로, 효명목장 진입로 근처에 있다. 오름의 이름은 오름에 큰 폭낭(팽나무)이 있어서 붙여졌다고 하는데, 지금은 그 나무를 찾을 수 없다고 한다. 오름의 정상부에는 하나의 말굽형 화구와 남서쪽에 두 개의 원추형 화구로 이루어진 복합형 화산체이며, 높이는 645.5m, 비고는 76m이다. 오름 전사면이 완만하면서 사면을 따라 풀밭을 이루고, 주요 식생은 산뽕나무, 분단나무, 자귀나무, 보리수나무, 꽝꽝나무 등이 있고, 오름 정상부에는 가운데가 얕게 우물져 가시덤불과 잡초가 우거져 있다.",Unknown,제주관광정보센터 064-740-6000,상시 개방,무료,Unknown,연중무휴,Unknown,Unknown,입 장 료: 무료,50,110,NA,자연관광,NA01,자연경관(산),NA010100,"산, 고개, 오름, 봉우리",90,0,80,20,60,0,,,60,45,75,category,0.8706,,0.0,0.8706,category
3026734,12,관광지,표선소금막해변,제주특별자치도 서귀포시 표선면 표선동서로 378-18,63629,126.84151895207609,33.333980788052564,"제주 동남쪽에는 위치한 조용한 표선소금막해변은 은빛 모래사장이 펼쳐져 있다. 수심이 완만하고 수온은 따뜻해 아이들과 물놀이하기 좋아서 가족단위로 찾는 곳이라 아이들과 같이 온 가족들이 많다. 모래도 깨끗하고 고우며 해변에서 보말과 성게 등을 잡을 수 있다. 소금막해변은 정식 개장 해수욕장이 아니어서 여름 물놀이 시즌에 안전요원이 없으니 주의해야 하며, 물놀이 용품을 대여하는 곳과 근처 편의점도 멀기 때문에 각자 물놀이 용품과 먹거리를 챙겨가야 한다. 소금막해변은 검은여백사장이라고도 하는데 백사장 양쪽으로 검은 암반이 뻗어 있어서 검은여 사이에 모래밭을 일컬어 현재 소금막해변으로 불린다고 한다. 해안가 동쪽에는 소금막 불턱이 있는데, 이는 지역 주민들이 바닷물을 이용해 소금을 생산했던 곳이다. 파도가 있는 편이라 서핑하는 사람들도 많이 찾는 곳으로, 카이트서핑을 하는 사람들을 구경하는 재미도 있다. 또한, 일몰이 장관인데 가을부터 겨울철에는 한라산 뒤쪽으로 넘어가는 일몰을 볼 수가 있고, 봄부터 여름에는 바다로 넘어가는 일몰을 볼 수 있다. 올레길 3코스 안에 속해 있는 곳이라 해수욕장으로 들어가는 입구에 올레꾼들의 편의를 위한 올레 쉼터와 화장실이 있고, 여름 피서 기간 동안 한시적으로 바닷가 이용객을 위해 탈의실과 샤워실을 운영하고 있다. 차량 운전 시 내비게이션에 소금막해변이라고 검색하거나, 올레휴게쉼터로 검색하면 수월하게 찾을 수 있다.",비짓제주 https://www.visitjeju.net/kr,서귀포시 종합관광안내소 064-732-1330,상시 개방,무료,가능,연중무휴,있음,Unknown,입장료: 무료 | 화장실: 있음,50,130,NA,자연관광,NA02,자연경관(하천‧해양),NA020900,해변. 해수욕장,90,10,80,40,70,0,,,60,45,75,observed,0.8121,0.75,0.4512,0.8632,blend
128794,12,관광지,표선해수욕장,제주특별자치도 서귀포시 표선면 민속해안로 592,63629,126.8424244429,33.3256630271,"표선해수욕장은 매우 가는 모래의 경사가 거의 없는 평탄한 사빈이다. 연안류에 의해 패각류 파편들이 해안까지 운반, 퇴적되어 형성되었다. 동쪽 해안선에는 높이 2~3m의 사구층과 사구층 속에 패총이 포함되어 있다. 밀물이 되면 사빈의 대부분이 물에 잠긴다. 길이는 다소 짧지만, 폭이 313m로 도내에서 가장 폭이 넓고 완만한 경사를 가진다. 표선해수욕장의 넓은 모래톱은 썰물시엔 둥근 백사장처럼, 밀물시엔 수심이 낮은 에매랄드빛 원형 호수처럼 보여 경관이 아름답다. 그뿐만 아니라 낮은 수심 때문에 아이들과 물놀이를 즐기기에도 좋은 해수장이다. 야영장·주차장·화장실·탈의실·샤워장 등의 편의 시설이 갖추어져 있다. 제주 민속촌 박물관에서 100m 떨어진 거리에 있으며, 이 외에도 성읍 민속 마을·남원큰엉·섭지코지·신영 제주 영화 박물관 등 주변에 관광 명소가 많이 있다. 또한 제주 올레 3코스의 종점이자 4코스의 출발점이어서 탐방객들이 많다.",http://www.visitjeju.net,064-760-4992,상시 개방,무료,가능,연중무휴,있음,없음,이용가능시설: 해수욕장 / 소공원 / 해변산책로 / 그늘쉼터 등 | 화장실: 있음 | 입 장 료: 무료,50,130,NA,자연관광,NA02,자연경관(하천‧해양),NA020900,해변. 해수욕장,90,10,90,40,70,0,,,30,15,45,observed,0.858,0.858,0.9998,0.8632,blend
591798,12,관광지,하고수동해변,제주특별자치도 제주시 우도면 연평리,63365,126.9574573668,33.5142746145,"제주도 동쪽 끝 성산포에서 북동쪽 해상에 위치한 화산섬 우도의 하고수동해변은 중앙에 노출된 암석 해안에 의해 둘로 분리된다. 해변의 총길이는 약 400m 정도이며, 동쪽에서 약 100m 되는 지점과 200m~300m 지점에는 현무암초가 노출되어 있고, 배후에는 사구 층이 발달되어 있다. 연안류에 의해 운반되는 물질들이 집적되어 형성된 해변이다. 1970년대까지 후릿그물을 이용한 멸치잡이가 이루어졌다. / 모래가 부드럽고 수심이 얕아 어린이를 동반한 가족 단위 피서객이 이용하기에 좋다. 해변 주변으로 민박집과 식당들이 있으며 탈의장, 화장실 등 편의 시설이 있다. 70대 해녀를 모티브로 한 해녀상이 중앙에 있어 눈길을 끈다. 여름밤에는 고기잡이 선박들이 밝힌 불빛들이 환하다.",https://visitjeju.net,064-728-4352,상시 개방,Unknown,가능,연중무휴,있음,Unknown,화장실: 있음 | 이용가능시설: 숙박시설 / 마트 / 파라솔 / 샤워실,50,110,NA,자연관광,NA02,자연경관(하천‧해양),NA020900,해변. 해수욕장,90,40,80,20,60,10,,,30,15,45,observed,0.8611,0.8611,0.9955,0.8632,blend
1923590,12,관광지,하늬복이오름,제주특별자치도 서귀포시 안덕면 상천리 산89-1,63525,126.3932189204,33.3266196561,"하늬복이오름은 제주특별자치도 서귀포시 안덕면 상천리에 있는 오름으로 하늬바람이 많이 불어온다고 하여 하늬복이라고 붙여졌다. 화구 없는 오롯한 원뿔체(자그마한 피라미드형)로 정상부에는 소나무가 우거진 가운데 남서면에 풀밭이 있다. 이곳은 영아리오름과 기슭 자락으로 이어지며 오름 주변은 삼나무가 조림되어 있다. 오르는 산행길에는 가시덤불과 바위, 잡목이 많아 길을 찾기가 어려우니 주의해야 한다. 오름 북쪽 사면에는 사람이 만들어 놓은 동굴도 있다. 제주 서부권에서 인기가 있는 오름들 중에서 서영아리오름이 하늬복이오름 지척에 있는데, 서영아리오름에서 서영아리 습지, 하늬복이오름, 마보기오름으로 이어가는 전진형 탐방이 인기 코스이다.",Unknown,제주시 관광정보센터 064-740-6000,※ 일부 통제될 수 있으므로 방문 시 전화문의 요망,무료,불가능,연중무휴,Unknown,없음,입 장 료: 무료,50,130,NA,자연관광,NA01,자연경관(산),NA010100,"산, 고개, 오름, 봉우리",90,0,70,20,70,0,,,60,45,75,category,0.8706,,0.0,0.8706,category
660972,12,관광지,하도리 철새도래지,제주특별자치도 제주시 구좌읍 하도리 53-2,695976,126.891953,33.504012,"제주시 구좌읍 하도리에 있는 철새도래지로 바다와 인접하고 영양분이 풍부한 먹잇감과 습지식물이 많아 철새들이 월동하기에 최적의 지역으로 알려진 곳이다. 천연기념물로 지정돼 있고 세계적으로 1,600여 마리 정도만 남아있다는 저어새를 비롯해 천연기념물인 고니, 매, 황조롱이 등과 환경부 멸종위기야생동물인 물수리 등이 관찰되고 있다. 매년 30종에 이르는 철새들이 날아온다. 하도리 지미봉 기슭은 해안에 하굿둑을 축조해 저수지를 만들어 먹이가 풍부하고 둥지를 틀 수 있는 곳이 많이 있다. 망원경이 설치되어 있는 탐조대에서는 철새들의 모습을 관찰할 수 있다. 특히 이 지역은 둑을 축조하며 만든 다리의 경치가 일품이라 드라이브 코스로도 주목받고 있다.",https://www.visitjeju.net/kr,제주시 관광정보센터 064-740-6000,상시 개방,무료,가능,연중무휴,있음,Unknown,입장료: 무료 | 주차요금: 무료 | 화장실: 있음,50,110,NA,자연관광,NA04,자연공원,NA040500,생태관광지,100,0,80,30,60,0,,,30,15,45,category,0.8205,,0.0,0.8205,category
2023328,12,관광지,하도어촌체험마을,제주특별자치도 제주시 구좌읍 해맞이해안로 1897-27,63363,126.9040729746,33.5199453433,"하도마을은 아직 개발의 손이 닿지 않아 대중들에게는 많이 알려지지 않은 마을이지만 천연기념물 토끼섬 문주란 자생지, 세계적 희귀조류인 노랑부리저어새 황새, 백로, 가마우지류 등 수십 종의 철새가 날아드는 하도 철새도래지, 왜구 침입을 막기 위해 조선시대 축조된 제주특별자치도 기념물 별방진과 해녀들의 삶과 애환, 풍습들을 한눈에 볼 수 있도록 전시된 해녀 박물관, 눈부시게 아름답고 깨끗한 푸른 바다의 하얀 백사장 하도해수욕장, 우도를 벗 삼아 정면에 자리하고 있어 가장 제주다운 바다 문화와 바다 풍경을 체험하고 만끽할 수 있는 전형적인 어촌마을이다.",Unknown,010-6396-3075,10:00~17:00 / ※ 전화 예약 필수,"- 대나무 낚시 15,000원 / - 스노클링 25,000원 / - 해녀물질 체험 40,000원 등 / 무료 / ※ 체험비 별도",가능,연중무휴,있음,Unknown,"시설이용료: - 대나무 낚시 15,000원 / - 스노클링 25,000원 / - 해녀물질 체험 40,000원 등 | 화장실: 있음 | 입 장 료: 무료 / ※ 체험비 별도 | 내국인 예약안내: 물 시간에 따라 체험가능여부가 다르므로 사전 전화예약 필수",50,110,EX,체험관광,EX03,농.산.어촌 체험,EX030400,체험어장,90,10,90,80,80,10,,,45,30,60,blend,0.6801,0.25,0.1813,0.7753,blend
2704435,12,관광지,하도해변,제주특별자치도 제주시 구좌읍 해맞이해안로 1973,63363,126.8988152454,33.5135348561,"하도해변은 제주시에서 동쪽으로 향하는 해안 도로 구좌읍 하도리에 위치한 해변이다. 수심이 낮아 아이들과 함께 온 가족 단위 피서객들로 가득하다. 찾는 관광객이 많지 않아 상대적으로 물이 깨끗하고 전망도 좋다. 바다낚시와 야영도 함께 즐길 수 있고, 야외 웨딩 촬영으로도 많이 방문한다. 파도도 높지 않아 서핑, 피싱 카약, 스노클링, 페달보트 등 해양레저체험이 가능하며, 다양한 해양 생물들을 만날 수 있다. / ◎ 한류의 매력을 만나는 여행 정보 - 예능 / 제주에서 가장 아름답기로 유명한 해안 도로의 하도리 도로변에 위치한 해수욕장이다. 제주의 다른 해수욕장에 비해 한적하고, 넓은 백사장과 얕고 맑은 바다를 갖춘 곳으로 온화한 경관이 펼쳐진다. 파도가 높지 않고 잔잔해 스노클링, 카약 등의 해양 레저 체험을 할 수 있으며 의 비와 노홍철처럼 조용히 간이 테이블과 의자를 펴고 커피를 마셔도 좋다.",https://www.visitjeju.net/kr,064-728-7783,상시 개방,"[샤워실] / - 어른 2,000원 / - 군인 및 청소년 1,400원 / - 어린이 1,000원 / 무료",가능,연중무휴,남/녀 화장실 구분,Unknown,"화장실: 남/녀 화장실 구분 | 시설이용료: [샤워실] / - 어른 2,000원 / - 군인 및 청소년 1,400원 / - 어린이 1,000원 | 입 장 료: 무료",50,110,NA,자연관광,NA02,자연경관(하천‧해양),NA020900,해변. 해수욕장,90,20,80,0,90,0,,,30,15,45,observed,0.7727,0.7614,0.8892,0.8632,blend
2765280,12,관광지,하례감귤체험농장,제주특별자치도 서귀포시 남원읍 하례로 504,63607,126.6165503401,33.2913520887,"한적한 오름에 둘러싸인 하례 감귤체험농장은 자녀들과 함께 귤을 수확해 볼 수 있는 귤밭이다. TV에도 여러 번 소개된 적이 있는 이곳은 감귤 중에서도 특히 당도가 높은 타이벡 감귤 품종을 재배한다. 체험에 시간제한이 없으며, 수확하는 방법이 어렵지 않아 어린이들도 직접 신선한 귤을 만져보고 체험할 수 있는 공간이다. 농장 중간에 감성 가득한 포토존이 마련되어 있어 수확의 재미뿐 아니라 다양한 추억을 선사한다. 감귤 따기 체험은 10월부터 가능하며, 여름에는, 여름에는 상큼한 맛이 일품인 청귤을 만나볼 수 있다.",https://smartstore.naver.com/dalkommgul?,0507-1388-7243,10:00~17:00,"감귤 따기 체험 1 18,000원 / ※ 이용요금은 변동될 수 있으므로 홈페이지 참조 또는 전화 문의 요망",가능 (농장주변) / 요금 (무료),연중무휴,Unknown,없음,"입 장 료: 감귤 따기 체험 1 18,000원 / ※ 이용요금은 변동될 수 있으므로 홈페이지 참조 또는 전화 문의 요망",50,130,EX,체험관광,EX03,농.산.어촌 체험,EX030300,체험농장,70,40,60,20,90,10,,,30,15,45,category,0.7753,,0.0,0.7753,category
1620997,12,관광지,하멜기념비,제주특별자치도 서귀포시 안덕면 사계리 112-3,63528,126.3146500324,33.2337481229,"하멜기념비는 핸드릭 하멜의 공덕과 네덜란드와 대한민국 간 우호 증진의 증표로 1980년 4월 1일 한국국제문화협회와 주한네덜란드대사관에 의해 산방굴사 바로 앞 해변가 언덕에 세워졌다. 조선 효종 4년(1653) 하멜 일행이 탄 네덜란드의 무역선 스페로호크호가 심한 풍랑으로 서귀포시 안덕면 사계리에 표류하게 된다. 하멜은 입도 후 13년 동안 이곳에 머물렀고, 고국으로 돌아갔는데 1668년 ‘하멜 표류기’, 일명 ‘난선 제주도 난파기’를 출판하여 한국을 서양에 널리 밝힌 최초의 사람이다.",https://www.visitjeju.net,064-760-6304,상시 개방,Unknown,가능,연중무휴,있음,Unknown,이용가능시설: 기념비 / 공영주차장 / 음수대 / 유도 및 안내시설 / 경보 및 피난시설 | 화장실: 있음,50,130,HS,역사관광,HS02,역사유물,HS020100,탑ㆍ비석ㆍ기념탑,20,0,70,80,0,0,,,30,15,45,blend,0.8484,1.0,0.1813,0.8148,blend
3031541,12,관광지,하모체육공원,제주특별자치도 서귀포시 대정읍 하모리 2139-3,63507,126.252426,33.218625,"서귀포시 대정읍에 위치한 하모체육공원은 2008년에 준공되었고 인라인스케이트장, 야외 운동기구 시설, 농구장, 테니스장, 육상 트랙, 지압보도가 있어 여러 운동을 한 곳에서 즐길 수 있을 뿐만 아니라 뜨거운 햇살을 피해 쉴 수 있는 나무 그늘과 아이들이 뛰어놀 수 있는 놀이터도 함께 갖추고 있다. 이곳은 야간조명이 설치되어 있어 야외무대도 이용 가능하여 서귀포관악단 읍면 순회 음악회, 공동체 놀이 및 이벤트, 체험 등을 개최하는 장소로 이용되고 있다. 하모체육공원은 제주 올레 10코스와 올레 11코스의 분기점이기 때문에 체육공원 좌측의 사거리에는 제11코스 출발지임을 알리는 올레길 안내 표지석이 있고 그 좌측 옆으로 제주올레 안내소와 기념스탬프함이 있다.",Unknown,064-760-4016,상시 개방,무료,가능,연중무휴,Unknown,Unknown,입장료: 무료,50,130,VE,문화관광,VE03,도시공원,VE030100,시민공원,60,0,50,40,90,0,,,90,60,120,category,0.8,,0.0,0.8,category
1620883,12,관광지,하모해변,제주특별자치도 서귀포시 대정읍 하모리 279-2,63509,126.2605635569,33.2113219743,"모슬포와 가까운 곳에 있어 모슬포 해수욕장이라 불리기도 하는 하모해변은 과거에 해수욕장으로 이용되기도 하였으나, 모래 유실과 돌출된 암반 등에 의한 안전사고 우려가 높아 현재는 폐장된 상태이다. 하모해변은 올레 10코스 지점 중 하나이며 해변 근처에 야영장이 있다. 텐트를 칠 수 있는 구역이 10개 이상 마련되어 있는데, 성수기에는 유료로 제공되고 있어 사전 문의가 필요하다. 여름 성수기에는 바닷속을 걸어 다니며 열대어와 산호초를 볼 수 있는 ‘씨워킹’이라는 이색 해양 스포츠를 경험할 수 있으며, 하모해변 주차장 맞은편에는 해바라기밭이 산방산을 배경으로 장관을 이룬다. / (출처: 제주 관광공사 홈페이지)",https://www.visitjeju.net,064-760-2772,상시 개방,"[하모돌고래투어/일반] / - 성인 60,000원 / - 청소년 60,000원 / - 소인 40,000원 / [하모씨워킹] / - 80,000원 / [하모스노클링] / - 50,000원 / ※ 자세한 내용은 네이버 플레이스 참고",가능 / 요금 (무료),연중무휴,있음,Unknown,"화장실: 있음 | 시설이용료: [하모돌고래투어/일반] / - 성인 60,000원 / - 청소년 60,000원 / - 소인 40,000원 / [하모씨워킹] / - 80,000원 / [하모스노클링] / - 50,000원 / ※ 자세한 내용은 네이버 플레이스 참고",50,130,NA,자연관광,NA02,자연경관(하천‧해양),NA020900,해변. 해수욕장,80,0,80,20,60,0,,,45,30,60,blend,0.7022,0.375,0.3297,0.8632,blend
2767885,12,관광지,하우목동항,제주특별자치도 제주시 우도면 우도해안길 352,63365,126.9435281264,33.5095971276,"성산 일출봉 남쪽 바다에 자리한 우도는 매년 그 아름다운 풍광을 즐기기 위해 많은 방문객이 찾는 섬이다. 이 섬에는 2개의 항구가 있는데, 우도의 관문 항구인 천진항과 섬 중간에 자리한 하우목동항이 바로 그것이다. 천진항보다 크기는 작지만, 하얀 산호가 해안으로 밀려와 쌓인 서빈백사가 가까이 있다는 장점이 있다. 본섬으로 돌아갈 때는 구매한 티켓으로 하우목동항과 천진항 두 곳에서 모두 배를 탈 수 있어 처음에 천진항으로 입도했다면, 돌아갈 때는 하우목동항을 이용해 봐도 좋다. 성산항과 종달항에서 10~15분 정도가 소요된다.",Unknown,제주관광정보센터 064-740-6000,상시 개방 / ※ 배 이용 시 배편 시간 확인 요망,무료 / ※ 배 이용료 별도,가능,연중무휴 / ※ 배 이용 시 배편 시간 확인 요망,있음,Unknown,화장실: 있음 | 입 장 료: 무료 / ※ 배 이용료 별도,50,110,NA,자연관광,NA02,자연경관(하천‧해양),NA020700,항구/포구,90,0,80,10,40,0,,,30,15,45,observed,0.8419,0.8333,0.4512,0.849,blend
3303346,12,관광지,하우스오브레퓨즈,제주특별자치도 제주시 애월읍 하소로 735,63067,126.39600577939106,33.41928303869619,"1800평 규모의 제주의 복합문화공간, 하우스오브레퓨즈는 1층에는 10미터의 대리석바와 크고 시원한 파란색의 미술작품이 있는 곳이다. 그리고 500여 평으로 뒷마당에 펼쳐진 소나무숲과 잔디밭이 특징적인 카페 ’더 커미서리’를 운영 중이다. 제주산 바나나 푸딩, 제주 누보 논알코올 생맥주, 필터 커피 등 특색 있는 대표 메뉴가 있다. 전시, 공연, 파티 등 다양한 글로벌 이벤트를 진행할 제주의 새로운 랜드마크로서 현재 개관 전시로 한국 애니메이션 역사상 최초의 아카데미상 후보작이었던 애니메이션 ‘오페라’를 비롯한 픽사 출신 감독 ‘에릭오’의 작품세계에 흠뻑 빠져들 수 있는 대형 미디어 체험상설전도 열리고 있다.",https://www.instagram.com/hofrefuge,070-5173-8819,10:00~19:00 (입장 마감 18:30),"- 대인 18,000원- 소인(만3세~13세) 15,000원",가능요금 (무료),연중무휴,있음,Unknown,"입장료: - 대인 18,000원- 소인(만3세~13세) 15,000원 | 화장실: 있음",50,110,EX,체험관광,EX07,기타체험,EX070200,기타체험관광,60,70,90,80,70,10,,,60,45,75,category,0.7056,,0.0,0.7056,category
2723542,12,관광지,한담해변,제주특별자치도 제주시 애월읍 애월로1길 26-4,63043,126.3101064260,33.4627838378,"한담해변은 제주 북서부에 위치하여 애월에서 곽지까지 해안을 따라 이어진다. 제주시가 2009년 숨은 비경 31로 선정했으며, 맑고 투명한 바다로 유명하다. 애월 앞바다의 장관을 편안하고 친숙하게 접할 수 있다. 해안의 모양을 따라 구불구불하게 이어지는 산책로는 1.2km에 이르며, 바다의 주변 경관과 현무암이 조화를 이루고 있다. 바다가 가까이 있어 제주의 바다를 제대로 느끼며 산책의 여유로움을 느낄 수 있다. 봄에는 유채꽃으로 채워진 산책로를 만날 수 있으며, 여름에는 초록빛이 가득한 산책로를 걸을 수 있다.",https://www.visitjeju.net,064-728-3394,상시 개방,무료 / 2시간 4000원,가능,연중무휴,Unknown,Unknown,입 장 료: 무료 | 주차요금: 2시간 4000원,50,110,NA,자연관광,NA02,자연경관(하천‧해양),NA020900,해변. 해수욕장,100,0,90,20,70,0,,,30,15,45,observed,0.8232,0.8182,0.8892,0.8632,blend
2930935,12,관광지,한담해안산책로,제주특별자치도 제주시 애월읍 곽지리,63034,126.3105978795,33.4591976873,곽금올레길이라고도 부르는 한담해안산책로는 애월항에서 곽지과물해변까지 해안을 따라서 조성된 산책로이다. 주변 경관과 조화를 이루고 있어 아름답다. 총길이는 1.2㎞이며 바로 옆에 파도가 철썩이는 해안 길을 따라 걸을 수 있다. 2009년 제주시가 기존의 관광 명소 이외에 제주시 일대의 대표적인 장소 31곳을 선정해 발표한 ‘제주시의 숨은 비경’ 중 하나이기도 하다. 용암이 굳어지면서 만들어진 기암괴석이 시선을 끌고 검은 바위로 이루어진 해안을 따라 구불구불하게 이어지는 길은 산책길에 재미를 더해준다. 제주도의 서쪽에 있어 아름다운 일몰을 잘 감상할 수 있다는 점도 이곳의 매력 포인트다. / (출처 : 비짓제주),비짓제주 http://www.visitjeju.net,제주관광정보센터 064-740-6000,상시 개방,무료,가능,연중무휴,있음,Unknown,입장료: 무료 | 화장실: 있음,50,110,NA,자연관광,NA05,기타자연관광,NA050100,기타자연관광,90,0,90,20,70,0,,,30,15,45,observed,0.849,0.849,0.9999,0.8465,blend
1918643,12,관광지,한대오름,제주 제주시 애월읍 봉성리,695916,126.426735,33.357249,"한대악이라고도 불리는 기생화산으로 이름의 유래는 전해지지 않았다. 전체적으로 완만한 경사를 갖고 있으며 비고가 낮고 2개의 봉우리가 산 정상에서 이어져 있는 형태이다. 전사면에 해송, 삼나무가 주종을 이루며 잡목이 우거지고 진달래, 꽝꽝나무, 청미래덩굴 등이 자라고 있다. 오름 서쪽 지역에는 곰취군락이 있고, 동쪽 자락에는 꽤 넓은 습원을 이루면서 주변에 물웅덩이가 많다. 한대오름은 제주 한라산 기슭 깊숙한 곳에 위치해 있으며 제주만의 풍경을 갖고 있다. 특히 단풍이 아름답기로 유명한 오름으로, 한대오름에 가려면 탐라각 휴게소에서 표고밭길을 지나 표고밭 관리사에 이르고 그곳에서 약 1km 안으로 걸어 들어가면 평평한 습지와 함께 가로누워 있는 한대오름이 나온다.",Unknown,제주관광정보센터 064-740-6000,상시 개방,무료,가능,연중무휴,Unknown,Unknown,입장료: 무료,50,110,NA,자연관광,NA01,자연경관(산),NA010100,"산, 고개, 오름, 봉우리",100,0,90,20,70,0,,,60,45,75,category,0.8706,,0.0,0.8706,category
127635,12,관광지,한라산,제주특별자치도 서귀포시 토평동 산15-1,63580,126.5300000000,33.3618000000,"한라산은 능히 은하수를 잡아당길 만큼 높은 산이라는 뜻을 가졌다. 예부터 신선들이 산다고 해서 영주산(瀛州山)이라 불리기도 했고 금강산(金剛山), 지리산(智異山)과 더불어 우리나라 삼신산(三神山)의 하나로 여겨져 왔다. 또 다양한 식생(植生) 분포를 이루어 학술적 가치가 매우 높은 동·식물의 보고로써 1966년 10월 천연기념물로 지정, 보호되고 있다. 한편 신생대 4기의 젊은 화산섬인 제주도의 중심부에 위치한 한라산은 지금으로부터 2만 5천 년 전까지 화산 분화 활동을 하였으며, 한라산 주변에는 기생 화산인 오름이 분포되어 있어 특이한 경관을 창출하고 있다. 한라산이 품고 있는 비경으로는 눈 덮인 백록담, 왕관능의 위엄, 계곡 깊숙이 숨겨진 폭포들, 설문대 할머니와 오백장군의 전설이 깃든 영실기암 등이 있으며 1970년 3월에 국립공원으로 지정되었다. 한라산은 북태평양의 고도(孤島)에 솟아있는 지리적 요인과 해발고도에 따른 영향으로 온대에서 한대 기후대까지 식물의 수직분포를 보이고 있고, 다양한 종의 식물과 동물이 서식하는 생태계의 보고라고 할 수 있다.",http://www.jeju.go.kr/hallasan,064-713-9950,※ 코스별 상이하므로 자세한 사항은 홈페이지 참조 및 전화 문의 요망,"무료 / [코인샤워장]- 6분 1,000원 (이후 추가요금 3분당 500원씩 발생)[야영장]- 대형 9,000원- 중형 7,000원※ 이용요금은 변동될 수 있으므로 자세한 사항은 홈페이지 참조 또는 전화 문의 요망 / [소형]- 1시간 1,000원 (이후 추가요금 20분당 500원씩 발생)[중·대형]- 1시간 2,000원 (이후 추가요금 20분당 800원씩 발생)※ 자세한 사항은 홈페이지 참조 및 전화 문의 요망",가능,연중무휴※ 기상악화 시 통제되므로 방문 시 전화 문의 요망,있음,Unknown,"입장료: 무료 | 시설이용료: [코인샤워장]- 6분 1,000원 (이후 추가요금 3분당 500원씩 발생)[야영장]- 대형 9,000원- 중형 7,000원※ 이용요금은 변동될 수 있으므로 자세한 사항은 홈페이지 참조 또는 전화 문의 요망 | 주차요금: [소형]- 1시간 1,000원 (이후 추가요금 20분당 500원씩 발생)[중·대형]- 1시간 2,000원 (이후 추가요금 20분당 800원씩 발생)※ 자세한 사항은 홈페이지 참조 및 전화 문의 요망 | 화장실: 있음",50,130,NA,자연관광,NA01,자연경관(산),NA010100,"산, 고개, 오름, 봉우리",100,0,100,70,80,0,,,420,330,510,observed,0.9419,1.0,0.5507,0.8706,blend
264590,12,관광지,한라산 백록담,제주특별자치도 서귀포시 산록남로 2847-37 (상효동),63577,126.5860192949,33.3072442933,"제주특별자치도 중앙부에 솟아 있는 한라산 정상의 화구호인 백록담은 남북 길이 약 400m, 동서 길이 600m, 둘레 1,720m, 표고 1841.7m, 깊이 108m의 타원형 분화구이다. 한라산 정상에 있는 만큼 남한에서 가장 높은 산정 화구호로 침식에 거의 영향을 받지 않아 순상 화산(방패를 엎어 놓은 듯한 완경사를 이룬 화산)의 원지형이 잘 보존되어 학술 가치가 크고 빼어난 경관을 보여준다. 또 한겨울 쌓인 눈이 여름철까지 남아 있어 녹담만설이라는 영주 12경 중의 하나로 자연경관적 가치가 매우 뛰어나다. 한라산 백록담에는 장마철 집중호우가 내려 만수가 되면 208,264㎥가 넘는 화구호의 3분의 2가 물에 잠기는 장관을 이룬다. 그러나 요즘에는 자연 증발과 화구호 바닥의 퇴적층으로 물이 빠짐으로 인해 수량이 많이 줄어들고 있다. 초원으로 이루어진 백록담 내 분지에는 맑은 날이면 노루들이 한가로이 풀을 뜯거나 화구호의 물을 마시는 광경을 볼 수 있다. 이들 노루들은 화구호 사면에 자생하고 있는 구상나무숲에 보금자리를 틀고 사는 전설의 흰 노루들의 후예들인 셈이다. 백록담 주변과 화구호 내에는 구상나무, 돌매화나무, 한라솜다리, 섬매자나무, 매발톱, 한라구절초 등 희귀한 고산 식물이 많이 자라고 있어 생태적 가치가 크다. 특히 정상의 바위벽에서 자라는 돌매화나무는 키가 2㎝에 불과하여 세계에서 가장 키가 작은 나무로 알려져 있다. 그러나 돌매화는 서북풍이 매섭게 몰아치는 바위벽에 자신의 뿌리를 박은 채 이슬을 머금고 자란다. 초여름에는 순백의 매화를 닮은 꽃을 피우는데 그 자태가 고고하기 이를 데 없다. 한라산 정상 등반코스로는 성판악 탐방로(편도 4시간 30분/9.6㎞)와 관음사 탐방로(편도 5시간/8.7㎞)를 이용할 수 있으며 2020년 2월 1일부터 성판악 및 관음사코스에 한해서 등반 예약제가 시행되니 반드시 한라산 탐방 예약 시스템을 통해 예약을 한 후 등반을 하여야 하며, 한라산 기상 상황에 따라 입산이 전면이나 부분 통제될 수 있으니 탐방 전 한라산국립공원 홈페이지에서 통제 여부를 확인하여야 한다.",http://www.jeju.go.kr/hallasan,한라산국립공원(어리목분소) 064-713-9950~1,- 동절기(11월~2월) 06:00~일몰전 / - 하절기·춘추절기(3월~10월) 05:00~일몰전 / ※ 당일 탐방이 원칙이며 일몰 전에 하산이 완료되어야 함,Unknown,가능,연중무휴 / ※ 기상 여건에 따라 입산 금지 및 제한구역이 있음,있음,Unknown,"등산로: [성판악 탐방로] / - 코스 : 성판악 탐방안내소 → 속밭 대피소 → 사라악오름입구 → 진달래밭 → 정상(동능) / - 소요시간 : 진달래밭 3시간, 정상 4시간 30분 / - 거리 : 9.6Km / [관음사탐방로] / - 코스 : 관음사지구 야영장 → 탐라계곡 → 개미목 → 삼각봉대피소 → 정상(동능) / - 소요시간 : 삼각봉 3시간 20분, 정상 5시간 / - 거리 : 8.7Km / ※ 탐방예약 필수 | 화장실: 있음",50,130,NA,자연관광,NA03,자연생태,NA030500,기타자연생태,100,0,100,20,80,0,,,420,330,510,manual_override,0.829,,0.0,0.829,category
126469,12,관광지,한라산 영실,제주특별자치도 서귀포시 영실로 246,63554,126.4803110551,33.3402306397,"영실 등산로는 길이 5.8㎞, 2시간 30분이 소요되는 코스로, 한라산 코스 중 가장 짧으면서도 가장 아름다운 구간으로 꼽힌다. 차로 등산로 앞, 1280m 고지까지 올라갈 수 있다. 백록담 밑에 남벽 분기점까지 가는 영실탐방로는 그나마 수월하게 오를 수 있어 초보자들에게도 추천하는 코스다. 백록담까지의 구간은 안전상의 문제로 통제되어 갈 수 없지만, 영실기암과 울창한 숲, 오백나한, ‘돌이 있는 자갈평지’라는 의미의 선작지왓, ‘위에 있는 세 개의 오름’이란 뜻을 가진 윗세오름까지 볼거리는 무궁무진하다. 버스나 택시를 타고 왔다면, 내려갈 때는 어리목, 돈내코로 내려가며 다양한 풍경을 감상할 수 있다. / (출처 : 제주 문화관광 홈페이지)",https://www.jeju.go.kr/hallasan,064-747-9950,※ 등산 코스별 입·하산 시간이 상이하므로 홈페이지 참고 바람,무료,가능,연중무휴,있음,Unknown,이용가능시설: 탐방안내소 / 산악박물관 / 매점 등 | 화장실: 있음 | 입 장 료: 무료,50,130,NA,자연관광,NA01,자연경관(산),NA010100,"산, 고개, 오름, 봉우리",90,0,90,20,80,0,,,210,165,255,blend,0.9133,1.0,0.3297,0.8706,blend
802844,12,관광지,한라생태숲,제주특별자치도 제주시 516로 2596,63312,126.5982320810,33.4319418220,"한라생태숲은 1970년대 초부터 1995년까지 개인에게 대부돼 마소의 방목지로 사용했던 곳이었다. 제주 식물의 보고에 걸맞은 산림생물 난대, 온대, 한대 식물 등 다양한 식물상을 조화롭게 설계하여 식재 생태복원 시켰으며, 곶자왈 지대, 천연림 지역을 유전자원 보전지역으로 관리하고 있다. 또한 한라생태숲은 시험연구림으로서의 기능도 갖추고 있어 제주도의 온.난대 수종 및 한라산 고산대 희귀수종에 대한 유전자 보전 연구와 한라산의 훼손지 복구를 위한 식물증식 및 내한성 적응시험림의 역할도 수행하고 있다. 한라생태숲은 훼손되어 방치되었던 야초지를 원래의 숲으로 복원 조성한 곳으로 산림트래킹과 함께 자연생태계의 다양한 모습을 즐길 수 있다. 한라산에 서식하는 동물을 만날 수 있으며, 특히 난대성식물에서부터 한라산 고산식물까지 모두 볼 수 있다. 생태로, 전망대, 양묘하우스, 테마별 산책로, 유전자보존 조직배양실 등 기반시설과 단풍나무숲, 벚나무숲, 구상나무숲, 참꽃나무숲 등 13개의 테마숲, 생태숲 전체의 축소판인 암석원이 중앙에 조성되어 숲다운 숲의 면모를 보여주고 있다.",http://www.jeju.go.kr/hallaecoforest</a,064-710-8688,[하절기(3~10월)] / 9:00~18:00 (입장 마감 17:00) / [동절기(11~2월)] / 9:00~17:00 (입장 마감 16:00),무료,가능,연중무휴,있음,Unknown,주차요금: 무료 | 화장실: 있음 | 입 장 료: 무료 | 이용가능시설: 탐방안내센터 / 전망대 / 파고라 등,50,110,NA,자연관광,NA04,자연공원,NA040700,수목원ㆍ정원,100,0,80,40,70,0,,,45,30,60,blend,0.8457,0.875,0.3297,0.8313,blend
127514,12,관광지,한라수목원,제주특별자치도 제주시 수목원길 72 (연동),63143,126.4921487719,33.4697692812,"제주시 연동 1100 도로변 광이 오름 기슭에 위치한 한라수목원은 제주도 자생 수종과 아열대식물 등의 식물들이 식재, 전시되어 있는 수목원으로 학생 및 전문인들을 위한 교육과 연구의 장 역할을 하고 있으며, 테마 관광지로도 사랑받고 있다. 특히 2000년에 환경부는 이곳을 멸종 위기 보호야생식물의 서식지 외 보전 기관으로 지정했다. 환경부가 멸종 위기 식물로 지정한 나도 풍란, 한란과 파초일엽, 갯대추 등 보호 대상 식물을 포함하여 총 1,321종(목본류 530종, 초본류 791종), 10만여 본을 전시한다. 제주도 자생식물의 유전자원 보존 및 학습·연구의 장을 제공하고 도·시민에게 휴식 공간 제공 및 관광자원으로 활용하고 있다. / ◎ 한류의 매력을 만나는 여행 정보 - 예능 / 제주살이의 상징이 된 효리네 민박 촬영지로 제주의 자생 수종과 아열대 식물 등 1,100여 종의 식물이 식재, 전시되어 있는 수목원이다. 멸종 위기종과 희귀한 식물도 많지만 가볍게 산책하며 힐링하기 좋다. 5만 평의 산림욕장은 관광객과 제주도민에게 도심 속 숲과 같은 휴식 공간이 되어준다. 야외 산책로는 오후 11시까지 관람 가능해 밤 산책을 하기에도 좋다.",https://www.jeju.go.kr/sumokwon,064-710-7575,[야외전시원 및 산책로] / - 상시 개방 / [야외 산책로] / - 09:00~23:00 / [실내시설] / - 하절기 09:00~18:00 / - 동절기 09:00~17:00,무료,가능,[야외전시원 및 산책로] / - 연중무휴 / [실내시설] / - 설·추석 당일,Unknown,Unknown,입 장 료: 무료 | 이용가능시설: 산림욕장 / 체력단련실 / 희귀특산수종원 / 관목원 / 수생식물원 등,50,110,NA,자연관광,NA04,자연공원,NA040700,수목원ㆍ정원,90,0,80,60,50,0,,,60,45,75,observed,0.7985,0.7984,0.998,0.8313,blend
126455,12,관광지,한림공원,제주특별자치도 제주시 한림읍 한림로 300,63011,126.2415557152,33.3886659647,"제주 한림공원은 1971년 창업인 송봉규 선생이 10만여 평의 황무지 모래밭에 야자수 씨앗을 파종하여 육묘함으로써 탄생하게 된 비경지대이다. 협재, 금릉 해수욕장의 비경과 아름다운 비양도의 경관을 마주하고 있는 제주도내 최고의 관광명소로 손꼽히고 있다. 10만여 평의 대지에 하늘로 우뚝 뻗은 야자수군락과 울창한 송림으로 둘러싸인 한림공원은 다양한 종류의 꽃과 나무가 사계절 아름다운 경관을 연출하며, 남국의 정취가 물씬 풍기는 야자수길, 분재와 돌을 소재로 하여 구성된 제주석분재원, 제주의 옛 모습을 재현한 재암민속마을 등 다양한 볼거리를 함께 갖추고 있다. 환상적인 9가지 다양한 테마가 펼쳐지는 한림공원은 장쩌민 중국 전 국가주석과 나까소네 전 일본수상을 비롯한 세계 각국의 저명인사들이 방문한 곳으로, 국내외 관광객이 찾는 세계적인 관광명소이다.",https://hallimpark.com,064-796-0001,- 2월~5월 09:00~17:00 / - 6월~8월 09:00~17:30 / - 9월~10월 09:00~17:00 / - 11월~1월 09:00~16:30,"무료 / [개인] / - 어른 15,000원 / - 청소년 10,000원 / - 어린이 9,000원 / - 만 65세 이상 12,000원 / [단체(20인 이상)] / - 어른 12,000원 / - 청소년 8,000원 / - 어린이 7,000원 / - 만 65세 이상 11,000원 / [도민] / - 어른 11,000원 / - 청소년 7,000원 / - 어린이 6,000원 / - 만 65세 이상 9,000원 / ※ 장애인, 국가유공자, 제주도민은 도민요금 적용(신분증 지참 필수)",가능 / 요금 (무료),연중무휴,있음,가능,"관광코스안내: 야자수길 → 산야초원 → 협재굴·쌍용굴·황금굴 → 제주 석·분재원 → 재암민속마을 → 사파리조류원 → 재암수석관 → 연못정원 → 아열대식물원 | 화장실: 있음 | 주차요금: 무료 | 이용가능시설: 테마9(아열대식물원, 야자수길, 산야초원 등) / 야자수 카페 / 돌하르방식당 / 쌍용각 휴게소 / 다화원 휴게소 / 앵무새 먹이체험 등 | 입 장 료: [개인] / - 어른 15,000원 / - 청소년 10,000원 / - 어린이 9,000원 / - 만 65세 이상 12,000원 / [단체(20인 이상)] / - 어른 12,000원 / - 청소년 8,000원 / - 어린이 7,000원 / - 만 65세 이상 11,000원 / [도민] / - 어른 11,000원 / - 청소년 7,000원 / - 어린이 6,000원 / - 만 65세 이상 9,000원 / ※ 장애인, 국가유공자, 제주도민은 도민요금 적용(신분증 지참 필수)",50,110,VE,문화관광,VE03,도시공원,VE030100,시민공원,90,0,90,70,40,0,,,90,60,120,observed,0.8236,0.8239,0.9877,0.8,blend
2792599,12,관광지,한림항,제주특별자치도 제주시 한림읍 한림해안로 192,63031,126.2625726517,33.4190907055,"한림항은 한림에서 출발하여 비양도를 잇는 여객선이 있는 항구다. 비양도는 우리나라에서 유일하게 탄생에 대한 역사적 문헌이 남아있는 섬으로, ‘천년의 섬’이라고 불리며, 제주 본섬과는 불과 3㎞밖에 떨어지지 않은 섬이다. 비양도 항에서 배로 5분 정도만 가면 섬에 다다르는데, 오후 9시부터 오후 4시까지 하루에 4번만 운행하니 시간표를 반드시 확인하는 것이 좋다. 천혜의 자연경관을 고스란히 지닌 비양도를 산책할 수 있는 산책로가 잘 마련되어 있어 섬을 한 바퀴 여유롭게 돌아보는 것도 좋다. / ◎ 한류의 매력을 만나는 여행 정보 / 한림항은 한류 드라마의 촬영지로도 주목받는 곳이다. ‘우리들의 블루스’ 1화에서는 경매 장면의 배경으로, ‘폭싹 속았수다’ 14화에서는 원양어선을 탄 은명을 애순과 관식이 데리러 오는 항구로 등장한다. 드라마 속에서도 관광지로도 자연경관과 함게 제주의 일상을 느껴볼 수 있는 특별한 장소이다.",https://www.visitjeju.net/kr,064-796-7522,상시 개방,Unknown,가능,연중무휴,있음,Unknown,이용가능시설: 한림항 선착장 | 화장실: 있음,50,110,NA,자연관광,NA02,자연경관(하천‧해양),NA020700,항구/포구,90,10,80,30,60,0,,,45,30,60,blend,0.8537,0.875,0.1813,0.849,blend
930345,12,관광지,한수풀 해녀학교,제주특별자치도 제주시 한림읍 한림해안로 623-6,63024,126.279165058509,33.4430935099646,"한수풀 해녀학교는 해녀들의 고령화와 어족자원의 고갈, 작업여건의 어려움으로 점차 사라져가는 해녀문화를 젊은 세대에 전수하자는 취지에서 주민자치 특성화 사업으로 시작되었다. 그동안 미국, 캐나다, 일본등 외국 국적의 외국인을 비롯한 전국 각지에서 참여하고 있으며, 직업군 또한 공무원, 의사, 변호사, 대학교수, 작가, 기자, 약사, 통역사, 학생, 주부 등으로 다양한 분야에서 왕성하게 활동하고 있는 분들이 해녀양성 교육에 참여하여 졸업하였다.",http://jejuhaenyeoschool.com,064-796-5521,※ 자세한 사항은 전화문의 요망,※ 자세한 사항은 전화문의 요망,가능,※ 자세한 사항은 전화문의 요망,있음,Unknown,시설이용료: ※ 자세한 사항은 전화문의 요망 | 화장실: 있음 | 한국어안내서비스: 전화 예약(한림읍 사무소 064-728-7616),50,110,VE,문화관광,VE09,교육시설,VE090600,학교,10,0,20,90,80,0,,,120,90,150,blend,0.8469,0.875,0.3297,0.8331,blend
3057286,12,관광지,함덕잠수함,제주특별자치도 제주시 조천읍 조함해안로 378,63333,126.65681931018375,33.54780234884782,"함덕잠수함은 잠수함과 요트를 한꺼번에 이용할 수 있도록 배 아래에 투명창을 설치하여 수중 세계를 볼 수 있도록 설계된 선박이다. 함덕잠수함은 타 잠수함과 달리, 몇 개의 계단만 내려가면 멋진 수중 세계를 볼 수 있고 위로 올라오면 요트 체험을 할 수 있다. 자유롭게 수중과 수상을 이동할 수 있으며 한 배에 한 그룹만 탑승하기 때문에 방해 없이 조용하게 체험을 즐길 수 있다. 함덕잠수함은 제주도에서도 가장 물이 깨끗한 에메랄드빛 함덕 바다에서 운항하며 탁 트인 바다 풍경이 아름답고 물속 관찰이 용이하며, 가끔은 돌고래 떼도 볼 수 있다. 바다 위에서 물고기 밥 주기 체험도 같이할 수 있어 특별한 경험을 만들 수 있다.",Unknown,064-784-8777,09:30~18:00,"- 성인 30,000원 / - 어린이 25,000원 / ※ 무료 : 24개월 미만 / ※ 자세한 사항은 전화 문의 요망",가능,연중무휴,있음,가능,"입장료: - 성인 30,000원 / - 어린이 25,000원 / ※ 무료 : 24개월 미만 / ※ 자세한 사항은 전화 문의 요망 | 화장실: 있음",50,110,EX,체험관광,EX07,기타체험,EX070100,유람선/잠수함관광,80,10,80,10,90,0,,,90,60,120,category,0.8651,,0.0,0.8651,category
126451,12,관광지,함덕해수욕장 (함덕 서우봉 해변),제주특별자치도 제주시 조천읍 조함해안로 519-10,63333,126.6683567720,33.5439000013,"제주올레 19코스를 걷다 보면 에메랄드빛 보석을 품고 있는 함덕해수욕장을 만날 수 있다. 제주시 조천읍 함덕리에 자리한 함덕해수욕장은 해수욕장 바로 옆에 우뚝 선 오름(서우봉) 덕분에 ‘함덕서 우봉해변’이라고도 불린다. 제주공항에서 불과 20㎞ 떨어졌지만, 이곳에 도착하는 순간 다른 나라에 온 것 같은 기분이 든다. 입구부터 환영해 주는 키 큰 야자수들, 하얀 모래와 대조를 이루는 에메랄드빛 바다, 모래와 미역마저 투명하게 비춰주는 맑은 물과 하얀 파도가 그러하다. 제주도 수많은 해수욕장 중에서도, 바다색이 가장 예쁜 3곳을 꼽는다면 단연 협재, 김녕, 그리고 함덕해수욕장이다. 물이 맑고 수심이 얕아서 가족단위 피서지로도 좋다. 해수욕장 서쪽은 구름다리로 연결되어 있어 바다 위를 걷는 듯한 경험을 할 수 있다. 피크닉 하기 좋은 잔디밭, 밤에도 안심하고 바다를 즐길 수 있는 산책로가 매력이어서 사계절 찾는 이들의 발길이 끊이지 않는다. 특히 여름에는 야간개장도 하고 있어 제주의 푸른 밤을 바다에서 즐길 수 있다. 바로 옆에 자리한 서우봉은 봄이 되면 노란 유채꽃으로 여름엔 초록빛으로 계절마다 그림 같은 풍경을 선사한다. 서우봉에 오르면 함덕해수욕장을 한눈에 담을 수 있는 호사를 누릴 수 있다. 날씨가 좋으면 한라산과 동쪽 오름들도 내려다볼 수 있는 최고의 전망 포인트이다.",http://www.visitjeju.net,064-728-3989,상시 개방 / ※ 해수욕장 개장기간에는 변동 가능성 있음,Unknown,가능,연중무휴,있음,Unknown,이용가능시설: 음식점 / 화장실 / 편의점 등 | 화장실: 있음,50,110,NA,자연관광,NA02,자연경관(하천‧해양),NA020900,해변. 해수욕장,100,10,100,0,80,0,,,60,45,75,observed,0.9086,0.9086,1.0,0.8632,blend
2778905,12,관광지,해맞이해안로,제주특별자치도 제주시 구좌읍 김녕리,Unknown,126.7427251632,33.5504226979,"제주 동쪽 해가 뜨는 방향의 해안도로라는 의미의 해맞이해안로는 제주시 구좌읍 김녕리에서 서귀포시 성산읍 오조리까지 해안을 따라 조성된 약 27.8㎞의 도로이다. 올레길 21코스에 포함되는 해맞이해안로를 가다 보면 해맞이 명소로 유명한 성산 일출봉이 있어 제주를 방문하는 여행객들이 꼭 지나가는 길이다. 김녕- 월정리 -세화 -하도 -종달리 -성산 일출봉까지 연결되어 있어 제주의 맛집, 카페, 명소 등을 중간중간 방문할 수 있어 접근성도 좋다. 제주에 오면 꼭 들러야 하는 해맞이해안로의 가장 큰 매력은 끝없이 펼쳐지는 제주 바다를 감상할 수 있다는 점이다.",https://www.visitjeju.net/kr,064-740-6000,상시 개방,Unknown,Unknown,연중무휴,Unknown,Unknown,이용가능시설: 해안 도로 주변 상점,50,110,NA,자연관광,NA05,기타자연관광,NA050100,기타자연관광,90,20,90,20,60,20,,,30,15,45,category,0.8465,,0.0,0.8465,category
2704242,12,관광지,해품은체험농장,제주특별자치도 서귀포시 성산읍 서성일로 1073,63630,126.8933089807,33.4445035069,"해품은체험농장은 청정 제주의 깨끗한 자연에서 감귤을 정성껏 재배하고 있는 체험형 감귤농장이다. 귤 따기 체험프로그램은 시기별로 다른 품종으로 진행하며, 수확한 귤은 박스포장하여 택배로 받아볼 수도 있다. 시기별로 11월~12월은 감귤, 황금향을 12월~1월은 레드향, 1월~3월은 한라봉, 4월~5월은 카라향 등 따기체험이 가능하며 별도 구매도 가능하다. 이곳에서 생산, 판매되는 귤은 좋은 토양에서 화학비료 대신 유기질비료와 퇴비를 사용하여 키워 믿고 먹을 수 있는 귤이다. 또한 강제착색 및 광택제 사용 등을 일절 하지 않고 직접 딴 생과 그대로 신선하게 제공하고 있다.",https://www.haepoom.com,070-8871-2098,09:00~19:00 / ※ 자세한 사항은 전화문의 요망,5000원~10000원 / ※ 자세한 사항은 전화문의 요망,가능,연중무휴,Unknown,Unknown,시설이용료: 5000원~10000원 / ※ 자세한 사항은 전화문의 요망,50,130,EX,체험관광,EX06,산업관광,EX061000,기타산업관광지,80,60,50,10,90,70,,,90,60,120,category,0.8022,,0.0,0.8022,category
4073368,12,관광지,향사당,제주특별자치도 제주시 중앙로12길 29 (삼도이동),63168,126.5216321815,33.5120459469,"조선 시대 제주 고을의 어른들이 봄과 가을 두 차례 모여 활쏘기와 주연을 베풀며 고을의 당면 과제를 의논하고 민심의 동향을 살피던 향사당이 제주시 원도심 골목길 안쪽에 자리한다. 향사당은 본래 유향소의 기능을 담당했으나 1475년(성종 6) 예악과 덕행을 세우는 향사음례를 행하는 유향소라는 뜻으로 개칭됐으며, 좌수 1인·별감 3인을 임원으로 두고 지방 자치 기능까지 수행했다. 당초 가락천 서쪽에 있던 건물은 1691년(숙종 17) 현 위치로 이전됐고, 1981년 현재의 모습으로 고쳐 지어졌다. 홑처마 팔작지붕에 2고주 7량 구조이며 중앙 대청에 우물마루를 깔았고, 현무암으로만 쌓은 화방벽과 도리 방향 첨차 설치가 독특한 건축적 특징으로 꼽힌다. 1975년 제주특별자치도 유형문화유산으로 지정되었으며, 현재는 제주 국가유산 방문자센터로 활용되고 있다.",https://www.heritage.go.kr,제주특별자치도 세계유산본부 064-710-6703,09:00~18:00,무료,불가능,연중무휴,없음,Unknown,입장료: 무료 | 화장실: 없음,50,110,HS,역사관광,HS01,역사유적지,HS011200,기타역사유적지,10,0,70,90,10,0,,,15,15,30,blend,0.7543,0.625,0.1813,0.7829,blend
3317905,12,관광지,현애원,제주특별자치도 서귀포시 성산읍 산성효자로114번길 131-1,63639,126.90839950157283,33.456075237513254,"현애원은 제주도 성산일출봉 근처에 위치한 2만 평 규모의 정원이다. 벚꽃, 영산홍, 철쭉, 병솔나무, 해바라기, 수국 등 다양한 꽃이 만개한 정원을 감상할 수 있다. 그중에서도 제주도의 수국 명소 중 한 곳으로 잘 알려져 있으며 수국이 만개한 시즌엔 입구부터 한가득 피어 있는 수국을 볼 수 있다. 정원 내부에는 이스틀리스 카페를 함께 운영하고 있으며 입장권을 구매한 입장객들에겐 정원 안에 있는 카페 이용권을 함께 증정한다. 입장권은 네이버를 통하여 예매도 가능하며 5세 이하의 아동은 무료입장이 가능하다.",https://www.instagram.com/jeju_hyunaewon,010-4375-3240,09:00~17:00 (입장 마감 16:40),"- 성인 7,000원- 청소년 5,000원- 어린이, 65세 이상 경로, 제주도민 3,000원",가능,매주 일요일,Unknown,Unknown,"입장료: - 성인 7,000원- 청소년 5,000원- 어린이, 65세 이상 경로, 제주도민 3,000원",50,130,NA,자연관광,NA04,자연공원,NA040700,수목원ㆍ정원,90,20,90,10,40,0,,,60,45,75,category,0.8313,,0.0,0.8313,category
129619,12,관광지,협재동굴,제주특별자치도 제주시 한림읍 한림로 300 (한림읍),63011,126.238139554648,33.3882575818729,"협재동굴은 제주도의 대표적인 용암동굴이며 황금굴, 소천굴과 함께 제주도용암동굴지대를 이룬다. 용암동굴이자 석회동굴의 특징이 복합된 2차원적인 동굴이라는 점이 특이하며, 그 일대가 모래와 조개껍데기가 섞여 있는 패사층으로 되어 있다. 동굴 내부에는 천장에서 뻗어 나온 석종과 마치 바닥으로부터 솟구쳐 나온 듯이 보이는 석순 등이 신비로운 광경을 연출하며, 석종과 석순이 만나 하나의 기둥을 이루는 종유석이 기이하면서 아름답다. 동굴 벽면에는 석회분이 덮여있어 마치 하나의 거대한 벽화가 새겨져 있는 듯 웅장한 모습이다. 동굴 내부의 온도는 연중 내내 17~18℃를 유지하여 한여름의 이색적인 피서지가 되며, 한겨울에는 따뜻한 온도로 추위를 피할 수 있어 사계절 관광객에게 인기가 있다. 협재동굴은 천연기념물로 지정되어 있고, 페루의 돌소금동굴, 유고의 해중석회동굴과 더불에 세계 3대 불가사의 동굴로 꼽힐 만큼 유명한 곳이다.",http://www.hallimpark.co.kr,064-796-0001,[3월~9월] 08:30~19:00[7월15일~8월20일] 08:30~19:30[10월] 08:30~18:30[11월~2월] 18:30~18:00※ 계절별 일몰시간에 따라 변동가능,"[개인]- 성인 15,000원- 경로 12,000원- 청소년 10,000원- 어린이 9,000원[단체]- 성인 12,000원- 경로 11,000원- 청소년 8,000원- 어린이 7,000원",가능,연중무휴,있음,Unknown,"입장료: [개인]- 성인 15,000원- 경로 12,000원- 청소년 10,000원- 어린이 9,000원[단체]- 성인 12,000원- 경로 11,000원- 청소년 8,000원- 어린이 7,000원 | 화장실: 있음 | 한국어안내서비스: 지원",50,110,NA,자연관광,NA03,자연생태,NA030100,동굴,90,0,80,70,40,0,,,30,15,45,manual_override,0.8053,,0.0,0.8053,category
2792603,12,관광지,협재포구,제주특별자치도 제주시 한림읍 협재리,63011,126.2431108927,33.3995286760,"협재포구는 에메랄드빛 바다가 펼쳐지는 곳으로, 포구 옆에는 넓은 모래사장의 해수욕장이 있다. 협재포구는 좋은 낚시 포인트로 많은 사람들이 낚시를 하러 찾아오며, 주변에 숙박하는 분들이 체험 삼아 낚시를 즐기기도 한다. 작은 등대가 있는 방파제 끝으로 나가면 건너편에는 비양도가 떠있어 풍광이 더욱 아름답다. 겨울에는 방수, 방한이 되는 재킷을 입고 제트스키를 탈 수 있고, 여름에는 스노클링, 바나나보트, 플라이피시 등을 체험할 수 있어 단순히 경치를 구경만 하는 것이 아니라 제주도를 온몸으로 느낄 수 있다. 또한, 이곳은 제주 올레 14코스 중 한 곳이다.",https://www.visitjeju.net/kr,제주관광정보센터 064-740-6000,상시 개방,무료,가능,연중무휴,Unknown,Unknown,입 장 료: 무료,50,110,NA,자연관광,NA02,자연경관(하천‧해양),NA020700,항구/포구,90,0,80,10,80,0,,,45,30,60,blend,0.8764,1.0,0.1813,0.849,blend
127490,12,관광지,협재해수욕장,제주특별자치도 제주시 한림읍 한림로 329-10,63011,126.2394418960,33.3937764770,"협재해수욕장은 제주시 서쪽의 한림공원에 인접해 있다. 조개껍질 가루가 많이 섞인 백사장과 앞바다에 떠 있는 비양도, 코발트 빛깔의 아름다운 바다와 울창한 소나무 숲이 한데 어우러진 풍광이 매우 아름답다. 수심이 얕고 경사가 완만하여 가족 단위의 해수욕장으로 적합하다. 이 해수욕장의 남서쪽 해안은 금릉해수욕장과 이어져 있는데, 주민들은 두 해변을 합쳐 협재해수욕장이라고도 부른다. 해수욕장 내에는 탈의실, 샤워실, 휴게소, 식수대, 화장실 등 각종 편의시설이 있어 이용하기에도 편리하다. 또 해수욕장 주변에는 짙은 송림이 있어 야영과 산림욕을 즐길 수 있고, 전복과 소라가 많이 잡히기 때문에 싱싱한 해산물을 마음껏 맛볼 수 있다. 멀지 않은 곳에는 한림공원과 협재굴, 명월대, 황룡사, 영각사 등이 있어 해수욕과 함께 주변을 둘러볼 수 있으며 특히 해수욕장 정면에 보이는 비양도의 모습은 맑고 깨끗한 해수와 어울려 아름다운 풍광을 연출하며 이곳에서 바라보는 낙조 또한 아름답다. / ◎ 한류의 매력을 만나는 여행 정보 / 시원한 파도 소리, 에메랄드빛 바다, 백사장 옆 검은 현무암 위에서 반갑게 손을 흔드는 세븐틴이 있다. 세븐틴이 팬인 캐럿에게 보내는 노래 엔 예쁜 사랑이 담겨 있다. 협재해수욕장은 수심이 얕아 수영을 못 하는 사람들도 물놀이하기 좋고, 옆쪽으로 야자수, 소나무 숲, 잔디가 있어 산책하거나 캠핑하기에도 적합하다.",http://www.visitjeju.net,064-728-3981,상시 개방,무료,가능,연중무휴,있음,Unknown,입 장 료: 무료 | 화장실: 있음,50,110,NA,자연관광,NA02,자연경관(하천‧해양),NA020900,해변. 해수욕장,100,40,90,20,80,0,,,60,45,75,observed,0.8854,0.8854,1.0,0.8632,blend
128793,12,관광지,형제섬,제주특별자치도 서귀포시 안덕면 사계리 산44,"699-822,2",126.3092288523,33.2080147675,"형제섬은 산방산 바로 앞에서 내려다보이는 무인도로, 사계리 포구에서 남쪽으로 떨어진 지점에 있으며, 크고 작은 섬이 마치 형제처럼 마주하며 떠 있다. 낮고 넓은 섬을 본섬, 높은 섬은 옷섬이라 부른다. 본섬에는 작은 모래사장이 있으며 옷섬에 있는 주상절리 층은 일품이다. 바다에 잠겨있다가 썰물 때면 모습을 드러내는 새끼 섬과 암초들이 있어서 보는 방향에 따라 모양도 계속 변하는 느낌을 준다. 이 때문에 일출과 일몰 시 아름다운 사진 촬영 장소가 된다. 이곳은 낚시 포인트로도 유명한데 형제섬의 수중 아치는 다이버들에게 잘 알려져 있으며 해송, 연산호, 군락과 함께 자리돔, 줄도화돔 떼들의 유영이 만들어 내는 비경을 즐길 수 있다.",http://www.visitjeju.net,064-760-2913,상시 개방,무료,가능,연중무휴,Unknown,Unknown,입 장 료: 무료,50,130,NA,자연관광,NA02,자연경관(하천‧해양),NA020500,섬,90,0,90,10,60,0,,,30,15,45,manual_override,0.8695,,0.0,0.8695,category
2742301,12,관광지,형제해안도로,제주특별자치도 서귀포시 안덕면 사계리 3682,63528,126.3157581698,33.2382615310,"형제해안도로는 대정읍 상모리 송악산에서 안덕면 사계리를 연결하는 도로이다. 형제해안도로는 사계리와 상모리의 해안과 형제섬, 그리고 국토의 최남단인 마라도의 모습도 확인할 수 있어 푸른 바다와 어우러진 다양한 풍경을 즐길 수 있고, ‘한국의 아름다운 길 100선’에 선정될 만큼 아름다운 경치를 자랑한다. 주변 명소로는 사계해변, 형제섬, 발자국 화석 산지 등이 있고, 마라도 잠수함 선착장, 사계리해안 체육공원, 환태평양 평화 소공원 등의 시설이 있어 다양한 볼거리도 제공한다. / (출처 : 제주 문화관광 홈페이지)",www.visitjeju.net,064-740-6000,상시 개방,Unknown,불가능,연중무휴,Unknown,Unknown,Unknown,50,130,NA,자연관광,NA05,기타자연관광,NA050100,기타자연관광,90,0,90,20,30,0,,,30,15,45,category,0.8465,,0.0,0.8465,category
3056135,12,관광지,호떡골목,제주특별자치도 제주시 동문로 16 (일도일동),63264,126.52831973043567,33.51279665661436,"1945년에 형성되어 제주에서 제일 크고 오래된 시장인 동문재래시장에는 그 세월만큼이나 오랜 시간 동안 자리를 지키고 있는 호떡 골목이 시장 안에 자리 잡고 있다. 제주 도민이라면 누구나 어린 시절 이곳에서 따뜻한 호떡을 먹은 추억 하나는 가지고 있을 것이다. 호떡 골목은 동문재래시장 1번 게이트 입구에서부터 왼쪽으로 길게 줄지어 가게들이 있어 쉽게 찾을 수 있다. 시장이 처음 생길 때부터 자리를 굳건하게 지키고 있는 가게부터, 빙떡, 쑥 호떡을 곁들여 파는 가게, 푸짐한 잡채가 한가득 들어간 잡채 호떡, 이색적인 다금바리 빵까지 조금씩 다른 콘셉트의 호떡으로 입맛 따라 취향 따라 맛보는 것을 추천한다.",Unknown,제주관광정보센터 064-740-6000,점포 별로 상이함,Unknown,가능,점포 별로 상이함,있음,Unknown,화장실: 있음,50,110,VE,문화관광,VE04,도시.지역문화관광,VE040100,"골목길, 문화거리",0,90,30,50,20,70,,,30,15,45,category,0.7841,,0.0,0.7841,category
126465,12,관광지,혼인지,제주특별자치도 서귀포시 성산읍 혼인지로 39-14,63633,126.8948368625,33.4147546599,"삼성혈에서 태어난 탐라의 시조 고·양·부 세 신인이 수렵생활을 하며 지내다가 동쪽나라(벽랑국)에서 온 세 공주와 합동혼례를 올렸다는 조그마한 연못이다. 얕고 작은 연못에 불과하지만, 삼신인이 이곳에서 혼례를 올림으로써 비로소 제주민이 늘어나고 농사가 시작되었다 한다. 혼인지 바로 옆에는 삼신인이 혼례를 올린 후 신방을 차렸던 조그만 굴이 있는데, 그 굴이 세 갈래로 되어 있어 순전히 전설만은 아닌 듯하다. 이곳은 삼성혈과 함께 제주도 시조의 자취를 더듬어 보기 좋은 곳으로 여름철에 피어나는 붉은 연꽃은 노을처럼 곱기만 하다.",비짓제주 https://www.visitjeju.net,064-710-6798,상시 개방,Unknown,가능,연중무휴,있음,Unknown,화장실: 있음,50,130,NA,자연관광,NA02,자연경관(하천‧해양),NA020400,연못·늪,80,0,70,90,20,0,,,30,15,45,observed,0.887,0.887,1.0,0.887,blend
2798892,12,관광지,화북포구,제주특별자치도 제주시 화북1동,63286,126.5645634332,33.5255364838,"화북포구는 시가 있는 등대길로 이름을 알린 포구이다. 다른 포구와 다르게 등대 끝까지 방파제를 따라 시를 만날 수 있는데, 학생들이 등대, 포구, 바다와 관련된 시를 포구 끝까지 만들어 두었다. 덕분에 이곳을 방문하는 사람들은 시를 하나하나 읽으면서 등대 끝까지 산책할 수 있다. 등대 끝에는 그림을 그리는 아이와 망원경을 들고 바다를 바라보는 어린아이 등의 조형물이 설치되어 있다. 이 등대를 배경으로 사진을 찍으려고 방문하는 관광객도 많으며 저녁이면 주변을 산책하는 도민들도 많은 편이다.",Unknown,제주관광정보센터 064-740-6000,상시 개방,Unknown,가능,연중무휴,Unknown,Unknown,이용가능시설: 방파제 / 등대 / 산책로,50,110,NA,자연관광,NA02,자연경관(하천‧해양),NA020700,항구/포구,80,0,70,40,60,0,,,45,30,60,blend,0.8311,0.75,0.1813,0.849,blend
2738730,12,관광지,화순곶자왈 생태탐방숲길,제주특별자치도 서귀포시 안덕면 화순서동로 151,63529,126.3323756109,33.2635062261,"곶자왈은 화산활동으로 생긴 바윗덩어리들이 쪼개져 만들어진 요철 지형의 숲이다. 제주도에만 존재하며, 한라산을 중심으로 중산간 지대 여러 곳에 걸쳐 분포되어 있다. 독특한 지형이 구간마다 다른 기후대를 형성하여 같은 숲 안에 다양한 기후 대의 식물이 공존하는 특이한 생태계를 보인다. 그 중 하나인 화순곶자왈에서 북방한계식물과 남방한계식물을 동시에 관찰할 수 있다. 세계적으로 희귀한 동식물 50여 종이 서식하고 있다. 화순곶자왈 생태탐방숲길에 들어서면 곳곳에 마련된 이정표를 잘 따라야 한다. 탐방로가 세 코스로 나뉘어 있는데, 비교적 산책로가 잘 조성되어 편하게 거닐 수 있다. 산책로 양 옆에는 나무들이 우거져 있고 다양하게 자라난 식물들을 볼 수 있으며, 소나 말을 방목하여 기르기 위해 쌓아진 잣담도 볼 수 있다. 전망대에서는 소를 방목하는 목장이 보이고, 멀리 한라산과 산방산이 보이는 풍경을 눈에 담을 수 있다. ‘한국 아름다운 숲’ 공존상을 수상한 이력만큼 생태 그대로를 보전한 신비로운 원시림의 매력을 느낄 수 있다.",https://www.visitjeju.net/kr,제주시 관광정보센터 064-740-6000,상시 개방,무료,가능,연중무휴,있음,없음,입 장 료: 무료 | 화장실: 있음,50,130,NA,자연관광,NA04,자연공원,NA040700,수목원ㆍ정원,100,0,80,30,50,0,,,60,45,75,blend,0.8663,0.9375,0.3297,0.8313,blend
126443,12,관광지,화순금모래해수욕장,제주특별자치도 서귀포시 안덕면 화순해안로 91,63530,126.3335149080,33.2407004292,"화순금모래 해변은 검은 모래밭이 펼쳐진 곳으로 주변에 천혜의 자연조건을 가지고 있다. 해수욕장 옆으로는 소금막 해변 백사장이 넓게 펼쳐져 있고, 뒤로는 산방산이 서있으며, 앞으로는 가파도, 마라도, 형제섬 등이 한눈에 펼져쳐 있어 동양의 산수화를 연상케 하는 해변이다. 해수욕장의 모래는 검은 빛으로 부드럽고 고운편이며 여름이면 바로 옆에 야외수영장이 설치되어 해수욕과 담수욕을 동시에 즐길 수 있다. 야외수영장은 일년 내내 낮은 온도를 유지하는 용천수를 사용해 물이 무척 시원하며 슬라이딩 미끄럼틀 등의 기구를 설치해 아이들과 함께 물놀이 할 수 있다. 안덕면 소재지인 화순리에 있어서 교통, 숙박, 매점, 음식점 등의 편의 시설이 풍부하다는 점도 빼놓을 수 없다.",http://www.visitjeju.net,064-760-4372,상시 개방,무료,가능,연중무휴,있음(남/녀구분),없음,입 장 료: 무료 | 화장실: 있음(남/녀구분),50,130,NA,자연관광,NA02,자연경관(하천‧해양),NA020900,해변. 해수욕장,90,40,90,10,80,20,,,60,45,75,observed,0.7339,0.7083,0.8347,0.8632,blend
2606209,12,관광지,화조원,제주특별자치도 제주시 애월읍 애원로 804,63035,126.3720160859,33.4113377321,"제주 화조원(花鳥園)은 다양한 새들과 알파카 등 온순한 소동물들을 가까이에서 보고, 직접 만지며 교감할 수 있는 체험형 조류 동물원이다. 단순히 관람만 하는 공간이 아니라 아이부터 어른까지 자연스럽게 동물과 소통할 수 있도록 구성되어 있어 가족 단위 방문객들에게 특히 인기가 많다. 하루 4차례 진행되는 조류생태설명회에서는 사육사가 직접 새들의 생태와 습성을 설명해 주어 시간대에 맞춰 방문하면 더욱 알찬 관람이 가능하다. 조류 외에도 토끼, 잉어, 미니말 등 다양한 소동물에게 먹이를 주는 체험이 마련되어 있어 아이들이 배우며 즐거운 추억을 쌓을 수 있는 공간이다.",http://flowerbirdpark.com,064-799-9988,[하절기(3월~10월)] / 09:00~18:00 (입장 마감 17:00) / [동절기(11월~2월)] / 09:00~17:30 (입장 마감 16:50),"- 성인 18,000원 / - 청소년 16,000원 / - 어린이 14,000원 / ※ 자세한 사항은 전화문의 요망",가능,연중무휴,있음,Unknown,"촬영장소: SBS동물농장 촬영지, 제주MBC 촬영지, Jibs 촬영지 | 입 장 료: - 성인 18,000원 / - 청소년 16,000원 / - 어린이 14,000원 / ※ 자세한 사항은 전화문의 요망 | 화장실: 있음",50,110,VE,문화관광,VE02,테마공원,VE020100,테마파크,60,0,50,40,90,0,,,90,60,120,observed,0.7695,0.7604,0.9093,0.8607,blend
2946628,12,관광지,환상숲곶자왈공원,제주특별자치도 제주시 한경면 녹차분재로 594-1,63005,126.2629199720,33.3224018640,곶자왈은 제주도에 위치한 특정한 숲 지대를 일컫는 말로 용암이 분출되어 흐르며 남긴 현무암 사이로 식물이 함께 살면서 형성해 놓은 원시림이다. 용암이 형성해 놓은 공기통로와 요철형의 지형적 특성 때문에 같은 곶자왈 내에서도 다른 기후 환경이 형성되어 남방계 식물과 북방계 식물이 함께 관찰되는 독특한 생태계를 자랑한다. 흙이 아닌 용암 지형 위에 다양한 동식물이 자생하는 이곳은 제주만의 독특한 원시 생태를 잘 보여준다. 양치식물과 거대한 나무의 뿌리가 얽힌 풍경 안으로 들어서면 시간과 공간이 바뀌는 듯한 경험을 하게 된다. 환상숲 곶자왈공원은 1시간마다 숲 해설 투어가 진행되며 사전 예약이 필요하다. 그리고 이곳은 신비로운 분위기로 여러 뮤직비디오 촬영지로 활용된 곳으로 대표적으로 2015년도에 발매된 에프엑스 뮤직비디오 촬영지의 배경이 된 곳이다.,http://www.jejupark.co.kr,0507-1431-2488,월요일~토요일 09:00~17:00,"- 일반/청소년 5,000원 / - 유아/초등학생/국가유공자/장애인/제주도민 4,000원 / ※ 자세한 사항은 홈페이지 참조 / - 나무목걸이 8,000원 / - 화분심기 일반 10,000원 / 돌 10,000 원 / - 석부작체험 25,000원 / - 테라리움 20,000원 / - 다육아트 15,000원 / - 벤치마킹/진로직업 5,000원 / - 교육농장 10,000원 / - 천염염색 10,000원 / ※ 자세한 이용요금은 공식 홈페이지 참조 / 무료",가능,매주 일요일,있음,Unknown,"입장료: - 일반/청소년 5,000원 / - 유아/초등학생/국가유공자/장애인/제주도민 4,000원 / ※ 자세한 사항은 홈페이지 참조 | 시설이용료: - 나무목걸이 8,000원 / - 화분심기 일반 10,000원 / 돌 10,000 원 / - 석부작체험 25,000원 / - 테라리움 20,000원 / - 다육아트 15,000원 / - 벤치마킹/진로직업 5,000원 / - 교육농장 10,000원 / - 천염염색 10,000원 / ※ 자세한 이용요금은 공식 홈페이지 참조 | 주차요금: 무료 | 화장실: 있음",50,110,NA,자연관광,NA04,자연공원,NA040600,자연휴양림,100,0,90,40,70,0,,,90,60,120,observed,0.8516,0.85,0.8647,0.8617,blend
3013310,12,관광지,황우지선녀탕,제주특별자치도 서귀포시 서홍동 795-5,63578,126.548922,33.239452,"황우지 해안은 서귀포의 자연명소로 올레길 7코스에 속해 있으며 여름 물놀이, 스노클링 명소 및 포토스폿으로 알려져 있다. 차량을 주차하고 외돌개 해변 방향으로 내려가다 삼거리를 만나면 올레길 7코스를 따라 이어지는 길을 찾아가면 된다. 황우지는 무지개라는 뜻의 제주어 황고지에서 나온 말로, 무지개 모양의 둥근 해안 절경 때문에 황우지 선녀탕이라는 이름이 붙었다고 전해진다. 황우지해안은 완만한 만의 형태를 이루고 있고, 돌기둥처럼 선 바위들이 파도를 막아주는 형상을 하고 있다. 이곳은 스노클링과 물놀이하기 좋은 명소로 잘 알려져 있던 곳이지만, 현재는 서귀포시에서 황우지해안 낙석위험으로 출입제한 안내문이 있어 입구 옆 문섬이 보이는 전망대에서 황우지선녀탕 경치를 감상하거나, 외돌개와 함께 올레길 7코스를 걷는 것으로 서귀포 여행 계획을 짜는 것을 추천한다.",Unknown,서귀포종합관광안내소 064-732-1330,※ 자세한 사항은 전화문의 요망,무료,가능,※ 자세한 사항은 전화문의 요망,Unknown,Unknown,입장료: 무료,50,130,NA,자연관광,NA02,자연경관(하천‧해양),NA020800,해안절경,90,0,90,20,40,0,,,30,15,45,observed,0.7643,0.7632,0.9776,0.8101,blend
2767778,12,관광지,황우지해안열두굴,제주특별자치도 서귀포시 서홍동 764-1,63594,126.5607118442,33.2420288662,"제주도 내에는 일제 강점기 말에 이르러 일본군이 만든 군사 시설을 심심치 않게 찾아볼 수 있다. 삼매봉 남서쪽 해안가에는 ‘황우지굴’, ‘열두굴’ 등으로 불리는 황우지 해안 열두굴은 제2차 세계대전 당시 일본군이 미군의 공격을 대비해 어뢰정을 숨기기 위해 인공적으로 만들어 놓은 동굴이다. 각각 15m 안팎의 거리를 두고 직선으로 나란히 뚫려 있으며, 높이가 약 3m, 폭이 약 3m~4.5m, 깊이는 약 10m~30m이다. 열두 동굴 중 열 번째 굴과 열한 번째 동굴은 서로 내부에서 연결되어 독특한 h자 형을 이루고 있다. 이러한 인공굴은 일본 식민지 지배의 과거사와 강제 노역의 현장을 고증하고 있다는 점에서 역사적 가치가 있는 곳이다.",https://www.visitjeju.net/kr,제주관광정보센터 064-740-6000,상시 개방,무료,가능,연중무휴,있음,Unknown,입 장 료: 무료 | 화장실: 있음 | 주차요금: 무료,50,130,NA,자연관광,NA03,자연생태,NA030100,동굴,30,0,60,80,10,0,,,30,15,45,manual_override,0.8053,,0.0,0.8053,category
3026604,12,관광지,효명사,제주특별자치도 서귀포시 516로 815-41 효명사,63607,126.5941765584,33.3233287582,"효명사는 서귀포시 남원읍에 위치한 울창한 숲 속에 아담한 집처럼 보이는 소박한 법당이다. 산신각을 통과하면 보이는 효명사는 여느 절과 달리 조그마한 건물 서너 채만 있어서 생경한 느낌을 준다. 법당 입구에서 극락, 천국, 이끼문이라고 적힌 이정표를 발견할 수 있는데 모두 한 곳이다. 조금 내려가다 보면 돌계단이 보이고 이끼로 뒤덮인 자그마한 아치형의 돌문이 하나 보이는데 이것이 바로 사람들에게 효명사를 알리게 해 준 천국의 문이다. 이 문을 지나면 아직은 때묻지 않은 제주 자연 그대로의 계곡을 만날 수 있고 바로 근처에 별이폭포와 이끼폭포가 있으며 곳곳에 각자의 소원들을 빌며 쌓은 작은 돌탑들도 볼 수 있다. 근처의 산책로는 이끼들로 뒤덮혀있어 바닥과 돌들로 인해 미끄럽기 때문에 조심해서 걸어야 한다. 주변에 있는 선덕사, 선돌, 원앙폭포도 함께 서귀포 여행 일정에 포함시켜 방문하는 것을 추천한다.",https://www.visitjeju.net/kr,064-733-4950,상시 개방,무료,가능,연중무휴,Unknown,Unknown,입 장 료: 무료,50,130,HS,역사관광,HS03,종교성지,HS030100,불교,90,0,90,70,60,0,,,45,30,60,blend,0.8995,1.0,0.3297,0.85,blend
2661514,12,관광지,휴림,제주특별자치도 제주시 애월읍 광령남서길 40,63062,126.4287872275,33.4437791402,"휴림은 2017년 개장한 에코힐링파크로 남녀노소 온가족이 함께 즐길 수 있는 숲속 체험을 제공한다. 제주시산림조합에서 운영하며 산림자원의 새로운 부가가치를 창출하기 위해 제주의 산림자원을 활용하여 조성되어있어 제주의 숲내음을 온몸으로 맡으며 휴식을 즐길 수 있다. 양묘체험, 숲속캠핑, 글램핑, 카라반 등을 체험할 수 있으며, 유치원 등의 단체가 이용할 수 있는 유아숲속 놀이터를 운영하고 있다. 숲카페, 캐주얼와인샵, 산림부산물인 편백 톱밥을 활용한 톱밥효소 찜질 체험장도 있어 숲이 주는 자연치유력과 힐링을 느끼는 느긋함도 가져볼 수 있다.",비짓제주 https://www.visitjeju.net/kr공식 인스타그램 https://www.instagram.com/huerim.jeju,0507-1307-6065,09:00~18:00,"- 카라반 75,000원~110,000원 / - 캠핑장 사이트 40,000원~50,000원 / - 차박(캠핑카) 사이트 40,000원~50,000원 / ※ 자세한 사항은 전화문의 요망",가능,연중무휴,있음,Unknown,"시설이용료: - 카라반 75,000원~110,000원 / - 캠핑장 사이트 40,000원~50,000원 / - 차박(캠핑카) 사이트 40,000원~50,000원 / ※ 자세한 사항은 전화문의 요망 | 화장실: 있음",50,110,VE,문화관광,VE02,테마공원,VE020100,테마파크,90,20,70,20,80,10,,,120,90,150,category,0.8607,,0.0,0.8607,category
322836,12,관광지,휴애리자연생활공원,제주특별자치도 서귀포시 남원읍 신례동로 256,63608,126.634418419576,33.3084870516806,"휴애리는 수많은 꽃들과 한라산 풍경이 더해져 더욱 아름다움을 자랑하는 꽃 정원이다. 연중무휴이며, 매년 수차례 꽃 축제를 진행하고 있다. 휴애리의 꽃 축제는 유채, 매화, 수국, 핑크뮬리, 동백 등 계절마다 아름답게 피어나는 꽃을 전시하고 방문하시는 분들에게 꽃을 통한 감동과 추억을 드리고자 함에 주된 목적이 있다. 아이들과 함께 즐길 수 있는 동물체험 먹이 주기 체험, 흑돼지야 놀자 등과 같은 시즌 체험 등 사랑하는 가족, 연인, 친구들과 아름다운 추억을 만들 수 있다.",http://www.hueree.com,064-732-2114,[하절기(3월~9월)]09:00~19:00 (입장 마감 17:30)[동절기(10월~2월)]09:00~18:00 (입장 마감 16:30),"[개인] / - 성인 13,000원 / - 청소년 11,000원 / - 소인 10,000원 / [단체(20명 이상)] / - 성인 9,000원 / - 청소년 8,000원 / - 소인 7,000원 / ※ 자세한 사항은 홈페이지 참조",가능,연중무휴,있음,Unknown,"입장료: [개인] / - 성인 13,000원 / - 청소년 11,000원 / - 소인 10,000원 / [단체(20명 이상)] / - 성인 9,000원 / - 청소년 8,000원 / - 소인 7,000원 / ※ 자세한 사항은 홈페이지 참조 | 화장실: 있음",50,130,VE,문화관광,VE03,도시공원,VE030500,주제공원,90,0,90,30,80,0,,,90,60,120,observed,0.7655,0.7647,0.9666,0.7901,blend
3061575,12,관광지,흑돼지거리,제주특별자치도 제주시 일도일동,63277,126.526861,33.515417,"제주항 탑동광장 부근에 조성된 제주 흑돼지 거리는 제주의 특산물인 흑돼지 전문점이 모여 있는 골목으로, 흑돼지를 맛보고 싶다면 방문하는 것을 추천한다. 흑돼지 거리는 오랜 전통을 자랑하고 있으며, 초입에는 흑돼지 거리 간판 조형물과 돼지 동상 조형물이 설치되어 있어 단번에 흑돼지 거리임을 알 수 있게 해주고 있다. 흑돼지는 일반 돼지고기에 비해 쫄깃하고 영양도 많다고 알려져 있으며, 흑돼지고기를 구워 꽃멸치 젓갈에 찍어 먹으면 그 맛이 담백하고 고소하여 씹을수록 입맛을 돋게 한다. 주변에는 칠성로 쇼핑거리, 동문재래시장, 생태하천 산지천, 산지 등대, 탑동광장 등 여러 관광지가 있는 제주 특화 거리이다.",https://www.visitjeju.net,제주시 관광정보센터 064-740-6000,※ 점포별 상이함,무료,가능,※ 점포별 상이함,있음,가능,입장료: 무료 | 화장실: 있음,50,110,VE,문화관광,VE04,도시.지역문화관광,VE040100,"골목길, 문화거리",30,100,60,50,30,40,,,45,30,60,blend,0.8553,1.0,0.3297,0.7841,blend
4091197,12,관광지,흘아카이브,제주특별자치도 제주시 조천읍 선진길 88,63341,126.7109921676,33.4580967783,"제주의 곶자왈 생태에서 영감을 받아 전시와 차, 체험을 함께 운영하는 공간이다. 통유리창 너머로 보이는 수목과 자연광이 실내로 이어지며, 전시 관람과 사색을 통해 자신의 생각을 차분히 정리할 수 있도록 구성하였다. 대표 체험인 ‘먹을 수 있는 숲, 테라리움 디저트’는 곶자왈의 돌과 흙, 이끼를 닮은 크럼블·초콜릿·그래놀라·생크림 등을 투명한 용기에 쌓아 작은 숲 형태의 디저트를 만드는 프로그램이다. 체험 과정에서 제주 곶자왈과 선흘마을에 관한 이야기를 듣고, 완성한 디저트와 곶자왈을 모티프로 만든 블렌딩 차를 맛볼 수 있다. 체험에 참여하지 않아도 현장에서 차를 주문한 뒤 전시와 사색의 방을 개별적으로 이용할 수 있다.",https://www.instagram.com,0507-1358-8814,[전시관람] - 10:00~18:00 [디저트 만들기 체험] - 10:00~17:00 중 회차별 운영,"[전시관람] / - 1인 9,000원 / [제주 이색 체험 곶자왈 디저트 만들기] / - 1인 32,000원 / [어린이 전용 디저트 테라리움 만들기] / - 1인 35,000원 / ※ 전시 관람 및 만들기 체험프로그램 구매시 음료 1잔 포함",가능,매주 월요일,있음,Unknown,"내국인예약안내: 네이버 예약 | 시설이용료: [전시관람] / - 1인 9,000원 / [제주 이색 체험 곶자왈 디저트 만들기] / - 1인 32,000원 / [어린이 전용 디저트 테라리움 만들기] / - 1인 35,000원 / ※ 전시 관람 및 만들기 체험프로그램 구매시 음료 1잔 포함 | 화장실: 있음",50,110,NA,자연관광,NA04,자연공원,NA040500,생태관광지,80,70,70,60,80,10,,,30,15,45,category,0.8205,,0.0,0.8205,category
590415,14,문화시설,감귤박물관,제주특별자치도 서귀포시 효돈순환로 441,63605,126.608077266292,33.2711520767709,"서귀포 감귤 박물관은 제주 특산물인 감귤을 테마로 감귤의 세계를 한눈에 보고, 느끼고, 체험할 수 있도록 개관한 공립 전문 박물관이다. 감귤의 역사와 문화, 산업과 노동 현장을 엿볼 수 있는 의미 있는 전시 등을 통해 제주인의 삶의 모습을 반추해 볼 수 있다. 감귤의 발생, 역사와 종류, 재배 방법 등을 다양한 패널과 영상으로 구성하고, 유리 온실에는 전 세계 84품종의 감귤류를 식재 전시하여 사계절 싱싱한 감귤(생과)을 감상할 수 있도록 조성되어 감귤에 관한 모든 것을 체험하고 배울 수 있는 곳이다.",https://culture.seogwipo.go.kr/citrus,064-760-6398,- 09:00~18:00- 입장 마감 17:30,"[개인]- 일반 1,500원- 청소년 1,000원-어린이 800원[단체(10인 이상)]- 일반 1,000원- 청소년 700원- 어린이 500원 [개인/단체 도민]- 일반 750원- 청소년 500원- 어린이 400원 / 무료",무료,1월 1일 / 설·추석 연휴,Unknown,Unknown,주차요금: 무료,50,130,VE,문화관광,VE07,전시시설,VE070100,박물관,20,20,50,90,70,10,,,75,60,90,blend,0.807,0.75,0.3297,0.835,blend
130853,14,문화시설,건강과 성 박물관(제주),제주특별자치도 서귀포시 안덕면 일주서로 1611,63531,126.3467,33.2549,"음지에 있는 성 인식을 양지로 끌어내고, 행위 위주의 국한된 성이 아닌 성에 대한 문화, 교육, 예술 그리고 세대별 고민을 함께 나누고, 성에 대한 의식의 변화를 추구하고자 건강과 성 박물관은 설립되었다. 건강과 성 박물관은 전 세계 각지에서 성과 관련된 유물과 예술품 5,000여 점을 수집해 박물관을 꾸몄고 가벼운 성인 잡지에서 성과 관련된 전문 도서 등도 살펴볼 수 있다. 다양한 자료를 통해 성에 대해 학습할 수 있는 성인들만의 공간으로 성인만 입장 가능하다. 건강과 성 박물관은 행위에 초점을 두지 않고 성과 삶을 조명하는 다양한 유물과 예술품을 전시하여 성이란 무엇인가 하는 근본적인 내용에 다가가고자 한다.",http://www.sexmuseum.or.kr,064-792-5700,[하절기(2월~11월)]- 09:00~19:00 (입장 마감 18:00)[동절기(12월~1월)]- 09:00~18:00 (입장 마감 17:00),"[개인]- 성인 15,000원- 군인, 노인, 도민 13,000원- 장애인 11,000원[단체(20인 이상)]- 성인 13,000원- 군인, 노인, 도민 12,000원- 장애인 10,000원※ 자세한 사항은 홈페이지 참조 / 무료",무료,연중무휴,Unknown,Unknown,주차요금: 무료,50,130,VE,문화관광,VE07,전시시설,VE070100,박물관,0,0,40,80,10,0,,,60,45,75,observed,0.7118,0.7019,0.9257,0.835,blend
4057922,14,문화시설,건입박물관,제주특별자치도 제주시 산지로 5-14 (건입동),63278,126.530845054356,33.5159813698533,"제주시 건입동에 위치한 건입박물관은 마을 주민들이 전시 물품을 기증해 만든 작은 박물관이다. 이 때문에 소소한 볼거리들이 많다. 과거에 유행했던 제주 산호 기념품이나 직접 쓰던 돌절구, 다리미, 물허벅, 해녀물품 등 마치 타임머신을 타고 떠난 느낌을 받을 수 있는 곳이다.",Unknown,제주관광정보센터 064-740-6000,09:00~18:00,무료,Unknown,"매주 토요일, 일요일",Unknown,Unknown,Unknown,50,110,VE,문화관광,VE07,전시시설,VE070100,박물관,10,0,40,70,10,0,,,60,45,75,category,0.835,,0.0,0.835,category
2638440,14,문화시설,고흐의정원,제주특별자치도 서귀포시 삼달신풍로 126-5,63635,126.8440863784,33.3734078924,"고흐의 정원은 디지털 기술을 이용, 현대적 접근법을 사용해 작품을 재해석하여 살아 숨 쉬는 반 고흐작품을 경험할 수 있는 새로운 성격의 미술 체험 전시를 제작하였다. 이 전시는 반 고흐의 작품이 주인공이 아닌 ‘인간 빈센트 반 고흐’가 주인공인 전시로, 그의 작품을 눈으로만 볼 수 있었던 기존의 전시와는 달리 반 고흐의 작품 보고 듣고 만질 수 있는 관객 참여형 체험 전시이다.",https://goghgarden.kr,064-783-6700,- 08:50~18:30- 입장 마감 17:30,"[개인] / - 대인 12,000원 / - 청소년 10,000원 / - 소인 8,000원 / [단체(20인이상)] / - 대인 10,000원 / - 청소년 8,000원 / - 소인 6,000원 / [도민/유공자/장애우/경로] / - 대인 8,000원 / - 청소년 8,000원 / - 소인 6,000원 / ※ 소인 : 36개월~초등학생 / 무료",무료,연중무휴,Unknown,Unknown,주차요금: 무료,50,130,VE,문화관광,VE07,전시시설,VE070300,전시관,0,0,70,90,80,0,,,60,45,75,observed,0.9002,0.9125,0.8647,0.8214,blend
130461,14,문화시설,국립제주박물관,제주특별자치도 제주시 일주동로 17 (건입동),63284,126.54886,33.513375,"2001년 6월 15일 개관한 국립제주박물관은 제주의 역사와 문화유산을 체계적으로 전시·보존·연구하는 고고·역사박물관이다. 국립제주박물관에서는 제주의 여러 유적에서 출토된 유물과 역사적 문물들을 중심으로 선사시대부터 조선시대까지 시대별 각 유적과 유물이 갖는 역사·문화적인 의의를 전시물에 담았다. 탐라문화의 전시공간을 특성화하여 독특하고 고유한 탐라문화를 체계적으로 선보이는 한편, 해마다 다양한 주제의 특별전을 개최하고 있다. 그 외에도 다양한 사회교육 프로그램을 마련하는 등 제주를 찾는 국내·외 관광객에게 제주 토착문화의 전개 과정을 체계적으로 보여주는 문화공간이 되도록 노력하고 있다.",http://jeju.museum.go.kr,064-720-8000,09:00~18:00 (입장 마감 17:30),"무료※ 단, 유료 특별전시 제외 / 무료",무료,매주 월요일 / 1월 1일 / 설·추석 당일,Unknown,Unknown,주차요금: 무료,50,110,VE,문화관광,VE07,전시시설,VE070100,박물관,0,0,40,100,20,0,,,60,45,75,observed,0.8971,0.8973,0.9963,0.835,blend
1556005,14,문화시설,그리스신화박물관,제주특별자치도 제주시 한림읍 광산로 942,63021,126.357654338361,33.3480724819537,"그리스신화박물관은 아름다운 섬 제주도에서 그리스 신화와 관련된 명화와 대리석을 눈으로 보고 손으로 만져볼 수 있는 체험형 박물관이다. 박물관은 루브르와 바티칸 박물관의 명화와 대리석 조각상 재현 작품을 전시한 공간과 관람객 모두 그리스인으로 변신하는 그리스 마을로 구성되어 있다. 창조관, 올림포스관, 신탁관, 영웅관, 휴먼관, 사랑관, 그리스 마을에서 기존 유물 중심의 수동적인 관람 방식에서 벗어나 전시물과 관람객이 교감할 수 있도록 다양한 체험형 전시를 제공한다. 대표 체험으로는 그리스의상 체험, 아테네시민권 발급체험, 올림포스 12신 가면 만들기 체험 등이 있다.",http://www.greekmythology.co.kr,064-773-5800,09:00~18:00 (입장 마감 17:00),"[개인]- 성인 9,000원- 소인 8,000원- 경로 7,000원[단체(30인 이상)]- 성인 8,000원- 소인 6,000원 / 무료",무료,매월 넷째 월요일,Unknown,Unknown,주차요금: 무료,50,110,VE,문화관광,VE07,전시시설,VE070100,박물관,10,0,90,90,90,0,,,60,45,75,observed,0.7214,0.5833,0.4512,0.835,blend
2031663,14,문화시설,김만덕기념관,제주특별자치도 제주시 산지로 7,63278,126.5304138429,33.5159064490,"김만덕기념관은 나눔과 베풂을 몸소 실천하시어 이 땅의 대표적 의인의 표상이 되신 김만덕의 삶과 그 정신을 기리고 본받아 널리 전파하기 위한 곳이다. 김만덕의 근검절약정신, 나눔정신, 개척·개혁·개방정신, 도전정신 그리고 김만덕의 리더십과 경영철학을 배워서 나눔을 체험하고 실천하는 대한민국 최초의 나눔문화전시관이기도 하다. / (출처 : 김만덕기념관 홈페이지)",www.mandukmuseum.or.kr,064-759-6090,09:00~18:00,무료,가능 / 무료,"매주 월요일 / 1월 1일 / 설·추석 당일 / (단, 월요일이 공휴일일 경우 익일 휴무)",Unknown,가능,"외국어 안내서비스: 오디오가이드(한국어, 영어, 중국어, 일본어, 제주어) | 한국어 안내서비스: 10:00 / 11:00 / 13:00 / 14:00 / 15:00 / 16:00",50,110,VE,문화관광,VE07,전시시설,VE070200,기념관,0,0,30,90,70,0,,,45,30,60,observed,0.7863,0.7708,0.6988,0.8224,blend
130723,14,문화시설,김영갑갤러리두모악,제주특별자치도 서귀포시 성산읍 삼달로 137,63635,126.8542667942,33.3724080600,"갤러리두모악에는 제주를 매우 사랑하여 두모악에 잠든 김영갑의 20여 년간의 작품들이 전시되어 있다. 제주를 사랑하고 모든 열정과 영혼을 담아 제주를 담고자 했던 김영갑의 생애가 담긴 곳이다. / 내부 전시관은 두모악관, 하날오름관이 있는데 지금은 사라진 제주의 옛 모습과 쉽게 드러나지 않는 속살을 전시된 사진을 통해 볼 수 있다. 용눈이 오름, 눈·비·안개 그리고 바람 환상곡, 구름이 내게 가져다준 행복, 지평선 너머의 꿈, 바람, 숲 속의 사랑, 오름, 마라도라는 작품 등이 있다. / 유품전시실에는 김영갑의 유품들이 전시되어 있는데 평소 그가 보던 책, 카메라 등이 전시되어 있고 영상실에서는 왕성한 활동을 하던 젊은 시절의 그와 루게릭병으로 투병하던 사진과 영상을 만나볼 수 있다. 또한 야외 정원과 무인 찻집은 미술관을 찾는 이들이 휴식과 명상의 공간으로 만들어져 있다. 갤러리 홍보와 지역민들에게 문화를 쉽게 접할 수 있도록 야외 공연장에서 음악회도 개최하고 있다. 두모악은 한라산의 옛 이름이다.",http://www.dumoak.co.kr,064-784-9907,- 봄 (3월~6월) / 가을 (9월~10월) 09:30~18:00 / - 여름 (7월~8월) 09:30~18:30 / - 겨울 (11월~2월) 09:30~17:00 / ※ 관람시간 30분전 입장 마감,"- 어른 5,000원 / - 어린이 / 경로 / 청소년 / 국가유공자 / 제주도민 / 장애인 3,000원",가능 / 무료,매주 월요일 / 1월 1일 / 설·추석 당일,Unknown,Unknown,Unknown,50,130,VE,문화관광,VE07,전시시설,VE070600,미술관/화랑,70,10,90,90,10,0,,,60,45,75,observed,0.7657,0.75,0.8347,0.8448,blend
3546163,14,문화시설,김영수도서관,제주특별자치도 제주시 중앙로8길 18 (삼도이동),63166,126.52138373358315,33.5149928252347,"제주북초 20회 졸업생인 故 김영수 선생님이 기증하신 학교도서관이다. 아이들이 책을 가까이하고 마음껏 상상할 수 있는 공간을 만들기 위하여 2018년 도시재생사업을 통해 학교와 지역공동체의 의견을 수렴한 결과, 현재 본교 학생과 지역주민이 함께 이용할 수 있는 학교도서관이자 마을도서관으로 새롭게 탄생하여 독서문화의 장으로 활발히 운영되고 있다.",https://school.jje.go.kr/jejubuk/main.do,0507-1354-0612,[학교도서관]- 평일 08:30~16:30[마을도서관]- 평일 17:00~21:00- 주말 10:00~18:00※ 재학생과 지역주민의 이용시간이 상이하므로 방문 전 확인 필요,무료,Unknown,[학교도서관]- 주말 / 법정공휴일[마을도서관]- 매주 화요일 / 법정공휴일,Unknown,Unknown,Unknown,50,110,VE,문화관광,VE09,교육시설,VE090300,도서관,10,0,10,40,20,0,,,60,45,75,category,0.8331,,0.0,0.8331,category
2798046,14,문화시설,김택화 미술관,제주특별자치도 제주시 조천읍 신흥로 1,63332,126.6531779586,33.5437572078,"김택화 미술관은 2019년 12월에 개관한 미술관으로 일평생 제주의 풍경을 그렸던 화가 김택화(1940~2006)의 예술 세계와 삶의 여정을 담아낸 공간이다. 김택화 화가는 한라산 소주의 ‘하얀색’ 패키지 그림의 원화를 그리기도 했다. 미술관은 자료실, 제1전시실, 제2 전시실, 아트숍을 지나 2창 카페로 구성되어 있으며 전시실에는 생전에 그렸던 김택화 화가의 유화 작품 122점이 전시되어 있다. 이곳에서 옛 제주의 풍경을 그림으로 만날 수 있다. 2층은 화실로 꾸며진 카페가 있고 통유리 창으로 탁 트인 풍경을 감상할 수 있다.",https://kimtekhwa.com,064-900-9097,10:00~18:00,"[개인] / - 성인 15,000원 / - 청소년/군인 12,000원 / - 어린이/어르신 이상 9,000원 / [제주도민] / - 성인 12,000원 / - 청소년/군인 10,000원 / - 어린이/어르신 8,000원 / ※ 무료 : 5세 이하 / ※ 자세한 사항은 홈페이지 참조 및 전화 문의 요망 / 무료",무료,매주 목요일 / 1월 1일,Unknown,Unknown,주차요금: 무료,50,110,VE,문화관광,VE07,전시시설,VE070600,미술관/화랑,40,30,80,90,10,20,,,60,45,75,blend,0.805,0.625,0.1813,0.8448,blend
2778915,14,문화시설,나이롱책방,제주특별자치도 제주시 관덕로8길 17 (이도일동),63168,126.5234377233,33.5116662086,"제주시와 가까운 삼양의 어느 골목길에 나이롱책방이 자리한다. 나이롱은 ‘어떤 이로운 장난’을 의미한다고 한다. 보통 책방에 들르면 어떤 책을 골라야 할지 고민스럽기 마련이다. 책을 고르는 데 도움이 되도록 각각의 책마다 어떤 내용을 담고 있는지 정성스러운 손 글씨로 적혀 있다. 책은 주제별로 구분되어 있는데 제주와 관련된 서적부터 독립출판물, 다양한 해외 서적까지 만나볼 수 있다. 읽은 이의 흔적이 고스란히 남은 중고 책도 함께 판매한다. 책과 커피를 함께 즐길 수 있는데 책은 구매 후에 테이블에서 여유롭게 읽을 수 있다. 한쪽에는 그동안 책방을 다녀간 이들의 발자취를 더듬어볼 수 있는 그림 방명록을 비치해 구경하는 재미를 더한다.",www.instagram.com/nylong.bookshop,010-2154-8984,- 목요일~월요일 10:00~20:00- 화요일 10:00~16:00,Unknown,Unknown,매주 수요일,Unknown,Unknown,Unknown,50,110,VE,문화관광,VE12,기타문화관광지,VE120100,서점,20,40,60,70,30,70,,,45,30,60,blend,0.7884,0.75,0.1813,0.7969,blend
3061676,14,문화시설,너븐숭이 4.3기념관,제주특별자치도 제주시 조천읍 북촌3길 3,63339,126.68865605865707,33.546012249070245,"너븐숭이 4.3기념관은 2009년 조천읍 북촌리에 건립된 기념관으로, 제주 4.3 희생자들을 위로하고 교육장으로 활용하기 위해 조성되었다. 북쪽에는 위령비가 자리하고 있는데, 위령비 앞면에는 북촌리 원혼 위령비라는 글자가 새겨져 있고, 뒷면에는 희생자 명단이 새겨져 있다. 너븐숭이 4.3기념관에는 강요배 화백의 젖먹이를 비롯하여, 북촌리의 비극을 배경으로 한 현기영 작가의 순이 삼촌 초판본 등이 전시되어 있고, 북촌리 주민 대학살의 진상과 관련된 역사 자료들을 전시하고 있다. 기념관은 전시관, 탐구관, 묵상의 방, 영상실, 사무실로 구성되어 있으며, 너븐숭이 애기무덤 등 당시의 상황을 고스란히 느낄 수 있는 흔적들이 남아있다.",https://www.visitjeju.net,064-783-4303,09:00~18:00 (입장 마감 17:00),무료,Unknown,"매월 둘째주, 넷째주 월요일 / 1월 1일 / 설·추석 연휴",Unknown,Unknown,Unknown,50,110,VE,문화관광,VE07,전시시설,VE070200,기념관,10,0,50,100,20,0,,,30,15,45,observed,0.8883,0.9167,0.6988,0.8224,blend
2740014,14,문화시설,노형수퍼마켙,제주특별자치도 제주시 노형로 89,63061,126.4552187560,33.4650081095,"노형수퍼마켙은 약 4000㎡(1200여 평)의 면적과 최대 높이 20m(6층 건물 높이)의 웅장하고 압도적인 규모의 미디어아트 테마파크이다. / ‘일상과 비일상이 공존하는 공간 속에서 자신만의 아이덴티티를 발견하는 여정’이라는 스토리라인으로, 내부는 ‘노형수퍼마켙 프리쇼’, ‘베롱베롱’, ‘뭉테구름’, ‘와랑와랑’, ‘곱을락’ 등 미디어아트 영상 공간을 중심으로 한 총 5개의 전시 공간으로 구성되어 있다. 내부 카페인 ‘노형다방’에서는 흑백 콘셉트의 다양한 음료 및 디저트를 즐길 수 있으며, 기념품 샵인 ‘노형잡화점’에서는 노형수퍼마켙 고유의 패턴이 들어간 특별한 기념품들을 만나볼 수 있다.",http://nohyung-supermarket.com,064-713-1888,09:00~19:00 (입장 마감 18:00),"- 성인 15,000원 / - 청소년 13,000원 / - 어린이 10,000원 / ※ 자세한 사항은 홈페이지 참조",가능,연중무휴,Unknown,가능,체험프로그램: 전시 및 공연,50,110,VE,문화관광,VE07,전시시설,VE070600,미술관/화랑,20,40,90,80,60,50,,,60,45,75,observed,0.825,0.825,0.9997,0.8448,blend
3063420,14,문화시설,디앤디파트먼트,제주특별자치도 제주시 탑동로2길 3 (삼도이동),63165,126.52331515099465,33.51770459484915,"D&DEPARTMENT JEJU는 ‘LONG LIFE DESIGN’ 철학을 바탕으로 제주의 일상과 오래된 것의 가치를 새롭게 조명한다. 이곳은 단순히 소비를 위한 장소가 아니라 지역성과 지속 가능성을 바탕으로 오래 사용할 수 있는 물건과 지속가능성에 대한 가치를 공유하는 것을 목표로 한다. 1층은 d카페로 운영되어 제주산 재료를 활용한 음료와 디저트, 브런치를 맛볼 수 있고 제주 생산자들의 생산품도 함께 판매한다. 2층은 d스토어로, 제주의 공예품과 생활용품은 물론 D&DEPARTMENT에서 엄선한 롱라이프디자인 상품도 함께 선보인다. 이곳에서는 가구, 식기, 서적, 패션 등 일상 속에서 오래도록 사용할 수 있는 제품을 판매하며 한국과 일본, 그리고 지역다운 제주 생산자들의 상품들을 한곳에서 만날 수 있다. D&DEPARTMENT JEJU는 소비 욕구를 부추기는 상품이 아닌 계속해서 사용하고 싶은 물건, 오래 지속될 수 있도록 응원하고 싶은 상품을 찾아 판매하고 그 물건이 탄생한 지역과 생산자의 이야기를 함께 손님에게 전하고 있다.",공식 홈페이지 https://d-jeju.arario.com공식 인스타그램 https://www.instagram.com/d_d_jeju,스토어 064-753-9902카페 064-753-9903,10:30~18:30,무료,Unknown,매주 수요일,Unknown,Unknown,Unknown,50,110,VE,문화관광,VE12,기타문화관광지,VE120300,기타문화시설,20,60,60,60,20,80,,,30,15,45,observed,0.677,0.6719,0.9592,0.7969,blend
3545735,14,문화시설,만춘서점,제주특별자치도 제주시 조천읍 함덕로 9,63333,126.67343088634944,33.54072434423091,"만춘서점은 2016년에 시작한 제주 함덕의 독립서점이다. 여행자와 일상인 모두에게 열린 이 공간은 책을 통해 잠시 머물고 쉬어갈 수 있는 여유를 선사한다. 제주 감성이 깃든 책들과 소품이 어우러져 따뜻한 분위기를 자아내며, 바다와 가까운 위치 덕분에 산책길에 들르기 좋은 곳이다. 1호점과 2호점이 나란히 옆으로 자리하고 있다.",Unknown,064-784-6137,11:00~18:00,Unknown,Unknown,연중무휴,Unknown,Unknown,Unknown,50,110,VE,문화관광,VE12,기타문화관광지,VE120100,서점,40,0,70,60,10,70,,,30,15,45,observed,0.8343,0.8438,0.7981,0.7969,blend
2751836,14,문화시설,바이나흐튼 크리스마스박물관,제주특별자치도 서귀포시 안덕면 평화로 654,63522,126.3278198313,33.2913419690,"서귀포시 안덕면에 위치한 바이나흐튼 크리스마스 박물관은 주인 부부가 여행하며 모은 크리스마스 장식과 관련 물품이 전시되어 있다. 독일어로 크리스마스를 뜻하는 ‘바이나흐튼’과 독일의 건축물을 참고해 만들어 유럽의 크리스마스 느낌이 물씬 나는 공간이다. 개인 박물관치곤 전시물의 종류도 다양하고 소장 가치가 뛰어난 것도 많은 편이다. 일 년 내내 크리스마스 분위기를 느낄 수 있는 곳이지만 이곳의 12월은 조금 더 특별하다. 크리스마스를 맞기 전, 한 달간 크리스마스 마켓 때문이다. 매년 수많은 셀러들이 참여, 크리스마스와 관련된 다양한 라이프스타일 제품들을 판매하며, 유명 셰프들이 만드는 다채로운 요리와 관람객 누구나 참여할 수 있는 다양한 체험 프로그램들이 마련된다.",https://www.instagram.com/christmas_museum,0507-1328-7976,10:30~18:00,무료,가능 / 무료,연중무휴,Unknown,가능,Unknown,50,130,VE,문화관광,VE07,전시시설,VE070100,박물관,20,40,80,80,70,60,,,60,45,75,blend,0.8649,1.0,0.1813,0.835,blend
1883815,14,문화시설,박물관은살아있다 제주,제주특별자치도 서귀포시 중문관광로 42,63535,126.4092858005,33.2546667452,"여러 가지 테마로 구성된 체험형 아트 뮤지엄으로, 다양한 방식으로 참여하고 사진을 찍으며 즐기는 테마파크이자 미술관이다. 이상한 백작의 집, 블랙원더랜드등 다양한 테마로 구성되어 있어 인생 사진을 남길 수 있다. 그리고 착시테마공간이 있는데 이곳은 평면과 입체 섞인 오브제아트에 재미있는 포즈로 작품을 완성시키는 참여형 공간이다. 이번에 새롭게 선보이는 블랙원더랜드 에피소드 2 전시는 남녀노소 연령에 상관없이 즐길 수 있다.",http://www.alivemuseum.com/branch/jeju,064-805-0888,10:00~19:00 (입장 마감 18:00),"[개인] / - 성인 14,000원 / - 청소년 / 군경 13,000원 / - 어린이 12,000원 / - 경로 / 장애인 / 국가유공자 12,000원 / [단체(20인 이상)] / - 성인 9,000원 / - 청소년 / 군경 8,000원 / - 어린이 7,500원 / - 경로 / 장애인 / 국가유공자 7,500원 / ※ 단체예약은 전화 문의",가능 (승용차 약 100대 / 대형 약 20대) / 무료,연중무휴,Unknown,가능,예약안내: 단체(20명 이상) 방문시 사전 예약 064-805-0984,50,130,VE,문화관광,VE07,전시시설,VE070100,박물관,0,0,90,80,90,0,,,60,45,75,observed,0.7392,0.7273,0.8892,0.835,blend
2778939,14,문화시설,밤수지맨드라미,제주특별자치도 제주시 우도면 우도해안길 530,63365,126.9484786287,33.5207140039,"비행기를 타고 제주에 가서, 또 배를 타고 섬에서 섬으로 들어가면 만날 수 있는 제주 우도의 유일한 독립서점인 밤수지맨드라미이다. 전형적인 제주 돌담으로 둘러싸인 건물 입구엔 책이라고 적힌 간판이 이곳이 책방이라는 걸 알려준다. 밤수지맨드라미는 제주 바닷속에 사는 멸종 위기 산호로, 책이 사라져 가는 현실이 산호꽃과 닮은 것 같다고 생각해 책방 이름을 지었다고 한다. 책방 내부엔 독립 서적이나 드로잉북, 채식 관련 책들이 구비되어 있다 책방 창문 너머로는 햇살이 쏟아지는 바다도 눈에 들어온다. 이곳 책방만의 개성을 담은 굿즈들도 판매하고 있으며 공간 한쪽은 카페처럼 운영돼 구매한 책을 여유롭게 읽어볼 수도 있다.",http://www.instagram.com/bamsuzymandramy.bookstore,010-7405-2324,10:00~17:00,Unknown,Unknown,연중무휴※ 비정기적 휴무가 있을 수 있으므로 홈페이지 참조 및 전화 문의 요망,Unknown,Unknown,Unknown,50,110,VE,문화관광,VE12,기타문화관광지,VE120100,서점,30,20,80,70,30,60,,,30,15,45,observed,0.8399,0.875,0.5507,0.7969,blend
594065,14,문화시설,방림원,제주특별자치도 제주시 한경면 용금로 864,63005,126.268585085705,33.3372862173506,"방림원은 야생화의 천국으로 원장 방한숙 씨가 전 세계를 돌며 30년간 수집한 야생화를 테마별로 전시한 국내 최초 세계 야생화 전시관이자 테마그린파크이다. 세월과 정성으로 가꾸어진 방림원은 실내전시관, 야외정원, 동굴, 형제폭포, 기초공사 중 발견된 방림굴 등 다양한 볼거리가 있으며, 3천여 종의 살아있는 야생화들의 소박한 매력을 느낄 수 있다. / 방림원 곳곳에는 다양한 개구리 조형물이 있는데 방한숙 관장이 이곳을 만들며 힘이 들 때 함께 울어준 친구 개구리를 이곳의 마스코트로 삼았다는 비하인드 스토리가 있다. 숨은 개구리 조형물을 찾으며 산책로를 따라 한 바퀴 걷다 보면 저절로 자연 속에서 힐링하는 기분을 느낄 수 있을 것이다.",http://www.banglimwon.com,0507-1422-0187,[하절기 (3월~10월)]- 09:00~18:00- 입장 마감 17:00[동절기 (11월~2월)]- 09:00~17:00- 입장 마감 16:30,"[성인] - 개인 8,000원- 단체(10인 이상) 7,000원 [청소년·어린이·노인·도민·장애인·유공자·군인] - 개인 6,000원- 단체(10인 이상) 5,000원 ※ 무료 : 7세 이하 아동 / 무료",무료,연중무휴,Unknown,Unknown,한국어안내서비스: 사전예약 | 내국인예약안내: 단체 방문시 사전 예약 | 주차요금: 무료,50,110,VE,문화관광,VE07,전시시설,VE070300,전시관,90,0,80,60,70,0,,,45,30,60,blend,0.8538,1.0,0.1813,0.8214,blend
1939121,14,문화시설,법환동 청소년문화의집,제주특별자치도 서귀포시 막숙포로 70-1,63573,126.5141867807,33.2355047172,"법환동 청소년문화의집은 2005년에 개관했으며 지역 청소년들의 건전한 여가생활을 위해 다양한 문화 교육 활동과 청소년 활동 지원 사업을 운영하고 있다. 2층 규모로 150여 명을 수용할 수 있다. 1층에는 다목적홀, 도서열람실, 인터넷부스, 영상편집실, 탁구부스 시설이 있고, 2층에는 창작공방, 음악활동실, 댄스동아리방, 다용도활용실, 포켓볼부스 시설이 있어 청소년들이 다양한 활동을 즐길 수 있다.",https://www.seogwipo.go.kr,064-760-4894,09:00~20:00※ 자세한 사항은 전화문의 요망,※ 자세한 사항은 전화문의 요망,Unknown,매주 월요일 / 법정공휴일※ 자세한 사항은 전화문의 요망,Unknown,Unknown,Unknown,50,130,VE,문화관광,VE12,기타문화관광지,VE120300,기타문화시설,0,0,20,40,80,0,,,30,15,45,category,0.7969,,0.0,0.7969,category
1798082,14,문화시설,본태박물관,제주특별자치도 서귀포시 안덕면 산록남로762번길 69 (안덕면),63525,126.3925450000,33.3040100000,"본태박물관은 ‘본래의 모습’이라는 의미를 담고 있다. 이름의 뜻 그대로 오랜 세월의 흔적에 가려져 있던 문화 본연의 모습을 탐색하는 아름다운 문화 공간이 되고자 설립되었다. 건축계의 노벨상인 프리츠커상을 수상한 건축가 안도 다다오가 설계한 본태박물관은 그의 트레이드마크인 노출 콘크리트에 빛과 물을 건축 요소로 끌어들여 건축과 주변과의 조화를 고려하는 안도 다다오의 건축 철학이 담겨 있다. ‘제주도 대지에 순응하는 전통과 현대’를 컨셉으로 설계를 진행하였으며, 박물관을 두 개의 공간으로 나누어 전통공예품과 현대 미술품을 위한 전시 공간으로 구성했다. 또한, 본태박물관은 아름다운 우리의 전통 공예품과 피카소, 쿠사마 야요이, 백남준, 달리 등 세계적인 작가들의 현대 미술품을 통해 새로운 미래가치를 탐색하고자 하며, 전시뿐 아니라 자선사업, 교육, 세미나, 강연 등 다양한 활동을 펼치고 있는 복합문화공간이다. 사람과 사람, 자연과 건축, 전통과 현대, 세계와 한국이 서로 만나 아름다움으로 한국 문화 정체성을 정립하고 세계인의 감성을 움직여, 보다 윤택하고 풍요로운 우리의 미래를 가꾸어 보고자 한다.",http://www.bontemuseum.com,064-792-8108,- 10:00~18:00- 입장 마감 17:00,"[상설전시]- 성인 30,000원- 청소년 20,000원- 어린이 10,000원※ 자세한 사항은 홈페이지 참조 / 무료",무료,연중무휴,Unknown,가능,주차요금: 무료,50,130,VE,문화관광,VE07,전시시설,VE070100,박물관,60,0,90,100,30,0,,,90,60,120,observed,0.885,0.8854,0.9918,0.835,blend
2931892,14,문화시설,빛의 벙커,제주특별자치도 서귀포시 성산읍 서성일로1168번길 89-17,63641,126.8996000000,33.4399000000,"옛 국가 기간통신시설이던 오래된 벙커가 2012년 민간에 매각돼 빛의 벙커로 태어났다. 빛의 벙커는 예술과 기술, 미술과 음악이 융합된 문화 재생 콘셉트의 몰입형 미디어아트 프로젝트다. 구스타프 클림트, 빈센트 반 고흐 같은 거장의 작품을 프로젝션 매핑 기술로 구현하여 관람객에게 예술에 대한 새로운 접근과 감상 방식을 제시한다. 몰입형 미디어아트는 시각을 넘어 공감각적으로 예술에 몰입하는 경험을 제공함으로써 다양한 예술작품을 쉽게 이해하고 감상할 수 있도록 돕는다. 속도감 있게 전개되는 영상에 더해지는 웅장한 음악도 몰입형 미디어아트에 없어서는 안 될 존재다. 버려진 공간을 전시장으로 꾸며 도시재생의 기능도 수행한다. 한 편의 영화 같은 영상에서 작가의 삶과 작품 세계를 찬찬히 읽어내는 재미가 있다.",www.deslumieres.co.kr,1522-2653,10:00~18:20 (입장 마감 17:30),"- 성인 19,000원 / - 청소년 14,000원 / - 어린이 11,000원 / ※ 무료 : 36개월 미만 영유아 / ※ 자세한 사항은 홈페이지 참조 / 무료",무료,연중무휴,Unknown,Unknown,주차요금: 무료,50,130,VE,문화관광,VE07,전시시설,VE070300,전시관,10,0,90,90,40,0,,,60,45,75,observed,0.8277,0.8277,0.9994,0.8214,blend
2833763,14,문화시설,산지천갤러리,제주특별자치도 제주시 중앙로3길 36,63277,126.5283318960,33.5151474198,"산지천 갤러리는 녹수장, 금성장이라는 이름의 여관 건물을 재생하여 만든 문화공간이다. 원도심 활성화를 위해 추진된 산지천 복원과 탐라문화광장 조성사업으로 노후 건물들의 철거가 진행되었으나, 산지천 갤러리가 들어선 건물을 포함하여 고씨가옥, 유성식품 등 다섯 곳은 기존 원도심의 풍경을 담고 있는 가치를 인정받아 보존 건축물로 지정되었다. 이 건물들에 대한 많은 사람들의 관심과 애정 어린 목소리를 통해 산지천 갤러리라는 전시공간으로 새롭게 탄생하였다. 산지천 갤러리는 전문전시공간으로서 다양한 문화예술콘텐츠를 제공함과 동시에 원도심 지역 문화 관광 활성화에 기여하고자 한다.",https://www.jfac.kr,064-800-9341,- 10:00~18:00- 입장 마감 17:30,무료,Unknown,매주 월요일 / 설·추석 연휴 / 공휴일,Unknown,Unknown,Unknown,50,110,VE,문화관광,VE07,전시시설,VE070600,미술관/화랑,20,0,70,90,20,0,,,60,45,75,category,0.8448,,0.0,0.8448,category
1939093,14,문화시설,삼매봉도서관,제주특별자치도 서귀포시 남성중로153번길 15 (서홍동),63594,126.5519736490,33.2448561932,"삼매봉도서관은 제주특별자치도에 있는 15개의 공공도서관 중 한 곳으로 서귀포시 서홍동 기당미술관 옆에 있다. 다양한 자료를 수집 및 제공함으로써 도민의 독서 생활화에 기여하고 있으며, 다양한 계층별 독서 문화프로그램을 통해 도민들의 평생교육 실현에 앞장서고 있는 문화 소통의 복합 공간이다. 천장에는 외부를 그대로 보여주고 있어 바깥 풍경을 볼 수 있으며, 실내에 식물들이 식재되어 있어 편안한 느낌을 준다. / 이곳은 제주 올레길 중 가장 인기가 많은 제주 올레 7코스에 포함되어 있어, 오름도 오르고 독서도 하며 휴식을 취하고 싶다면 삼매봉도서관이 제격이다.",https://www.jeju.go.kr/lib,064-733-1524,[종합자료실 / 아동열람실] / - 주중 09:00~22:00 / - 주말 09:00~18:00 / [정보이용실] / - 주중 09:00~22:00 / - 주말 09:00~18:00 / [열람실] / - 08:00~23:00,Unknown,가능,금요일 / 설날 연휴 / 추석 연휴 / 대체공휴일 / 12월 31일 / 1월 1일,Unknown,Unknown,체험프로그램: 인권 아카데미 / 겨울 독서교실 / 디퓨저 만들기 등,50,130,VE,문화관광,VE09,교육시설,VE090300,도서관,70,0,50,80,40,0,,,60,45,75,category,0.8331,,0.0,0.8331,category
130193,14,문화시설,서귀포문화원,제주특별자치도 서귀포시 동홍로 30 (동홍동) 서귀포 시민문화체육복합센터 1F,63589,126.5688303839,33.2509974498,"서귀포문화원은 1996년에 창립하여, 12년 만인 2008년 7월 행정시 통합으로 인한 남제주문화원과 통합문화원으로 새로운 출발을 시작하였다. 서귀포문화원은 성산 일출봉에서 대정 송악산까지 가파, 마라도를 아우르는 역사 유적의 연구 조사 활동, 조상의 숨결이 밴 유형무형의 문화재를 발굴 보존 전승하는 일을 하고 있다. 또, 문화예술교육사업의 목적으로 문화학교와 문화대학을 운영하고 있으며, 숨비소리합창단과 문화동아리도 육성하고 있다. 이 외에도 어르신동아리와 어르신문화콘텐츠를 운영하여 다양한 연령층이 문화를 즐길 수 있고, 문화예술 활동 및 지역문화의 창달을 위해 노력하고 있다.",서귀포문화원 http://www.seogwipo.org,064-733-3789,09:00~18:00 (휴게시간 12:00~13:00),"강좌별 30,000원 (재료비 발생 강좌는 본인 부담)",가능 / 무료,매주 주말,Unknown,Unknown,체험프로그램: 문화학교 / 문화대학 / 숨비소리 합창단 / 문화동아리 / 어르신동아리 | 예약안내: 전화 예약 064-733-3789,50,130,VE,문화관광,VE09,교육시설,VE090100,한국문화원,10,0,20,90,70,0,,,60,45,75,category,0.8331,,0.0,0.8331,category
129767,14,문화시설,서귀포시립기당미술관,제주특별자치도 서귀포시 남성중로153번길 15,63594,126.5512403807,33.2447978549,"기당미술관은 제주도가 고향인 재일 교포 사업가 기당 강구범 선생에 의해 건립되어 서귀포시에 기증되었으며 1987년 7월 1일 개관하였다. 기당미술관의 건축은 농촌의 눌(단으로 묶은 곡식을 차곡차곡 쌓아 놓은 더미를 가리키는 제주도 방언)을 형상화하여 나선형의 동선으로 이루어진 전시실이 특징이며, 한국의 전통 가옥을 연상시키는 서까래 천정과 적절한 자연광이 들어올 수 있게 설계되어 쾌적한 전시 공간을 연출하고 있다. / 기당미술관은 5,092㎡의 대지에 1,160㎡ 면적의 지하 1층, 지상 1층 건물로 조성되어 상설전시실, 기획전시실, 수장고, 세미나실, 아트라운지, 사무실 등의 시설을 갖추고 있다. / 상설전시실은 기당 강구범 선생의 친형이자 근대 서예가인 수암 강용범 선생의 유작을 전시하는 ‘수암 전시실’과 제주도 출신의 폭풍의 화가로 잘 알려진 변시지 선생의 작품을 전시하는 ‘우성 변시지 전시실’로 구성되어 있다. 기획전시실은 기당미술관이 소장하고 있는 소장품을 중심으로 매년 3~4차례의 소장품 전과 지역 및 초대작가들의 작품들로 구성되는 기획전을 개최하여 지역예술인과 시민들이 함께 할 수 있는 공간을 만들고 있다. 아트라운지에는 어린이 쉼터 및 미술 도서가 비치되어 있다.",http://culture.seogwipo.go.kr,064-733-1586,09:00~18:00,"[개인] / - 어른 (25~64세) 1,000원 / - 청소년 (13~24세) 500원 / - 어린이 (7~12세) 300원 / [단체] / - 어른 700원 / - 청소년 300원 / - 어린이 200원 / ※ 무료 / - 유아 (6세 이하) / 65세 이상 경로/ 국가유공자 / 독립유공자/ 문화가 있는 날",가능 / 무료,매주 월요일 / 1월 1일 / 설·추석 연휴,Unknown,Unknown,대관안내: 기획전시실 대관,50,130,VE,문화관광,VE07,전시시설,VE070600,미술관/화랑,20,0,80,90,20,0,,,60,45,75,observed,0.881,0.8929,0.7534,0.8448,blend
3030351,14,문화시설,서귀포예술의전당,제주특별자치도 서귀포시 태평로 270 (서홍동),63594,126.55079114238754,33.24633337911781,"서귀포예술의전당은 지역 문화 예술 진흥에 기여하고 시민의 문화 예술 향유 기회 확대와 공연활동의 지원을 위하여 2014년 6월 개관하여 운영되고 있다. 서귀포시 서홍동 삼매봉원공원 일대 부지에 오름 분화구를 모티브로 움푹 파인 디자인과 한라산을 배경으로 제주 바람 속에 피어난 문화와 예술의 오름이란 테마로 디자인되었다. 서귀포 예술의 전당은 국비와 지방비로 건축된 서귀포시 최초의 복합문화공간이자 서귀포 유일의 종합문예회관으로 대극장, 소극장, 전시실, 세미나실, 강의실, 연습실 등을 갖추고 있다. 서귀포예술의전당 옆에는 국내 최초의 시립 미술관인 기당미술관이 있어서 함께 방문할 만하다. 가장 제주스러운 작품을 만나는 소박한 미술관으로 미술관 주변 공터나 서귀포예술의전당 뒤편 주차장에 주차를 하고 편리하게 이용할 수 있다.",http://culture.seogwipo.go.kr/artcenter,064-760-3341,공연 별로 상이함,공연 별로 상이함,Unknown,1월 1일 / 설·추석,Unknown,Unknown,Unknown,50,130,VE,문화관광,VE06,공연시설,VE060100,공연장,30,0,80,90,50,0,,,60,45,75,category,0.8274,,0.0,0.8274,category
988207,14,문화시설,서귀포천문과학문화관,제주특별자치도 서귀포시 1100로 506-1 천문과학문화관,63553,126.4604111560,33.2888776636,"서귀포천문과학문화관은 무병장수를 상징하는 별인 노인성을 관측하기에 최적의 장소로서 천문우주 관련 전시물들과 밤하늘의 천체 및 태양을 관측할 수 있는 천체 망원경들을 보유하고 있으며 아울러 가상의 밤하늘과 디지털 영상을 상영할 수 있는 천체 투영실을 갖추고 있다. 노인성은 무병장수를 상징하는 별로 겨울이 되면 서귀포시 밤하늘에서 관측할 수 있는 별이다. 노인성은 고도가 매우 낮아 지구 북반구의 중위도 지역에서는 관측하기가 쉽지 않다. 북반구에 위치한 우리나라에선 매우 보기 어려운 별이어서 노인성을 볼 수 있는 제주는 노인성이 비치는 땅, 장수하는 사람이 많은 곳으로 여겨졌다. 천문과학문화관에는 주관측실, 천체투영실, 전시실, 강의실이 있으며 황도 12궁을 살펴볼 수 있는 야외조형물이 있다. 또한 별빛 체험 교실, 방학 천문교실 등의 천문우주과학교육 프로그램을 운영하고 있다.",https://culture.seogwipo.go.kr,064-739-9701~2,14:00~22:00 / ※ 월별 프로그램 시간이 다르므로 홈페이지 참조,"- 어른 2,000원 / - 청소년, 어린이, 군인 1,000원",가능 / 무료,"매주 월요일 (단, 월요일이 공휴일인 경우 다음 첫 번째 비공휴일) / 1월1일 / 설·추석 / 내부사정에 따른 임시휴관일",Unknown,없음,Unknown,50,130,VE,문화관광,VE07,전시시설,VE070300,전시관,30,0,70,80,60,0,,,60,45,75,category,0.8214,,0.0,0.8214,category
130682,14,문화시설,서복전시관,제주특별자치도 서귀포시 칠십리로 156-8 (서귀동),63596,126.5706414743,33.2449259259,"서복전시관은 중국 진나라 때 진시황의 불로장생의 꿈을 이루기 위해 불로초를 찾아 제주도로 왔다고 전해지는 서복을 기념하여 만든 전시관이다. 1999년 2월 27일 문화관광부 전국 7대 문화관광권 개발 사업으로 지정되어 2003년 9월 26일 개관했다. 서복은 영주산에서 불로초를 구한 후 서귀포 앞바다 정방폭포 암벽에 ""서복이 이곳을 지나갔다""라는 글자를 새겨 놓고 서쪽인 중국으로 돌아갔다고 전해진다. 서귀포의 지명도 ‘서쪽으로 돌아간 포구’에서 유래됐다는 이야기가 있다. 전시관에는 서복상을 비롯해 진시황릉의 청동마차, 병마용갱의 실물 복제품과 조각 작품들이 전시되어 있다. 중국 원자바오 총리의 실물 크기 사진과 촬영하는 포토존, 주변 해안 전망대와 쉼터 등이 조성되어 있다.",http://culture.seogwipo.go.kr/seobok,064-760-6361,09:00~18:00 (입장 마감 17:30),무료,가능 / 무료,1월1일 / 설·추석 당일,Unknown,가능,Unknown,50,130,VE,문화관광,VE07,전시시설,VE070300,전시관,40,0,70,90,10,0,,,30,15,45,observed,0.7133,0.6667,0.6988,0.8214,blend
2752772,14,문화시설,성김대건신부표착기념관,제주특별자치도 제주시 한경면 용수1길 108,63009,126.1677385965,33.3228915301,"이 곳은 한국 최초로 천주교를 널리 알리고자 했던 김대건신부의 의지가 담아 기념할 수 있게 만든 곳이다. 한적한 해안가 마을 용수리에 위치한 성김대건신부 표착기념관은 우리나라의 첫 신부인 성 김대건신부와 제주 천주교 교회의 역사를 엿볼 수 있는 곳이다. 성 김대건신부는 라파엘호를 타고 중국에서 우리나라에 천주교를 전파하러 오던 중 풍랑을 만나 제주도 용수리 해안에 표착하게 되었는데 그곳에서 한국 최초로 미사와 성체 성사를 한 신부이다. 기념관은 총 2층과 옥상전망대로 이루어져 있고 1층에는 영상이나 이미지를 볼 수 있는 공간, 2층에는 김대건 신부님의 업적 등을 소개하고 천주교가 들어오기까지의 험난한 과정을 알게 해주는 전시품들, 억압 당시 사용되었던 도구 등이 전시되어 있다. 건물의 가장 위층 옥상전망대에서는 멀리 차귀도가 보이고 용수리의 아담한 마을 풍경과 제주올레 12코스와 13코스를 잇는 용수포구가 한눈에 내려다 보인다. 기념관 옆에 작은 성당은 성 김대건 신부가 사제 서품을 받은 김가항 성당 모습을 재현했고, 지붕은 파도와 라파엘호를 형상화했다. 성당은 미사 시간을 제외하고는 누구나 자유롭게 관람이 가능하다. / (출처 : 제주 문화관광 홈페이지)",www.visitjeju.net,064-772-1252,09:00~18:00 (미사 시간 별도),무료,가능 / 무료,연중무휴,Unknown,없음,"소장품현황: 친필 서한, 신부 유골함, 신부 고난의 길, 라파엘호 항해도 등",50,110,VE,문화관광,VE07,전시시설,VE070200,기념관,60,0,70,90,10,0,,,30,15,45,blend,0.8546,1.0,0.1813,0.8224,blend
770036,14,문화시설,성산포 해녀물질공연장,제주특별자치도 서귀포시 성산읍 일출로 284-34,63643,126.9388907191,33.4628688824,"성산포 해녀물질공연장은 실제 해녀들이 직접 공연하고 물에 들어가는 모습을 가까이서 만날 수 있어 색다르게 제주의 해녀를 만날 수 있는 공연이다. 성산일출봉 인근 우뭇개 어장에서 활동하는 성산어촌계 소속 해녀들이 물질을 시연한다. 해녀물질공연은 해녀 소개와 바다 잠수, 해산물 채취, 기념 촬영, 해산물 판매, 시식 순으로 진행되며 제주 특유의 전통문화를 체험할 수 있는 특별한 공연이다. 성산일출봉 입장권으로 무료 관람할 수 있으며 제주 올레 1코스에 속하는 성산갑문, 우도와 함께 둘러보기 좋다.",https://www.visitjeju.net,성산포 해녀물질공연장 064-783-0959 / 해녀의 집 064-783-1135,1일 1회 14:00 / ※ 기상상황에 따라 변동되므로 전화문의 요망,무료,가능,※ 기상상황에 따라 변동되므로 전화문의 요망,Unknown,없음,Unknown,50,130,VE,문화관광,VE06,공연시설,VE060100,공연장,40,40,70,90,80,20,,,60,45,75,category,0.8274,,0.0,0.8274,category
2763826,14,문화시설,세계술박물관,제주특별자치도 서귀포시 표선면 한마음초등로 431,63627,126.8176170566,33.3540041617,"제주 서귀포에 위치한 세계술박물관은 술의 역사 자료와 술 빚을 때 사용했던 도구, 사라져 가는 옛날 술을 수집 전시하고 있으며 우리나라 술과 술병의 변천사를 한눈에 볼 수 있는 술 전문 박물관이다. 특히 세계관에서는 프랑스 코냑, 영국 스카치, 아이리시 아이리시, 미국 아메리칸, 캐나다 캐나디안, 소련 보드카, 멕시코 테킬라, 독일 맥주 그 외, 아시아 술 전시관에는 중국, 일본, 북한 술 등이 전시되어 있다. 자세한 설명을 읽어보면 술에 대한 다양한 기본 상식을 알 수 있다. 전시 중인 모든 술은 개봉되지 않은 정품이며 앞으로도 정품만을 수집하여 보존할 계획이라고 한다.",http://www.worlm.co.kr,064-787-9500,- 6월~8월 09:00~18:30 (입장 마감 18:00)- 9월~5월 09:00~18:00 (입장 마감 17:30),"- 성인 7,000원 / - 경로/청소년 5,000원 / - 초등학생 2,000원 / ※ 무료 : 미취학 아동 / ※ 자세한 사항은 홈페이지 참조 및 전화 문의 요망 / 무료",무료,연중무휴,Unknown,Unknown,주차요금: 무료,50,130,VE,문화관광,VE07,전시시설,VE070100,박물관,0,10,40,90,20,0,,,60,45,75,blend,0.8423,0.875,0.1813,0.835,blend
596964,14,문화시설,세계자동차&피아노 박물관,제주특별자치도 서귀포시 안덕면 중산간서로 1610,63526,126.3499458641,33.2834376347,"세계자동차 & 피아노 박물관은 2008년 아시아 최초 개인 소장 자동차 박물관 개관에 이어 2019년 한국 최초의 피아노 박물관을 개관하여 역사와 문화, 예술이 함께 공존하는 교육의 장이 되도록 노력하고 있는 곳이다. / 인류 최고의 발명품 자동차, 자동차는 단순한 운송 수단이 아니라, 라이프 스타일의 상징이자 인류의 꿈과 미래를 담은 상징이기도 하다. 최초의 자동차에서 시작하여 각 시대를 대표하는 전 세계에서 수집된 100여 대의 자동차를 통해 자동차가 발전하는 역사와 문화를 만나 볼 수 있으며, 2019년 7월 개관한 피아노박물관은 세계적 조각가 오귀스트 로댕이 조각한 전 세계 단 하나뿐인 진귀한 피아노를 비롯해 베토벤, 쇼팽, 하이든 등 위대한 음악가들이 사랑했던 피아노의 특별한 스토리와 300년의 역사가 살아 숨 쉬는 피아노 예술품들이 전시되어 있다. 어린이들이 직접 피아노를 연주하거나 지휘를 하며 공연할 수 있는 복합음악 체험 공간이 마련되어 있다. 전시된 자동차와 피아노 관람과 더불어 어린이 무료 교통 체험, 음악 체험 , 사슴, 토끼 먹이 주기 체험을 할 수 있다. 이외에도 100여 종의 식물이 서식하고 있는 곶자왈 힐링 로드도 여유롭게 즐겨보기를 권한다.",https://worldautopianomuseum.com,064-792-3000,09:00~18:00 (입장 마감 17:20),"[일반] / - 성인13,000원 / - 중고생 12,000원 / - 어린이 12,000원 / [단체 (20인 이상)] / - 성인 11,000원 / - 중고생 10,000원 / - 어린이 10,000원",가능 / 무료,연중무휴,Unknown,Unknown,체험프로그램: 어린이 교통 체험 / 음악 체험 / DIY 체험 / 동물 먹이주기 체험,50,130,VE,문화관광,VE07,전시시설,VE070100,박물관,60,0,80,100,80,0,,,60,45,75,observed,0.771,0.75,0.7534,0.835,blend
1220821,14,문화시설,세계조가비박물관,제주특별자치도 서귀포시 태평로 284,63594,126.5516736169,33.2474447916,"서양화 화가 명연숙 관장이 41여 년간 세계 각국에서 수집한 8,800여 종 개체 수 억 만점 이상의 신비하고 아름다운 오방색 조가비와 산호 그리고 동을 이용하여 세계 최초로 시도하는 새로운 형식의 세계조가비박물관이다. 바닷속 아름다운 조가비 세계를 예술 작가들이 연출하였는데, 부관장(권오균 금속조형작가)의 작품인 동을 소재로 하여 만든 받침대 위에 올려진 조가비와 산호의 아름다운 하모니는 관람객들의 발길을 멈추게 한다.",http://www.wsmuseum.co.kr,064-762-5551,09:00~18:30 (매표 마감 17:30) / ※ 박물관 사정에 따라 변경될 수 있으므로 전화문의 요망,"[개인] / - 성인 7,000원 / - 청소년 5,000원 / - 어린이 4,000원 / - 경로 6,000원 / [단체 (20인 이상)] / - 성인 6,300원 / - 청소년 4,500원 / - 어린이 3,600원 / - 경로 5,400원 / ※ 자세한 사항은 홈페이지 참조",가능 / 무료,연중무휴,Unknown,Unknown,체험프로그램: 조가비아트 액자 만들기 체험 / 박스 만들기 체험 / 천연 진주 팔찌 만들기 체험 / 동판화 만들기 체험 / 조가비 부엉이 만들기 체험,50,130,VE,문화관광,VE07,전시시설,VE070100,박물관,20,0,80,90,10,0,,,60,45,75,category,0.835,,0.0,0.835,category
1937744,14,문화시설,소심한 책방,제주특별자치도 제주시 구좌읍 종달동길 36-10,63364,126.90265167417601,33.490276261417776,"소심한 책방은 제주 동쪽 끝자락에 자리한 작은 마을, 종달리에 위치한 아담하고 따뜻한 분위기의 독립 서점이다. 이곳은 조용하고 아늑한 공간에서 책을 고르고 읽고 머무를 수 있다. 여행서적을 비롯해 문학·예술·철학 등 다양한 장르의 책들이 고르게 비치되어 있어 각자의 취향에 맞는 책을 발견하는 즐거움을 느낄 수 있다. 따뜻한 분위기와 편안한 좌석은 책과 함께하는 고요한 시간을 만들어준다. 제주의 감성을 느끼며 책을 즐길 수 있는 공간이다. 제주 여행 중 책과 여유, 그리고 조용한 시간을 원하는 이들에게 진심으로 추천하는 장소다.",https://www.sosimbook.com,070-8147-0848,10:00~18:00,Unknown,Unknown,연중무휴,Unknown,Unknown,Unknown,50,110,VE,문화관광,VE12,기타문화관광지,VE120100,서점,30,0,50,70,20,80,,,30,15,45,observed,0.92,0.9444,0.8347,0.7969,blend
2834656,14,문화시설,아라리오뮤지엄 동문모텔2,제주특별자치도 제주시 산지로 23,63278,126.5293750659,33.5149843124,아라리오뮤지엄의 다섯 번째 전시공간 아라리오뮤지엄 동문모텔 II는 동문모텔 I과 더불어 제주 구도심의 최대 번화가였던 동문재래시장과 제주의 역사를 안고 흐르는 산지천 사이에 자리하였던 모텔들을 인수하여 문화시설로 개축한 현대미술관이다. 산지천은 물이 귀한 제주에서 가장 큰 용천수가 솟아나는 하천이자 항만물류의 중심으로 주택과 상가들이 조밀하게 모여있는 지역이었다. 바다에서 항구로 들어오면 바로 마주하게 되는 동문모텔 II는 건물이 밀집된 지역의 자투리 땅을 활용하기 위해 삼각형으로 지어졌다. 그러나 신도심 개발과 항공교통의 발달로 인해 산지천 일대를 찾는 사람들의 발길이 줄어들자 효용가치가 낮아 지난 10여 년간 방치되어 있었다. 동문모텔 I과 동문모텔 II는 산지천의 옛 기억이 묻어있는 기존 건물의 흔적들을 보존함과 동시에 현대적인 미술작품을 감상할 수 있는 곳으로 새롭게 태어났다. 과거 여정에 지친 사람들의 휴식처였던 모텔들은 이제 새로운 예술적 경험을 선사하는 공간으로 탈바꿈되어 산지천 일대에 새로운 문화적 활기를 불어넣을 것이다.,http://www.arariomuseum.org,064-720-8203,10:00~19:00,"- 성인 20,000원 / - 청소년 12,000원 / - 어린이 8,000원",불가능,매주 월요일,Unknown,가능,Unknown,50,110,VE,문화관광,VE07,전시시설,VE070600,미술관/화랑,20,0,80,90,10,0,,,45,30,60,blend,0.7311,0.5,0.3297,0.8448,blend
2931932,14,문화시설,아라리오뮤지엄 탑동시네마,제주특별자치도 제주시 탑동로 14 (삼도이동),63165,126.5233924898,33.5174206183,국내 최고의 미술품 커렉터로 꼽히는 김창일 회장이 제주 탑동 인근 원도심에 버려진 건물을 이횽해 만든 현대미술 전시관이다. 오래된 건물을 크게 개조하지 않고 곳곳에 이전의 흔적을 남겨두어 현대 미술품 뿐만 아니라 원도심의 정취를 느낄 수 있다. 제주 여행 중 친구와 가족과 함께 방문해 여러 전시품을 보며 추억을 남기기에도 좋다.,http://www.arariomuseum.org,064-720-8201,화요일~일요일 10:00~19:00,"- 성인 15,000원 / - 청소년(14세~19세) 9,000원 / - 어린이(5세~13세) 6,000원",Unknown,매주 월요일,Unknown,Unknown,Unknown,50,110,VE,문화관광,VE07,전시시설,VE070600,미술관/화랑,20,0,80,80,30,0,,,45,30,60,observed,0.7931,0.7708,0.6988,0.8448,blend
3112168,14,문화시설,아우아우,제주특별자치도 제주시 조천읍 와산3길 13-105,63342,126.69318766424067,33.48783967329499,"제주 동쪽 숲 속에 위치한 마음을 치유하는 안식처, 제주도 내 유일 한옥 스타일의 반려동물 복합문화공간이다. 아우아우는 1천여 평의 공간으로 실내·외 공간 모두 보유하고 있어 날씨에 구애받지 않고 반려견과 함께할 수 있는 공간으로 반려견이 눈치 보지 않고 뛰어놀 수 있는 천연 잔디 운동장을 비롯한 제주 화산송이 운동장, 실내 반려견 전용 공간을 보유하고 있다. 반려동물을 위한 제주 특산품으로 만든 화식과 간식부터 반려인의 입맛을 사로잡을 메뉴까지 준비되어 있다. 여행의 추억을 위해 반려견과 함께하실 수 있는 사진 공간도 별도로 보유하고 있으며 시즌마다 바뀌는 포토존과 맞춤 이벤트, 다양한 반려견 의상도 체험할 수 있다.",https://www.instagram.com/awooawoo.jeju,0507-1369-4930,12:00~19:00,"- 반려견 5,000원- 보호자 입장료 무료",Unknown,매주 수요일~목요일,Unknown,Unknown,Unknown,50,110,VE,문화관광,VE12,기타문화관광지,VE120300,기타문화시설,80,60,80,40,80,20,,,30,15,45,category,0.7969,,0.0,0.7969,category
3005374,14,문화시설,아이바가든,제주특별자치도 제주시 애월읍 고성남서길 10,63065,126.4220642723,33.4336186579,"아이바가든은 제주 최대 규모의 몰입형 미디어아트 전시관으로, 빛과 영상이 어우러진 9개의 테마 공간에서 오감을 활용한 특별한 체험을 즐길 수 있는 실내 관광지이다. 거대한 미디어아트 영상과 공간 연출을 통해 마치 작품 속에 들어온 듯한 몰입감 있는 경험을 선사하며, 다양한 테마 전시를 통해 신비로운 세계를 만날 수 있다. 제주공항에서 차량으로 약 20분 거리에 위치해 접근성이 좋고, 애월과 평화로 인근 관광지와 함께 둘러보기에도 편리하다. 또한 실내 전시관으로 운영되어 날씨의 영향을 받지 않아 비 오는 날에도 방문하기 좋은 제주 여행지이다.",https://ivarjeju.co.kr,064-752-1000,09:00~19:00 (입장 마감 18:00),"- 일반 15,000원- 청소년 13,000원- 소인 10,000원※ 무료- 36개월 미만 유아※ 이용요금은 변동될 수 있으므로 자세한 사항은 홈페이지 참조 또는 전화 문의 요망",Unknown,연중무휴,Unknown,Unknown,Unknown,50,110,VE,문화관광,VE07,전시시설,VE070600,미술관/화랑,20,0,90,80,70,0,,,60,45,75,category,0.8448,,0.0,0.8448,category
2048059,14,문화시설,아쿠아플라넷 제주,제주특별자치도 서귀포시 성산읍 섭지코지로 95,63642,126.9278439065,33.4328023538,"아쿠아플라넷 제주는 제주 동부 성산일출봉 옆에 위치한 국내 최대의 아쿠아리움이다. 월드 클래스급 초대형 해양종합문화시설로써, 전시 생물 4만 5천여 마리의 생물들이 전시되어 있다. 특히 최대 6,000톤까지 해수를 수용할 수 있는 메인 수조는 2만 7천 마리의 어류를 관람할 수 있는 초대형 수조로 수조앞면에서 바라보면 마치 바닷속에 들어와 있는 듯한 착각을 불러온다. 희귀한 해양 생물을 가까이에서 관찰할 수 있어 제주 자연과 해양 생태계를 동시에 느낄 수 있는 공간으로, 교육적 가치와 즐거움을 함께 제공하는 관광지이다. 매 시간마다 진행하는 오션아레나 공연과 제주전통해녀시연은 또 다른 볼거리이다.",http://www.aquaplanet.co.kr/jeju,1833-7001,09:30~18:00 (입장 마감 17:30),"- 대인 45,500원 / - 청소년/경로 43,600원 / - 어린이 41,400원 / ※ 무료 : 36개월 미만 (증빙서류 지참 필수 / 직계가족 동반에 한함 / 단체입장객 제외) / 무료",무료,연중무휴,Unknown,Unknown,주차요금: 무료,50,130,VE,문화관광,VE02,테마공원,VE020400,수족관 / 아쿠라리움,70,0,90,80,70,0,,,150,120,180,observed,0.8996,0.8996,1.0,0.8996,blend
130180,14,문화시설,아프리카 박물관,제주특별자치도 서귀포시 이어도로 49 (대포동),63544,126.4290955229,33.2398992429,"아프리카 박물관은 1998년 11월 서울 대학로에 아프리카란 우리에겐 다소 생소한 문화를 토대로 한 박물관을 개관하였으며, 2004년 12월 새로운 문화적 도약을 위해 제주도 서귀포시 중문관광단지 국제컨벤션센터 동쪽에 박물관 건물을 신축하고 이전하였다. 서귀포시 중문관광단지에 새롭게 선보인 아프리카 박물관의 건물은 서아프리카 말리의 젠네에 위치하고 있는 이슬람 대사원을 토대로 설계하였다. 젠네 대사원은 흙으로 지어진 건물 중 세계 최대 규모이며, 국제 문화 협력 교류기관인 유네스코는 전 인류가 함께 보존해야 할 세계문화유산으로 지정하고 있다. 신축된 아프리카 박물관은 아프리카 대륙 문화의 정통성을 훼손하지 않고 보다 다양한 시각으로 소개하고자 하는 본 박물관의 의지를 표방하고 있다.",https://www.instagram.com/museumafrica,아프리카 박물관 064-738-6565,10:00~19:00,"- 성인, 대학생 11,000원 / - 청소년 10,000원 / - 어린이 9,000원",가능 (승용차 100대) / 무료,연중무휴,Unknown,Unknown,체험프로그램: [문화체험교실] / - 조형물만들기 / 체험학습지 작성 / 전통음악 공연 / 동영상 관람 등 / ※ 자세한 안내는 홈페이지 참조 | 한국어 안내서비스: 전시 설명 가능(사전예약) | 예약안내: 단체관람 - 전화예약(예약시 박물관 투어 혜택) / ※ 문의 064-738-6565,50,130,VE,문화관광,VE07,전시시설,VE070100,박물관,10,0,70,90,10,0,,,60,45,75,blend,0.8649,1.0,0.1813,0.835,blend
2858291,14,문화시설,어리목탐방안내소,제주특별자치도 제주시 1100로 2070-61 (해안동),63077,126.4953790000,33.3929790000,"한라산 어리목탐방안내소는 한라산 어리목 탐방로 주차장, 어승생악 입구 옆에 있다. 한라산 탐방 정보와 한라산의 탄생, 역사, 지질, 전설, 생태 등 이해를 돕기 위한 전시공간으로 이루어져 있다. 1~3전시실과 함께 어린이 체험학습장, 영상실, 포토존 등이 있다. 영상실에서는 한라산 및 제주 세계자연유산 홍보영상을 관람할 수 있고 탐방로 입구, 한라산 탐방로, 어리목 등에 설치된 실시간 CCTV 장면도 확인할 수 있다. 한라산 탐방로 가이드와 산행 안전 수칙, 한라산 보호 활동 등 등반과 환경 활동에 필요한 정보를 얻을 수 있어 산행 전 둘러보기 좋다.",Unknown,064-710-7854,09:00~17:00,무료,Unknown,연중무휴,Unknown,Unknown,Unknown,50,110,VE,문화관광,VE12,기타문화관광지,VE120300,기타문화시설,70,0,60,80,50,0,,,105,75,135,blend,0.8337,1.0,0.1813,0.7969,blend
2852695,14,문화시설,예술공간 이아,제주특별자치도 제주시 중앙로14길 21 (삼도이동),63169,126.5220988994,33.5111557521,"예술공간 이아는 예전 제주대학교 병원 건물의 골조를 그대로 살린 채 리모델링하여 만든 복합문화공간으로 1년 내내 다양한 전시가 있어지는 곳이다. 전시장과 연습 공간 운영 및 창의적 문화 예술교육 프로그램 등을 통해 예술창작의 거점을 마련해 도민들의 문화향유 기회를 확대하고, 지역과의 긴밀한 연계를 통해 원도심 활성화에 함께한다.",https://www.jfac.kr,064-800-9331,[전시실]10:00~18:00 (입장 마감 17:30)[3층/4층]09:30~18:00,무료,무료,매주 월요일 / 법정공휴일 / 노동절(5월 1일),Unknown,Unknown,주차요금: 무료,50,110,VE,문화관광,VE12,기타문화관광지,VE120300,기타문화시설,0,0,70,90,60,0,,,30,15,45,blend,0.7657,0.625,0.1813,0.7969,blend
2660802,14,문화시설,오설록 티뮤지엄,제주특별자치도 서귀포시 안덕면 신화역사로 15,63521,126.289392182586,33.3060818422347,"오설록 티뮤지엄은 아모레퍼시픽이 차문화를 소개하고, 널리 보급하고자 2001년 9월에 개관한 국내 최초의 차 박물관이다. 세계적인 디자인 건축 전문사이트인 디자인붐이 선정한 세계 10대 미술관에 오를 만큼 아름다운 경관을 선보이는 티뮤지엄은 연간 180만 명의 관람객이 방문하는 제주 최고 명소이자 문화 공간이다. 오설록 티뮤지엄은 ‘Tea Culture Creator’로서 한국뿐 아니라 동서양의 차문화와 역사를 대중들에게 선보이고자 노력하고 있다. 오설록 티뮤지엄에서 일상의 휴식이 되는 찻자리부터 차의 의미를 되새기는 티클래스까지 다채로운 순간들을 경험할 수 있다.",공식 홈페이지 https://www.osulloc.com,0507-1418-5312,- 하절기 09:00~19:00- 동절기 09:00~18:00※ 기상악화 시 운영시간 변경될 수 있음,"무료 (단, 체험 프로그램 별도) / 무료",무료,연중무휴,Unknown,Unknown,주차요금: 무료,50,130,VE,문화관광,VE07,전시시설,VE070300,전시관,70,60,90,100,70,40,,,45,30,60,blend,0.8538,1.0,0.1813,0.8214,blend
2606690,14,문화시설,왈종미술관,제주특별자치도 서귀포시 칠십리로214번길 30 (동홍동),63597,126.5736773135,33.2453287076,"왈종미술관은 제주도 서귀포시 정방폭포 입구에 자리한 사립 미술관이다. 이곳은 평생 동안 제주의 풍요로움과 아름다움을 화폭에 담아 온 이왈종 화백이 자신의 이름을 걸고 개관한 곳이다. 전체 넓이 300평(약 992㎡) 규모의 3층 건물로, 조선백자의 찻잔을 조형화한 모습이 파란 하늘과 짙푸른 바다를 배경으로 멋진 한 폭의 그림을 그려내는 것 같다. 미술관 1층은 어린이 미술교육실과 수장고, 도예실로 이루어졌고, 2층에 마련된 전시실에는 이 화백의 회화와 도예 작품 90여 점이 전시되어 있다. 3층은 이 화백의 작업공간으로 꾸며졌으며, 커피숍을 겸한 아트숍이 미술관 옆에 자리하고 있어 그림과 휴식을 함께 즐기는 복합 문화공간으로 이용할 수 있다.",http://walartmuseum.or.kr,064-763-3600,- 미술관 10:00~18:00 (입장 마감 17:30) / - 아트샵 10:00~18:00,"[개인] / - 성인 10,000원 / - 청소년/어린이 6,000원 / [단체 (15인 이상)] / - 성인, 청소년/어린이 6,000원 / ※ 무료 / - 7세 이하 / 장애인 / 국가유공자",가능 / 무료,매주 월요일,Unknown,Unknown,Unknown,50,130,VE,문화관광,VE07,전시시설,VE070600,미술관/화랑,20,20,80,90,60,30,,,30,15,45,observed,0.8208,0.7917,0.4512,0.8448,blend
2933508,14,문화시설,유동룡미술관,제주특별자치도 제주시 용금로 906-10,63017,126.2707792522,33.3405858680,"유동룡미술관은 제주를 사랑한 세계적인 건축가 유동룡의 건축 철학과 예술 세계를 조명하는 공간이다. 재일한국인으로 태어나 이타미 준이라는 이름으로 활동한 유동룡은 건축과 예술의 경계를 넘나들며 독자적인 작품 세계를 구축한 건축가이자 종합예술가이다. 제주에는 방주교회, 수풍석뮤지엄, 포도호텔, 비오토피아 등 여러 건축 작품을 남긴 인물로 잘 알려져 있다. 미술관은 유동룡이 추구한 공간 철학을 바탕으로 그의 딸인 유이화가 설계하였으며, 자연과 조화를 이루는 건축과 지역의 풍토, 전통, 역사에 기반한 건축 철학을 담고 있다. 전시뿐 아니라 향과 음악, 티 서비스 등을 통해 건축가 유동룡의 사상과 예술 세계를 보다 깊이 이해할 수 있는 공간이다.",https://itamijunmuseum.com,0507-1385-2678,10:00~18:00 (입장 마감 17:00),"[개인]- 성인 26,000원- 청소년 18,000원[제주도민]- 성인 20,000원- 청소년 14,000원",Unknown,매주 월요일 / 1월1일※ 내부 사정에 따라 변동될 수 있으므로 전화문의 요망,Unknown,Unknown,Unknown,50,110,VE,문화관광,VE07,전시시설,VE070600,미술관/화랑,60,20,80,90,40,0,,,90,60,120,observed,0.8584,0.8611,0.8347,0.8448,blend
2717330,14,문화시설,유민 아르누보 뮤지엄,제주특별자치도 서귀포시 성산읍 섭지코지로 107,63642,126.9246787370,33.4335552242,"유민미술관은 2017년 6월 9일 개관한 국내 유일 아르누보 유리공예 미술관으로, 휘닉스 제주 섭지코지 내에 위치해 있다. 노출 콘크리트로 기하학적 선과 주변 자연을 살리며 만든 건축물이며, 세계적인 건축가 안도 타다오가 설계한 건축물인 ‘지니어스로사이’에 새롭게 조성되었으며, 미술관 전시 설계는 덴마크 건축가인 요한 칼슨(Johan Carlsson)이 맡았다. / ◎ 한류의 매력을 만나는 여행 정보 - 영화 / 마녀 프로젝트를 만든 백총괄의 신비로운 저택은 휘닉스 제주의 글라스 하우스와 유민 아르누보 뮤지엄이다. 글라스 하우스의 민트레스토랑은 어느 자리에서든 넓게 펼쳐진 바다를 볼 수 있으며 유민 아르누보 뮤지엄은 프랑스 아르누보 유리공예뿐만 아니라 공간 자체가 아름다워 인기가 많다. 건물이 위치한 섭지코지와 함께 둘러보기를 추천한다.",https://phoenixhnr.co.kr,064-731-7791,09:00~18:00 (매표 마감 17:00),"- 성인 20,000원 / - 청소년, 어린이 17,000원",가능 / 무료,"매월 첫째 화요일 / ※ 국경일, 명절일 경우 정상 운영",Unknown,Unknown,Unknown,50,130,VE,문화관광,VE07,전시시설,VE070600,미술관/화랑,60,20,80,80,20,0,,,60,45,75,category,0.8448,,0.0,0.8448,category
130494,14,문화시설,이중섭 미술관,제주특별자치도 서귀포시 이중섭로 33 (서귀동),63595,126.56447048522864,33.245159269694526,"이중섭 미술관은 천재 화가 이중섭의 창작 열의와 불멸의 예술성을 후대에 기리고자 건립된 전시관이다. 2002년 이중섭 전시관으로 개관하여 2004년 제1종 미술관으로 등록되었다. / 이중섭 화백은 한국전쟁이 한창이던 1951년 1월부터 서귀포시 서귀동 512-1번지의 작은 셋방에서 일본인 아내, 두 아들과 1년 남짓 머물며 지금까지 그의 대표작으로 꼽히는 대부분의 그림을 그려냈다. 전쟁 피난민으로서 일시적인 체류였지만 힘들고 불우한 그의 일생 중 그래도 가장 안정적인 시기로 뛰어난 작품을 그려낼 수 있었다. 이러한 중요성 때문에 서귀포시에서는 이중섭이 살던 집을 복원해 이중섭 기념관을 짓고 집 앞 거리를 ‘이중섭 거리’로 지정했다. 이중섭 거리에는 피난 당시 거주했던 집이 원형 그대로 복원되어 있으며, 초가 뒤편으로 생전에 그렸던 그림을 전시한 ‘이중섭 미술관’이 있다. / 이중섭 화가의 작품들은 가나아트센터 대표 이호재씨가 서귀포시에 기증한 것으로 이중섭 원화 작품 8점과 우리나라를 대표하는 근현대 화가의 작품 52점 등 모두 60점의 작품이 소장되어 있다.",http://culture.seogwipo.go.kr/jslee,064-760-3567,09:30~17:30,무료,무료,매주 월요일 / 1월 1일 / 설·추석 연휴,Unknown,Unknown,주차요금: 무료,50,130,VE,문화관광,VE07,전시시설,VE070200,기념관,10,0,70,90,10,0,,,30,15,45,observed,0.7883,0.788,0.9899,0.8224,blend
2606611,14,문화시설,자연사랑미술관,제주특별자치도 서귀포시 표선면 가시로613번길 46,63623,126.7719520840,33.3556696951,"서귀포시에 위치한 사진갤러리이다. 폐교된 가시초등학교를 활용해 90평 규모의 넓은 전시 공간을 가진 것이 특징이다. 제주는 천혜의 자연경관으로 이루어진 화산섬으로, 섬 곳곳에 독특한 경관과 문화가 서려 있다. 이런 제주의 자연과 민속을 담은 사진가 서재철의 작품을 한눈에 볼 수 있도록 전시했다. 자연사랑미술관은 가시초등학교의 옛 모습을 담은 사진 전시실, 사진과 책을 판매하는 공간과 쉼터로 구성되어 있다. 땅 할아버지라는 의미의 따라비전시장에서는 제주오름(기생화산)의 다양한 모습을 만날 수 있고, 바람이 머무는 곳이라는 뜻의 바람자리전시장에서는 한라산과 바다를 통해 제주의 비경과 사계절을 느낄 수 있다. 그 외에 화산탄을 전시한 야외 화산탄 갤러리가 있다.",http://hallaphoto.com/default,064-787-3110,10:00~17:00,"- 성인 3,000원 / - 초,중,고 1,000원 / - 도민 2,000원",가능 / 무료,연중무휴,Unknown,Unknown,Unknown,50,130,VE,문화관광,VE07,전시시설,VE070600,미술관/화랑,70,0,90,80,30,20,,,60,45,75,category,0.8448,,0.0,0.8448,category
2798027,14,문화시설,전이수갤러리 걸어가는늑대들,제주특별자치도 제주시 연북로 707 (이도이동) 1-2,63228,126.551308069414,33.4950007521436,"제주 시내 쪽에 위치한 전이수 갤러리는 제주도에 사는 꼬마 화가이자 동화 작가가 운영하는 곳이다. SBS ‘영재 발굴단’ 방송 출연으로 알려진 전이수는 개성 있는 그림체와 어려운 환경에 있는 사람들에게 기부를 하는 선한 영향력을 펼치고 있는 작가다. 전시 입장료의 수익은 제주 미혼모 보호시설과 국경 없는 의사회, 아프리카 친구들을 위해 쓰인다. 갤러리 입구에는 전이수 작가와 동생 전우태 작가의 작품이 담긴 굿즈 상품과 책, 팬시 용품 등을 판매하고 있다. 사회의 아픔과 세계 곳곳 어려운 이웃에 대한 마음을 순순하고 특유의 감성으로 풀어내는 전이수 갤러리는 전시를 보는 내내 마음의 힐링뿐 아니라 기부도 함께 할 수 있는 뜻깊은 공간이다.",https://www.instagram.com/gallery_walkingwolves,0507-1344-9482,10:00~19:00 (입장 마감 18:00),"- 성인 10,000원- 어린이 2,000원※ 무료 : 36개월 미만 유아 / 무료",무료,연중무휴,Unknown,Unknown,내국인예약안내: 네이버 예약 가능 | 주차요금: 무료,50,110,VE,문화관광,VE07,전시시설,VE070600,미술관/화랑,10,0,60,80,20,30,,,60,45,75,category,0.8448,,0.0,0.8448,category
1769266,14,문화시설,제주 세계자연유산센터,제주특별자치도 제주시 조천읍 선교로 569-36,63341,126.7147186830,33.4568849822,"거문오름에 위치한 제주세계자연유산센터는 유네스코 세계자연유산으로서 제주의 가치를 관리하고 보전하기 위한 시설로, 화산 활동을 통해 생성된 제주, 용암동굴, 한라산의 다양한 식생, 용암동굴, 미래의 자연유산 등 제주 자연의 숨결을 느끼고 경험해 볼 수 있다. 이곳의 주요 시설은 상설전시실, 기획전시실, 4D영상관, VR체험존이 있고 그 이외에도 전망대, 세미나실, 국제홍보관, 여행안내소 등이 있다. 센터에서 거문오름을 탐방할 수 있는 통로가 곧바로 연결되어 있어 이용자의 편의를 돕는다.",https://www.jeju.go.kr/wnhcenter,064-710-8980,- 09:00~17:50- 매표 마감 17:20,"[개인]- 어른 3,000원- 청소년/군인 2,000원[단체]- 어른 2,400원- 청소년/군인 1,600원※ 무료 : 어린이",Unknown,매월 첫째주 화요일 / 설·추석 당일,Unknown,Unknown,Unknown,50,110,VE,문화관광,VE07,전시시설,VE070200,기념관,70,0,60,90,70,0,,,60,45,75,manual_override,0.8224,,0.0,0.8224,category
3037623,14,문화시설,제주 스카이워터쇼,제주특별자치도 제주시 구좌읍 번영로 2172-80,63355,126.7442727110463,33.42422382472475,"제주 스카이워터쇼는 구좌읍에 위치한 실내 공연장에서 상연되는 워터쇼이다. 대형 분수쇼와 고난도 다이빙쇼가 어우러지는 역동적이고 신기한 워터쇼로 외줄 타기 공연은 물론이고 고공낙하쇼 그리고 분수쇼까지 화려한 퍼포먼스와 환상적인 무대는 긴장감을 놓을 수 없는 재미를 선사한다. 또한, 물과 빛이 아름답게 어우러지는 국내 최초의 스카이 워터쇼로 손꼽힌다. 필리핀공연단, 러시아, 우즈베키스탄, 우크라이나 세계대회 우승 다이버 등 여러 나라의 공연단들과 함께 대형 분수쇼, 화려한 공중 퍼포먼스와 코믹하고 멋진 다이빙 쇼를 동시에 선보이고 있다. 공연이 끝나면 공연단들과 함께 사진 촬영도 가능하다. 아이가 있는 가족여행객뿐 아니라 부모님도 만족하는 공연으로 온 가족이 함께 즐기기 좋은 제주도 실내관광지이다. 주변으로 산굼부리분화구와 에코랜드가 있어 연계해서 방문해 보는 것도 좋다.",http://www.skywatershow.co.kr,064-782-7870,- 09:30~14:30 (휴게시간 12:00~13:00)- 공연 시간(3회차) 09:30 / 11:00 / 14:30,"[일반]- 성인 27,000원- 청소년 25,000원- 소인 23,000원[제주도민]- 성인 20,000원- 청소년 19,000원- 소인 17,000원※ 자세한 사항은 홈페이지 참조 및 전화 문의 요망 / 무료",무료,연중무휴,Unknown,Unknown,주차요금: 무료,50,110,VE,문화관광,VE06,공연시설,VE060100,공연장,20,0,90,60,60,0,,,90,60,120,observed,0.7396,0.7222,0.8347,0.8274,blend
2406460,14,문화시설,제주 추사관,제주특별자치도 서귀포시 대정읍 추사로 44,63517,126.2785639201,33.2498068953,"제주추사관은 조선후기 대학자이자 예술가인 추사 김정희 선생의 삶과 학문 예술세계를 기리기 위해 지난 2010년 12월 건립되었다. 제주추사관의 전신은 1984년 지주지역 예술인들과 제주사 연구자들의 노력으로 건립된 추사유물전 시관이다. 그러나 전시관이 낡은 데다, 2007년 10월 추사유배지가 국가지정문화재로 승격되면서 그 격에 걸맞게 재건립되어야 한다는 여론에 따라 새롭게 제주추사관을 완공하였다. 제주추사관은 추사기념홀을 비롯해 3개의 전시실과 교육실, 수장고 등의 시설을 갖추고 있으며, 부국문화재단, 추사동호회 등에서 기증해 주신 ‘예산김정희종가유물일괄’, 추사 현판 글씨, 추사 편지 글씨, 추사 지인의 편지 글씨 등을 전시하고 있다.",http://www.jeju.go.kr/chusa,064-710-6865,09:00~18:00 (입장 마감 17:30),무료,가능 / 무료,매주 월요일 / 1월 1일 / 설·추석 연휴,Unknown,Unknown,Unknown,50,130,VE,문화관광,VE07,전시시설,VE070300,전시관,0,0,50,90,10,0,,,30,15,45,observed,0.7821,0.75,0.5507,0.8214,blend
129895,14,문화시설,제주 탑동해변공연장,제주특별자치도 제주시 중앙로 2,63165,126.5243032176,33.5179061303,"아름다운 제주 해변 풍광과 함께 시원한 바다 내음을 맡으며 다양한 무대 공연을 관람할 수 있는 야외 공연장이다. 공연장의 구조를 갖춘 최초의 야외 공연장으로서 수준 높은 공연이 가능한 곳이다. 지상 3층의 공연장 건물과 노천 객석 2,500여석 규모로 전국 유일의 바닷가에 인접한 공연장으로 국내 최초의 야외 공연장이다. 주변에 조망할 수 있는 바다와 항구가 있고, 공연장 옆에는 광장이 있어서 다양한 여가 활동을 즐기는 제주 시민을 만날 수 있다. / (출처 : 제주 문화관광 홈페이지)",www.visitjeju.net,064-728-3453,상시 개방,Unknown,가능,연중무휴,Unknown,Unknown,Unknown,50,110,VE,문화관광,VE06,공연시설,VE060100,공연장,70,0,80,80,50,0,,,45,30,60,blend,0.8587,1.0,0.1813,0.8274,blend
2986689,14,문화시설,제주고산리유적안내센터,제주특별자치도 제주시 노을해안로 1100,63008,126.1659029816,33.3044553480,"제주고산리유적안내센터는 우리나라에서 가장 오래된 신석기 유적인 제주 고산리 유적을 알리고 보존하기 위해 운영되는 공간이다. 1987년 석기와 토기가 발견된 이후 본격적인 조사와 발굴이 이루어졌으며, 유적의 가치를 인정받아 1999년 국가사적으로 지정되었다. 유적의 역사와 발굴 과정을 다양한 전시와 해설을 통해 살펴볼 수 있는 곳이다. / 안내센터에서는 교육 프로그램과 체험 행사 등을 운영하며 신석기 문화를 쉽고 흥미롭게 이해할 수 있다. 지역 주민과 함께하는 문화 활동을 통해 유적의 의미를 널리 알리고 지역사회와의 연계도 이어가고 있다. 역사와 문화를 가까이에서 배우고 체험하기 좋은 공간이다.",http://www.gosanriyujeok.co.kr,0507-1406-0061,09:00~17:00,무료,무료,매주 월요일 / 법정공휴일,Unknown,Unknown,주차요금: 무료,50,110,VE,문화관광,VE07,전시시설,VE070300,전시관,10,0,40,90,70,0,,,45,30,60,blend,0.8391,0.875,0.3297,0.8214,blend
2905116,14,문화시설,제주과학탐구체험관,제주특별자치도 제주시 산록북로 421-1 (오라이동),63144,126.5314546657,33.4266496763,"제주과학 탐구체험관은 제주시 오라동 제주 미래 교육연구원에 위치하고 있다. 다양한 과학 체험을 할 수 있는 곳으로 1층 역동의 큐브는 물리, 역학적인 체험 전시물, 2층 발견의 큐브는 도입수학, 생명과학, 지구과학, 3층 도약의 큐브는 드론, 우주, 로봇, 스마트, 에너지, 시공간과 관련된 체험 전시물로 구성되어 있다. 이 외에도 유아 체험관, 3D 영상관과 천체투영실, 물품 보관함, 도서관을 갖추고 있으며 시설 사용료는 무료이다.",https://org.jje.go.kr/cisecenter,064-710-0803,10:00~17:00 (입장 마감 16:00),무료,가능,매주 월요일 / 1월 1일 / 설·추석 연휴,Unknown,Unknown,Unknown,50,110,VE,문화관광,VE07,전시시설,VE070500,과학관,10,0,50,70,90,0,,,105,75,135,blend,0.8648,1.0,0.1813,0.8349,blend
130088,14,문화시설,제주교육박물관,제주특별자치도 제주시 오복4길 25 (이도이동),63224,126.537912029652,33.4946138543236,"제주교육박물관은 우리 주변에 사라지거나 잊혀가는 소중한 교육자료를 수집하여 보존하고, 학생들에게 전통문화의 체험 기회 확대와 제주교육문화의 진흥을 위해 1995년 4월 29일 개관한 교육 특화 박물관이다. 4개의 상설 전시장과 기획 및 체험전시실, 야외전시장으로 구성되어 있다. 제주교육에 관한 교과서, 서장, 교구, 문서 등을 수집하고, 선사시대부터 현대에 이르기까지 시대별로 특징을 담아 자료를 전시했다. 개체 전시, 생동감 있는 영상 전시, 그리고 교육 현장을 축소한 디오라마 전시기법을 통해 제주교육의 과거, 현재, 미래를 제시하고 있다. 제주교육의 흐름과 옛 교육의 생활 및 놀이를 엿보고 체험도 하며 즐거운 관람을 할 수 있다. 무료 전시해설 프로그램이 있어 관람 이해를 돕고 있다.",https://org.jje.go.kr,064-720-9114,09:00~18:00,무료,무료,매주 월요일 / 1월 1일 / 설·추석 당일 / 임시 공휴일,Unknown,Unknown,내국인예약안내: 단체 방문시 사전 예약 | 대관안내: 뮤지엄극장 대관가능 (담당자 064-720-9133) | 주차요금: 무료,50,110,VE,문화관광,VE07,전시시설,VE070100,박물관,20,0,50,90,70,0,,,60,45,75,category,0.835,,0.0,0.835,category
130877,14,문화시설,제주국제컨벤션센터,제주특별자치도 서귀포시 중문관광로 224,63547,126.4244958917,33.2412740186,"서귀포 중문 해안가에 위치한 제주국제컨벤션센터는 제주의 국제회의 전문시설이다. 2003년 3월 22일 개관하였으며, 지상 7층 구조로 최대 4,300명을 수용할 수 있다. 한·아세안 특별정상회의, 한중일 정상회의 등 다양한 정상급 국제회의를 개최했으며, 2025년에는 APEC 정상회의 고위관리회의가 개최되었다. 제주도를 형상화한 타원형 외관은 유네스코 세계지질공원 명소인 대포 주상절리와 아름다운 조화를 이루고 있으며, 유리벽 건물 내부에서는 한라산 조망이 가능하다. 제주국제공항에서 리무진 버스가 운영중이며, 1층에는 국내선 전용 면세점이 위치해 있어 편리하게 이용할 수 있다.",http://iccjeju.co.kr,064-735-1000,상시 개방,무료 / ※ 공간 및 기간에 따라 상이하므로 전화문의 요망,가능,연중무휴,Unknown,Unknown,Unknown,50,130,VE,문화관광,VE07,전시시설,VE070400,컨벤션센터,40,0,70,90,30,20,,,60,45,75,observed,0.759,0.6667,0.4512,0.8349,blend
130872,14,문화시설,제주국제평화센터,제주특별자치도 서귀포시 중문관광로 227-24,63546,126.4220626997,33.2443708606,"제주국제평화센터는 2005년 제주특별자치도가 대한민국 정부로부터 세계평화의 섬으로 공식 지정되면서 상징시설인 제주국제평화센터를 서귀포시 중문관광단지 내에 건립하였다. 제주국제평화센터는 지상 2층, 지하 1층 건물에 4개의 전시실과 세미나실, 정보 자료실, 기념품 매장, 카페테리아 등의 부대 시설을 갖추고 있다. 제주국제평화센터는 다양한 시청각 자료들을 전시하고 있으며, 제주가 평화의 섬으로 지정되기까지의 정치적, 지리적, 환경적인 이유를 쉽고 자세하게 설명하고 있다. 전시실 내부의 한국어, 영어, 중국어 안내문은 국내 관람객뿐 아니라 제주를 찾는 해외 관광객들에게 동북아시아 평화의 중심으로서의 제주를 알리는 역할을 하고 있다.",https://jipc.or.kr,064-735-6550,[하절기(3월~10월)] / 09:00~18:00 (입장마감 17:30) / [동절기(11월~2월)] / 09:00~17:00 (입장마감 16:30),"[개인] / - 성인 1,500원 / - 청소년 1,000원 / [단체(10인 이상)] / - 성인 1,000원 / - 청소년 500원 / ※ 자세한 사항은 홈페이지 참조",가능,"매월 둘째, 넷째 월요일 / 1월 1일 / 설·추석 당일",Unknown,Unknown,Unknown,50,130,VE,문화관광,VE07,전시시설,VE070300,전시관,20,10,50,80,30,10,,,45,30,60,blend,0.8085,0.75,0.1813,0.8214,blend
2713583,14,문화시설,제주도립김창열미술관,제주특별자치도 제주시 용금로 883-5 김창열미술관,63017,126.26867175806325,33.339071304841084,"제주도립 김창열미술관은 ‘물방울 화가’로 널리 알려진 김창열 화백의 주옥같은 작품을 만나 볼 수 있으며, 현대미술의 발전에 이바지하는 미술작품과 자료를 전시, 연구 수집하는 것을 목적을 가지고 있다. 김창열은 미술관 건립을 위해 주요 작품 220점을 기증했다. 홍재승 건축가가 설계한 미술관 하늘에서 보면 중정을 기준으로 거대한 큐브형 건물 8개가 둘러싸인 모습이다. 이는 김창열이 추구한 회귀의 철학을 건축적으로 표현한 것이다.",kimtschang-yeul.jeju.go.kr,064-710-4150,[하절기(7월~9월)] - 09:00~19:00- 입장 마감 18:30[동절기(10월~6월)] - 09:00~18:00 - 입장 마감 17:30,"[개인] - 일반 2,000원 - 청소년/군인 1,000원 - 어린이 500원 [단체 (10인 이상)] - 일반 1,400원 - 청소년, 군인 700원 - 어린이 300원",Unknown,"매주 월요일 (단, 월요일이 공휴일일 경우 익일 휴무) / 1월 1일 / 설·추석 연휴",Unknown,Unknown,Unknown,50,110,VE,문화관광,VE07,전시시설,VE070600,미술관/화랑,10,0,80,90,10,0,,,45,30,60,observed,0.9637,0.9688,0.9592,0.8448,blend
130856,14,문화시설,제주돌마을공원,제주특별자치도 제주시 한림읍 금능남로 421 (한림읍),63016,126.2537526540,33.3537783490,"제주돌마을공원 수석전시관은 30여 년 동안 수집해 온 제주의 수석, 자연석, 화산석 등을 전시해 놓은 곳이다. 자연석으로만 꾸며져 있으며 제주의 신비한 자연석을 각기 다른 테마로 구성해 전시했다. 화산 폭발과 용암의 흐름 등으로 각양각색으로 만들어진 자연석들이 있으며 전시관은 암반을 따라 테마별 수석 코너를 관람하도록 조성했다. 수석의 개수는 총 5,000여 점으로 코너별 테마는 동물 형상석, 제주도 생성 비밀을 간직한 화산탄, 자연물이나 생명체를 닮은 경석, 사람 얼굴을 빼닮은 두상석 등이 있고 캐릭터를 설정해 인간의 사랑과 일생을 형상석에 대입해 보여주는 코너가 있어 재미를 더한다. 368개 수석으로 오름을 형상화한 제주도 테마 코너도 볼거리가 많다.",http://www.jeju-dol.com,064-772-4007,[하절기] 09:00~18:00 / [동절기] 09:00~17:00,"- 일반 7,000원 / - 청소년, 어린이 3,000원",가능 / 무료,연중무휴,Unknown,가능,Unknown,50,110,VE,문화관광,VE07,전시시설,VE070300,전시관,70,0,80,80,20,0,,,60,45,75,category,0.8214,,0.0,0.8214,category
1544730,14,문화시설,제주돌문화공원,제주특별자치도 제주시 조천읍 남조로 2023,63345,126.6639928720,33.4466214020,"제주돌문화공원은 돌의 고장 제주에 있는 돌문화를 종합적이고 체계적으로 보여주는 박물관이자 생태공원이다. 2020년까지 전체공원이 조성되었으며, 제1단계로 제주 돌 박물관, 제주 돌문화 전시관, 제주의 전통 초가 등의 전시관이 완공되어 공사가 시작된 지 7년 만인 2006년 6월 3일 문을 열었다. / 제주돌문화공원은 제주만의 독특한 자연유산인 오름 앞에 자리 잡고 있으며, 제주의 돌문화를 한곳에서 볼 수 있는 곳이다. 각종 돌 조형물들과 거석 사이를 통과하여 숲 속 오솔길을 따라가다 보면 박물관과 제주의 전통 초가들을 볼 수 있다. 야외 전시장에는 48기의 돌하르방, 사악한 기운과 액운을 몰아낸다는 방사탑, 도둑이 없어 대문도 없다는 제주의 상징인 정주석, 무덤 주위에 세워 망자의 한을 달래준다는 제주만의 내세관을 보여주는 동자석 등을 볼 수 있다. 제주의 역사와 전통 자연미를 함께 느낄 수 있는 자연과 문화의 쉼터이다. / ◎ 한류의 매력을 만나는 여행 정보 - 영화 / 마녀 프로젝트를 진행하는 비밀연구소 아크의 배경이 된 장소는 돌문화공원 내에 있다. 공원 부지 100만 평 중 70%는 돌, 나무, 덩굴이 어우러진 곶자왈로 제주의 정체성과 예술성을 잘 담아낸 곳이다.",http://www.jeju.go.kr,064-710-7732~3,09:00~18:00 (매표 마감 17:00),"[개인]- 어른 5,000원- 청소년 / 군경 3,500원[단체(10인 이상)]- 어른 4,000원- 청소년 / 군경 2,800원※ 무료 : 만 12세 이하 / 만 65세 이상 / 장애인 / 국가유공자 등※ 자세한 사항은 홈페이지 참조 / 무료",무료,"매주 월요일 (단, 월요일이 공휴일인 경우 다음의 첫번째 비공휴일에 휴원) / 1월 1일 / 설날 및 추석 당일",Unknown,Unknown,주차요금: 무료,50,110,VE,문화관광,VE07,전시시설,VE070100,박물관,80,0,90,100,60,0,,,120,90,150,observed,0.8786,0.8929,0.7534,0.835,blend
2660122,14,문화시설,제주라프,제주특별자치도 제주시 조천읍 선교로 115-1,63341,126.7069548264,33.4868202622,"제주시 조천읍에 위치한 제주라프(Jeju LAF)는 거문오름과 푸른 녹차밭의 자연 속에서 짚와이어, 힐링 족욕, 그리고 다채로운 문화, 예술, 야간 조명 작품을 감상할 수 있는 복합문화예술공간이다. 이름의 '라프(LAF)'는 'Light Art Festa'의 약자로, 제주를 찾는 여행객들에게 특별하고 감각적인 경험을 선사한다. / 이곳에는 예술작품 갤러리를 비롯해 다양한 체험·편의 시설이 마련되어 있다. 짜릿한 액티비티인 '라플라이(짚라인)'는 유네스코 세계자연유산인 거문오름과 광활한 녹차밭 위를 가로지르며 역동적인 풍경을 만끽할 수 있는 야외 레포츠이다. 또한 '라풋(아로마테라피 풋 스파)'은 따뜻한 미온수에 발을 담그고 아로마 향 속에서 피로를 풀 수 있는 시설로, 미온수 족욕과 녹차 소금 스크럽, 스트레칭을 통해 온몸의 긴장을 부드럽게 이완시켜 준다. 이외에도 음료와 스낵을 즐길 수 있는 카페 등이 운영되고 있다.",http://www.jejulaf.com,064-784-9030,- 라플라이 09:30~18:00- 라풋 09:00~18:00,"- 라플라이 35,000원- 라풋 12,000원- 라스페셜 42,000원※정확한 요금은 홈페이지 참고",Unknown,연중무휴,Unknown,Unknown,Unknown,50,110,VE,문화관광,VE07,전시시설,VE070300,전시관,80,20,90,80,90,10,,,45,30,60,observed,0.786,0.7708,0.6988,0.8214,blend
2949573,14,문화시설,제주문학관,제주특별자치도 제주시 연북로 339 (도남동),63234,126.5178573851,33.4813850713,"제주문학관은 제주문학의 역사를 기록하고, 지역문학 활성화 및 도민 문학향유를 위하여 2021년 10월 23일에 개관하였다. 지하 1층, 지상 4층 규모로, 1층은 로비 및 기획전시실, 2층은 상설전시실과 수장고, 3층은 세미나실‧창작공간‧소모임공간‧문학살롱, 4층은 대강당 등으로 구성되어 있다. 창작 활성화를 위해 작가들에게 창작 공간을 지원하고 있으며, 세미나실 및 소모임 공간, 대강당에서는 다양한 문학 행사를 진행하고 있다.",https://www.jeju.go.kr,064-710-3490,09:00~18:00 (입장 마감 17:30),무료,가능,매주 월요일 / 1월 1일 / 설·추석 당일,Unknown,Unknown,Unknown,50,110,VE,문화관광,VE07,전시시설,VE070300,전시관,0,0,50,90,60,0,,,60,45,75,category,0.8214,,0.0,0.8214,category
130036,14,문화시설,제주문화원,제주특별자치도 제주시 중앙로 2 해변공연장 2층,63165,126.524290543023,33.5178748150031,"제주문화원은 탑동해변공연장 건물 2층에 위치한 문화원이다. 지역 고유의 문화계발, 연구, 조사 및 향토 문화의 발굴과 보존, 지역주민들에게 문화시민정신을 선양시키는 데 중점을 두고 있으며, 제주문화원은 제주시의 향토 사료 발간, 문화학교와 문화대학, 어르신 문화학교인 교육프로그램을 운영하고 있다. 문화학교에서 운영하는 여가문화 활동을 위한 교육 강좌로는 서예 교실, 민요 교실, 사진 교실, 한문 교실 등이 있으며, 문화대학에서 운영하는 제주의 역사, 자연, 민속, 문화 등 향토사 중심의 교육 강좌는 제주 신화, 제주 올래와 정낭, 제주 향토사 원로 특강 등이 있으며, 이는 변동될 수 있다.",https://jejucc.kr,064-722-0203,- 09:00~18:00- 휴게시간 11:40~13:20※ 강좌시간에 따라 변동 가능,Unknown,Unknown,매주 토요일~일요일 / 공휴일,Unknown,Unknown,Unknown,50,110,VE,문화관광,VE09,교육시설,VE090100,한국문화원,30,0,20,90,60,0,,,60,45,75,category,0.8331,,0.0,0.8331,category
4057941,14,문화시설,제주물사랑홍보관,제주특별자치도 제주시 산지로 5-16 (건입동),63278,126.531024685825,33.5155645236088,제주에 위치한 제주물사랑홍보관은 건입박물관 후문으로 나서면 잘 꾸며진 생태 공원과 함께 위치해 있다. 과거 제주도는 물이 귀하고 부족해 조선시대에는 최악의 유배지로 여겨지던 곳이었다. 기술이 발달해 지하수를 퍼올리게 되면서 지금은 삼다수를 수출까지 하는 시대가 되었다. 물사랑홍보관에서는 이런 이야기들을 자세히 들을 수 있다.,Unknown,064-710-4098,09:00~18:00,무료,Unknown,매주 월요일,Unknown,Unknown,Unknown,50,110,VE,문화관광,VE07,전시시설,VE070100,박물관,60,0,50,80,20,0,,,60,45,75,category,0.835,,0.0,0.835,category
130474,14,문화시설,제주민속촌,제주특별자치도 서귀포시 표선면 민속해안로 631-34,63629,126.8431022619,33.3213162956,"제주민속촌은 2001년에 개관한 제1종 전문 박물관으로 1890년대를 전시 기준 연대로 하여 제주의 민속자료를 종합적으로 정리하여 전시하고 있으며, 100여 채에 달하는 제주 전통가옥은 제주도민이 생활하였던 가옥과 돌, 기둥 등을 그대로 옮겨와 복원해 전시하고 있다. 이 전통 가옥에는 생활용구, 농기구, 어구, 가구, 석물 등 민속자료가 전시되어 있다. 제주민속촌에서는 제주는 물론 우리나라의 향토수종 및 꽃들을 식재하여 사계절 내내 꽃들을 볼 수 있으며 재래흑돼지 및 가금, 가축을 사육하고 있어 자연학습장 기능도 겸하고 있다. 이외에도 다양한 테마별 전시장과 체험가옥, 전통민속놀이 체험장을 통해 다양한 볼거리와 체험거리를 제공하고 있다.",http://www.jejufolk.com,0507-1457-4502,[10월 1일~2월 28일] / - 09:30~17:00 / [3월 1일~9월 30일] / - 09:30~18:00,"[개인] / - 성인 15,000원 / - 경로 13,000원 / - 청소년 12,000원 / - 어린이 11,000원 / [단체 (20인 이상)] / - 성인 12,000원 / - 경로 10,000원 / - 청소년 8,000원 / - 어린이 7,000원",가능 (소형 150대 / 대형10대) / 요금 (무료),연중무휴,Unknown,Unknown,체험프로그램: 민속생활 체험 / 민속놀이 체험 / 관아 형벌체험,50,130,VE,문화관광,VE07,전시시설,VE070100,박물관,60,0,70,100,80,0,,,105,75,135,observed,0.7658,0.7639,0.9727,0.835,blend
3030422,14,문화시설,제주아리랑 혼,제주특별자치도 서귀포시 표선면 번영로 2564-21 제주아리랑,63624,126.77842221078322,33.402513952034916,"제주아리랑 공연장은 마셜 아트 혼의 무대를 경험할 수 있는 세계 유일의 태권 마셜 아트 전용극장이다. 절도 있는 태권도 공연단과 부드러운 한국무용단의 아름다움으로 승화된 화려한 동작의 액션을 바탕으로 재미와 로맨스의 스토리를 더해 아름답고 절로 흥이 나는 특별한 무대를 제공한다. 전통문화의 멋을 느낄 수 있는 타악과 아름다운 곡선의 한국무용, 어둠 속에서 화려하게 펼쳐지는 색다른 경험의 LED 퍼포먼스, 그리고 객석을 오가며 관객과 함께하는 박진감 넘치는 태권 마셜 아트 공연으로 구성되어 있다. 제주도의 전설과 기운을 담은 태권 마셜 아트 공연 관람을 보기 위해 아이가 있는 가족여행객들과 단체관광객들이 많이 방문한다. 공연이 끝나고 무대가 정리된 뒤에는 배우들과 함께 기념사진 촬영 이벤트도 준비되어 있다.",https://www.visitjeju.net/kr,064-787-2258,09:40~15:30 (휴게시간 12:00~13:00)※ 매일 3회 공연 09:40 / 11:00 / 14:30,"- 성인 25,000원- 청소년 22,000원- 소인 20,000원",Unknown,연중무휴,Unknown,Unknown,Unknown,50,130,VE,문화관광,VE06,공연시설,VE060100,공연장,10,0,70,90,40,0,,,60,45,75,observed,0.8192,0.8125,0.5507,0.8274,blend
130512,14,문화시설,제주아트서커스,제주특별자치도 서귀포시 안덕면 동광로 214,63524,126.344922945991,33.3143650897646,"제주아트서커스는 공연 문화의 새로운 장을 열고자, 과거 해피타운 공연장 자리에 2004년 1월에 개장한 국내 최초의 중국 서커스 및 오토바이 쇼 상설 공연장이다. 서커스 공연장에서는 오토바이 쇼와 자전거 기예, 중국 기예 공연을 펼치고 있으며 특히 국제 서커스 대회에서 우수작으로 선정된 종목을 엄선하여 선보인다. 40여 명의 출연자로 구성된 공연은 최첨단 효과와 환상적인 빛과 음악 연출, 화려한 안무로 긴장과 탄성이 절로 나오는 세계적 규모의 서커스 쇼다. 공연문화의 새로운 패러다임을 만들어 가는 아트서커스는 인정받는 기예 단원들이 펼치는 공연이다. / 제주아트서커스는 단순한 관람을 넘어 화려한 퍼포먼스와 몰입감 있는 현장 경험을 선사하며, 특별한 체험을 중시하는 최근 여행 트렌드와도 맞닿아 있다.",https://www.visitjeju.net,064-794-4444,[하절기(3월~10월)]10:30 / 15:00 / 17:00[동절기(11월~2월)]10:30 / 14:30 / 16:30,"- 대인 25,000원- 청소년 23,000원- 소인 20,000원※ 자세한 사항은 전화 문의 요망",Unknown,연중무휴※ 업체 사정으로 휴무일 및 공연 시간이 변경될 수 있으므로 자세한 사항은 전화 문의 요망,Unknown,Unknown,Unknown,50,130,VE,문화관광,VE06,공연시설,VE060100,공연장,10,0,80,90,70,0,,,60,45,75,observed,0.857,0.8571,0.9963,0.8274,blend
1755806,14,문화시설,제주아트센터,제주특별자치도 제주시 오남로 231 제주아트센터,63147,126.5155327293,33.4751107281,"2010년 5월에 개관한 제주아트센터는 총 1,184석의 객석과 첨단 시설을 갖춘 다목적 공연장이다. 오케스트라 피트가 준비되어 있어 정통 클래식 공연에 오케스트라와 협연을 통한 최고의 공연을 보여줄 수 있으며 최신 음향, 조명, 무대 시스템을 갖추고 있어 뮤지컬, 연극, 무용 등 다양한 장르의 공연을 소화할 수 있다. 관람에 최적인 경사로를 선택하여 어느 좌석에서 앉아도 동일하고 쾌적한 음이 전달되는 최고의 관람 환경을 제공한다.",http://www.jejusi.go.kr,064-728-1509,공연에 따라 다름 (홈페이지 참조),공연에 따라 다름 (홈페이지 참조),가능,설·추석,Unknown,가능,"예약안내: 인터넷예매,전화예매,방문예매,현장예매",50,110,VE,문화관광,VE06,공연시설,VE060100,공연장,0,0,40,90,30,0,,,60,45,75,category,0.8274,,0.0,0.8274,category
3066924,14,문화시설,제주웰컴센터,제주특별자치도 제주시 선덕로 23 (연동),63122,126.4991894640,33.4857565119,"제주관광공사에서 운영하는 제주웰컴센터는 제주특별자치도, 제주관광공사, 제주특별자치도관광협회, 제주컨벤션뷰 등으로 이원화되어 있던 관광 운영체계를 단일화한 안내소이다. 종합관광안내, 환전소, 관광기념품 전시장 등 관광객 편의시설을 갖추고 있으며 사진 스튜디오, 영상 스튜디오, 통계 자료실, 비즈니스 라운지, 회의실, 교육시설, 세미나 및 강연을 위한 다목적 홀(240석)이 있다.",제주관광공사 https://ijto.or.kr,064-740-6000,09:00~18:00,Unknown,가능,연중무휴,Unknown,Unknown,Unknown,50,110,VE,문화관광,VE07,전시시설,VE070300,전시관,0,0,40,40,50,50,,,60,45,75,category,0.8214,,0.0,0.8214,category
526666,14,문화시설,제주유리박물관,제주특별자치도 서귀포시 중산간서로 1403 (상예동),63534,126.3701775526,33.2784468371,"제주유리박물관은 한국의 유일한 유리 전문 박물관으로 넓은 공간에 전시된 유리작품을 감상할 수 있는 공간이다. 2008년 3월 1일 제주도에 개관했으며 유리 전시실, 가마 작업실, 브로잉실, 유리 가공실, 강의실, 카페 등을 갖추고 있다. 다양한 유리로 만들어진 작품이 제주의 자연과 어우러져 투명한 아름다움을 선사한다. 정월을 돌아보는 동안 자연과 예술 작품이 주는 힐링을 만끽할 수 있다. 유리블로잉 및 캔들 만들기 등 직접 유리 공예품을 만들 수 있는 체험 프로그램과 관람 중 마음에 드는 작품을 구입할 수 있는 기념품 숍이 준비되어 있다. 가족이나 친구, 지인과 함께 방문해 특별한 유리 체험을 즐길 수 있는 이색 박물관이다.",http://www.glassmuseum.co.kr,064-792-6262,10:00~18:00 (입장 마감 17:00),"- 성인 9,000원 / - 청소년 8,000원 / - 어린이 7,000원",가능 / 무료,연중무휴,Unknown,Unknown,체험프로그램: 꽃병체험 / 접시체험 / 양초체험 | 예약안내: https://www.jeju.com,50,130,VE,문화관광,VE07,전시시설,VE070100,박물관,60,10,90,80,80,40,,,60,45,75,category,0.835,,0.0,0.835,category
4057731,14,문화시설,제주책방·사랑방,제주특별자치도 제주시 관덕로17길 27-1 (일도일동),63277,126.5283194776,33.5149162874,"제주사랑방은 일제 강점기에 지어진 일본식과 제주식 건축양식이 혼재된 가옥이다. 고씨 아저씨가 거주하시던 공간이라 ‘고씨주택’으로도 불리고 있다. 안거리와 밖거리, 작은 마당이 있는 아기자기한 공간을 제주책방, 제주사랑방으로 재탄생하였다. 제주책방에서는 제주의 문화, 역사, 자연을 주제로 수집된 제주 관련 희귀 자료들을 열람할 수 있고, 제주 이야기를 담은 그림책도 많아서 아이들과 방문하는 것도 추천한다.",제주특별자치도 도시재생지원센터 https://www.jejuregen.org,064-726-0694,- 평일 10:00~18:00 - 주말 10:00~20:00※ 7월~8월은 주말 야간 운영,무료,Unknown,매주 목요일 / 설날·추석 연휴,Unknown,Unknown,Unknown,50,110,VE,문화관광,VE09,교육시설,VE090300,도서관,20,0,70,80,40,10,,,60,45,75,blend,0.8407,0.875,0.1813,0.8331,blend
2791473,14,문화시설,제주커피박물관 바움,제주특별자치도 서귀포시 성산읍 서성일로1168번길 89-17,63641,126.8991519589,33.4398649542,"커피박물관 바움은 올레 2길이 지나는 성산의 대수산봉 아래 자락에 자리하고 있다. 바움은 독일어로 나무라는 뜻이며 커피박물관을 방문하면 수십 년간 민간인의 발길이 뜸했던 곳에서 자란 나무, 숲과 함께 다채로운 커피의 향을 즐길 수 있다. 1층은 각 나라의 원두부터 글라인드, 모카포트 등의 커피 도구를 전시하고 있는 박물관이다. 꼼꼼히 살펴보려면 꽤 많은 시간이 필요하며, 상식 이상의 커피 지식을 채울 수 있다. 또한 사전 신청을 통해 바리스타 체험을 할 수 있다. 2층은 카페로 운영되고 있으며 3층은 나무로 만든 데크와 의자가 있어 새소리를 들으며 커피 향을 즐길 수 있다. 커피박물관 바움이 위치하고 있는 부지는 원래 한국과 일본을 잇는 해저 광케이블이 있던 국가 시설로 수십 년간 민간인의 출입이 제한되었던 곳이다. 위성 시대가 도래함에 따라 필요가 없어져 방치되던 광케이블 벙커는 현재 민간인에게 인수, 관리되어 기획 전, 공연, 축제 등 다양한 행사가 개최되고 있다. 현재는 빛의 벙커라는 이름으로 유명 미술작가의 그림을 디지털 아트로 즐길 수 있는 전시가 진행 중이다. 역사시설이기도 한 벙커 관람 이외에도 여유로운 산책과 함께 야외전시장을 둘러볼 수 있다. / (출처 : 비짓제주 홈페이지)",https://www.instagram.com/jeju.baum,064-784-2255,09:00~18:00 (마지막 주문 17:40),무료,무료,연중무휴,Unknown,Unknown,주차요금: 무료,50,130,VE,문화관광,VE07,전시시설,VE070100,박물관,70,70,70,90,70,10,,,60,45,75,blend,0.7864,0.6875,0.3297,0.835,blend
130745,14,문화시설,제주통일관,제주특별자치도 제주시 삼성로 46 (일도이동),63270,126.5306251413,33.5068796745,"제주시 탐라자유회관 내에 소재해 있는 제주 통일관은 1993년에 개관되어 지상 2층, 지하 1층 건물로 건립되었다. 남북 교류 협력 시대에 대비하여 오늘의 북한 실상을 올바로 이해시키고, 민족 동질성 회복을 위한 실증적인 ‘통일교육장’으로 활용하기 위하여 설치하였다. 남북 관계 개선뿐만 아니라 한반도의 역사를 다시 한번 볼 수 있는 곳이다.",https://www.visitjeju.net,제주통일관 064-751-0191,- 하절기(3월~10월) 10:00~17:00 / - 동절기(11월~2월) 10:00~16:00,무료,가능 / 무료,매주 일요일 / 설·추석 연휴,Unknown,Unknown,소장품현황: 북한 특수자료 / 북한물품,50,110,VE,문화관광,VE07,전시시설,VE070300,전시관,0,0,20,90,20,0,,,60,45,75,category,0.8214,,0.0,0.8214,category
129894,14,문화시설,제주특별자치도 민속자연사박물관,제주특별자치도 제주시 삼성로 40,63270,126.5313373721,33.5063901549,"민속자연사박물관은 제주의 대표 박물관으로, 화산섬 제주의 형성과정을 비롯해 자연자원과 제주 사람들의 생애, 민속문화를 종합적으로 관람할 수 있는 곳이다. 1984년 5월 24일 개관한 이래 실물 자료와 모형, 마네킹 등을 활용한 입체적인 전시를 통해 제주 문화를 보다 쉽게 이해할 수 있도록 하고 있다. 로비에 설치된 참고래 골격 표본과 제주의 신비로운 실감 영상은 제주가 지닌 가치를 한눈에 보여준다. 제주도 형성사와 다양한 암석, 한라산 식물의 수직분포도, 곤충, 포유류 등 제주의 형성과정과 자연생태를 살펴볼 수 있으며, 제주인의 일생과 생업, 의식주 등을 통해 과거 제주 사람들의 생활 모습도 접할 수 있다.",http://www.jeju.go.kr/museum,064-710-7708,09:00~18:00 (입장 마감 17:30),"[개인]- 어른 2,000원- 청소년, 군인 1,000원[단체(10인 이상)]- 어른 1,600원- 청소년, 군인 800원※ 자세한 사항은 홈페이지 참조",Unknown,"매주 월요일 (단, 월요일이 공휴일인 경우 그 다음 첫 번째 비공휴일) / 1월 1일 / 설·추석 / 훈증 소독기간",Unknown,Unknown,Unknown,50,110,VE,문화관광,VE07,전시시설,VE070100,박물관,60,0,70,90,30,0,,,60,45,75,observed,0.7979,0.7857,0.7534,0.835,blend
759595,14,문화시설,제주특별자치도립미술관,제주특별자치도 제주시 1100로 2894-78,63079,126.4897521473,33.4525489265,"제주도립미술관은 아름답고 청정한 제주의 자연 속에 세워진 숲속의 미술관이다. 미술관에 제주의 전통문화에 바탕을 둔 문화 예술의 역사를 오롯이 담아내었다. 제주 미술사는 물론 세계 미술사, 세계 미술의 흐름까지 함께 조망해 볼 수 있도록 전시를 꾸몄다. 특히, 한국의 대표적인 화가 장리석 화백의 기증 작품을 감상할 수 있는 장리석 기념관을 비롯하여 상설 전시와 기획 전시, 장리석 전시실, 야외 전시실 등을 통하여 예술의 경지에 이르는 창의적이고 다양한 훌륭한 작품 세계를 감상할 수 있다. 또한, 다양한 문화 예술 프로그램을 기획, 진행해 나가고 있다.",https://www.jeju.go.kr,064-710-4300,[하절기(7월~9월)] / 09:00~20:00 (입장 마감 19:30) / [동절기(10월~6월)] / 09:00~18:00 (입장 마감 17:30),"[개인] / - 어른 2,000원 / - 청소년, 군인 1,000원 / - 어린이 500원 / [단체(10인 이상)] / - 어른 1,400원 / - 청소년, 군인 700원 / - 어린이 300원 / ※ 자세한 사항은 홈페이지 참조",가능,"매주 월요일 (단, 월요일이 공휴일인 경우 그 다음 첫 번째 비공휴일) / 1월 1일 / 설·추석",Unknown,가능,Unknown,50,110,VE,문화관광,VE07,전시시설,VE070600,미술관/화랑,60,0,80,100,30,0,,,60,45,75,category,0.8448,,0.0,0.8448,category
2661407,14,문화시설,제주항공우주박물관,제주특별자치도 서귀포시 안덕면 녹차분재로 218,63521,126.2996275451,33.3043706422,"제주항공우주박물관은 항공우주박물관으로 최첨단 기술과 멀티미디어를 활용한 재미있고 유익한 체험시설과 함께 다양한 전시‧교육 프로그램을 운영하고 있다. 26대의 실물 항공기가 전시된 항공역사관, 우주를 향한 인류의 끝없는 도전을 알아보는 천문우주관, 오감을 만족시키는 체험공간인 테마관이 있어 항공우주분야 미래 주역인 청소년들에게는 꿈과 희망을 어른들에게는 잊지못할 추억을 선사한다. 또한 항공 우주 과학기술에 대한 이해 제고와 교육의 기회를 제공한다.",http://www.jdc-jam.com,064-800-2114,09:00~18:00 (입장 마감 17:00),"- 성인 10,000원 / - 청소년, 군인 9,000원 / - 어린이, 경로 8,000원",가능 (약 458대),매월 셋째 월요일,Unknown,Unknown,Unknown,50,130,VE,문화관광,VE07,전시시설,VE070100,박물관,0,0,60,80,90,0,,,120,90,150,observed,0.9031,0.9032,0.998,0.835,blend
130308,14,문화시설,제주항일기념관,제주특별자치도 제주시 조천읍 신북로 303,63331,126.6407703457,33.5410109898,"기미년 3·1독립만세운동은 제주지역까지 이어져 1919년 3월 21일부터 3월 24일까지 제주 제주시 조천읍 소재 미밋동산(현 만세동산)에서 거행되었다. 이러한 선열들의 뜻을 기리기 위하여 조천만세동산 성역화 사업이 추진되었으며, 1997년 8월 15일 제주항일기념관을 개관하였다. 제주항일기념관은 조천만세운동을 비롯하여 제주에서 일어난 항일독립운동의 역사를 한눈에 볼 수 있는 곳이다. 전체 58,582㎡인 부지의 기념관 및 애국선열추모탑, 창열사(위패봉안실), 3·1독립운동기념탑 등 시설을 갖추고 만세공원을 조성하고 있으며, 선열들의 숭고한 희생정신과 자주독립정신을 계승·발전시키고 자라나는 후세들에게 올바른 역사의식과 애국정신을 함양하게 하기 위한 교육의 장 역할을 하고 있다.",http://hangil.jeju.go.kr,064-783-2008,09:00~18:00 (입장 마감 17:30),무료,가능 / 무료,1월1일 / 설날연휴(3일) / 추석연휴(3일),Unknown,없음,한국어 안내서비스: 관람객들의 이해를 돕기 위해 문화관광해설사의 해설프로그램(한국어)을 제공 / 운영시간 : 10:00~17:00 (점심시간 제외) / 단체방문의 경우 사전예약,50,110,VE,문화관광,VE07,전시시설,VE070200,기념관,20,0,60,100,20,0,,,45,30,60,blend,0.881,1.0,0.3297,0.8224,blend
130857,14,문화시설,제주해녀박물관,제주특별자치도 제주시 구좌읍 해녀박물관길 26,63362,126.8634366646,33.5235518611,"제주도에 위치한 제주해녀박물관은 제주의 상징인 해녀를 주제로 그들의 생활풍습, 무속신앙, 세시풍속, 해녀공동체뿐만 아니라 제주민의 역사, 생업, 경제, 해양, 연희 등 제주의 전통문화를 총망라하여 전시하고 있다. 박물관 안팎의 전시물들은 모두 해녀들이 기부한 것이며, 전시관 안에는 실제 해녀의 집도 기부받아 옮겨와 있다. 해녀박물관 앞의 정원은 해녀 항일 운동이자 국내 최대 규모의 여성 항일 운동 시위에 참여한 해녀들의 집결지였다. 그곳에는 해녀 항일 운동 정신을 기리고자 제주해녀항일운동비가 세워져 있어 제주 여성의 삶에 대한 강인한 의지를 느낄 수 있다.",http://www.jeju.go.kr/haenyeo,064-782-9898,- 09:00~18:00- 매표 마감 17:00,"[개인]- 어른 1,100원- 청소년 500원[단체 (10인 이상)]- 어른 800원- 청소년 300원※ 자세한 할인정보 및 이용요금은 홈페이지 참조 / 무료",무료,"매주 월요일 (단, 월요일이 공휴일인 경우 그 다음 첫 번째 비공휴일) / 1월 1일 / 설·추석 연휴",Unknown,Unknown,주차요금: 무료,50,110,VE,문화관광,VE07,전시시설,VE070100,박물관,20,0,60,100,10,0,,,60,45,75,observed,0.8651,0.8667,0.9502,0.835,blend
2751843,14,문화시설,제주해양동물박물관,제주특별자치도 서귀포시 성산읍 서성일로 689-21,63631,126.8551404096,33.4295156573,"제주해양동물박물관에서는 제주만의 특별한 교육 체험이 가능하다. 고래상어, 개복치, 키다리 게 등 해양 동물의 생생한 이야기에 대한 교육 그리고 체험이 가능하며, 어른과 어린이의 알찬 놀이터가 되어준다. 주요 소장품으로 약 800여 종의 해양동물 표본이 10,000여 점 전시되어 있다. 이곳의 해양동물 표본은 40여 년간의 오랜 경험과 특수 기술로 생동감 있게 제작되었다. 해양동물 실물 표본을 직접 관찰할 수 있어, 표본의 본질적 가치를 바탕으로 한 해양 동물 교육과 체험의 장이 되고 있다. 해양 동물자원의 중요성과 공존의 가치를 인식시키는 계기를 마련하고, 국내 생태계 보전의식 확산에 이바지하는, 지속 가능한 해양 동물 전문 박물관이다. 주변 관광지로는 세계적 자연유산인 성산일출봉과 섭지코지, 아쿠아플라넷, 용눈이오름 등이 있다.",www.jejumarineanimal.com,064-782-3711,09:00~18:00,"[개인] / - 일반 10,000원 / - 청소년 9,000원 / - 어린이 8,000원 / - 가족(성인2,어린이2) 32,000원 / [단체(20인 이상)] / - 일반 9,000원 / - 청소년 8,000원 / - 어린이 7,000원 / - 가족(성인2,어린이2) 30,000원",가능 (대형 3대 / 소형 40대) / 무료,매주 수요일,Unknown,Unknown,체험프로그램: 동물 양초만들기 / 상어스탬프 / 색칠공부 / 종이접기 | 한국어 안내서비스: 가능,50,130,VE,문화관광,VE07,전시시설,VE070100,박물관,50,0,60,80,80,0,,,60,45,75,observed,0.8382,0.8393,0.7534,0.835,blend
597562,14,문화시설,제주현대미술관,제주특별자치도 제주시 한경면 저지14길 35,63005,126.2656603005,33.3398442069,"제주현대미술관은 제주만의 독특한 문화예술실현의 일환으로 2007년 9월 1일 개관했다. 제주의 아름다운 자연환경이 잘 보전된 중산간 마을 저지리의 저지문화예술인마을 중심부에 입지 하여 관람객에게 문화예술과 자연의 아름다움을 선사한다. 한국 근현대 미술의 거목 김흥수 화백이 자신의 대표 작품을 무상으로 기증한 유일한 미술관이다. / 국제조각심포지엄 야외공원과 함께 1천여 명이 동시 관람할 수 있는 야외공연장과 특별전시실, 상설전시실, 기획전시실, 아트숍, 세미나실 등 문화 예술 복합 기능을 갖췄다. 미술관 주변으로 대한민국 원로 화백들이 다수 거주하며 저지문화예술마을이라는 거대 문화벨트를 조성하고 있다. 예술의 관심이 있다면, 다수의 갤러리와 전시관을 함께 둘러볼 수 있다. 제주현대미술관과 저지문화예술인마을은 공간적 분리감이 거의 없어 관람 후 편하게 둘러볼 수 있으나, 거주 공간인 만큼 관광 매너를 준수해야 한다.",https://www.jeju.go.kr/jejumuseum,064-710-7801,- 본관 09:00~18:00- 공공수장고 09:15~17:30※ 매표시간은 관람시간 종료 30분전까지,"[개인]- 어른 2,000원- 청소년/군인 1,000원- 어린이 500원 [단체 (10인 이상)]- 어른 1,400원- 청소년/군인 700원- 어린이 300원※ 무료 - 6세 이하 / 65세 이상 / 장애인 등 / 무료",무료,매주 월요일 / 1월 1일 / 설·추석 연휴 ※ 월요일이 공휴일(대체공휴일 포함)인 경우에는 그 다음의 첫 번째 비공휴일,Unknown,Unknown,주차요금: 무료,50,110,VE,문화관광,VE07,전시시설,VE070600,미술관/화랑,70,10,80,100,30,20,,,30,15,45,observed,0.8905,0.8942,0.9257,0.8448,blend
3083715,14,문화시설,제주홀릭뮤지엄,제주특별자치도 제주시 애월읍 평화로 2835,63062,126.44162522614434,33.45646869202743,"제주홀릭뮤지엄은 과거 50년 전에 지어진 요양병원을 업사이클링 하여 만들어진 전시관이며, 제주도를 재해석한 내용들로 이루어진 5개의 공간에서 제주에 대해 몰랐던 새로운 이야기가 펼쳐지는 신비로운 전시다. / 제주홀릭뮤지엄은 ‘제주, 빛으로 말하다’, ‘상상제주’, ‘유색유취’, ‘경험의 자유’, ‘일상의 비움’ 등 제주도 콘텐츠를 바탕으로 컨셉이 이루어진 5개의 공간으로 구성되어 있으며, 제주에 관한 새로운 이야기를 쉽게 알 수 있도록 다양한 작품들이 설치되어 있는 체험형 전시다.",https://www.jejuholicmuseum.com,064-745-7455,09:30~18:00 (관람 마감 19:00),"[일반]- 성인 12,000- 청소년 11,000- 소인 9,000※ 자세한 사항은 홈페이지 참조 / 무료",무료,연중무휴,Unknown,가능,"한국어안내서비스: 가능 | 외국어안내서비스: 가능(중국어, 영어) | 주차요금: 무료",50,110,VE,문화관광,VE07,전시시설,VE070300,전시관,10,0,80,90,70,0,,,60,45,75,category,0.8214,,0.0,0.8214,category
819583,14,문화시설,조안베어뮤지엄,제주특별자치도 서귀포시 대포로 113 (대포동),63544,126.4347575117,33.2401550889,"제주도 남부 서귀포시의 중문 관광단지 내에 위치하고 있는 조안베어뮤지엄은 세계적으로 유명한 테디베어 아티스트인 조안 오의 작업실이자 전시공간이다. 박물관에서는 천연의 소재로 만들어진 테디베어를 만날 수 있으며, 제주 자연의 아름다움을 느끼며 느긋한 휴식을 취할 수 있는 곳이다. 나지막한 언덕에 있는 조안베어뮤지엄에서는 백여 년 된 오십 그루의 소나무들과 돌담들이 그대로 보존되고 있어 제주 올레를 함께 할 수 있는 곳이다.",공식 홈페이지 http://joanneteddybear.com공식 인스타그램 https://www.instagram.com/joanneteddybear,064-739-1024,- 09:00~17:00- 입장 마감 16:15,"[일반] / - 성인 12,000원 / - 청소년 11,000원 / - 어린이 10,000원 / [할인(2,000원)] / - 제주도민/경로/장애인/국가유공자 / ※ 무료 : 36개월 미만 / ※ 이용요금은 변동될 수 있으므로 자세한 사항은 홈페이지 참조 또는 전화 문의 요망 / 무료",무료,연중무휴,Unknown,Unknown,내국인예약안내: 전화예약가능 | 주차요금: 무료,50,130,VE,문화관광,VE07,전시시설,VE070100,박물관,80,0,80,80,30,0,,,45,30,60,blend,0.8196,0.75,0.1813,0.835,blend
1939078,14,문화시설,조천읍도서관,제주특별자치도 제주시 조천읍 일주동로 1189,63333,126.6676791949,33.5377090094,"조천읍도서관은 다양한 자료를 수집, 제공함으로써 도민의 독서생활화에 기여하고 있는 공공도서관이다. 1999년에 개관하였으며, 현재는 제주시 문화관광체육국 산하 우당도서관에서 관리하고 있다. 다양한 계층별 독서문화프로그램을 통해 도민들의 평생교육 실현에 앞장서고 있는 문화·소통의 복합공간을 위해 힘쓰고 있다. 지하 1층, 지상 2층 규모로, 총 250석의 좌석을 갖춘 열람실과 서예실, 정보이용실, 다목적강당, 어린이자료실 등이 있다. 어린이자료실은 아이들이 자유롭게 앉고 기대거나 누워서 볼 수 있는 편안한 공간으로 마련되어 있다. 영유아를 위한 온돌방 형태의 공간도 갖추고 있어 부모와 자녀가 함께 책을 즐길 수 있다.",https://www.jeju.go.kr/lib/lib/jocheon/use.htm,064-728-1505,"[자료실] / - 평일 08:00~22:00 / - 주말, 공휴일 09:00~18:00 / [열람실] / - 08:00~22:00 / [정보이용실] / - 09:00~18:00",Unknown,가능 (소형 20대 / 대형 5대) / 무료,매주 금요일 / 설·추석 연휴 / 대체 공휴일 / 12월 31일 / 1월 1일,Unknown,Unknown,소장품현황: 독서문화프로그램 | 예약안내: 체험 프로그램 전화 문의,50,110,VE,문화관광,VE09,교육시설,VE090300,도서관,20,0,30,70,40,0,,,60,45,75,category,0.8331,,0.0,0.8331,category
3386123,14,문화시설,주정공장수용소 4·3역사관,제주특별자치도 제주시 임항로 98 (건입동),63280,126.53480935519346,33.51810710408291,"주정공장수용소 4.3역사관은 일제강점기 시절 동양척식회사가 운영하던 큰 규모의 주정공장이 있었던 곳으로, 바로 앞에 항구가 있어 생산된 주정을 바로 내보낼 수 있었다. 태평양전쟁 때에는 제주도 전역에서 수확한 고구마를 이용해 주정을 생산하였다. 이 곳에서 생산한 알코올은 일본군의 연료로 사용되었고, 해방 이후에도 4.3 당시 주정공장이 보유한 창고들이 민간인 수용소로 이용되었다. 그 당시 행방불명된 희생자들을 기리기 위한 역사관이다.",Unknown,064-725-4302,09:00 ~18:00 (입장 마감 17:00),"무료 / 최초 30분 1,000원 이후 추가 15분당 500원 씩 추가 요금 발생","최초 30분 1,000원 이후 추가 15분당 500원 씩 추가 요금 발생","매달 둘째, 넷째 월요일 / 1월 1일 / 설·추석 연휴",Unknown,Unknown,"주차요금: 최초 30분 1,000원 이후 추가 15분당 500원 씩 추가 요금 발생",50,110,VE,문화관광,VE07,전시시설,VE070300,전시관,0,0,20,100,20,0,,,30,15,45,blend,0.8803,1.0,0.3297,0.8214,blend
130363,14,문화시설,초콜릿 박물관,제주특별자치도 서귀포시 대정읍 일주서로3000번길 144,63504,126.230012687173,33.2569921707361,"제주의 자연과 어우러진 소박한 규모의 초콜릿 전문 박물관이다. 화산 활동으로 생성된 제주 고유의 송이석으로 지어진 박물관 건물은 유럽스타일 고성의 느낌을 주며 1,500여 평에 이르는 넓은 대지 위에서의 느낌은 방문객들에게 아늑함과 낭만을 동시에 느끼게 해 준다. 독일 쾰른의 초콜릿박물관에 이어 세계 두 번째의 규모로 동양에서는 처음으로 세워진 초콜릿&카카오 전문 박물관으로 초콜릿의 전래 역사와 유럽을 선두로 변천과 발전을 지속해 온 지구상의 모든 초콜릿에 대해 재미있게 살펴볼 수 있는 기초 미각 문화의 전당이다. 세계 10대 초콜릿 박물관으로 선정되기도 했다. 일정 가격만큼의 초콜릿을 구매하면 초콜릿을 만들어 보는 체험 활동 이용권을 받을 수 있다.",http://www.chocolatemuseum.org,064-792-3121,10:30~17:00 (입장 마감 16:40),"- 성인 8,000원 - 소인 6,000원 ※ 무료 : 6세 미만 유아 / 70세 이상 경로",Unknown,연중무휴,Unknown,Unknown,체험프로그램: 초콜릿 사관학교 프로그램,50,130,VE,문화관광,VE07,전시시설,VE070100,박물관,30,70,80,90,70,40,,,75,60,90,blend,0.7516,0.375,0.1813,0.835,blend
1737497,14,문화시설,초콜릿랜드,제주특별자치도 서귀포시 중문관광로110번길 15,63535,126.4133188934,33.2497673500,"중문관광단지에 있는 제주 초콜릿랜드는 초콜릿을 테마로 다양한 재미를 선보인다. 전 세계 다양한 형태의 초콜릿 작품들과 세계 최초 초콜릿 그림, 각국을 구분하여 전시해 놓은 세계 초콜릿 전시장, 어린이를 위한 포토존, 초콜릿 만들기 체험장, 전망대가 있다. 초콜릿 만들기 체험은 재료와 도구가 준비되어 있어 손쉽게 만들며 맛과 재미를 느낄 수 있다. 직접 만든 초콜릿을 포장해 소중한 사람에게 선물하기도 좋다. 이 밖에 마카롱 만들기, 초코크러스트 피자 만들기 체험 등이 있다. 연인과 가족, 아이들과 함께 달콤한 시간을 만들고 싶은 사람들이 즐겨 찾는 곳이다. 중문관광단지 내의 다른 전시관들과 같이 둘러보기 좋다.",Unknown,064-738-1197,09:00~18:00 (입장 마감 17:30),"- 성인 3,000원 / - 청소년 2,000원 / - 어린이 1,000원",Unknown,Unknown,있음,가능,"화장실: 있음 | 입 장 료: - 성인 3,000원 / - 청소년 2,000원 / - 어린이 1,000원 | 이용가능시설: 초콜릿전시관 / 초콜릿갤러리 / 초콜릿체험장 등",50,130,VE,문화관광,VE07,전시시설,VE070100,박물관,20,40,70,70,90,30,,,90,60,120,observed,0.7778,0.7083,0.4512,0.835,blend
3584915,14,문화시설,코코컬처클럽,제주특별자치도 서귀포시 성산읍 환해장성로 201,63634,126.8881,33.387,"코코컬처클럽은 제주특별자치도 서귀포시 성산읍에 위치한 약 10,000평 규모의 대형 복합문화공간이다. 성산 앞바다를 정면으로 마주한 해안가 입지에 자리하고 있으며, 탁 트인 오션뷰를 기반으로 레스토랑, 카페, 굿즈샵 등 다양한 시설을 함께 운영하고 있다. 공간 내 레스토랑에서는 스테이크를 비롯해 피자, 핫도그, 프렌치프라이 등 아메리칸 푸드와 브런치 메뉴, 맥모닝 메뉴, 시즌 한정 메뉴 등 다양한 식사 메뉴를 제공하며, 카페에서는 음료와 디저트를 즐길 수 있다. 굿즈샵에서는 자체 기획 상품과 기념품을 판매하고 있어 식음과 쇼핑을 동시에 경험할 수 있는 구조이다. 야외 공간도 함께 구성되어 있어 방문객은 바다 전망을 감상하며 휴식과 여가 시간을 보낼 수 있다. 코코컬처클럽에서는 정기 및 비정기적으로 공연, 페스티벌, 체험 프로그램 등 다양한 문화 행사가 진행된다. 코코컬처클럽은 복합 형태의 문화공간으로 운영되며, 제주 동부 지역을 찾는 관광객과 지역 방문객 모두가 이용할 수 있는 관광지이다. 넓은 부지와 다양한 시설 구성으로 가족, 연인, 친구 단위 방문객 등 다양한 이용 목적에 대응할 수 있는 공간이다.",https://www.kokocultureclub.com,0507-1466-5430,- 로컬씨푸드마켓 11:30~21:30- 카페&베이커리 10:30~19:30- KOKO 굿즈샵 10:30~21:30,무료※ 시설별로 상이하므로 전화 문의 요망,Unknown,연중무휴,Unknown,Unknown,Unknown,50,130,VE,문화관광,VE12,기타문화관광지,VE120300,기타문화시설,80,80,90,80,70,70,,,30,15,45,category,0.7969,,0.0,0.7969,category
130317,14,문화시설,테디베어뮤지엄 제주,제주특별자치도 서귀포시 중문관광로110번길 31 (색달동),63535,126.412146,33.25002,"100년이 넘는 테디베어의 역사와 서울의 역사, 근현대 100년 인류사, 서울의 역사와 현재의 모습, 예술, 세계여행 등의 여러 가지 테마를 테디베어와 접목해 재미있는 볼거리와 알 거리를 제공하는 테마 박물관이다. 1902년에 탄생한 테디베어의 역사를 전시한 국내 최초이자 최대 규모의 박물관이다. 세계 각국에서 모아 온 진귀한 테디베어들이 전시되어 있을 뿐만 아니라, 테디베어 전시를 통해서 20세기 인류 역사를 소개하고 있다. 엘비스 프레슬리의 유명 공연을 감상할 수 있고, 세계적인 명화를 패러디한 베어 등 흥미롭고 다채로운 구성으로 아이에서 어른 할 것 없이 누구나 좋아하고 사랑하는 테디베어를 만날 수 있다. 기념품 매장, 카페테리아, 수유실 등의 부대시설이 운영되고 있다. 2021년 5월, 20주년을 맞아 새롭게 단장하고 재개관해 새로운 테디베어들을 만나볼 수 있다. 테디베어뮤지엄은 중문 관광단지에 위치해 다른 관광지로 이동이 수월하고, 중문 색달해변이 내려가 보이는 잔디광장과 야외정원이 조성되어 있어 싱그러운 바닷바람과 함께 산책의 여유로움도 찾을 수 있다.",http://www.teddybearmuseum.com,064-738-7600,09:00~18:00 (입장 마감 17:30),"[개인]- 성인 12,000원- 청소년(중학생~고등학생) 11,000원- 어린이(36개월~초등학생) 10,000원[2000원 할인]- 제주도민 / 단체 10명 이상 / 장애인 / 군경 / 경로(65세 이상)※ 무료- 만 36개월 이하 유아 / 무료",무료,연중무휴,Unknown,Unknown,주차요금: 무료,50,130,VE,문화관광,VE07,전시시설,VE070100,박물관,50,20,80,80,30,20,,,60,45,75,observed,0.8402,0.8409,0.8892,0.835,blend
696841,14,문화시설,테디베어하우스 테지움,제주특별자치도 제주시 애월읍 평화로 2159,63037,126.3935836397,33.4120435500,"테지움 사파리는 세계 최초로 야생동물과 수중동물 꽃과 새들을 모두 봉제인형으로 제작하여 전시되는 새로운 개념의 박물관이다. A동 1층의 야생동물존에는 호랑이, 코끼리, 사자 표범 등의 동물인형과 다양한 포즈의 실물크기의 테디베어와 함께 사진을 찍고 직접 만지고 느낄 수 있도록 전시되어 있고 2층에는 돌고래, 상어를 비롯하여 문어, 거북이 등 수중 동물인형과 홍학, 학, 오리 떼 등 다양한 인형들이 있다. 2층으로 넘어오게 되면 엎드린 모습의 테디베어에서 어린이들이 자유롭게 뛰어놀 수 있는 놀이터와 드라마 뉴하트에 등장했던 모든 테디베어와 테지움아트갤러리에는 영화패러디, 그리스신화 테디베어, 세계의상 테디베어들이 전시되어 있다. 물코너에서는 다양한 형태의 테디베어 소품들과 사랑스러운 여러 가지의 테디베어를 구매할 수 있다.",http://www.teseum.net,064-799-4820,[하절기] 08:30~19:30 (입장 마감 18:30) / [춘추절기] 09:00~19:00 (입장 마감 18:00) / [동절기] 09:00~18:30 (입장 마감 17:00),"[개인] / - 성인 12,500원 / - 청소년 11,500원 / - 어린이 10,500원 / [단체] / - 성인 10,000원 / - 청소년 9,000원 / - 어린이 8,000원",가능 / 무료,연중무휴,Unknown,가능,Unknown,50,110,VE,문화관광,VE07,전시시설,VE070100,박물관,20,0,90,70,70,40,,,60,45,75,category,0.835,,0.0,0.835,category
2836855,14,문화시설,포도뮤지엄,제주특별자치도 서귀포시 산록남로 788 포도뮤지엄,63525,126.3859690212,33.3192651702,"제주시 안덕면에 위치한 포도뮤지엄은 다양성을 존중하고 서로의 생각을 공유하며 미래의 가치를 나누는 미술관이다. 지난 2021년 4월에 개관하였으며 지구 생태 환경과 인류의 공생, 사회 소외 계층의 목소리에 귀를 기울이는 것에 집중한다. 이를 통해 교육적이고 다양성을 존중하는 콘텐츠를 바탕으로 모두를 위한 뮤지엄을 목표로 한다. 또한 자체 프로그램인 '살롱드포도 Salon de PODO'도 지속적으로 진행 중이다. 박물관 1층에는 카페와 기념품샵 등이 있다.",https://www.podomuseum.com,064-794-5115,10:00~18:00 (입장 마감 17:30),"[개인]- 성인 10,000원- 어린이·청소년 6,000원[제주도민]- 성인 5,000원- 어린이·청소년 3,000원※ 무료 : 36개월 미만 영유아 / 75세 이상 노인 / 국가유공자 / 경찰 등※ 자세한 사항은 홈페이지 참조",Unknown,매주 화요일,Unknown,Unknown,Unknown,50,130,VE,문화관광,VE07,전시시설,VE070600,미술관/화랑,30,20,60,90,40,20,,,60,45,75,observed,0.8615,0.8616,0.9963,0.8448,blend
2606211,14,문화시설,피규어뮤지엄제주,제주특별자치도 서귀포시 안덕면 한창로 243,63526,126.3553982011,33.2819712150,"눈을 뗄 수 없는 환상적인 피규어들이 가득한 피규어뮤지엄 제주에서는 액션피규어, 무비 스테츄, 실물크기 영화 캐릭터들의 대형 피규어들과 업사이클링 힐링아트 작품들은 물론 희귀하고 정교한 고퀄리티의 다양한 피규어들도 감상할 수 있다. 전 세대가 공감할 수 있는 영화, 게임, 애니메이션에 등장하는 친근한 피규어들이 가득하다. 특히, 제주도의 지리적 위치와 특성상 접하기 힘들었던 최고의 캐릭터 산업 키워드인 피규어를 제주도민과 국내외 관광객이 즐길 수 있게 함으로써 제주도의 대표적인 문화공간으로 주목받는다.",http://figurejeju.com,0507-1433-2264,09:30~18:00 (입장마감 17:00),"[개인] / - 일반 14,000원 / - 청소년 12,000원 / - 어린이/경로/장애인/국자유공자 10,000원 / [단체 (20명 이상)] / - 일반 12,000원 / - 청소년 10,000원 / - 어린이/경로/장애인/국자유공자 8,000원 / ※ 무료 : 24개월 이하 유아",가능 / 무료,연중무휴,Unknown,Unknown,예약안내: 현장 / 온라인,50,130,VE,문화관광,VE07,전시시설,VE070100,박물관,10,0,80,90,20,10,,,60,45,75,observed,0.9358,0.9792,0.6988,0.835,blend
4060957,14,문화시설,하리보 해피월드,제주특별자치도 제주시 아연로 444-1 (오등동),63240,126.528770546154,33.4738817185569,"하리보 해피월드는 100여년이 넘는 역사, 120개국 이상에서 사랑받고 있는 ‘HARIBO’를 천혜의 섬 제주에서 만나볼 수 있는 전시관이다. 알록달록 다양한 젤리들과 HARIBO의 역사, 그리고 제작 과정까지 HARIBO의 모든 것을 미디어 아트와 미디어 게임으로 만나볼 수 있으며, 전시관 곳곳에 가득한 포토존에서 추억을 만들 수 있는 곳이다. 어린이들에게는 상상력과 모험을, 어른들에게는 동심을 선사하는 환상적인 공간을 지향하고 있으며 2층의 아트샵에서는 전세계의 다양한 젤리들과 사랑스런 굿즈들을 만나 볼 수 있다.",https://haribohappyworldjeju.com,070-8850-8850,10:00~19:00 (입장 마감 18:00),"- 성인 18,000원 / - 청소년 15,000원 / - 어린이 13,000원 / 무료",무료,Unknown,Unknown,Unknown,주차요금: 무료,50,110,VE,문화관광,VE07,전시시설,VE070300,전시관,10,20,80,70,70,60,,,60,45,75,category,0.8214,,0.0,0.8214,category
130141,14,문화시설,한국야구명예전당,제주특별자치도 서귀포시 중산간서로 97-1 (강정동),63558,126.4984223827,33.2605730556,"서귀포 강창학체육공원 내에 위치한 한국야구명예전당은 1995년 개관한 야구 박물관이다. 서귀포에 다양한 야구 관련 시설을 설치하고 야구의 메카로 자리매김하겠다는 서귀포시의 의지에 당시 야구의 집을 운영하던 전 LG 트윈스 감독의 물품 기증이 합쳐져 박물관의 모습을 갖추게 됐다. 전시실에는 국내외 야구 역사와 관련된 사진은 물론 글러브, 배트 등의 야구용품과 그 변천을 담았다. 또, 주요 야구 선수들의 소장품과 MLB 첫 월드시리즈 입장권과 같은 해외 야구 물품이 전시되어 있다. 전시실 외에 야구도서관을 조성해 야구 도서와 잡지, 과거 야구 영상물을 담은 비디오테이프와 글러브, 야구공 제작 과정을 볼 수도 있다. 국민 스포츠 야구와 관련된 전반적인 정보와 흥미로운 볼거리를 제공하고 있어 누구나 방문하기 좋다.",https://www.visitjeju.net,064-760-6411,09:00~18:00 (입장 마감 17:30),"- 성인 1,000원 / - 소인 600원",가능,매주 월요일 / 1월 1일 / 설·추석 연휴,Unknown,없음,Unknown,50,130,VE,문화관광,VE07,전시시설,VE070300,전시관,10,0,60,90,40,0,,,60,45,75,category,0.8214,,0.0,0.8214,category
2904457,14,문화시설,헌마공신김만일기념관,제주특별자치도 서귀포시 서성로 919,63614,126.690784782692,33.3361458552909,"헌마공신김만일기념관은 옷귀마테마타운 근처에 위치한 기념관이다. 서귀포시 남원읍 의귀리 출신인 김만일은 탁월한 목축기술과 위기극복 능력으로 수많은 양마를 길러 임진왜란 등 전쟁으로 나라가 위기에 처할 때마다 수천 필의 전마 등을 도맡아 감당해내며, 국난극복에 커다란 공헌을 하였다. 기념관에는 스크린 승마를 비롯해 다양한 말 체험 프로그램과 말에 대한 기록, 김만일의 업적 등을 전시해 놓았고 실내외 포토존도 다양하다. 관련 여행프로그램으로 옷귀마테마타운 승마, 숲길 승마 등이 있다.",http://kimmanil.com,064-805-9801,09:00~18:00 (입장 마감 17:40),무료,Unknown,매주 월요일 / 1월 1일 / 설·추석,Unknown,Unknown,Unknown,50,130,VE,문화관광,VE07,전시시설,VE070200,기념관,30,0,70,80,80,0,,,30,15,45,category,0.8224,,0.0,0.8224,category
1911160,14,문화시설,헬로키티아일랜드,제주특별자치도 서귀포시 안덕면 한창로 340,63526,126.3521344149,33.2900841569,"헬로키티아일랜드는 전 세계적으로 사랑받는 캐릭터 헬로키티의 40년 역사와 이야기를 만날 수 있는 테마 박물관으로 제주 서귀포시 안덕면에 위치해 있다. 헬로키티의 역사와 행복한 이야기들이 담긴 전시관과 3D 영상관, 기획작품 갤러리가 메인이다. 2층에는 향긋한 커피와 키티가 그려진 달콤한 디저트를 맛볼 수 있는 헬로키티카페를 운영 중이다. 어린이뿐만 아니라 어른들도 창의적인 경험을 통해 예술적 감술성을 일깨울 수 있도록 전시를 구성했으며, 관람 후에는 브랜드숍에서 아기자기한 헬로키티 상품을 구매할 수 있다. 차로 10분 거리에 세계자동차&피아노박물관, 피규어뮤지엄 제주 등 다양한 볼거리가 있다.",https://www.hellokittyisland.co.kr,064-792-6114,09:00~18:00 (입장 마감 17:00),"[일반] / - 성인 16,000원 / - 청소년(중/고등학생) 15,000원 / - 어린이(만 24개월이상~초등학생) 13,000원 / [단체 (20인 이상)] / - 성인 14,000원 / - 청소년(중/고등학생) 13,000원 / - 어린이(만 24개월이상~초등학생) 11,000원 / ※ 무료 : 23개월 이하 유아",가능 / 무료,연중무휴,Unknown,Unknown,Unknown,50,130,VE,문화관광,VE07,전시시설,VE070300,전시관,10,30,80,80,40,60,,,90,60,120,observed,0.8074,0.8073,0.9918,0.8214,blend
2811110,14,문화시설,훈데르트바서파크,제주특별자치도 제주시 우도면 우도해안길 32-12,63365,126.9549441872,33.4930408093,"훈데르트바서파크는 제주시 우도에 위치한 문화예술공간으로 훈데르트바서의 건축물과 예술 작품을 감상하며 색다른 경험을 할 수 있는 곳이다. 오스트리아의 화가이자 건축가인 프리덴슈타인 훈데르트바서의 작품과 건축 철학을 바탕으로 조성되었다. 훈데르트바서는 자연과 조화를 이루는 건축을 추구한 것으로 유명하다. 훈데르트바서파크 또한 우도의 자연환경과 조화를 이루는 독특한 건축물로 이루어져 있다. 파크는 크게 훈데르트바서뮤지엄, 우도갤러리, 파크 굿즈샵으로 구성되어 있다. 훈데르트바서뮤지엄은 훈데르트바서의 일생과 작품을 전시하는 곳으로 그의 회화 작품, 건축 작품, 조각 작품 등을 감상할 수 있다. 우도갤러리는 신진 작가들의 작품을 전시하는 곳으로 제주를 주제로 한 다양한 작품들을 감상할 수 있다. 파크 굿즈샵에서는 티셔츠, 머그컵, 에코백 등훈데르트바서파크의 다양한 오리지널 굿즈를 판매하고 있다.",http://www.hundertwasserpark.co.kr,064-766-6077,09:30~18:00 (입장 마감 17:00),"- 대인 9,900원 / - 소인 6,000원 / ※ 무료 유아",가능,연중무휴,Unknown,가능,대관안내: 예약가능 | 예약안내: 온라인예매,50,110,VE,문화관광,VE07,전시시설,VE070300,전시관,60,0,90,90,20,40,,,30,15,45,observed,0.8165,0.8125,0.5507,0.8214,blend
4013213,38,쇼핑,365열린약국,제주특별자치도 제주시 노형로 380 (노형동) 1층,63083,126.476619662438,33.4838112549963,365열린약국은 1년 365일 연중무휴로 밤늦게까지 고객의 건강을 살피는 안심 약국 브랜드입니다. 휴일이나 야간에도 한결같이 친절하고 전문적인 상담을 제공하며 지역 사회의 든든한 건강 파수꾼 역할을 수행합니다.,Unknown,064-744-0365,08:00~22:00,,가능,Unknown,있음,가능,Unknown,50,110,SH,쇼핑,SH04,면세점,SH040300,사후면세점,0,0,0,0,0,20,월-일요일,의약품/의료용 기기,30,15,45,category,0.8163,,0.0,0.8163,category
4026837,38,쇼핑,ABC마트 GS 제주본점,제주특별자치도 제주시 노연로 95 (연동) 1-2층,63123,126.490476429309,33.4860782610304,"ABC마트는 다양한 신발 브랜드를 한자리에서 선보이는 슈즈 멀티스토어입니다. 나이키, 아디다스, 퓨마 등 인기 브랜드 제품을 합리적인 가격에 제공하며, 트렌디한 디자인과 폭넓은 선택지로 쇼핑의 즐거움을 더합니다.",abcmart.a-rt.com,02-1588-9667,11:30~23:00,,가능,Unknown,없음,가능,Unknown,50,110,SH,쇼핑,SH04,면세점,SH040300,사후면세점,0,0,20,0,0,90,월-일요일,신발류,30,15,45,category,0.8163,,0.0,0.8163,category
4013224,38,쇼핑,ABC마트 GSA 신제주연동점,제주특별자치도 제주시 신광로 58 (연동),63131,126.489654426738,33.4870798836126,"ABC마트는 다양한 신발 브랜드를 한자리에서 선보이는 슈즈 멀티스토어입니다. 나이키, 아디다스, 퓨마 등 인기 브랜드 제품을 합리적인 가격에 제공하며, 트렌디한 디자인과 폭넓은 선택지로 쇼핑의 즐거움을 더합니다.",abcmart.a-rt.com,02-1588-9667,11:30~23:00,,불가능,Unknown,없음,가능,Unknown,50,110,SH,쇼핑,SH04,면세점,SH040300,사후면세점,0,0,20,0,10,100,월-일요일,신발류,30,15,45,category,0.8163,,0.0,0.8163,category
4026863,38,쇼핑,ABC마트 SP 제주시청점,제주특별자치도 제주시 중앙로 226 (이도이동) 1층,63207,126.529644196072,33.4994650724252,"ABC마트는 다양한 신발 브랜드를 한자리에서 선보이는 슈즈 멀티스토어입니다. 나이키, 아디다스, 퓨마 등 인기 브랜드 제품을 합리적인 가격에 제공하며, 트렌디한 디자인과 폭넓은 선택지로 쇼핑의 즐거움을 더합니다.",abcmart.a-rt.com,02-1588-9667,10:30~22:00,,불가능,Unknown,없음,가능,Unknown,50,110,SH,쇼핑,SH04,면세점,SH040300,사후면세점,0,0,20,0,0,90,월-일요일,신발류,30,15,45,category,0.8163,,0.0,0.8163,category
2900956,38,쇼핑,ABC마트 ST 서귀포점,제주특별자치도 서귀포시 중정로91번길 2 (서귀동),63591,126.566104856827,33.2486515120337,"ABC마트는 다양한 신발 브랜드를 한자리에서 선보이는 슈즈 멀티스토어입니다. 나이키, 아디다스, 퓨마 등 인기 브랜드 제품을 합리적인 가격에 제공하며, 트렌디한 디자인과 폭넓은 선택지로 쇼핑의 즐거움을 더합니다.",abcmart.a-rt.com,02-1588-9667,10:30-22:00,,불가능,Unknown,없음,가능,Unknown,50,130,SH,쇼핑,SH04,면세점,SH040300,사후면세점,0,0,20,0,10,100,월-일요일,신발류,30,15,45,category,0.8163,,0.0,0.8163,category
4026854,38,쇼핑,AK골프 제주점,제주특별자치도 제주시 연북로 265 (오라이동),63145,126.509718278864,33.4814860735181,AK골프는 전 세계 유명 골프 브랜드의 클럽과 용품을 한눈에 비교하고 구매할 수 있는 골프 전문 멀티숍입니다. 전문가의 상담과 합리적인 가격을 통해 골퍼들이 최상의 라운딩을 즐길 수 있도록 돕습니다.,www.akgolf.co.kr,0507-1389-1288,10:00~20:00,,가능,Unknown,있음,가능,Unknown,50,110,SH,쇼핑,SH04,면세점,SH040300,사후면세점,0,0,20,0,10,90,월-일요일,스포츠용품,30,15,45,category,0.8163,,0.0,0.8163,category
4026846,38,쇼핑,CU 도두항점,제주특별자치도 제주시 서해안로 164 (도두일동) 1층,63112,126.466415539058,33.5040124922716,"CU는 '나이스 투 유'라는 슬로건 아래 고객과 가장 가까운 곳에서 최고의 편의를 제공하는 편의점 브랜드입니다. 트렌디한 신상품과 차별화된 도시락, 디저트 등 고품질의 상품과 서비스를 통해 고객의 생활 가치를 높이는 데 앞장섭니다.",cu.bgfretail.com,064-711-3025,00:00~24:00,,불가능,Unknown,없음,가능,Unknown,50,110,SH,쇼핑,SH04,면세점,SH040300,사후면세점,0,50,10,0,0,70,월-일요일,"복합쇼핑몰(백화점, 마트, 편의점, 아울렛 등)",30,15,45,category,0.8163,,0.0,0.8163,category
4026820,38,쇼핑,CU 서귀포항점,제주특별자치도 서귀포시 칠십리로91번길 12 (서귀동) 1층,63596,126.5642748644,33.2410376924,"CU는 '나이스 투 유'라는 슬로건 아래 고객과 가장 가까운 곳에서 최고의 편의를 제공하는 편의점 브랜드입니다. 트렌디한 신상품과 차별화된 도시락, 디저트 등 고품질의 상품과 서비스를 통해 고객의 생활 가치를 높이는 데 앞장섭니다.",cu.bgfretail.com,Unknown,01:00~24:00,,불가능,Unknown,있음,가능,Unknown,50,130,SH,쇼핑,SH04,면세점,SH040300,사후면세점,0,20,10,0,0,60,월-일요일,"복합쇼핑몰(백화점, 마트, 편의점, 아울렛 등)",30,15,45,category,0.8163,,0.0,0.8163,category
3305425,38,쇼핑,CU 제주신화빌라스점,제주특별자치도 서귀포시 안덕면 신화역사로304번길 139,63522,126.317525210778,33.3013855011924,"CU는 '나이스 투 유'라는 슬로건 아래 고객과 가장 가까운 곳에서 최고의 편의를 제공하는 편의점 브랜드입니다. 트렌디한 신상품과 차별화된 도시락, 디저트 등 고품질의 상품과 서비스를 통해 고객의 생활 가치를 높이는 데 앞장섭니다.",cu.bgfretail.com,064-794-5533,00:00~24:00,,가능,Unknown,있음,가능,Unknown,50,130,SH,쇼핑,SH04,면세점,SH040300,사후면세점,0,40,10,0,0,50,월-일요일,"복합쇼핑몰(백화점, 마트, 편의점, 아울렛 등)",30,15,45,category,0.8163,,0.0,0.8163,category
4009600,38,쇼핑,CU 제주애월한담점,제주특별자치도 제주시 애월읍 애월로 37,63043,126.312270179629,33.4621761546953,"CU는 '나이스 투 유'라는 슬로건 아래 고객과 가장 가까운 곳에서 최고의 편의를 제공하는 편의점 브랜드입니다. 트렌디한 신상품과 차별화된 도시락, 디저트 등 고품질의 상품과 서비스를 통해 고객의 생활 가치를 높이는 데 앞장섭니다.",Unknown,064-799-2579,00:00-24:00,,가능,Unknown,있음,가능,Unknown,50,110,SH,쇼핑,SH04,면세점,SH040300,사후면세점,0,20,10,0,0,30,월-일요일,"잡화 , 식료품",30,15,45,category,0.8163,,0.0,0.8163,category
4026858,38,쇼핑,CU 제주연오로점,제주특별자치도 제주시 연오로 108 (연동),63135,126.501321682988,33.4833460097639,"CU는 '나이스 투 유'라는 슬로건 아래 고객과 가장 가까운 곳에서 최고의 편의를 제공하는 편의점 브랜드입니다. 트렌디한 신상품과 차별화된 도시락, 디저트 등 고품질의 상품과 서비스를 통해 고객의 생활 가치를 높이는 데 앞장섭니다.",cu.bgfretail.com,064-747-7927,01:00~24:00,,불가능,Unknown,있음,가능,Unknown,50,110,SH,쇼핑,SH04,면세점,SH040300,사후면세점,0,30,10,0,0,50,월-일요일,"복합쇼핑몰(백화점, 마트, 편의점, 아울렛 등)",30,15,45,category,0.8163,,0.0,0.8163,category
3305511,38,쇼핑,CU 제주열린점,제주특별자치도 제주시 삼무로 11 (연동),63125,126.4879823138,33.4902110670701,"CU는 '나이스 투 유'라는 슬로건 아래 고객과 가장 가까운 곳에서 최고의 편의를 제공하는 편의점 브랜드입니다. 트렌디한 신상품과 차별화된 도시락, 디저트 등 고품질의 상품과 서비스를 통해 고객의 생활 가치를 높이는 데 앞장섭니다.",cu.bgfretail.com,064-713-2558,00:00-24:00,,불가능,Unknown,있음,가능,Unknown,50,110,SH,쇼핑,SH04,면세점,SH040300,사후면세점,0,30,10,0,0,60,월-일요일,"복합쇼핑몰(백화점, 마트, 편의점, 아울렛 등)",30,15,45,category,0.8163,,0.0,0.8163,category
3307106,38,쇼핑,CU 제주항국제여객터미널,제주특별자치도 제주시 임항로 191 (건입동),63280,126.5440785094,33.5258373782,"CU는 '나이스 투 유'라는 슬로건 아래 고객과 가장 가까운 곳에서 최고의 편의를 제공하는 편의점 브랜드입니다. 트렌디한 신상품과 차별화된 도시락, 디저트 등 고품질의 상품과 서비스를 통해 고객의 생활 가치를 높이는 데 앞장섭니다.",cu.bgfretail.com,Unknown,07:00-19:30,,가능,Unknown,있음,가능,Unknown,50,110,SH,쇼핑,SH04,면세점,SH040300,사후면세점,0,30,10,0,0,50,월-일요일,"복합쇼핑몰(백화점, 마트, 편의점, 아울렛 등)",30,15,45,category,0.8163,,0.0,0.8163,category
4026828,38,쇼핑,EE플레이스 제주시청점,제주특별자치도 제주시 광양10길 10 (이도이동) 1층,63207,126.529042507129,33.4992495602685,EE플레이스는 역동적인 에너지와 즐거운 경험을 선사하는 복합 라이프스타일 체험 공간 브랜드입니다. 트렌디한 감각의 패션 아이템부터 문화 콘텐츠까지 한데 모아 고객들이 자신만의 즐거움을 발견하고 소통할 수 있도록 돕습니다.,Unknown,064-805-5004,12:00~23:00,,불가능,Unknown,없음,가능,Unknown,50,110,SH,쇼핑,SH04,면세점,SH040300,사후면세점,10,10,50,20,50,90,월-일요일,"의류 , 신발류 , 가방류",30,15,45,category,0.8163,,0.0,0.8163,category
3305786,38,쇼핑,GS25 서귀오션점,제주특별자치도 서귀포시 중앙로 19-1 (서귀동),63595,126.561774311883,33.2462413271495,"GS25는 'Lifestyle Platform'을 지향하며 고객의 일상에 편리함과 즐거움을 더하는 대한민국 대표 편의점 브랜드입니다. 차별화된 PB 상품인 '유어스'와 신선한 먹거리, 혁신적인 생활 금융 서비스를 통해 고객에게 언제나 최상의 만족을 선사합니다.",Unknown,064-732-0559,01:00~24:00,,불가능,Unknown,없음,가능,Unknown,50,130,SH,쇼핑,SH04,면세점,SH040300,사후면세점,0,50,0,0,0,40,월-일요일,"복합쇼핑몰(백화점, 마트, 편의점, 아울렛 등)",30,15,45,category,0.8163,,0.0,0.8163,category
4013226,38,쇼핑,GS25 연동서강점,제주특별자치도 제주시 신대로16길 43 (연동) 광성빌딩,63123,126.491787295208,33.4867223316676,"GS25는 'Lifestyle Platform'을 지향하며 고객의 일상에 편리함과 즐거움을 더하는 대한민국 대표 편의점 브랜드입니다. 차별화된 PB 상품인 '유어스'와 신선한 먹거리, 혁신적인 생활 금융 서비스를 통해 고객에게 언제나 최상의 만족을 선사합니다.",gs25.gsretail.com,064-749-6009,01:00~24:00,,가능,Unknown,없음,가능,Unknown,50,110,SH,쇼핑,SH04,면세점,SH040300,사후면세점,0,20,0,0,0,30,월-일요일,"복합쇼핑몰(백화점, 마트, 편의점, 아울렛 등)",30,15,45,category,0.8163,,0.0,0.8163,category
4026838,38,쇼핑,GS25 제주노형점,제주특별자치도 제주시 도령로 31 (노형동),63098,126.482150160136,33.4878756929729,"GS25는 'Lifestyle Platform'을 지향하며 고객의 일상에 편리함과 즐거움을 더하는 대한민국 대표 편의점 브랜드입니다. 차별화된 PB 상품인 '유어스'와 신선한 먹거리, 혁신적인 생활 금융 서비스를 통해 고객에게 언제나 최상의 만족을 선사합니다.",gs25.gsretail.com,064-744-9625,00:00~24:00,,불가능,Unknown,없음,가능,Unknown,50,110,SH,쇼핑,SH04,면세점,SH040300,사후면세점,0,40,0,0,0,70,월-일요일,"복합쇼핑몰(백화점, 마트, 편의점, 아울렛 등)",30,15,45,category,0.8163,,0.0,0.8163,category
2905162,38,쇼핑,K2 서귀포점,제주특별자치도 서귀포시 중정로 101 (서귀동),63591,126.567148019609,33.2488394403075,"K2는 등산화, 의류, 용품 등을 선보이는 한국의 아웃도어 브랜드입니다. 방수·보온 기능과 내구성을 갖춘 제품으로 아웃도어 활동과 일상까지 폭넓게 활용할 수 있습니다.",www.k-village.co.kr/k2,064-763-7600,10:00~21:00,,불가능,명절,있음,가능,Unknown,50,130,SH,쇼핑,SH04,면세점,SH040300,사후면세점,0,0,10,0,0,80,월-일요일,"의류 , 신발류 , 가방류",30,15,45,category,0.8163,,0.0,0.8163,category
4013239,38,쇼핑,K2 제주MS,제주특별자치도 제주시 중앙로 35 (일도일동),63277,126.524915759389,33.5151568075435,"K2는 등산화, 의류, 용품 등을 선보이는 한국의 아웃도어 브랜드입니다. 방수·보온 기능과 내구성을 갖춘 제품으로 아웃도어 활동과 일상까지 폭넓게 활용할 수 있습니다.",Unknown,064-759-8611,10:30~20:30,,불가능,명절,있음,가능,Unknown,50,110,SH,쇼핑,SH04,면세점,SH040300,사후면세점,0,0,20,0,0,90,월-일요일,의류,30,15,45,category,0.8163,,0.0,0.8163,category
2917176,38,쇼핑,LG전자 베스트샵 이도본점,제주특별자치도 제주시 중앙로 335 (이도이동),63231,126.536918845824,33.4917802437954,"LG베스트샵은 LG전자 제품만 전문적으로 판매하는 매장입니다. 최신 가전제품과 IT기기를 한 자리에서 살펴보고, 전문 상담 서비스를 통해 제품별 특징과 사용 정보를 얻을 수 있습니다.",bestshop.lge.co.kr,0507-1389-8071,10:30~20:30,,가능,명절,있음,가능,Unknown,50,110,SH,쇼핑,SH04,면세점,SH040300,사후면세점,0,0,20,0,20,90,월-일요일,전자/디지털제품,30,15,45,category,0.8163,,0.0,0.8163,category
2917170,38,쇼핑,LG전자 베스트샵 제주본점,제주특별자치도 제주시 도령로 36 (노형동),63081,126.482906423201,33.4877040322364,"LG베스트샵은 LG전자 제품만 전문적으로 판매하는 매장입니다. 최신 가전제품과 IT기기를 한 자리에서 살펴보고, 전문 상담 서비스를 통해 제품별 특징과 사용 정보를 얻을 수 있습니다.",Unknown,0507-1403-6600,10:30-20:30,,가능,명절,있음,가능,Unknown,50,110,SH,쇼핑,SH04,면세점,SH040300,사후면세점,0,0,20,0,10,90,월-일요일,전자/디지털제품,45,30,60,blend,0.8496,1.0,0.1813,0.8163,blend
2929365,38,쇼핑,MLB 제주점,제주특별자치도 제주시 중앙로7길 9 (일도일동),63277,126.525702228467,33.5150207960801,"MLB는 메이저리그 베이스볼 라이선스를 기반으로 한 스포츠 캐주얼 브랜드로, 스트리트 감성과 트렌디한 디자인이 특징입니다. 모자, 의류, 액세서리 등 다양한 아이템으로 글로벌 스포츠 패션을 경험할 수 있습니다.",www.mlb-korea.com,064-702-4466,10:00-21:00,,불가능,Unknown,없음,가능,Unknown,50,110,SH,쇼핑,SH04,면세점,SH040300,사후면세점,0,0,40,0,10,90,월-일요일,의류,30,15,45,category,0.8163,,0.0,0.8163,category
2904020,38,쇼핑,PXG 제주점,제주특별자치도 제주시 연북로 78 (연동) 성남빌딩 1층,63138,126.489627300934,33.4815414689382,PXG는 타협하지 않는 최고의 성능을 지향하는 럭셔리 골프 브랜드입니다. 최첨단 공학 설계가 집약된 클럽과 시크한 블랙 앤 화이트 무드의 프리미엄 의류를 통해 필드 위 압도적인 카리스마와 퍼포먼스를 선사합니다.,www.pxg.co.kr,064-747-0107,10:00-21:00,,가능,명절,있음,가능,Unknown,50,110,SH,쇼핑,SH04,면세점,SH040300,사후면세점,0,0,40,0,0,80,월-일요일,의류,30,15,45,category,0.8163,,0.0,0.8163,category
3306086,38,쇼핑,SI빌리지 신세계사이먼프리미엄아울렛 제주점,제주특별자치도 서귀포시 안덕면 신화역사로304번길 38,63522,126.31635202613,33.3049726791712,"SI빌리지는 신세계인터내셔날이 엄선한 글로벌 하이엔드 브랜드들을 만날 수 있는 럭셔리 라이프스타일 플랫폼입니다. 앞선 감각의 패션, 뷰티, 리빙 아이템들을 통해 고객의 취향을 한 차원 높여주는 세련된 큐레이션을 제공합니다.",www.sivillage.com,064-907-1523,10:30-20:30,,가능,Unknown,있음,가능,Unknown,50,130,SH,쇼핑,SH04,면세점,SH040300,사후면세점,0,0,30,0,10,100,월-일요일,"복합쇼핑몰(백화점, 마트, 편의점, 아울렛 등)",30,15,45,category,0.8163,,0.0,0.8163,category
4013231,38,쇼핑,갤럭시 제주점,제주특별자치도 제주시 연북로 259 (오라이동),63145,126.509136801609,33.4815139753064,"갤럭시는 삼성물산이 운영하는 대한민국 남성복 브랜드로, 클래식한 테일러링과 세련된 디자인을 바탕으로 품격 있는 비즈니스 스타일을 제공합니다. 고급 소재와 정교한 패턴으로 완성된 제품들은 안정감 있는 핏과 현대적인 감성을 동시에 담고 있습니다.",www.galaxy.co.kr,064-751-4004,10:00~20:30,,가능,명절,있음,가능,Unknown,50,110,SH,쇼핑,SH04,면세점,SH040300,사후면세점,0,0,20,0,0,70,월-일요일,의류,30,15,45,category,0.8163,,0.0,0.8163,category
2925674,38,쇼핑,게스 제주점,제주특별자치도 제주시 중앙로 39 (일도일동),63277,126.524911627091,33.514790385505,"게스는 미국 LA에서 시작된 라이프스타일 패션 브랜드로, 세련된 데님과 감각적인 디자인으로 전 세계 젊은 층에게 사랑받습니다. 자유롭고 트렌디한 스타일을 통해 개성을 표현할 수 있습니다.",www.guess.com,064-724-6300,10:00-21:00,,불가능,Unknown,없음,가능,Unknown,50,110,SH,쇼핑,SH04,면세점,SH040300,사후면세점,0,0,40,0,0,90,월-일요일,의류,30,15,45,category,0.8163,,0.0,0.8163,category
2901159,38,쇼핑,게스언더웨어 제주중앙지하상가점,제주특별자치도 제주시 오현길 74 (이도일동),63192,126.525527624994,33.5115740689552,"게스는 미국 LA에서 시작된 라이프스타일 패션 브랜드로, 세련된 데님과 감각적인 디자인으로 전 세계 젊은 층에게 사랑받습니다. 자유롭고 트렌디한 스타일을 통해 개성을 표현할 수 있습니다.",guessunderwear.kr,064-757-6170,10:00~20:30,,불가능,Unknown,있음,가능,Unknown,50,110,SH,쇼핑,SH04,면세점,SH040300,사후면세점,0,0,20,0,0,90,월-일요일,의류,30,15,45,category,0.8163,,0.0,0.8163,category
2931775,38,쇼핑,고려홍삼,제주특별자치도 제주시 신광로 27 (연동),63124,126.490323944513,33.489681748482,고려홍삼은 대한민국 홍삼의 전통과 명맥을 이어가는 고품격 건강 식품 브랜드입니다. 엄격한 품질 관리를 거친 국내산 인삼만을 사용하여 현대인의 면역력 증진과 기력 보충에 도움을 주는 정직한 제품들을 선보입니다.,m.korearg.co.kr,064-747-3389,09:30-21:30,,불가능,명절,있음,가능,Unknown,50,110,SH,쇼핑,SH04,면세점,SH040300,사후면세점,0,10,0,20,0,80,월-일요일,인삼/한약재/건강보조식품,30,15,45,category,0.8163,,0.0,0.8163,category
132159,38,쇼핑,고성오일시장,제주특별자치도 서귀포시 성산읍 고성오조로 93,63640,126.9127293498,33.4518891163,"고성장은 제주도 동부 관광명소인 성산일출봉이 있는 성산읍사무소 소재지 마을인 고성리에 위치하고 있으며 국도 12번 도로에 접하고 있다. 1984년 현재 위치로 이설 한 후, 성산읍 주민은 물론 인근 우도면과 구좌읍 주민들도 이용하는 비교적 큰 5일장이다. 도심의 오일시장과는 사뭇 다른 시골장터 분위기를 느낄 수 있다. 특별한 상품보다는 청과물, 수산물, 정육, 생활용품, 의류, 농기구, 잡화 등 생활에 필요한 모든 물품이 갖추어져 있어 없는 것이 없다는 표현이 어울린다. 그리고 근처에는 제주 명소들이 인접해 있어 부담없이 둘러볼 수 있다. 성산읍의 정취와 정겨움을 느끼고 싶다면 고성오일시장을 방문해 보는 것을 추천한다.",https://www.visitjeju.net,064-760-4281,08:00~14:00,,가능,※ 점포마다 상이함,있음,Unknown,Unknown,50,130,SH,쇼핑,SH06,시장,SH060100,비상설시장,20,30,40,40,30,100,4일 / 9일 / 14일 / 19일 / 24일 / 29일,수산물 / 농산물 / 의류 / 잡화류 등,30,15,45,observed,0.5459,0.5156,0.7981,0.6655,blend
3307027,38,쇼핑,골든구스 신세계사이먼프리미엄아울렛 제주점,제주특별자치도 서귀포시 안덕면 신화역사로304번길 38,63522,126.31635202613,33.3049726791712,골든구스(Golden Goose)는 빈티지한 감성과 이탈리아의 장인 정신이 결합된 럭셔리 라이프스타일 브랜드입니다. 인위적인 워싱과 낡은 듯한 멋의 스니커즈를 통해 정형화되지 않은 자유롭고 힙한 감성을 전 세계에 알리고 있습니다.,www.goldengoose.com,064-907-1525,10:30-20:30,,가능,Unknown,있음,가능,Unknown,50,130,SH,쇼핑,SH04,면세점,SH040300,사후면세점,0,0,40,0,0,90,월-일요일,"의류 , 신발류",30,15,45,category,0.8163,,0.0,0.8163,category
4012998,38,쇼핑,골든듀 신세계사이먼프리미엄아울렛 제주점,제주특별자치도 서귀포시 안덕면 신화역사로304번길 38 B1층,63522,126.31635202613,33.3049726791712,"골든듀는 정교한 장인정신과 세련된 디자인으로 사랑받는 대한민국 프리미엄 주얼리 브랜드입니다. 다이아몬드와 천연 보석을 활용한 컬렉션을 선보이며, 결혼과 기념일 등 특별한 순간을 위한 품격있는 주얼리를 제안합니다.",Unknown,0507-1344-1491,10:30~21:00,,가능,명절,있음,가능,Unknown,50,130,SH,쇼핑,SH04,면세점,SH040300,사후면세점,0,0,60,0,0,90,월-일요일,보석/액세서리,30,15,45,category,0.8163,,0.0,0.8163,category
3306785,38,쇼핑,골프존마켓 신세계사이먼프리미엄아울렛 제주점,제주특별자치도 서귀포시 안덕면 신화역사로304번길 38 B1층,63522,126.31635202613,33.3049726791712,"골프존마켓은 다양한 골프용품을 한곳에서 비교하고 구매할 수 있는 대한민국 골프 전문 유통 브랜드입니다. 클럽, 의류, 액세서리 등 폭넓은 상품 구성을 갖추고 있으며, 전문 상담과 피팅 서비스를 통해 고객에게 최적의 장비 선택을 제공합니다.",market.golping.com,064-907-1427,10:30~21:00,,가능,명절,있음,가능,Unknown,50,130,SH,쇼핑,SH04,면세점,SH040300,사후면세점,0,0,20,0,20,100,월-일요일,스포츠용품,30,15,45,category,0.8163,,0.0,0.8163,category
3306952,38,쇼핑,구호 신세계사이먼프리미엄아울렛 제주점,제주특별자치도 서귀포시 안덕면 신화역사로304번길 38 B1층,63522,126.31635202613,33.3049726791712,구호는 미니멀리즘과 아방가르드한 감성이 조화된 대한민국 대표 컨템포러리 브랜드입니다. 입체적인 실루엣과 절제된 디테일을 통해 현대 여성의 지적이고 세련된 라이프스타일을 대변합니다.,kuho.co.kr,064-907-1449,10:30~21:00,,가능,명절,있음,가능,Unknown,50,130,SH,쇼핑,SH04,면세점,SH040300,사후면세점,0,0,20,0,0,90,월-일요일,의류,30,15,45,category,0.8163,,0.0,0.8163,category
4026848,38,쇼핑,구호 신제주점,제주특별자치도 제주시 신광로 37 (연동) 1층,63124,126.490321271529,33.4887237059125,구호는 미니멀리즘과 아방가르드한 감성이 조화된 대한민국 대표 컨템포러리 브랜드입니다. 입체적인 실루엣과 절제된 디테일을 통해 현대 여성의 지적이고 세련된 라이프스타일을 대변합니다.,Unknown,0507-1308-2982,10:00~21:30,,불가능,명절,없음,가능,Unknown,50,110,SH,쇼핑,SH04,면세점,SH040300,사후면세점,0,0,60,20,10,90,월-일요일,"의류 , 신발류 , 가방류",30,15,45,category,0.8163,,0.0,0.8163,category
4009594,38,쇼핑,귤귤스토어 도두점,제주특별자치도 제주시 서해안로 238 (도두일동),63112,126.471492103941,33.5088043753245,귤귤스토어는 제주의 상징인 감귤을 테마로 한 아기자기하고 창의적인 굿즈와 특산물을 제안하는 기념품 브랜드입니다. 제주의 따뜻한 감성이 담긴 디자인 소품들을 통해 여행의 추억을 더욱 달콤하고 생생하게 간직하도록 돕습니다.,Unknown,064-712-0199,09:00-19:00,,가능,Unknown,없음,가능,Unknown,50,110,SH,쇼핑,SH04,면세점,SH040300,사후면세점,0,20,60,20,10,90,월-일요일,기념품/특산품,30,15,45,category,0.8163,,0.0,0.8163,category
4013228,38,쇼핑,귤귤스토어 애월점,제주특별자치도 제주시 애월읍 애월로1길 24-13,63043,126.3099194957,33.4632794332,귤귤스토어는 제주의 상징인 감귤을 테마로 한 아기자기하고 창의적인 굿즈와 특산물을 제안하는 기념품 브랜드입니다. 제주의 따뜻한 감성이 담긴 디자인 소품들을 통해 여행의 추억을 더욱 달콤하고 생생하게 간직하도록 돕습니다.,Unknown,Unknown,09:00~19:00,,가능,Unknown,없음,가능,Unknown,50,110,SH,쇼핑,SH04,면세점,SH040300,사후면세점,10,20,50,20,10,90,월-일요일,전통민예품/도자기/목각제품/기타 공예품,30,15,45,observed,0.7727,0.7692,0.9257,0.8163,blend
4009611,38,쇼핑,그린조이 제주중앙지하상가점,제주특별자치도 제주시 중앙로 60 (일도일동),63168,126.524440112964,33.512837715448,그린조이는 일상과 레저를 아우르는 합리적인 가치의 라이프스타일 골프웨어 브랜드입니다. 활동적인 움직임을 지원하는 기능성 의류와 트렌디한 디자인을 통해 전 세대가 편안하게 즐길 수 있는 스포티 룩을 제안합니다.,Unknown,064-757-3432,10:00-21:00,,가능,Unknown,있음,가능,Unknown,50,110,SH,쇼핑,SH04,면세점,SH040300,사후면세점,0,0,20,0,0,80,월-일요일,스포츠용품,30,15,45,category,0.8163,,0.0,0.8163,category
2914777,38,쇼핑,글라스스토리 렌즈스토리 중앙로점,제주특별자치도 제주시 중앙로 63 (이도일동) 1층,63192,126.5248108486,33.5125520717213,글라스스토리는 전문적인 검안 시스템과 최신 아이웨어 트렌드를 결합한 선진국형 안경 체인 브랜드입니다. 다양한 브랜드의 안경과 콘택트렌즈를 합리적인 가격에 제공하며 고객의 눈 건강을 체계적으로 관리합니다.,Unknown,0507-1361-1001,09:30-20:30,,불가능,월 1회,있음,가능,Unknown,50,110,SH,쇼핑,SH04,면세점,SH040300,사후면세점,0,0,20,0,0,90,월-일요일,의약품/의료용 기기,30,15,45,category,0.8163,,0.0,0.8163,category
2912583,38,쇼핑,금강제화 제주지점,제주특별자치도 제주시 관덕로 57 (일도일동),63277,126.525509164692,33.5132997324997,금강제화는 70년 이상 전통을 자랑하는 대한민국 신발 전문 브랜드입니다. 고급 소재와 세심한 수공으로 완성된 제품은 편안한 착화감과 세련된 스타일을 동시에 제공합니다. 신발 디자인도 다양해서 정장부터 캐주얼까지 다양한 패션에 두루 활용할 수 있습니다.,kumkangshoe.com,064-753-9968,11:00-21:00,,불가능,Unknown,있음,가능,Unknown,50,110,SH,쇼핑,SH04,면세점,SH040300,사후면세점,0,0,20,20,10,90,월-일요일,신발류,30,15,45,category,0.8163,,0.0,0.8163,category
2905172,38,쇼핑,까스텔바작,제주특별자치도 제주시 신광로 72 (연동),63132,126.489613874976,33.485591818842,까스텔바작은 프랑스의 전설적인 디자이너 정신이 깃든 아트 컨셉 골프웨어 브랜드입니다. 독특하고 화려한 일러스트와 과감한 컬러 매치를 통해 필드 위에서 자신만의 예술적인 개성을 표현하고자 하는 골퍼들에게 사랑받습니다.,castelbajac.com,064-744-8488,11:00-22:30,,불가능,명절,있음,가능,Unknown,50,110,SH,쇼핑,SH04,면세점,SH040300,사후면세점,0,0,50,20,10,90,월-일요일,"의류 , 신발류 , 가방류 , 스포츠용품",30,15,45,category,0.8163,,0.0,0.8163,category
2905453,38,쇼핑,나이키 서귀포점,제주특별자치도 서귀포시 이중섭로 3 (서귀동),63595,126.564412049668,33.2477751605572,"나이키는 스포츠 관련 제품을 선보이는 글로벌 브랜드입니다. 운동화, 의류, 액세서리 등 품목과 스타일이 다양해 일상에서도 폭넓게 활용할 수 있습니다.",nike.com,064-763-2131,10:30-22:00,,불가능,Unknown,없음,가능,Unknown,50,130,SH,쇼핑,SH04,면세점,SH040300,사후면세점,0,0,20,0,0,90,월-일요일,"의류 , 신발류",30,15,45,category,0.8163,,0.0,0.8163,category
2924345,38,쇼핑,나이키 칠성로점,제주특별자치도 제주시 칠성로길 26 (일도일동),63277,126.525564325141,33.5142562605355,"나이키는 스포츠 관련 제품을 선보이는 글로벌 브랜드입니다. 운동화, 의류, 액세서리 등 품목과 스타일이 다양해 일상에서도 폭넓게 활용할 수 있습니다.",nike.com,064-702-2131,10:00-22:00,,불가능,Unknown,없음,가능,Unknown,50,110,SH,쇼핑,SH04,면세점,SH040300,사후면세점,0,0,20,0,0,90,월-일요일,"의류 , 신발류",30,15,45,category,0.8163,,0.0,0.8163,category
2910064,38,쇼핑,나이키골프 제주점,"제주특별자치도 제주시 신대로 136 (연동, 코스모스태홍누리안5차아파트)",63133,126.496033953453,33.4850752435992,"나이키는 스포츠 관련 제품을 선보이는 글로벌 브랜드입니다. 운동화, 의류, 액세서리 등 품목과 스타일이 다양해 일상에서도 폭넓게 활용할 수 있습니다.",www.nike.com,064-742-2163,10:00~20:00,,가능,Unknown,있음,가능,Unknown,50,110,SH,쇼핑,SH04,면세점,SH040300,사후면세점,0,0,20,0,10,90,월-일요일,"의류 , 신발류 , 스포츠용품",30,15,45,category,0.8163,,0.0,0.8163,category
4009588,38,쇼핑,나이키골프 제주중문점,제주특별자치도 서귀포시 중문관광로72번길 29-9 (색달동) B1층,63535,126.411556504447,33.249698457597,"나이키는 스포츠 관련 제품을 선보이는 글로벌 브랜드입니다. 운동화, 의류, 액세서리 등 품목과 스타일이 다양해 일상에서도 폭넓게 활용할 수 있습니다.",Unknown,064-739-8866,10:00-21:00,,가능,Unknown,있음,불가능,Unknown,50,130,SH,쇼핑,SH04,면세점,SH040300,사후면세점,0,0,20,0,0,90,월-일요일,"신발류 , 스포츠용품",30,15,45,category,0.8163,,0.0,0.8163,category
4013247,38,쇼핑,나이키칠성로점,제주특별자치도 제주시 칠성로길 26 (일도일동),63277,126.525564325141,33.5142562605355,"나이키는 스포츠 관련 제품을 선보이는 글로벌 브랜드입니다. 운동화, 의류, 액세서리 등 품목과 스타일이 다양해 일상에서도 폭넓게 활용할 수 있습니다.",Unknown,064-702-2131,10:00~21:50,,불가능,Unknown,없음,가능,Unknown,50,110,SH,쇼핑,SH04,면세점,SH040300,사후면세점,0,0,20,0,0,90,월-일요일,신발류,30,15,45,category,0.8163,,0.0,0.8163,category
4013249,38,쇼핑,낙산약국,제주특별자치도 제주시 도령로 87 (연동) 1층,63127,126.487275468846,33.4908688308155,낙산약국은 지역 주민의 오랜 건강 지킴이로서 정직하고 따뜻한 약료 서비스를 실천하는 전통 있는 약국입니다. 풍부한 복약 경험과 친절한 상담을 통해 이웃 주민들이 안심하고 건강을 돌볼 수 있는 든든한 안식처가 되겠습니다.,Unknown,064-743-0124,09:00~20:00,,불가능,Unknown,있음,가능,Unknown,50,110,SH,쇼핑,SH04,면세점,SH040300,사후면세점,0,0,10,0,0,20,월-일요일,의약품/의료용 기기,30,15,45,category,0.8163,,0.0,0.8163,category
4009589,38,쇼핑,내셔널지오그래픽 서귀포점,제주특별자치도 서귀포시 중앙로 55 (서귀동),63592,126.561355293257,33.2495277357102,"내셔널지오그래픽은 자연과 탐험에서 영감을 받은 글로벌 라이프스타일 브랜드로, 아웃도어 의류부터 액세서리까지 다양한 제품을 선보입니다. 기능성과 스타일을 겸비한 제품들은 활동적인 활동적인 소비자에게 적합합니다.",Unknown,064-733-4665,10:00-21:00,,가능,Unknown,있음,불가능,Unknown,50,130,SH,쇼핑,SH04,면세점,SH040300,사후면세점,0,0,20,0,0,80,월-일요일,"의류 , 스포츠용품",30,15,45,category,0.8163,,0.0,0.8163,category
2893644,38,쇼핑,내셔널지오그래픽 신제주점,제주특별자치도 제주시 신광로 43-1 (연동),63124,126.490292777359,33.4881508974599,"내셔널지오그래픽은 자연과 탐험에서 영감을 받은 글로벌 라이프스타일 브랜드로, 아웃도어 의류부터 액세서리까지 다양한 제품을 선보입니다. 기능성과 스타일을 겸비한 제품들은 활동적인 활동적인 소비자에게 적합합니다.",natgeokorea.com,064-745-8996,11:00-21:30,,가능,명절,있음,가능,Unknown,50,110,SH,쇼핑,SH04,면세점,SH040300,사후면세점,0,0,20,0,0,90,월-일요일,의류,30,15,45,category,0.8163,,0.0,0.8163,category
2902941,38,쇼핑,내셔널지오그래픽 제주점,제주특별자치도 제주시 중앙로 37 (일도일동),63277,126.524881049205,33.5150088136572,"내셔널지오그래픽은 자연과 탐험에서 영감을 받은 글로벌 라이프스타일 브랜드로, 아웃도어 의류부터 액세서리까지 다양한 제품을 선보입니다. 기능성과 스타일을 겸비한 제품들은 활동적인 활동적인 소비자에게 적합합니다.",natgeokorea.com,064-755-8996,10:30-21:00,,가능,명절,없음,가능,Unknown,50,110,SH,쇼핑,SH04,면세점,SH040300,사후면세점,0,0,10,0,0,80,월-일요일,의류,30,15,45,category,0.8163,,0.0,0.8163,category
4013206,38,쇼핑,내셔널지오그래픽키즈 제주점,제주특별자치도 제주시 관덕로11길 9 (일도일동),63277,126.525353456743,33.5139635178592,"내셔널지오그래픽은 자연과 탐험에서 영감을 받은 글로벌 라이프스타일 브랜드로, 아웃도어 의류부터 액세서리까지 다양한 제품을 선보입니다. 기능성과 스타일을 겸비한 제품들은 활동적인 활동적인 소비자에게 적합합니다.",www.natgeokorea.com,064-723-5599,10:30~21:00,,불가능,Unknown,없음,가능,Unknown,50,110,SH,쇼핑,SH04,면세점,SH040300,사후면세점,0,0,20,0,0,80,월-일요일,의류,30,15,45,category,0.8163,,0.0,0.8163,category
2912373,38,쇼핑,네이처컬렉션 제주롯데시티점,"제주특별자치도 제주시 도령로 73 (연동, 연동 펠리체)",63127,126.485948322561,33.4901161837273,네이처컬렉션은 LG생활건강의 다양한 자연주의 뷰티 브랜드들을 한데 모은 프리미엄 뷰티 편집숍입니다. 고객의 피부 고민에 최적화된 엄선된 화장품들을 한눈에 비교하고 체험하며 합리적인 뷰티 쇼핑을 즐길 수 있습니다.,www.thefaceshop.com,0507-1310-3639,10:30-20:30,,불가능,명절,있음,가능,Unknown,50,110,SH,쇼핑,SH04,면세점,SH040300,사후면세점,0,0,20,0,30,90,월-토요일,향수/화장품,30,15,45,category,0.8163,,0.0,0.8163,category
4009614,38,쇼핑,노르디스크 제주점,제주특별자치도 제주시 중앙로 40 (일도일동),63166,126.524496513434,33.5147458770984,노르디스크는 덴마크의 아웃도어 철학을 담은 프리미엄 캠핑 기어 및 의류 브랜드입니다. 상징적인 북극곰 로고와 감성적인 디자인의 면 텐트 등을 통해 여유롭고 품격 있는 캠핑 문화를 선도합니다.,www.k-village.co.kr/nordisk,064-702-1901,11:00-21:00,,가능,Unknown,있음,가능,Unknown,50,110,SH,쇼핑,SH04,면세점,SH040300,사후면세점,10,0,70,20,10,80,월-일요일,의류,30,15,45,category,0.8163,,0.0,0.8163,category
3306874,38,쇼핑,노스페이스 신제주점,제주특별자치도 제주시 노연로 115 (연동),63123,126.492479275592,33.4860187697738,노스페이스는 기술력을 바탕으로 내구성 좋은 제품을 선보이는 글로벌 아웃도어 브랜드입니다. 뛰어난 성능을 갖춘 제품은 실생활에서 다양하게 활용됩니다. 특히 한국에서는 트렌디한 디자인으로 큰 인기를 얻고 있습니다.,thenorthfacekorea.co.kr,064-745-4112,11:00-22:00,,불가능,Unknown,있음,가능,Unknown,50,110,SH,쇼핑,SH04,면세점,SH040300,사후면세점,0,0,20,0,0,90,월-일요일,"의류 , 신발류 , 가방류 , 스포츠용품",30,15,45,category,0.8163,,0.0,0.8163,category
2906140,38,쇼핑,노스페이스 제주점,제주특별자치도 제주시 관덕로11길 2 (일도일동),63277,126.525507712254,33.5133883532632,노스페이스는 기술력을 바탕으로 내구성 좋은 제품을 선보이는 글로벌 아웃도어 브랜드입니다. 뛰어난 성능을 갖춘 제품은 실생활에서 다양하게 활용됩니다. 특히 한국에서는 트렌디한 디자인으로 큰 인기를 얻고 있습니다.,thenorthfacekorea.co.kr,064-724-4112,11:00-21:00,,불가능,Unknown,없음,가능,Unknown,50,110,SH,쇼핑,SH04,면세점,SH040300,사후면세점,0,0,10,0,0,80,월-일요일,"의류 , 신발류 , 스포츠용품",30,15,45,category,0.8163,,0.0,0.8163,category
2911202,38,쇼핑,뉴발란스 신제주점,제주특별자치도 제주시 신광로 33 (연동),63124,126.490395623779,33.4892197069469,뉴발란스는 전 세계에서 사랑받는 글로벌 스포츠 브랜드입니다. 스타일리시한 디자인에 기능성까지 갖춘 운동화와 의류를 선보여 젊은 세대와 운동 마니아에게 꾸준한 인기를 얻고 있습니다.,www.nbkorea.com,064-711-8788,10:00-22:00,,불가능,명절,없음,가능,Unknown,50,110,SH,쇼핑,SH04,면세점,SH040300,사후면세점,0,0,20,0,10,90,월-일요일,"의류 , 신발류 , 스포츠용품",30,15,45,category,0.8163,,0.0,0.8163,category
2931669,38,쇼핑,뉴발란스 제주점,제주특별자치도 제주시 관덕로11길 16 (일도일동),63277,126.525619570515,33.5144874595037,뉴발란스는 전 세계에서 사랑받는 글로벌 스포츠 브랜드입니다. 스타일리시한 디자인에 기능성까지 갖춘 운동화와 의류를 선보여 젊은 세대와 운동 마니아에게 꾸준한 인기를 얻고 있습니다.,www.nbkorea.com,064-722-7226,10:00-22:00,,불가능,Unknown,없음,가능,Unknown,50,110,SH,쇼핑,SH04,면세점,SH040300,사후면세점,0,0,20,0,0,90,월-일요일,"의류 , 신발류 , 가방류 , 스포츠용품",30,15,45,category,0.8163,,0.0,0.8163,category
2903378,38,쇼핑,뉴에라 신제주점,제주특별자치도 제주시 신광로 68 (연동) 1층,63131,126.489734975976,33.486206392079,"뉴에라는 MLB 라이선스를 기반으로 한 글로벌 헤드웨어 브랜드입니다. 스트리트 패션 감성의 모자와 액세서리로 잘 알려져 있으며, 다양한 브랜드와의 콜라보레이션 제품도 인기가 높습니다.",www.neweracapkorea.com,064-712-0321,11:00-22:00,,불가능,명절,있음,가능,Unknown,50,110,SH,쇼핑,SH04,면세점,SH040300,사후면세점,0,0,20,0,0,90,월-일요일,의류,30,15,45,category,0.8163,,0.0,0.8163,category
2893682,38,쇼핑,뉴월드마트 신제주점,제주특별자치도 제주시 연동12길 3 (연동),63133,126.493378922921,33.4853493217504,뉴월드마트는 신선한 식품과 생활에 필요한 다양한 상품을 합리적인 가격과 정직한 서비스로 제공하는 지역 마트 브랜드입니다. 고객의 건강한 식탁과 편리한 생활을 위해 매일매일 엄선된 품질의 제품을 실속 있게 제안합니다.,Unknown,064-745-4600,00:00-24:00,,가능,Unknown,있음,가능,Unknown,50,110,SH,쇼핑,SH04,면세점,SH040300,사후면세점,0,30,10,0,0,90,월-일요일,"복합쇼핑몰(백화점, 마트, 편의점, 아울렛 등)",30,15,45,blend,0.8043,0.75,0.1813,0.8163,blend
4026834,38,쇼핑,다비치안경 신제주점,제주특별자치도 제주시 노연로 43 (노형동),63081,126.484686728105,33.4862387876833,"다비치안경은 세련된 디자인과 우수한 품질을 자랑하는 대한민국 안경 브랜드입니다. 트렌디하면서도 개성 넘치는 다양한 프레임을 합리적인 가격에 제공해, 외국인 관광객에게도 인기가 높습니다.",davich.com,0507-1349-1258,10:00~20:30,,가능,명절,있음,가능,Unknown,50,110,SH,쇼핑,SH04,면세점,SH040300,사후면세점,0,0,20,0,0,80,월-일요일,의약품/의료용 기기,30,15,45,category,0.8163,,0.0,0.8163,category
2925821,38,쇼핑,다이나핏 제주점,제주특별자치도 제주시 중앙로7길 9 (일도일동),63277,126.525702228467,33.5150207960801,다이나핏은 아웃도어·스포츠 제품을 판매하는 브랜드입니다. 가볍고 통기성 좋은 방수 소재를 사용해 야외 활동이나 일상에서 두루두루 활용이 가능합니다.,www.k-village.co.kr/dynafit,064-723-1374,10:30-20:00,,가능,Unknown,있음,가능,Unknown,50,110,SH,쇼핑,SH04,면세점,SH040300,사후면세점,0,0,10,0,0,80,월-일요일,향수/화장품,30,15,45,category,0.8163,,0.0,0.8163,category
4026812,38,쇼핑,다이소 서귀포중문점,제주특별자치도 서귀포시 일주서로 996 (색달동),63534,126.404480914504,33.258908011594,다이소는 '국민 가게'라는 별칭처럼 일상에 필요한 모든 것을 합리적인 가격에 제공하는 대한민국 대표 균일가 브랜드입니다. 3만 여 가지가 넘는 방대한 생활용품 라인업을 통해 고객의 생활 가치를 높이고 쇼핑의 즐거움을 극대화합니다.,www.daiso.co.kr,1522-4400,10:00~22:00,,가능,명절,없음,가능,Unknown,50,130,SH,쇼핑,SH04,면세점,SH040300,사후면세점,0,0,20,0,10,90,월-일요일,"의류 , 신발류 , 가방류 , 스포츠용품 , 향수/화장품 , 잡화 , 보석/액세서리 , 인삼/한약재/건강보조식품 , 식료품 , 기념품/특산품 , 전통민예품/도자기/목각제품/기타 공예품 , 휴대폰용품 , 문구/장난감/오락용품",30,15,45,category,0.8163,,0.0,0.8163,category
4026810,38,쇼핑,다이소 서귀포혁신도시점,제주특별자치도 서귀포시 일주동로 9153 (법환동),63572,126.514905694781,33.2476645007288,다이소는 '국민 가게'라는 별칭처럼 일상에 필요한 모든 것을 합리적인 가격에 제공하는 대한민국 대표 균일가 브랜드입니다. 3만 여 가지가 넘는 방대한 생활용품 라인업을 통해 고객의 생활 가치를 높이고 쇼핑의 즐거움을 극대화합니다.,www.daiso.co.kr,1522-4400,10:00~22:00,,가능,명절,없음,가능,Unknown,50,130,SH,쇼핑,SH04,면세점,SH040300,사후면세점,0,0,20,0,0,100,월-일요일,"의류 , 신발류 , 가방류 , 스포츠용품 , 향수/화장품 , 잡화 , 보석/액세서리 , 인삼/한약재/건강보조식품 , 식료품 , 기념품/특산품 , 전통민예품/도자기/목각제품/기타 공예품 , 휴대폰용품 , 문구/장난감/오락용품",30,15,45,category,0.8163,,0.0,0.8163,category
4026821,38,쇼핑,다이소 제주노형점,제주특별자치도 제주시 1100로 3325 (노형동),63083,126.4802473266,33.4834509185512,다이소는 '국민 가게'라는 별칭처럼 일상에 필요한 모든 것을 합리적인 가격에 제공하는 대한민국 대표 균일가 브랜드입니다. 3만 여 가지가 넘는 방대한 생활용품 라인업을 통해 고객의 생활 가치를 높이고 쇼핑의 즐거움을 극대화합니다.,www.daiso.co.kr,1522-4400,10:00~22:00,,가능,명절,없음,가능,Unknown,50,110,SH,쇼핑,SH04,면세점,SH040300,사후면세점,0,0,10,0,10,90,월-일요일,"의류 , 신발류 , 가방류 , 스포츠용품 , 향수/화장품 , 잡화 , 보석/액세서리 , 인삼/한약재/건강보조식품 , 식료품 , 기념품/특산품 , 전통민예품/도자기/목각제품/기타 공예품 , 휴대폰용품 , 문구/장난감/오락용품",30,15,45,category,0.8163,,0.0,0.8163,category
4026823,38,쇼핑,다이소 제주동문시장점,제주특별자치도 제주시 관덕로 68 (일도일동),63192,126.526511001839,33.5128644912115,다이소는 '국민 가게'라는 별칭처럼 일상에 필요한 모든 것을 합리적인 가격에 제공하는 대한민국 대표 균일가 브랜드입니다. 3만 여 가지가 넘는 방대한 생활용품 라인업을 통해 고객의 생활 가치를 높이고 쇼핑의 즐거움을 극대화합니다.,www.daiso.co.kr,1522-4400,10:00~22:00,,불가능,명절,없음,가능,Unknown,50,110,SH,쇼핑,SH04,면세점,SH040300,사후면세점,0,0,10,0,10,100,월-일요일,"의류 , 신발류 , 가방류 , 스포츠용품 , 향수/화장품 , 잡화 , 보석/액세서리 , 인삼/한약재/건강보조식품 , 식료품 , 기념품/특산품 , 전통민예품/도자기/목각제품/기타 공예품 , 휴대폰용품 , 문구/장난감/오락용품",15,15,30,observed,0.7842,0.7778,0.8347,0.8163,blend
4026862,38,쇼핑,다이소 제주시청점,제주특별자치도 제주시 중앙로 213 (이도이동),63208,126.529472144321,33.5006342353571,다이소는 '국민 가게'라는 별칭처럼 일상에 필요한 모든 것을 합리적인 가격에 제공하는 대한민국 대표 균일가 브랜드입니다. 3만 여 가지가 넘는 방대한 생활용품 라인업을 통해 고객의 생활 가치를 높이고 쇼핑의 즐거움을 극대화합니다.,www.daiso.co.kr,1522-4400,10:00~22:00,,불가능,명절,없음,가능,Unknown,50,110,SH,쇼핑,SH04,면세점,SH040300,사후면세점,0,0,10,0,0,100,월-일요일,"의류 , 신발류 , 가방류 , 스포츠용품 , 향수/화장품 , 잡화 , 보석/액세서리 , 인삼/한약재/건강보조식품 , 식료품 , 기념품/특산품 , 전통민예품/도자기/목각제품/기타 공예품 , 휴대폰용품 , 문구/장난감/오락용품",30,15,45,category,0.8163,,0.0,0.8163,category
4026870,38,쇼핑,다이소 제주애월점,제주특별자치도 제주시 애월읍 애원로 38,63044,126.320472435386,33.4608564762545,다이소는 '국민 가게'라는 별칭처럼 일상에 필요한 모든 것을 합리적인 가격에 제공하는 대한민국 대표 균일가 브랜드입니다. 3만 여 가지가 넘는 방대한 생활용품 라인업을 통해 고객의 생활 가치를 높이고 쇼핑의 즐거움을 극대화합니다.,www.daiso.co.kr,1522-4400,10:00~22:00,,가능,명절,없음,가능,Unknown,50,110,SH,쇼핑,SH04,면세점,SH040300,사후면세점,0,0,10,0,20,100,월-일요일,"의류 , 신발류 , 가방류 , 스포츠용품 , 향수/화장품 , 잡화 , 보석/액세서리 , 인삼/한약재/건강보조식품 , 식료품 , 기념품/특산품 , 전통민예품/도자기/목각제품/기타 공예품 , 휴대폰용품 , 문구/장난감/오락용품",30,15,45,category,0.8163,,0.0,0.8163,category
4026871,38,쇼핑,다이소 제주연동본점,제주특별자치도 제주시 일주서로 7864 (연동),63126,126.486790323496,33.4935070425069,다이소는 '국민 가게'라는 별칭처럼 일상에 필요한 모든 것을 합리적인 가격에 제공하는 대한민국 대표 균일가 브랜드입니다. 3만 여 가지가 넘는 방대한 생활용품 라인업을 통해 고객의 생활 가치를 높이고 쇼핑의 즐거움을 극대화합니다.,www.daiso.co.kr,1522-4400,10:00~22:00,,가능,명절,없음,가능,Unknown,50,110,SH,쇼핑,SH04,면세점,SH040300,사후면세점,0,0,10,0,10,100,월-일요일,"의류 , 신발류 , 가방류 , 스포츠용품 , 향수/화장품 , 잡화 , 보석/액세서리 , 인삼/한약재/건강보조식품 , 식료품 , 기념품/특산품 , 전통민예품/도자기/목각제품/기타 공예품 , 휴대폰용품 , 문구/장난감/오락용품",30,15,45,category,0.8163,,0.0,0.8163,category
2907285,38,쇼핑,다이소 제주연동점,제주특별자치도 제주시 신대로 105 (연동),63122,126.496865932105,33.4879334270823,다이소는 '국민 가게'라는 별칭처럼 일상에 필요한 모든 것을 합리적인 가격에 제공하는 대한민국 대표 균일가 브랜드입니다. 3만 여 가지가 넘는 방대한 생활용품 라인업을 통해 고객의 생활 가치를 높이고 쇼핑의 즐거움을 극대화합니다.,www.daiso.co.kr,1522-4400,10:00~22:00,,불가능,명절,없음,가능,Unknown,50,110,SH,쇼핑,SH04,면세점,SH040300,사후면세점,0,0,10,0,10,100,월-일요일,"의류 , 신발류 , 가방류 , 스포츠용품 , 향수/화장품 , 잡화 , 보석/액세서리 , 인삼/한약재/건강보조식품 , 식료품 , 기념품/특산품 , 전통민예품/도자기/목각제품/기타 공예품 , 휴대폰용품 , 문구/장난감/오락용품",30,15,45,category,0.8163,,0.0,0.8163,category
4026872,38,쇼핑,다이소 제주함덕점,제주특별자치도 제주시 조천읍 일주동로 1186,63334,126.667658372328,33.5368388693223,다이소는 '국민 가게'라는 별칭처럼 일상에 필요한 모든 것을 합리적인 가격에 제공하는 대한민국 대표 균일가 브랜드입니다. 3만 여 가지가 넘는 방대한 생활용품 라인업을 통해 고객의 생활 가치를 높이고 쇼핑의 즐거움을 극대화합니다.,www.daiso.co.kr,1522-4400,10:00~22:00,,가능,명절,없음,가능,Unknown,50,110,SH,쇼핑,SH04,면세점,SH040300,사후면세점,0,0,20,0,10,90,월-일요일,"의류 , 신발류 , 가방류 , 스포츠용품 , 향수/화장품 , 잡화 , 보석/액세서리 , 인삼/한약재/건강보조식품 , 식료품 , 기념품/특산품 , 전통민예품/도자기/목각제품/기타 공예품 , 휴대폰용품 , 문구/장난감/오락용품",30,15,45,category,0.8163,,0.0,0.8163,category
132161,38,쇼핑,대정오일시장,제주특별자치도 서귀포시 대정읍 신영로36번길 65 (대정읍),63506,126.2483310829,33.2204929929,"대정오일시장은 6·25전쟁 당시 문을 연 곳으로 제주도 서부 지역에서 가장 큰 오일시장이다. 모슬포에 자리 잡고 있어 모슬포 오일장이라고도 불리며 당시 대정읍에는 비행장과 육군훈련소가 있어 필요한 생활용품 및 물자가 오가다 보니 점차 커지게 되었고 자연스레 시장이 형성되었다고 한다. 대정읍 내에서 자리를 몇 번 옮기며 지금은 현재의 자리인 대정읍 하모리에 자리를 잡았다. 큰 규모만큼이나 선원들이 필요한 물품 등 취급하지 않는 상품이 없고 다양한 먹거리까지 준비되어 있으니 출출한 배를 달래려 방문해 보는 것도 나쁘지 않다. 대정 오일장은 매월 1일, 6일에 장이 열린다. 다만, 31일이 있는 달에는 31일에 문을 열고 다음 날 1일에는 열리지 않으니 참고하는 것이 좋다.",https://www.visitjeju.net,하모3리 사무소 064-794-7995,08:00~14:00 / ※ 개점과 폐점 시간 일정하지 않으므로 전화문의 요망,,가능,Unknown,있음,없음,Unknown,50,130,SH,쇼핑,SH06,시장,SH060100,비상설시장,20,60,40,50,40,90,1일 / 6일 / 11일 / 16일 / 21일 / 26일 / 31일,생황용품 / 건어물 / 수산물 / 의류 / 청과 등,30,15,45,observed,0.6776,0.6875,0.5507,0.6655,blend
1862763,38,쇼핑,더 아일랜더,제주특별자치도 제주시 관덕로4길 7,63168,126.5213603854,33.5123948509,"2013년 제주의 원도심에서 시작한 더 아일랜더는 제주 기념품을 중심으로 다양한 상품을 선보이는 감각적인 셀렉샵이다. 제주 기념품뿐 아니라 국내외의 트렌디한 디자인 소품까지 함께 구매할 수 있으며, 아기자기한 소품들이 어우러져 구경하는 재미를 더한다. 총 2개 층으로 운영되는 매장의 1층에서는 제주 아트상품과 사진엽서, 간식 등 지역의 특색을 가득 담은 다채로운 로컬 상품을 판매하고 있다. 이어지는 2층 공간에서는 더 아일랜더에서 직접 제작한 감성적인 모자와 티셔츠를 비롯해 디자인 문구류, 안경 등의 차별화된 패션 소품을 만나볼 수 있다.",https://www.instagram.com/jeju_the_islander,0507-1317-5562,10:10~19:30,,불가능,연중무휴,Unknown,Unknown,Unknown,50,110,SH,쇼핑,SH05,전문매장/상가,SH050300,관광기념품/특산물판매점,0,20,40,30,20,100,Unknown,제주도 아트상품 / 제주도 사진엽서 / 제주도 캐릭터 책갈피 / 향초 / 제주방언 달력 / 해녀캐릭터 상품 등,30,15,45,observed,0.7179,0.675,0.6321,0.7917,blend
4013202,38,쇼핑,더조은약국,제주특별자치도 제주시 과원로 110 (연동) 1층,63142,126.493480157363,33.4793623460299,더조은약국은 이름처럼 고객에게 더 좋은 약료 서비스와 더 좋은 상담을 약속하는 신뢰의 약국입니다. 최신 건강 정보를 바탕으로 한 꼼꼼한 설명과 정직한 조제를 통해 지역 사회의 건강 수준을 높이는 데 기여합니다.,Unknown,064-713-5019,09:00~19:00,,가능,공휴일,있음,가능,Unknown,50,110,SH,쇼핑,SH04,면세점,SH040300,사후면세점,0,0,0,0,0,20,월-토요일,의약품/의료용 기기,30,15,45,category,0.8163,,0.0,0.8163,category
4009603,38,쇼핑,더한섬하우스 제주점,제주특별자치도 제주시 연북로 257 (오라이동),63145,126.50893553764,33.4817164874775,더한섬하우스는 한섬의 다양한 프리미엄 브랜드들을 한곳에서 경험할 수 있는 고품격 컨셉 스토어입니다. 엄선된 큐레이션과 차별화된 라운지 서비스를 통해 고객들에게 세련된 패션 라이프스타일을 제안합니다.,www.thehandsome.com/ko,064-749-8083,10:00-20:00,,가능,명절,있음,가능,Unknown,50,110,SH,쇼핑,SH04,면세점,SH040300,사후면세점,0,0,40,0,20,90,월-일요일,의류,30,15,45,blend,0.759,0.5,0.1813,0.8163,blend
2912378,38,쇼핑,데상트 서귀포점,제주특별자치도 서귀포시 중정로 88 (서귀동),63595,126.565727474486,33.2481931583118,"데상트는 일본에서 시작된 글로벌 스포츠 브랜드로, 기능성과 퍼포먼스를 극대화한 고급 스포츠웨어를 제공합니다. 한국 시장에서도 뛰어난 기술력과 감각적인 제품 디자인으로 인기를 끌고 있으며, 제품군은 아웃도어와 일상 모두에서 활용이 가능합니다.",dk-on.com,064-732-5480,10:00-21:00,,가능,명절,있음,가능,Unknown,50,130,SH,쇼핑,SH04,면세점,SH040300,사후면세점,0,0,20,0,0,90,월-일요일,"의류 , 신발류 , 스포츠용품",30,15,45,category,0.8163,,0.0,0.8163,category
2918690,38,쇼핑,데상트 신제주점,제주특별자치도 제주시 신광로 60 (연동),63131,126.489679617623,33.4867841749432,"데상트는 일본에서 시작된 글로벌 스포츠 브랜드로, 기능성과 퍼포먼스를 극대화한 고급 스포츠웨어를 제공합니다. 한국 시장에서도 뛰어난 기술력과 감각적인 제품 디자인으로 인기를 끌고 있으며, 제품군은 아웃도어와 일상 모두에서 활용이 가능합니다.",dk-on.com,064-711-0318,10:00-22:00,,불가능,Unknown,있음,가능,Unknown,50,110,SH,쇼핑,SH04,면세점,SH040300,사후면세점,0,0,10,0,0,90,월-일요일,의류,30,15,45,category,0.8163,,0.0,0.8163,category
2930613,38,쇼핑,데상트골프 신제주점,제주특별자치도 제주시 노연로 94 (연동),63133,126.490204421725,33.4857110958867,"데상트는 일본에서 시작된 글로벌 스포츠 브랜드로, 기능성과 퍼포먼스를 극대화한 고급 스포츠웨어를 제공합니다. 한국 시장에서도 뛰어난 기술력과 감각적인 제품 디자인으로 인기를 끌고 있으며, 제품군은 아웃도어와 일상 모두에서 활용이 가능합니다.",dk-on.com,064-746-2589,10:00-22:00,,불가능,명절,있음,가능,Unknown,50,110,SH,쇼핑,SH04,면세점,SH040300,사후면세점,10,0,30,0,20,90,월-일요일,"의류 , 스포츠용품",30,15,45,category,0.8163,,0.0,0.8163,category
2860687,38,쇼핑,동문공설시장,제주특별자치도 제주시 일도일동 1144-28,63264,126.528198635012,33.5125255009266,"제주동문공설시장은 제주에서 오랜 역사를 자랑하는 재래시장 중 하나인 동문재래시장과 연결되어 있어 전통적인 제주 분위기를 느낄 수 있는 명소이다. 감귤, 옥돔, 갈치 등 제주 특산품을 비롯해 흑돼지, 고기국수, 오메기떡 등 지역의 전통 음식도 다양하게 즐길 수 있는 장소이다. 공항으로 가는 길에 들러 선물이나 기념품을 구매하기에 매우 편리하다. 이 때문에 많은 여행객들이 일정의 마지막에 이곳을 방문하곤 한다. 제주동문공설시장은 여러 방송 프로그램에 소개된 바 있으며, 인근에는 삼성혈, 제주 성지, 제주 원도심 등 함께 둘러보기 좋은 관광지도 위치해 있어 여행 코스로도 좋다.",Unknown,064-722-5109,점포별로 상이함,,가능요금 (최초 30분 무료 / 이후 15분당 추가 요금 500원 씩 발생),점포별로 상이함,있음,Unknown,Unknown,50,110,SH,쇼핑,SH06,시장,SH060200,상설시장,20,90,40,70,20,100,Unknown,제주특산물 / 수산물 / 농산물 / 잡화 등,60,45,75,observed,0.8009,0.8009,1.0,0.8017,blend
2737330,38,쇼핑,동문수산시장,제주특별자치도 제주시 이도일동 1349-60,63192,126.525718313675,33.5123754786102,"1970년에 개설된 제주 동문수산시장은 당일에 어획된 신선한 수산물을 판매하는 제주에 위치한 수산물 전문시장이다. 주로 제주산 은갈치, 옥돔, 고등어회 등을 판매한다. 전복과 자리와 같은 싱싱한 수산물뿐만 아니라, 젓갈과 건어물 또한 판매하고 있다. 가격도 저렴하여 합리적인 가격에 신선하고 품질 좋은 회를 맛볼 수 있다. 손님이 시장에서 직접 고른 상품을 식당에서 요리로 즐길 수 있는 맞춤 전문식당 방식도 많은 사랑을 받고 있다. 전국 어디에든 신선한 수산물을 전달하기 위해 특수포장을 한 후에 퀵서비스로 배달하는 방식 또한 도입되어 있어 손님들이 간편하게 집에서도 신선한 바다의 향을 느낄 수 있게 되었다. 꽁치 김밥과 같이 제주에서만 맛볼 수 있는 먹거리들과 다양한 즐길 거리가 가득한 제주 동문수산시장은 공항과 여객선 터미널과 가까원 관광객들이 쉽게 방문할 수 있다.",https://www.visitjeju.net/kr,064-752-8959,점포별로 상이함,,가능요금 (최초 30분 무료 / 이후 15분당 추가 요금 500원 씩 발생),점포별로 상이함,있음,가능,Unknown,50,110,SH,쇼핑,SH06,시장,SH060200,상설시장,20,90,40,30,40,100,Unknown,생선회 / 옥돔 / 갈치 / 젓갈 / 건어물 등,30,15,45,observed,0.7585,0.75,0.8347,0.8017,blend
1013246,38,쇼핑,동문재래시장,제주특별자치도 제주시 관덕로14길 20,63192,126.5260587646,33.5115624162,"동문재래시장은 오랜 역사를 지닌 전통 재래시장으로 제주도를 대표하는 시장 중 하나이다. 동문재래수산시장과 더불어 제주도에서 가장 중요하면서 대규모의 상설 재래시장을 구성하고 있다. 1945년 8월 광복 직후 형성된 것이 시초인데, 이 시장은 당시 제주도의 유일한 상설시장으로 제주도 전체 상업 활동의 근거지가 되었다. 1954년 3월에 발생한 대형 화재로 시장 전체가 잿더미로 변하자 같은 해 11월 현재의 장소로 이전했다. 주요 취급 품목은 야채, 과일, 수산물, 약초, 곡물, 의류 등이 있다. 제주도의 대표 재래시장인 만큼 신선한 해산물이 인기다. 갈치회를 비롯한 다양한 모듬회를 저렴한 값에 구매할 수 있으며, 전복내장밥 삼합이나 통전복이 들어간 떡갈비 등 퓨전음식이 주목받고 있다.",Unknown,064-752-3001,08:00~21:00,,가능,연중무휴,있음,Unknown,Unknown,50,110,SH,쇼핑,SH06,시장,SH060200,상설시장,20,80,50,60,40,100,Unknown,농축수산물 / 과일 / 의류 / 잡화 등,60,45,75,observed,0.7942,0.7942,1.0,0.8017,blend
1890343,38,쇼핑,동부농원,제주특별자치도 서귀포시 성산읍 서성일로 1007,63630,126.8862290743,33.4429313439,"제주 서귀포시 성산읍에 위치한 동부농원은 직접 재배한 감귤, 한라봉, 천혜향, 황금향 등을 판매하고 있다. 중개상의 개입 없는 저렴한 가격의 맛있는 감귤을 구비하고 있으며 전국 택배 주문도 가능하다. 귤 따기 체험도 하고 있으며, 직접 딴 귤은 판매 비용으로 대체한다. 성산일출봉에서 제주시 방향으로 가는 길 수산리 오른쪽 방향 중간 지점으로 방문하면 된다. / 주변 가볼 만한 곳으로는 제주 커피박물관, 남제주 억새오름길, 짱구네 유채꽃밭이 있다.",http://blog.naver.com/ohkh2268,064-782-4488,08:00~19:30,,있음,연중무휴,있음(남녀 구분),가능,Unknown,50,130,SH,쇼핑,SH05,전문매장/상가,SH050200,전문상가,40,50,30,0,70,90,Unknown,감귤 / 한라봉 / 천혜향 / 황금향 / 감귤초콜릿 등,30,15,45,category,0.811,,0.0,0.811,category
3307736,38,쇼핑,듀엘 신세계사이먼프리미엄 아울렛 제주점,제주특별자치도 서귀포시 안덕면 신화역사로304번길 38 B1층,63522,126.31635202613,33.3049726791712,"듀엘(DEWL)은 상반된 두 가지 가치의 조화를 통해 새로운 스타일을 제안하는 듀얼 컨템포러리 브랜드입니다. 클래식과 트렌드, 우아함과 매니시함을 넘나드는 디자인으로 패션에 민감한 여성들에게 영감을 줍니다.",daehyuninside.com,064-907-1491,10:00-21:00,,가능,Unknown,있음,가능,Unknown,50,130,SH,쇼핑,SH04,면세점,SH040300,사후면세점,0,0,20,0,0,90,월-일요일,"의류 , 신발류 , 가방류",30,15,45,category,0.8163,,0.0,0.8163,category
4012997,38,쇼핑,듀엘 신세계사이먼프리미엄아울렛 제주점,제주특별자치도 서귀포시 안덕면 신화역사로304번길 38,63522,126.31635202613,33.3049726791712,"대현은 대한민국 여성복 패션 기업으로, 씨씨콜렉트, 모조, 듀크 등 세련된 감성과 트렌드를 담은 브랜드를 운영합니다. 모던하고 우아한 디자인과 우수한 품질을 바탕으로 폭넓은 고객층에게 사랑받습니다.",Unknown,064-907-1491,10:30~21:00,,가능,Unknown,있음,가능,Unknown,50,130,SH,쇼핑,SH04,면세점,SH040300,사후면세점,0,0,30,0,0,80,월-일요일,"복합쇼핑몰(백화점, 마트, 편의점, 아울렛 등)",30,15,45,category,0.8163,,0.0,0.8163,category
4009616,38,쇼핑,디스이즈네버댓 제주점,제주특별자치도 제주시 중앙로7길 13-1 (일도일동),63277,126.52620372055,33.5149763734393,디스이즈네버댓(thisisneverthat)은 서울을 기반으로 글로벌 스트릿 패션 트렌드를 주도하는 대표적인 라이프스타일 브랜드입니다. 90년대 빈티지 무드를 현대적으로 재해석한 독창적인 디자인으로 전 세계 젊은 세대의 열광적인 지지를 얻고 있습니다.,Unknown,064-758-5545,10:00-21:00,,불가능,명절,있음,가능,Unknown,50,110,SH,쇼핑,SH04,면세점,SH040300,사후면세점,0,0,50,20,20,90,월-일요일,의류,30,15,45,category,0.8163,,0.0,0.8163,category
2893975,38,쇼핑,디스커버리 신제주점,제주특별자치도 제주시 신광로 38 (연동) 1층,63129,126.489846438993,33.4887403248952,"디스커버리는 탐험 정신을 기반으로 한 글로벌 아웃도어 브랜드로, 내구성과 디자인을 동시에 만족시키는 제품을 제공합니다. 트렌디한 감각과 기능성을 겸비해 젊은 세대에게 인기가 높으며, 아웃도어 활동과 일상 생활 모두에 적합합니다.",Unknown,064-748-0311,12:00~22:00,,가능,Unknown,있음,가능,Unknown,50,110,SH,쇼핑,SH04,면세점,SH040300,사후면세점,10,0,20,0,0,90,월-일요일,"의류 , 가방류",30,15,45,category,0.8163,,0.0,0.8163,category
3306943,38,쇼핑,디스커버리 제주점,제주특별자치도 제주시 관덕로11길 24 (일도일동),63277,126.525691222746,33.5152427254121,"디스커버리는 탐험 정신을 기반으로 한 글로벌 아웃도어 브랜드로, 내구성과 디자인을 동시에 만족시키는 제품을 제공합니다. 트렌디한 감각과 기능성을 겸비해 젊은 세대에게 인기가 높으며, 아웃도어 활동과 일상 생활 모두에 적합합니다.",discovery-expedition.com,064-756-5224,10:30-21:00,,불가능,명절,있음,가능,Unknown,50,110,SH,쇼핑,SH04,면세점,SH040300,사후면세점,0,0,20,0,0,80,월-일요일,"의류 , 신발류",30,15,45,category,0.8163,,0.0,0.8163,category
4009592,38,쇼핑,디어브리즈,제주특별자치도 제주시 구좌읍 월정3길 42 1층,63358,126.794055818845,33.55473832111,디어브리즈(Dear Breeze)는 기분 좋은 산들바람처럼 일상에 스며드는 감성 향기 및 라이프스타일 브랜드입니다. 은은하고 매력적인 향을 담은 향수와 디퓨저 라인업을 통해 지친 현대인들에게 편안한 휴식과 안정을 선사합니다.,Unknown,0507-1477-7045,11:00-18:00,,가능,Unknown,있음,가능,Unknown,50,110,SH,쇼핑,SH04,면세점,SH040300,사후면세점,10,0,30,0,10,80,월-일요일,"보석/액세서리 , 기념품/특산품 , 기타 서비스",15,15,30,blend,0.7363,0.375,0.1813,0.8163,blend
4009610,38,쇼핑,디즈니골프 제주중앙지하상가점,제주특별자치도 제주시 중앙로 60 (일도일동),63168,126.524440112964,33.512837715448,디즈니골프는 전 세계가 사랑하는 디즈니의 캐릭터 IP와 고기능성 골프웨어를 결합한 유니크한 브랜드입니다. 위트 있는 디자인과 필드 위 활동성을 고려한 소재를 사용하여 골퍼들에게 즐거운 라운딩 경험을 선사합니다.,www.smfashion.co.kr,064-721-5949,09:30-21:30,,가능,명절,있음,가능,Unknown,50,110,SH,쇼핑,SH04,면세점,SH040300,사후면세점,0,0,30,0,0,80,월-일요일,의류,30,15,45,category,0.8163,,0.0,0.8163,category
4057186,38,쇼핑,뚜띠콜로리 뮤제오,제주특별자치도 제주시 애월읍 장전로 109-12,63055,126.389788617726,33.4518970262277,제주시 애월읍에 위치한 뚜띠콜로리 뮤제오는 다양한 색깔들이 섞인 감성있는 소품을 판매하는 곳이다. ‘뚜띠콜로리’는 이탈리아어로 ‘모든 색’이라는 뜻이다. 뚜띠콜로리라는 이름답게 형형색색 다채로운 오브제들을 감상할 수 있다. 제주 느낌을 풍기는 감귤 패턴 소품들도 있다. 잘 가꾸어진 야외 정원에서 시간을 보내기도 좋다.,https://www.instagram.com/tutticolori_official,0507-1398-5009,- 평일 13:30~18:00 - 토요일 14:30~18:00,,가능,매주 일요일,Unknown,Unknown,Unknown,50,110,SH,쇼핑,SH05,전문매장/상가,SH050100,공방/공예품점,60,0,80,10,20,90,Unknown,손수건 / 유리컵 / 가방 / 의류 / 비누 등,30,15,45,category,0.811,,0.0,0.811,category
4026809,38,쇼핑,라이프워크 메가스토어 서귀포점,제주특별자치도 서귀포시 일주동로 8670 (동홍동),63585,126.561832909434,33.2536577124182,라이프워크는 강렬한 캐릭터 '라독' 로고로 유명한 유니크 스트릿 캐주얼 브랜드입니다. 스포티한 감성에 힙한 스트릿 무드를 더한 디자인의 의류를 통해 자신만의 개성을 당당하게 표현하는 젊은 세대의 지지를 받습니다.,lifeworkstore.co.kr,0507-1379-9098,10:30~20:30,,가능,Unknown,있음,가능,Unknown,50,130,SH,쇼핑,SH04,면세점,SH040300,사후면세점,0,0,20,0,0,80,월-일요일,"의류 , 신발류 , 가방류 , 식료품",30,15,45,category,0.8163,,0.0,0.8163,category
4026851,38,쇼핑,라이프워크 메가스토어 애월점,제주특별자치도 제주시 애월읍 애월해안로 202,63045,126.333677701004,33.4664627181442,라이프워크는 강렬한 캐릭터 '라독' 로고로 유명한 유니크 스트릿 캐주얼 브랜드입니다. 스포티한 감성에 힙한 스트릿 무드를 더한 디자인의 의류를 통해 자신만의 개성을 당당하게 표현하는 젊은 세대의 지지를 받습니다.,lifeworkstore.co.kr,064-799-9098,10:00~20:00,,가능,Unknown,있음,가능,Unknown,50,110,SH,쇼핑,SH04,면세점,SH040300,사후면세점,0,0,20,0,10,70,월-일요일,"의류 , 식료품",30,15,45,category,0.8163,,0.0,0.8163,category
4026796,38,쇼핑,라이프워크 메가스토어 제주점,제주특별자치도 서귀포시 안덕면 사계남로 186-8,63528,126.308516321833,33.2292855231565,라이프워크는 강렬한 캐릭터 '라독' 로고로 유명한 유니크 스트릿 캐주얼 브랜드입니다. 스포티한 감성에 힙한 스트릿 무드를 더한 디자인의 의류를 통해 자신만의 개성을 당당하게 표현하는 젊은 세대의 지지를 받습니다.,lifeworkstore.co.kr,064-792-9097,11:00~20:00,,가능,Unknown,있음,가능,Unknown,50,130,SH,쇼핑,SH04,면세점,SH040300,사후면세점,0,0,30,0,0,90,월-일요일,"의류 , 잡화 , 식료품",30,15,45,blend,0.7816,0.625,0.1813,0.8163,blend
3307098,38,쇼핑,라이프워크 신세계사이먼프리미엄 아울렛 제주점,제주특별자치도 서귀포시 안덕면 신화역사로304번길 38 B1층,63522,126.31635202613,33.3049726791712,라이프워크는 강렬한 캐릭터 '라독' 로고로 유명한 유니크 스트릿 캐주얼 브랜드입니다. 스포티한 감성에 힙한 스트릿 무드를 더한 디자인의 의류를 통해 자신만의 개성을 당당하게 표현하는 젊은 세대의 지지를 받습니다.,lifeworkstore.co.kr,064-907-1439,10:00-21:00,,가능,Unknown,있음,가능,Unknown,50,130,SH,쇼핑,SH04,면세점,SH040300,사후면세점,0,0,40,0,0,80,월-일요일,의류,30,15,45,category,0.8163,,0.0,0.8163,category
4026825,38,쇼핑,라이프워크 제주탑동직영점,제주특별자치도 제주시 관덕로11길 30 (일도일동),63277,126.525705458197,33.5156715761242,라이프워크는 강렬한 캐릭터 '라독' 로고로 유명한 유니크 스트릿 캐주얼 브랜드입니다. 스포티한 감성에 힙한 스트릿 무드를 더한 디자인의 의류를 통해 자신만의 개성을 당당하게 표현하는 젊은 세대의 지지를 받습니다.,lifeworkstore.co.kr,064-727-9098,11:00~21:00,,불가능,Unknown,없음,가능,Unknown,50,110,SH,쇼핑,SH04,면세점,SH040300,사후면세점,0,0,40,0,0,80,월-일요일,의류,30,15,45,category,0.8163,,0.0,0.8163,category
2924144,38,쇼핑,라코스테 신제주점,제주특별자치도 제주시 신광로 66 (연동),63131,126.489762023133,33.4863096456011,라코스테는 프랑스의 우아함과 스포티한 감성이 결합된 프리미엄 패션 브랜드입니다. 상징적인 피케 셔츠를 비롯해 고급스러운 소재와 정제된 실루엣의 제품들을 선보이며 전 세계적으로 시대를 초월한 사랑을 받고 있습니다.,www.lacoste.com,064-744-7803,10:00-22:00,,불가능,명절,있음,가능,Unknown,50,110,SH,쇼핑,SH04,면세점,SH040300,사후면세점,0,0,20,0,0,90,월-일요일,의류,30,15,45,category,0.8163,,0.0,0.8163,category
2931335,38,쇼핑,라코스테 제주점,제주특별자치도 제주시 관덕로11길 8 (일도일동),63277,126.525582737694,33.5138407881265,라코스테는 프랑스의 우아함과 스포티한 감성이 결합된 프리미엄 패션 브랜드입니다. 상징적인 피케 셔츠를 비롯해 고급스러운 소재와 정제된 실루엣의 제품들을 선보이며 전 세계적으로 시대를 초월한 사랑을 받고 있습니다.,www.lacoste.com,064-753-0904,11:00~21:00,,불가능,명절,없음,가능,Unknown,50,110,SH,쇼핑,SH04,면세점,SH040300,사후면세점,0,0,50,0,0,80,월-일요일,"의류 , 신발류 , 가방류",30,15,45,category,0.8163,,0.0,0.8163,category
3306863,38,쇼핑,락포트 신세계사이먼프리미엄아울렛 제주점,제주특별자치도 서귀포시 안덕면 신화역사로304번길 38 B1층,63522,126.31635202613,33.3049726791712,락포트는 클래식한 구두에 운동화의 기술력을 접목하여 최상의 편안함을 제공하는 글로벌 슈즈 브랜드입니다. 격식 있는 디자인과 탁월한 쿠셔닝을 동시에 만족시켜 장시간 착용해도 피로감이 적은 신발을 선보입니다.,rockportkorea.com,064-907-1483,10:30~21:00,,가능,명절,있음,가능,Unknown,50,130,SH,쇼핑,SH04,면세점,SH040300,사후면세점,0,0,20,0,0,70,월-일요일,신발류,30,15,45,category,0.8163,,0.0,0.8163,category
4026847,38,쇼핑,랜드로바 신제주점,제주특별자치도 제주시 신광로 31 (연동),63124,126.490348327072,33.48937684023,"랜드로바는 금강제화가 선보이는 대한민국 대표 캐주얼 슈즈 브랜드입니다. '편안한 발이 행복한 삶을 만든다'는 철학을 바탕으로, 인체공학적 설계와 우수한 소재를 사용하여 일상에서 최상의 착화감을 제공합니다. 세련된 디자인과 견고한 내구성으로 전 연령층에게 오랫동안 사랑받고 있는 국민 브랜드입니다.",kumgangshoe.com,064-747-4744,10:00~21:00,,불가능,명절,없음,가능,Unknown,50,110,SH,쇼핑,SH04,면세점,SH040300,사후면세점,0,0,10,0,0,90,월-일요일,"신발류 , 가방류",30,15,45,category,0.8163,,0.0,0.8163,category
4013229,38,쇼핑,러블리제주,제주특별자치도 제주시 애월읍 애월해안로 686 1층,63049,126.375220750659,33.4819460818341,러블리제주는 사랑스러운 제주의 감성을 아기자기한 디자인 소품과 액세서리로 표현하는 로컬 디자인 브랜드입니다. 기분 좋아지는 파스텔 톤의 상품들을 통해 여행의 설렘과 행복한 기억을 일상 속으로 전달합니다.,Unknown,064-747-9650,10:00~19:00,,가능,Unknown,있음,가능,Unknown,50,110,SH,쇼핑,SH04,면세점,SH040300,사후면세점,0,0,60,20,0,90,월-일요일,기념품/특산품,30,15,45,observed,0.797,0.7812,0.5507,0.8163,blend
4009584,38,쇼핑,러쉬 제주점,제주특별자치도 서귀포시 안덕면 산방로 141,63528,126.319190550487,33.2392235100208,"러쉬는 신선한 천연 성분과 핸드메이드 방식을 고집하는 영국의 프레쉬 코스메틱 브랜드입니다. 강렬한 향기와 다채로운 컬러의 입욕제, 비누 등을 선보이며 환경 보호와 동물 복지를 실천하는 윤리적인 브랜드로 유명합니다.",www.lush.co.kr,064-794-7510,10:00-19:00,,불가능,Unknown,없음,가능,Unknown,50,130,SH,쇼핑,SH04,면세점,SH040300,사후면세점,0,0,40,0,20,80,월-일요일,향수/화장품,30,15,45,category,0.8163,,0.0,0.8163,category
2923102,38,쇼핑,레노마 골프 제주점,제주특별자치도 제주시 관덕로11길 12 (일도일동),63277,126.525552865214,33.5140486705839,"레노마는 프랑스의 자유로운 감성과 예술적인 감각을 바탕으로 한 글로벌 토털 패션 브랜드입니다. 세련된 디자인의 의류부터 언더웨어, 수영복까지 폭넓은 카테고리에서 모던하고 품격 있는 라이프스타일을 선보입니다.",renomagolf.co.kr,064-724-1456,10:00-22:00,,불가능,명절,있음,가능,Unknown,50,110,SH,쇼핑,SH04,면세점,SH040300,사후면세점,0,0,20,0,0,90,월-일요일,"의류 , 스포츠용품",30,15,45,category,0.8163,,0.0,0.8163,category
2910664,38,쇼핑,레노마홈 신제주노형점,"제주특별자치도 제주시 신대로 136 (연동, 코스모스태홍누리안5차아파트)",63133,126.496033953453,33.4850752435992,레노마홈은 프랑스 레노마의 예술적 감성을 침구와 홈 데코로 풀어낸 토털 홈 리빙 브랜드입니다. 세련된 패턴과 고품질의 소재를 활용하여 고객의 침실과 거실 공간을 우아하고 편안한 안식처로 바꿔줍니다.,www.renomahome.co.kr,064-753-6400,10:30-19:00,,가능,명절,있음,가능,Unknown,50,110,SH,쇼핑,SH04,면세점,SH040300,사후면세점,0,0,20,0,0,80,월-토요일,잡화,30,15,45,category,0.8163,,0.0,0.8163,category
4026824,38,쇼핑,레코브 씨티어브드림즈 제주점,제주특별자치도 제주시 관덕로11길 17 (일도일동) 2층,63277,126.525170802937,33.5146534359302,레코브(L'ECCOVE)는 현대 여성의 내추럴한 아름다움과 우아한 실루엣을 강조하는 컨템포러리 여성복 브랜드입니다. 부드러운 소재와 정제된 디자인을 통해 바쁜 일상 속에서도 품격 있는 데일리 룩을 선사합니다.,www.leccove.co.kr,0507-1359-6189,10:30~21:30,,가능,명절,있음,가능,Unknown,50,110,SH,쇼핑,SH04,면세점,SH040300,사후면세점,0,0,10,0,0,80,월-일요일,"의류 , 가방류",30,15,45,category,0.8163,,0.0,0.8163,category
4009598,38,쇼핑,렌즈미 신제주점,제주특별자치도 제주시 신광로 40 (연동),63129,126.489888785439,33.4886017442088,렌즈미는 국내 최대 규모의 디자인 렌즈 라인업을 보유한 컬러렌즈 전문 브랜드입니다. 최신 트렌드를 반영한 다채로운 그래픽 렌즈와 편안한 소재의 제품을 통해 고객들의 눈빛 스타일링을 완성해 줍니다.,www.lens-me.com,064-713-0330,09:30-21:00,,불가능,"명절, 3주 일요일",없음,가능,Unknown,50,110,SH,쇼핑,SH04,면세점,SH040300,사후면세점,0,0,40,0,10,80,월-일요일,의약품/의료용 기기,30,15,45,category,0.8163,,0.0,0.8163,category
4009590,38,쇼핑,렌즈미 에비뉴안경 노형점,제주특별자치도 제주시 1100로 3347 (노형동),63083,126.479605628771,33.4848372184625,렌즈미는 국내 최대 규모의 디자인 렌즈 라인업을 보유한 컬러렌즈 전문 브랜드입니다. 최신 트렌드를 반영한 다채로운 그래픽 렌즈와 편안한 소재의 제품을 통해 고객들의 눈빛 스타일링을 완성해 줍니다.,www.lens-me.com,064-745-8774,09:30-21:00,,가능,3주 일요일,있음,가능,Unknown,50,110,SH,쇼핑,SH04,면세점,SH040300,사후면세점,0,0,20,0,10,90,월-일요일,의약품/의료용 기기,30,15,45,category,0.8163,,0.0,0.8163,category
2916247,38,쇼핑,로가디스 제주점,제주특별자치도 제주시 칠성로길 10 (일도일동) 1층,63166,126.524195077953,33.513656139771,"로가디스는 삼성물산이 운영하는 프리미엄 남성복 브랜드로, 클래식 수트 라인과 모던한 감성을 결합한 세련된 비즈니스룩을 선보입니다. 품격과 실용성을 동시에 갖춘 신사복 스타일을 만나볼 수 있습니다.",rogadismall.com,064-722-2035,10:00-19:30,,가능,명절,있음,가능,Unknown,50,110,SH,쇼핑,SH04,면세점,SH040300,사후면세점,0,0,40,0,0,80,월-일요일,의류,30,15,45,category,0.8163,,0.0,0.8163,category
2916532,38,쇼핑,로이드 신제주점,제주특별자치도 제주시 연동7길 22 (연동),63124,126.49056416284,33.4881294735739,로이드는 합리적인 가격으로 고급스러운 감성을 즐길 수 있는 기프트 주얼리 브랜드입니다. 클래식한 시계부터 트렌디한 액세서리까지 폭넓은 라인업을 통해 특별한 순간을 더욱 빛나게 만드는 선물을 제안합니다.,www.lloydgift.com,064-749-9278,10:00~21:00,,불가능,Unknown,없음,가능,Unknown,50,110,SH,쇼핑,SH04,면세점,SH040300,사후면세점,0,0,40,0,0,90,월-일요일,보석/액세서리,30,15,45,category,0.8163,,0.0,0.8163,category
4009615,38,쇼핑,로이드 제주점,제주특별자치도 제주시 중앙로 74 (이도일동) 1층,63168,126.52432966243,33.5116614371945,로이드는 합리적인 가격으로 고급스러운 감성을 즐길 수 있는 기프트 주얼리 브랜드입니다. 클래식한 시계부터 트렌디한 액세서리까지 폭넓은 라인업을 통해 특별한 순간을 더욱 빛나게 만드는 선물을 제안합니다.,www.lloydgift.com,0507-1404-4489,10:30-20:00,,불가능,Unknown,없음,가능,Unknown,50,110,SH,쇼핑,SH04,면세점,SH040300,사후면세점,0,0,20,0,0,90,월-일요일,보석/액세서리,30,15,45,category,0.8163,,0.0,0.8163,category
3307094,38,쇼핑,롯데하이마트 서귀포점,제주특별자치도 서귀포시 일주동로 8631 (동홍동),63589,126.56603770758,33.2539438470186,"롯데하이마트는 대한민국의 가전제품 전문 유통 브랜드로, 생활가전부터 스마트기기까지 다양한 전자제품을 한곳에서 만나볼 수 있습니다. 전국 300여 개 매장과 온라인 쇼핑몰에서 합리적인 가격과 전문 상담 서비스를 제공합니다.",e-himart.co.kr,064-763-5700,10:00-20:00,,가능,명절,있음,가능,Unknown,50,130,SH,쇼핑,SH04,면세점,SH040300,사후면세점,0,0,10,0,0,90,월-일요일,"복합쇼핑몰(백화점, 마트, 편의점, 아울렛 등)",30,15,45,category,0.8163,,0.0,0.8163,category
4013214,38,쇼핑,롯데하이마트 신제주점,제주특별자치도 제주시 도령로 16 (노형동),63081,126.481069945178,33.486544121544,"롯데하이마트는 대한민국의 가전제품 전문 유통 브랜드로, 생활가전부터 스마트기기까지 다양한 전자제품을 한곳에서 만나볼 수 있습니다. 전국 300여 개 매장과 온라인 쇼핑몰에서 합리적인 가격과 전문 상담 서비스를 제공합니다.",e-himart.co.kr,064-748-5181,10:00~20:00,,가능,명절,있음,가능,Unknown,50,110,SH,쇼핑,SH04,면세점,SH040300,사후면세점,0,0,10,0,0,90,월-일요일,전자/디지털제품,30,15,45,category,0.8163,,0.0,0.8163,category
2913989,38,쇼핑,롯데하이마트 제주점,제주특별자치도 제주시 서사로 15 (삼도이동),63168,126.520149689062,33.5109536168371,"롯데하이마트는 대한민국의 가전제품 전문 유통 브랜드로, 생활가전부터 스마트기기까지 다양한 전자제품을 한곳에서 만나볼 수 있습니다. 전국 300여 개 매장과 온라인 쇼핑몰에서 합리적인 가격과 전문 상담 서비스를 제공합니다.",e-himart.co.kr,064-723-3066,10:00-20:00,,가능,명절,있음,가능,Unknown,50,110,SH,쇼핑,SH04,면세점,SH040300,사후면세점,0,0,10,0,10,90,월-일요일,"복합쇼핑몰(백화점, 마트, 편의점, 아울렛 등)",30,15,45,category,0.8163,,0.0,0.8163,category
2930914,38,쇼핑,루이까스텔 서귀포점,제주특별자치도 서귀포시 중정로 104 (서귀동),63595,126.567334798204,33.2483906273506,루이까스텔은 위트 있는 로고와 다채로운 컬러 배색이 돋보이는 프리미엄 골프웨어 브랜드입니다. 뛰어난 신축성과 기능성 소재를 사용하여 필드에서의 활동성을 극대화하며 스타일리시한 골프 룩을 완성해 줍니다.,vlco.co.kr,064-732-2000,10:00-21:00,,불가능,명절,있음,가능,Unknown,50,130,SH,쇼핑,SH04,면세점,SH040300,사후면세점,0,0,30,0,0,80,월-일요일,의류,30,15,45,category,0.8163,,0.0,0.8163,category
2893826,38,쇼핑,루이까스텔 신제주점,제주특별자치도 제주시 도령로 21 (노형동),63098,126.481390371176,33.4873747469543,루이까스텔은 위트 있는 로고와 다채로운 컬러 배색이 돋보이는 프리미엄 골프웨어 브랜드입니다. 뛰어난 신축성과 기능성 소재를 사용하여 필드에서의 활동성을 극대화하며 스타일리시한 골프 룩을 완성해 줍니다.,www.vlco.co.kr,064-712-0785,10:00-21:00,,가능,명절,있음,가능,Unknown,50,110,SH,쇼핑,SH04,면세점,SH040300,사후면세점,0,0,30,0,0,80,월-일요일,의류,30,15,45,category,0.8163,,0.0,0.8163,category
4026826,38,쇼핑,루이까스텔 칠성점,제주특별자치도 제주시 관덕로11길 31 (건입동),63277,126.525473177223,33.5158895024304,루이까스텔은 위트 있는 로고와 다채로운 컬러 배색이 돋보이는 프리미엄 골프웨어 브랜드입니다. 뛰어난 신축성과 기능성 소재를 사용하여 필드에서의 활동성을 극대화하며 스타일리시한 골프 룩을 완성해 줍니다.,Unknown,064-721-2005,10:30~20:00,,가능,명절,있음,가능,Unknown,50,110,SH,쇼핑,SH04,면세점,SH040300,사후면세점,0,0,20,0,0,70,월-일요일,의류,30,15,45,category,0.8163,,0.0,0.8163,category
4013205,38,쇼핑,리복 제주점,제주특별자치도 제주시 관덕로11길 4-1 (일도일동),63277,126.525675008365,33.5135197245311,"리복은 피트니스에 대한 뜨거운 열정을 바탕으로 한 글로벌 스포츠 브랜드입니다. 클래식한 스니커즈 라인부터 고성능 트레이닝 웨어까지, 운동을 즐기는 모든 이들이 한계를 극복할 수 있도록 혁신적인 제품을 제공합니다.",Unknown,0507-1402-3135,11:00~21:00,,불가능,명절,없음,가능,Unknown,50,110,SH,쇼핑,SH04,면세점,SH040300,사후면세점,0,0,20,0,0,80,월-일요일,스포츠용품,30,15,45,category,0.8163,,0.0,0.8163,category
4013241,38,쇼핑,링스스포츠,제주특별자치도 제주시 중앙로 60 (일도일동),63168,126.524440112964,33.512837715448,링스스포츠(Lynx Sports)는 오랜 전통과 기술력을 바탕으로 필드 위 최상의 퍼포먼스를 지원하는 정통 스포츠웨어 브랜드입니다. 고기능성 소재와 클래식한 스포티즘을 결합한 디자인을 통해 스포츠를 즐기는 이들에게 신뢰받는 스타일을 선사합니다.,Unknown,064-727-6500,10:30~20:00,,불가능,Unknown,있음,가능,Unknown,50,110,SH,쇼핑,SH04,면세점,SH040300,사후면세점,0,0,10,0,0,80,월-일요일,스포츠용품,30,15,45,category,0.8163,,0.0,0.8163,category
4026865,38,쇼핑,마뗑킴 하고하우스 제주점,제주특별자치도 제주시 중앙로 27-5 (일도일동) 1-2층,63277,126.525269480507,33.51566251305,마뗑킴(Matin Kim)은 현대적인 실루엣과 세련된 무드로 MZ세대의 압도적인 지지를 받는 대한민국 대표 컨템포러리 브랜드입니다. 일상의 멋을 자연스럽게 끌어올려주는 트렌디한 디자인과 높은 퀄리티의 의류를 선보입니다.,Unknown,064-702-5105,10:00~21:00,,불가능,Unknown,없음,가능,Unknown,50,110,SH,쇼핑,SH04,면세점,SH040300,사후면세점,0,0,20,0,10,90,월-일요일,"의류 , 가방류",30,15,45,category,0.8163,,0.0,0.8163,category
4009599,38,쇼핑,마리떼프랑스와저버 신제주점,제주특별자치도 제주시 신광로 44-1 (연동) 1층,63129,126.489739704667,33.4881155329998,마리떼프랑스와저버는 프랑스의 데님 헤리티지를 바탕으로 한 하이엔드 유러피안 캐주얼 브랜드입니다. 독창적인 실루엣과 감각적인 로고 디자인을 통해 동시대 젊은 세대의 자유롭고 세련된 스트릿 스타일을 선도합니다.,Unknown,0507-1361-1266,11:00-22:30,,불가능,Unknown,있음,불가능,Unknown,50,110,SH,쇼핑,SH04,면세점,SH040300,사후면세점,0,0,40,0,10,80,월-일요일,의류,30,15,45,category,0.8163,,0.0,0.8163,category
4013209,38,쇼핑,마운티아 신제주점,제주특별자치도 제주시 노연로 112 (연동) 1층,63133,126.492103849564,33.485597901067,"마운티아는 합리적인 가격대에 최상의 기능을 담은 실용주의 아웃도어 브랜드입니다. 산행뿐만 아니라 캠핑, 여행 등 다양한 아웃도어 환경에서 편안하고 안전하게 착용할 수 있는 기능성 제품을 선보입니다.",Unknown,064-749-1811,11:30~20:00,,가능,명절,없음,가능,Unknown,50,110,SH,쇼핑,SH04,면세점,SH040300,사후면세점,0,0,10,0,0,90,월-일요일,의류,30,15,45,category,0.8163,,0.0,0.8163,category
4026842,38,쇼핑,마이제주기프트,제주특별자치도 제주시 삼무로 35 (연동) 1층,63125,126.490574334195,33.4901228450208,마이제주기프트는 '나의 제주'를 정성껏 담아 소중한 사람에게 전하는 로컬 선물 전문 브랜드입니다. 제주의 감성이 묻어나는 프리미엄 특산물과 핸드메이드 소품들을 통해 제주의 진정한 가치와 감동을 전달합니다.,Unknown,064-744-1005,11:00~24:00,,가능,Unknown,없음,가능,Unknown,50,110,SH,쇼핑,SH04,면세점,SH040300,사후면세점,0,20,30,20,10,90,월-일요일,문구/장난감/오락용품,30,15,45,category,0.8163,,0.0,0.8163,category
3305644,38,쇼핑,마쥬 신세계사이먼프리미엄아울렛 제주점,제주특별자치도 서귀포시 안덕면 신화역사로304번길 38 B1층,63522,126.31635202613,33.3049726791712,마쥬는 자유분방하면서도 우아한 파리지앵의 감성을 담은 프랑스 여성복 브랜드입니다. 섬세한 자수와 감각적인 실루엣의 의류를 통해 여성의 아름다움을 자연스럽게 드러내며 전 세계적인 인기를 얻고 있습니다.,www.maje.kr,064-907-1487,10:30~21:00,,가능,명절,있음,가능,Unknown,50,130,SH,쇼핑,SH04,면세점,SH040300,사후면세점,0,0,30,0,0,80,월-일요일,"의류 , 가방류",30,15,45,category,0.8163,,0.0,0.8163,category
2893659,38,쇼핑,마트로 탑동점,제주특별자치도 제주시 중앙로 13 (건입동),63276,126.525430707999,33.5170046063801,마트로(MARTRO)는 신선한 식재료와 트렌디한 생활 용품을 편리하게 쇼핑할 수 있는 스마트 마트 브랜드입니다. 고객의 동선에 맞춘 효율적인 매장 구성과 고품질 식품 공급을 통해 현대인의 건강한 식생활을 책임집니다.,Unknown,064-756-6900,09:00~22:00,,가능,"2,4주 일요일",있음,가능,Unknown,50,110,SH,쇼핑,SH04,면세점,SH040300,사후면세점,0,20,10,0,10,80,월-일요일,"복합쇼핑몰(백화점, 마트, 편의점, 아울렛 등)",30,15,45,observed,0.7428,0.7,0.6321,0.8163,blend
4013232,38,쇼핑,말본골프 포트메인 제주직영점,제주특별자치도 제주시 연북로 269 (오라이동) 1층,63145,126.510228326464,33.4814943111499,말본골프는 골프와 스트릿 문화를 결합하여 골프웨어 시장에 새로운 바람을 일으킨 미국의 라이프스타일 브랜드입니다. 위트 넘치는 캐릭터 로고와 자유분방한 디자인을 통해 젊고 감각적인 골퍼들의 독보적인 지지를 얻고 있습니다.,Unknown,0507-1360-7116,10:00~20:00,,가능,명절,있음,가능,Unknown,50,110,SH,쇼핑,SH04,면세점,SH040300,사후면세점,0,0,20,0,0,90,월-일요일,"의류 , 스포츠용품",30,15,45,category,0.8163,,0.0,0.8163,category
3545110,38,쇼핑,메르시제주소품샵,제주특별자치도 제주시 용두암길 20 (용담이동) 1층,63152,126.51263432804139,33.51455797525212,"메르시제주는 독일 레드닷 디자인 어워드를 수상한 여성 디자이너가 제주에서 선보이는 니치 퍼퓸 스토어이다. 전통 프랑스 조향 기법에 국제 인증 유기농 오일과 100% 에센셜 오일을 더해 화학 합성 향료 없이 맑고 깊은 잔향을 완성한다. 숲, 바다, 하늘 등 제주 자연에서 포착한 순간을 시트러스, 티트리, 우디 등 12개월 EDT 시리즈와 멀티 플로럴 오일을 포함한 계절별 꽃 향수등 총 30여종의 향수로 풀어내었다. 100% 유기농 오일과 에센셜오일이 블렌딩 된 퍼퓸은 아로마테라피적 효능으로 심신 안정, 스트레스완화, 기분개선, 수면 유도등 자연적 원료에서 오는 효능과 효과를 경험할 수 있다. 친환경 퍼퓸과 함께 디자이너가 셀렉한 핸드메이드 제품, 제주도 상징 동자석 오너먼트와 같은 제주만의 퍼퓸 제품도 만나볼 수 있으며 제주도의 특별한 여행 선물이 가능하다.",https://www.instagram.com/mercijeju,0507-1403-6210,13:00~18:00,,"가능 (소형 50대 / 대형 50대)요금 (30분 무료 / 1시간당 2,000원)",연중무휴,있음,Unknown,Unknown,50,110,SH,쇼핑,SH07,기타쇼핑시설,SH070100,기타쇼핑시설,40,0,70,20,20,90,Unknown,인테리어소품 / 향수 / 방향제 / 디퓨저,60,45,75,category,0.8035,,0.0,0.8035,category
4009612,38,쇼핑,모노로그 제주중앙지하상가점,제주특별자치도 제주시 중앙로 60 (일도일동),63168,126.524440112964,33.512837715448,"모노로그는 간결하고 정제된 미학을 추구하는 여성 컨템포러리 캐주얼 브랜드입니다. 군더더기 없는 미니멀한 디자인 속에 감각적인 무드를 담아, 입는 이의 내면적인 아름다움이 돋보이는 스타일을 추구합니다.",Unknown,064-752-7100,10:00-21:00,,가능,Unknown,있음,가능,Unknown,50,110,SH,쇼핑,SH04,면세점,SH040300,사후면세점,0,0,40,0,0,70,월-일요일,의류,30,15,45,category,0.8163,,0.0,0.8163,category
4026811,38,쇼핑,모던하우스 서귀포점,제주특별자치도 서귀포시 일주동로 9159 (법환동),63572,126.514233082812,33.2476886538111,"모던하우스는 대한민국을 대표하는 리빙 전문 브랜드로, 합리적인 가격대에 트렌디한 홈 인테리어 솔루션을 제공합니다. 가구부터 주방용품, 패브릭까지 집안의 모든 공간을 감각적으로 꾸밀 수 있는 다채로운 라이프스타일 상품을 선보입니다.",modernhouse.elandmall.co.kr,064-900-1605,10:00~21:00,,가능,Unknown,있음,가능,Unknown,50,130,SH,쇼핑,SH04,면세점,SH040300,사후면세점,0,0,20,0,0,100,월-일요일,잡화,30,15,45,category,0.8163,,0.0,0.8163,category
2755023,38,쇼핑,모슬포중앙시장,제주특별자치도 서귀포시 대정읍 영서중로13번길 9-8,63510,126.25451259853804,33.22198030751,모슬포 중앙시장은 서귀포시 대정읍에 위치해 있으며 최근 TV 프로그램 제주 편에서 출연진이 방문한 곳으로 유명하다. 규모가 크지 않아 작은 시골 시장 모습 그대로이다. 주로 동네 주민들이 많이 이용하고 지역 경제 활성화를 위해 깔끔하게 정비되어 이용하기 편리하다. 바닷가 동네에 위치한 만큼 신선한 수산물과 각종 생활용품을 판매하는 상점들이 골고루 분포되어 있으며 녹두빈대떡은 물론 성게 김밥을 판매하는 식당도 인기다. 하모리 오거리를 지나 모슬포항과 인접해 있어 해안 가 산책도 추천한다.,비짓제주 https://www.visitjeju.net,064-794-2586,점포별로 상이함,,가능,점포별로 상이함,있음,가능,Unknown,50,130,SH,쇼핑,SH06,시장,SH060200,상설시장,30,60,20,20,20,80,Unknown,수산물 / 과채류 / 생활용품 등,15,15,30,blend,0.661,0.375,0.3297,0.8017,blend
2907184,38,쇼핑,모이몰른 제주지하2호점,제주특별자치도 제주시 중앙로 지하60 (일도일동),63168,126.524632092326,33.5131588774745,"모이몰른은 북유럽풍의 감성적인 디자인과 내추럴한 컬러감이 돋보이는 유아복 브랜드입니다. 독창적인 그래픽과 부드러운 소재를 사용하여 아이들에게는 편안함을, 부모님께는 스타일리시한 육아를 선사합니다.",moimoln.co.kr,064-759-8858,10:30-19:30,,가능,명절,있음,가능,Unknown,50,110,SH,쇼핑,SH04,면세점,SH040300,사후면세점,0,0,40,0,0,80,월-일요일,의류,30,15,45,category,0.8163,,0.0,0.8163,category
2752778,38,쇼핑,모이소,"제주특별자치도 제주시 신광로8길 14 (연동, 송네하우스)",63131,126.488524753214,33.4870970448797,"모이소는 ‘여행자 누구나 작가가 될 수 있다’는 철학을 바탕으로 제주의 자연과 문화를 현대적으로 재해석한 복합문화 관광 브랜드이다. 제주 지역 작가 300여 명과 협업하여 만든 독창적인 핸드메이드 소품과 기념품을 한곳에서 만나볼 수 있다. 특히 제주산 감귤, 동백 등을 활용한 프리미엄 뷰티 제품 (핸드크림 등)과 자체 캐릭터 ‘탐나는 친구들’ 엠디가 인기이다. 단순한 쇼핑을 넘어 엽서 꾸미기, 셀프 포장 등 다양한 체험이 가능한 감성 공간이다.",https://jejumoiso.com,0507-1448-0005,10:00~20:00,,가능,연중무휴,있음,Unknown,Unknown,50,110,SH,쇼핑,SH05,전문매장/상가,SH050100,공방/공예품점,20,0,70,60,70,90,Unknown,카드지갑 / 에코백 / 팔찌 등,30,15,45,observed,0.8436,0.8462,0.9257,0.811,blend
4054311,38,쇼핑,모이소[면세점(TAX REFUND SHOP)],"제주특별자치도 제주시 신광로8길 14 (연동, 송네하우스)",63131,126.488524753214,33.4870970448797,"모이소(MOISO)는 제주의 따뜻한 감성과 지역 작가들의 정성을 담은 제주 대표 소품숍입니다. '모이세요'라는 제주 방언처럼, 제주의 아름다운 풍경과 이야기를 담은 유니크한 기념품들이 한데 모여 있는 공간입니다.",www.visitjeju.net,0507-1448-0005,10:00~20:00,,가능,Unknown,있음,가능,Unknown,50,110,SH,쇼핑,SH04,면세점,SH040300,사후면세점,20,0,50,40,10,90,월-일요일,잡화,30,15,45,category,0.8163,,0.0,0.8163,category
4009596,38,쇼핑,몽클락 제주,제주특별자치도 제주시 서해안로 687-8 (용담이동),63152,126.512092759277,33.5155491953863,몽클락은 시대를 초월하는 클래식한 미학을 담은 시계 및 패션 잡화 브랜드입니다. 정교한 제작 기술과 세련된 디자인의 타임피스를 통해 고객의 손목 위에서 흐르는 소중한 시간을 더욱 우아하고 품격 있게 완성해드립니다.,Unknown,064-742-9889,10:00-17:00,,가능,명절,있음,가능,Unknown,50,110,SH,쇼핑,SH04,면세점,SH040300,사후면세점,0,0,40,0,0,80,월-일요일,기념품/특산품,15,15,30,blend,0.7326,0.5625,0.3297,0.8163,blend
3571055,38,쇼핑,무릉외갓집,제주특별자치도 서귀포시 대정읍 중산간서로2881번길 35-8,63501,126.2366,33.2729,"무릉외갓집은 제주특별자치도 서남쪽 대정읍 무릉2리의 55명의 농부들이 설립한 마을기업이다. 무릉2리는 제주올레 27개 코스 중 11코스의 종점이자 12코스의 시작점이다. / 1994년에 폐교된 무릉동분교를 무릉2리 마을회와 무릉외갓집이 함께 리모델링하여 2022년부터 카페와 로컬푸드판매장, 체험서비스를 제공하는 공간으로 운영하고 있다. / 제주도 제철농산물 정기배송서비스(농산물꾸러미)는 2009년부터 시작하여, 과일꾸러미와 족은(작은) 꾸러미까지 현재 3가지 꾸러미서비스를 운영한다. 꾸러미와 농산물은 주로 온라인을 통해서 판매하고 있다. / 무릉외갓집에서는 방문객이 직접 농산물을 보고 구매할 수 있으며, 밭에서 직접 수확하고 이것을 직접 가공하는 다양한 체험도 제공하고 있다. 무릉외갓집은 지역 생산자에게는 안정적 판로를 제공하고, 소비자에게는 제주 농업과 제철 먹거리 경험을 함께 제공하는 복합문화농장으로 성장하고 있다.",공식 홈페이지 www.murungfarm.co.kr공식 네이버블로그 https://blog.naver.com/murungfarm공식 인스타그램 https://www.instagram.com/jeju_murung_farm,064-792-7977,09:30~17:30,,가능 (약 소형 20대 / 대형 3대),설·추석 연휴,있음,Unknown,Unknown,50,130,SH,쇼핑,SH05,전문매장/상가,SH050300,관광기념품/특산물판매점,60,80,50,50,80,90,Unknown,제주도 제철농산물 / 제주도 제철과일 등,45,30,60,blend,0.8604,1.0,0.3297,0.7917,blend
4013242,38,쇼핑,무자크 제주중앙점,제주특별자치도 제주시 중앙로 60 (일도일동),63168,126.524440112964,33.512837715448,무자크(MUZAK)는 현대 여성의 여성스럽고 세련된 감성을 담아낸 페미닌 컨템포러리 브랜드입니다. 부드러운 실루엣과 트렌디한 감각이 돋보이는 의류를 합리적인 가격에 제공하여 일상의 모든 순간을 아름답게 완성해줍니다.,Unknown,064-702-3107,11:00~21:00,,가능,Unknown,있음,가능,Unknown,50,110,SH,쇼핑,SH04,면세점,SH040300,사후면세점,0,0,10,0,10,90,월-일요일,"의류 , 신발류 , 스포츠용품",30,15,45,category,0.8163,,0.0,0.8163,category
4009617,38,쇼핑,문화공간 휴,제주특별자치도 제주시 중앙로8길 2 (일도일동) 1층,63166,126.524228396162,33.5149626717876,"문화공간은 예술적 영감과 휴식이 공존하는 복합 라이프스타일 거점 브랜드입니다. 책, 전시, 체험 등 다채로운 문화 콘텐츠를 통해 고객의 삶에 풍요로운 정서적 가치와 새로운 발견의 기쁨을 제공합니다.",Unknown,0507-1353-9837,10:00-18:00,,가능,Unknown,있음,가능,Unknown,50,110,SH,쇼핑,SH04,면세점,SH040300,사후면세점,20,10,40,60,60,80,월-일요일,의류,30,15,45,category,0.8163,,0.0,0.8163,category
3306805,38,쇼핑,미즈노 신제주점,제주특별자치도 제주시 신광로 32 (연동) 1층,63129,126.489869210269,33.4893894746553,미즈노는 100년 이상의 기술력을 바탕으로 한 일본의 글로벌 스포츠 전문 브랜드입니다. 특히 탁월한 반발력과 안정감을 제공하는 러닝화와 정교한 골프 클럽 등 다양한 종목에서 선수들이 최상의 퍼포먼스를 내도록 돕습니다.,kor.mizuno.com,064-747-1828,11:00-22:00,,불가능,명절,있음,가능,Unknown,50,110,SH,쇼핑,SH04,면세점,SH040300,사후면세점,0,0,10,0,0,80,월-일요일,신발류,30,15,45,category,0.8163,,0.0,0.8163,category
4026850,38,쇼핑,믹스존,제주특별자치도 제주시 신성로13길 13 (이도이동),63207,126.529679376528,33.4991086261149,믹스존(MIXZONE)은 서로 다른 취향과 브랜드가 조화롭게 어우러지는 복합 패션 편집 브랜드입니다. 경계 없는 브랜드 믹스매치를 통해 고객들이 자신만의 독보적인 스타일과 새로운 가치를 발견할 수 있도록 돕는 트렌드 세터 역할을 수행합니다.,Unknown,064-722-2221,10:00~23:00,,가능,Unknown,없음,가능,Unknown,50,110,SH,쇼핑,SH04,면세점,SH040300,사후면세점,0,0,30,0,0,90,월-일요일,의류,30,15,45,category,0.8163,,0.0,0.8163,category
1863246,38,쇼핑,바당수산,제주특별자치도 제주시 임항로 49,63276,126.5300249638,33.5169924336,"제주특별자치도 제주시 서부두수산시장에 위치한 제주 바당수산은 신선한 해산물을 판매하는 수산가게이다. 이곳은 제주 바다에서 직접 잡은 다양한 생선과 해산물을 제공하며, 최고 품질의 신선한 해산물을 손쉽게 구매할 수 있는 장소이다. 제주 바당수산은 생선, 오징어 등 다양한 해산물을 판매하며, 온라인 주문 후 택배로도 수령이 가능하다. 이를 통해 제주에 직접 방문하지 않아도 신선한 해산물을 집에서 편리하게 받아볼 수 있다.",Unknown,0507-1339-9965,06:00~18:00,,가능,연중무휴,Unknown,가능,Unknown,50,110,SH,쇼핑,SH05,전문매장/상가,SH050200,전문상가,0,20,10,0,10,90,Unknown,각종 해산물 / 지역특산품 / 가공식품 등,30,15,45,category,0.811,,0.0,0.811,category
2789355,38,쇼핑,바람,제주특별자치도 제주시 구좌읍 월정1길 46-9,63358,126.7927818175,33.5551951990,"제주 월정리에 자리한 소품 숍 겸 카페다. 마치 휴양지의 소품가게를 떠올리게 할 만큼 이국적인 분위기로 꾸며진 이곳은 브런치와 가벼운 음료를 마실 수 있는 카페도 겸하고 있다. 연두색 지붕과 감각적으로 꾸며진 앞마당이 눈길을 사로잡는 바람은 주택을 리모델링해 신발을 벗고 들어서는 구조이다. 가게 내부에는 화려한 색감의 옷이나 독특한 디자인의 모자, 개성 넘치는 소품들로 가득 채워져 있다. 곳곳에 초록색 식물들을 배치해 싱그러운 활기가 넘친다.",Unknown,010-2062-1456,10:00~18:00,,가능,"매주 월요일, 화요일",Unknown,없음,Unknown,50,110,SH,쇼핑,SH05,전문매장/상가,SH050300,관광기념품/특산물판매점,40,50,80,10,10,80,Unknown,"제주기념품, 잡화",30,15,45,category,0.7917,,0.0,0.7917,category
2752730,38,쇼핑,바이제주,제주특별자치도 제주시 서해안로 626 (용담삼동) A동~B동,63150,126.5040357700,33.5167164274,"300인의 핸드메이드 작가와 협업을 추구하는 바이제주는 제주 소품 시장의 트렌드를 이끌어가고 있다. 작가와 제작 회의를 통해 만들어진 수공예품들로 가득하다. 고객의 니즈에 부응하는 소품은 물론이고 쉽게 흉내 낼 수 없는 디테일과 창의적인 아이디어가 빛나는 독보적인 아이템이 다양하다. 무엇보다 아기자기한 내부 인테리어와 바다를 전망할 수 있는 2층 휴게시설, 그리고 넓은 주차장이 있어 쇼핑의 편의성을 높였다.",https://jejubest.com,064-745-1134,09:00~21:30,,가능,연중무휴,있음,Unknown,Unknown,50,110,SH,쇼핑,SH05,전문매장/상가,SH050300,관광기념품/특산물판매점,20,0,70,20,10,100,Unknown,악세서리 / 방향제 / 문구용품 등,30,15,45,observed,0.8225,0.8225,1.0,0.7917,blend
2914960,38,쇼핑,바인드,제주특별자치도 제주시 관덕로11길 7 (일도일동),63277,126.525320202159,33.5137460170367,바인드(BIND)는 국내외 최신 스트릿 트렌드와 유니크한 디자이너 브랜드들을 제안하는 편집 브랜드입니다. 개성 넘치는 패션 아이템부터 소품까지 한데 모아 젊은 세대의 역동적이고 감각적인 라이프스타일을 지원합니다.,bindstore.kr,064-721-7293,10:30-21:00,,불가능,Unknown,없음,가능,Unknown,50,110,SH,쇼핑,SH04,면세점,SH040300,사후면세점,0,0,40,0,0,90,월-일요일,의류,30,15,45,category,0.8163,,0.0,0.8163,category
4026814,38,쇼핑,버디,제주특별자치도 서귀포시 중앙로 53 (서귀동) 1층,63592,126.56134994894,33.249287252074,버디(BIRDY)는 골프의 즐거운 순간을 함께하는 동반자처럼 활기찬 감성의 골프 액세서리 및 패션 브랜드입니다. 기분 좋아지는 컬러 배색과 위트 있는 디자인을 통해 필드 위 에너지를 북돋아 주는 아이템들을 선보입니다.,Unknown,064-733-3256,10:00~21:00,,불가능,명절,없음,가능,Unknown,50,130,SH,쇼핑,SH04,면세점,SH040300,사후면세점,0,0,40,0,0,80,월-일요일,의류,30,15,45,category,0.8163,,0.0,0.8163,category
2893962,38,쇼핑,베네통,제주특별자치도 제주시 칠성로길 32-1 (일도일동),63277,126.526303199923,33.5142606208187,"베네통은 강렬한 컬러와 독창적인 디자인으로 전 세계인의 사랑을 받는 이탈리아 패션 브랜드입니다. 다양성과 사회적 메시지를 담은 개성 넘치는 의류를 선보이며, 밝고 활기찬 라이프스타일을 제안합니다.",www.benettonmall.com,064-753-6114,10:30-19:00,,가능,명절,있음,가능,Unknown,50,110,SH,쇼핑,SH04,면세점,SH040300,사후면세점,0,0,40,10,0,80,월-일요일,의류,30,15,45,category,0.8163,,0.0,0.8163,category
4026795,38,쇼핑,베베드피노 서귀포점,제주특별자치도 서귀포시 동문로 70 (서귀동) 1층,63591,126.567291367642,33.2488203737472,베베드피노는 북유럽 감성의 강렬한 컬러와 독창적인 캐릭터 디자인으로 유명한 프리미엄 아동복 브랜드입니다. 아이들의 상상력을 자극하는 위트 있는 디자인과 편안한 착용감을 통해 전 세계 부모님들에게 큰 인기를 얻고 있습니다.,Unknown,064-733-4077,10:00~20:00,,불가능,명절,없음,가능,Unknown,50,130,SH,쇼핑,SH04,면세점,SH040300,사후면세점,0,0,20,0,0,90,월-일요일,의류,30,15,45,category,0.8163,,0.0,0.8163,category
2924333,38,쇼핑,베베드피노 제주노형점,제주특별자치도 제주시 월랑로 47 (노형동),63100,126.475048177158,33.4894755284887,베베드피노는 북유럽 감성의 강렬한 컬러와 독창적인 캐릭터 디자인으로 유명한 프리미엄 아동복 브랜드입니다. 아이들의 상상력을 자극하는 위트 있는 디자인과 편안한 착용감을 통해 전 세계 부모님들에게 큰 인기를 얻고 있습니다.,bebedepino.com,064-746-1013,11:00-18:00,,불가능,명절,있음,가능,Unknown,50,110,SH,쇼핑,SH04,면세점,SH040300,사후면세점,0,0,40,0,0,90,월-일요일,의류,30,15,45,category,0.8163,,0.0,0.8163,category
2928848,38,쇼핑,베스띠벨리 구제주점,제주특별자치도 제주시 중앙로 41 (일도일동),63277,126.52485022306,33.5144850519124,베스띠벨리(BESTIBELLI)는 '가장 아름답다'는 이탈리아어 뜻처럼 여성의 우아함과 당당한 매력을 극대화하는 컨템포러리 브랜드입니다. 세련된 테일러링과 감각적인 디테일의 의류를 통해 지적인 여성의 라이프스타일을 완성해줍니다.,www.shinwon.com,064-727-0355,10:00~21:00,,불가능,명절,있음,가능,Unknown,50,110,SH,쇼핑,SH04,면세점,SH040300,사후면세점,0,0,20,0,0,70,월-일요일,"의류 , 신발류",30,15,45,category,0.8163,,0.0,0.8163,category
992309,38,쇼핑,보성시장,제주특별자치도 제주시 동광로1길 32,63197,126.5279698982,33.5032716982,"제주 원도심 속에 있는 보성시장은 1972년에 개설되어, 50여 년 동안 자리를 지켜온 전통시장이다. 특유의 정감 가는 분위기로 제주시 상인들의 삶을 엿볼 수 있는 곳이다. 보성시장은 식당가와 정육, 수산물, 건어물, 빵집, 떡집, 수선집 등 다양한 종류의 점포가 들어서 있다. 장터에서 빠질 수 없는 먹거리도 풍성하다. 보성시장 최고의 먹거리는 제주식 전통 순대이다. 식당이 밀집해 있는 상가 내에는 대부분 순대를 전문으로 하는 식당이 주를 이루어 자연스레 순대 골목이 형성되었다. 제주식 전통 순대로, 식당 모두 각자 다른 특색을 보유하였으며 순대국밥, 모둠 순대, 순대 국수 등 다양한 순대 요리를 맛볼 수 있다.",Unknown,064-753-2085,09:00~20:00,,가능,연중무휴 / ※ 점포별로 상이함,있음,Unknown,Unknown,50,110,SH,쇼핑,SH06,시장,SH060200,상설시장,0,90,60,70,30,80,Unknown,정육 / 수산물 / 건어물 / 식당가 등,60,45,75,category,0.8017,,0.0,0.8017,category
3307523,38,쇼핑,북앤북스,제주특별자치도 제주시 1100로 3308 (노형동),63086,126.481718642804,33.4816322571847,북앤북스는 책을 매개로 지식과 영감을 공유하는 따뜻한 문화 공간이자 서점 브랜드입니다. 세심하게 큐레이션된 도서들을 통해 고객들이 새로운 세상을 발견하고 마음의 풍요를 채울 수 있도록 돕는 든든한 지식 파트너입니다.,bookpami.com,064-725-7279,09:00-22:00,,가능,명절,있음,가능,Unknown,50,110,SH,쇼핑,SH04,면세점,SH040300,사후면세점,0,0,20,40,10,50,월-일요일,"문구/장난감/오락용품 , 도서/음반",30,15,45,category,0.8163,,0.0,0.8163,category
2791430,38,쇼핑,불란지야시장,제주특별자치도 서귀포시 중문상로17번길 4 (중문동),63546,126.4240090737,33.2502965427,"불란지야시장은 중문 오일장 초입에 자리하고 있는 곳이다. 불란지는 반딧불이의 제주 사투리로 중문에 어둠이 깔릴 때 불이 켜진다. 싱싱한 활어회부터 파전, 토스트, 두루치기에 고기 국수까지, 가격과 입맛에 따라 음식을 골라 먹을 수 있는 재미가 있는 곳이다. 야시장에는 8개 정도의 식당이 모여 있는데 실내보다는 야외 공간이 특히 인기 있다. 마음에 드는 야외 테이블에 자리 잡고 먹고 싶은 음식들을 각 식당에 주문한 뒤 먹으면 된다.",Unknown,서귀포시청 경제일자리과 064-760-2633,점포 별로 상이함,,가능,점포 별로 상이함,Unknown,Unknown,Unknown,50,130,SH,쇼핑,SH06,시장,SH060200,상설시장,0,90,40,20,20,80,Unknown,활어회 / 토스트 / 파전 / 두루치기 등,60,45,75,category,0.8017,,0.0,0.8017,category
4013203,38,쇼핑,브라운브레스 제주칠성점,제주특별자치도 제주시 관덕로11길 12 (일도일동),63277,126.5255528652,33.5140486706,브라운브레스(Brownbreath)는 '메시지를 전파한다'는 철학 아래 탄생한 대한민국 1세대 스트릿 패션 브랜드입니다. 탄탄한 품질의 가방과 의류를 통해 도시인들의 목소리와 문화를 대변하며 확고한 팬덤을 유지하고 있습니다.,Unknown,Unknown,12:00~21:00,,불가능,명절,없음,가능,Unknown,50,110,SH,쇼핑,SH04,면세점,SH040300,사후면세점,0,0,20,20,0,80,월-일요일,의류,30,15,45,category,0.8163,,0.0,0.8163,category
2931671,38,쇼핑,블랙야크 서귀포점,제주특별자치도 서귀포시 중앙로 54 (서귀동),63591,126.561808783056,33.2493323281287,"블랙야크는 한국의 아웃도어 브랜드로, 고기능성 소재를 활용한 제품을 판매합니다. 실용적인 디자인과 내구성으로 국내외에서 인기가 높습니다.",www.byn.kr,064-732-0454,10:00-21:30,,가능,명절,있음,가능,Unknown,50,130,SH,쇼핑,SH04,면세점,SH040300,사후면세점,0,0,10,0,0,80,월-일요일,"의류 , 스포츠용품",30,15,45,category,0.8163,,0.0,0.8163,category
2907051,38,쇼핑,블랙야크 신제주점,제주특별자치도 제주시 도령로 25 (노형동),63098,126.481358047521,33.4876167792041,"블랙야크는 한국의 아웃도어 브랜드로, 고기능성 소재를 활용한 제품을 판매합니다. 실용적인 디자인과 내구성으로 국내외에서 인기가 높습니다.",www.byn.kr/blackyak,064-746-1811,10:30-20:30,,가능,명절,있음,가능,Unknown,50,110,SH,쇼핑,SH04,면세점,SH040300,사후면세점,0,0,10,0,0,80,월-일요일,의류,30,15,45,category,0.8163,,0.0,0.8163,category
4012413,38,쇼핑,블랙야크 제주점,제주특별자치도 제주시 관덕로11길 27-1 (일도일동),63277,126.525422295579,33.515667245905,"블랙야크는 한국의 아웃도어 브랜드로, 고기능성 소재를 활용한 제품을 판매합니다. 실용적인 디자인과 내구성으로 국내외에서 인기가 높습니다.",Unknown,064-726-1811,10:00-20:00,,가능,Unknown,있음,가능,Unknown,50,110,SH,쇼핑,SH04,면세점,SH040300,사후면세점,0,0,10,0,0,70,월-일요일,"신발류 , 가방류 , 스포츠용품",30,15,45,category,0.8163,,0.0,0.8163,category
4026853,38,쇼핑,블랙야크키즈 제주점,제주특별자치도 제주시 연북로 21 (노형동),63084,126.483555411697,33.4824009588886,"블랙야크는 한국의 아웃도어 브랜드로, 고기능성 소재를 활용한 제품을 판매합니다. 실용적인 디자인과 내구성으로 국내외에서 인기가 높습니다.",Unknown,064-722-4121,10:00~22:00,,가능,명절,있음,가능,Unknown,50,110,SH,쇼핑,SH04,면세점,SH040300,사후면세점,0,0,10,0,0,80,월-일요일,의류,30,15,45,category,0.8163,,0.0,0.8163,category
4026849,38,쇼핑,비너스 와코루 마더피아 신제주특별자치도점,제주특별자치도 제주시 신광로 43 (연동) 1층,63124,126.490251360548,33.4882962440632,비너스는 한국 여성의 체형에 최적화된 디자인과 편안한 착용감을 추구하는 정통 란제리 브랜드입니다. 오랜 기술력을 바탕으로 한 뛰어난 보정력과 세련된 디자인을 통해 여성의 아름다움과 자신감을 완성합니다.,Unknown,064-743-9978,10:00~22:00,,불가능,명절,있음,가능,Unknown,50,110,SH,쇼핑,SH04,면세점,SH040300,사후면세점,0,0,20,0,0,80,월-일요일,의류,30,15,45,category,0.8163,,0.0,0.8163,category
2924947,38,쇼핑,빈폴 제주점,제주특별자치도 제주시 관덕로11길 15 (일도일동),63277,126.525321548668,33.5144060763719,"빈폴은 삼성물산 패션부문이 운영하는 클래식 캐주얼 브랜드입니다. 고급스러운 소재와 세련된 디자인으로 품격 있는 스타일을 제안하며, 전통과 현대적 감각이 조화된 패션 아이템을 선보입니다.",beanpole.com,064-753-1828,10:00-21:00,,불가능,명절,없음,가능,Unknown,50,110,SH,쇼핑,SH04,면세점,SH040300,사후면세점,0,0,20,0,0,80,월-일요일,"의류 , 가방류",30,15,45,category,0.8163,,0.0,0.8163,category
2980017,38,쇼핑,빈폴 제주점,제주특별자치도 제주시 관덕로11길 15,63277,126.52532153713766,33.514406112482405,Unknown,Unknown,Unknown,Unknown,,Unknown,Unknown,Unknown,Unknown,Unknown,50,110,SH,쇼핑,SH05,전문매장/상가,SH050200,전문상가,0,0,10,0,0,80,Unknown,Unknown,30,15,45,category,0.811,,0.0,0.811,category
3305842,38,쇼핑,빌라봉 신세계사이먼프리미엄 아울렛 제주점,제주특별자치도 서귀포시 안덕면 신화역사로304번길 38 B1층,63522,126.31635202613,33.3049726791712,빌라봉(Billabong)은 전 세계 서퍼들의 사랑을 받는 글로벌 액션 스포츠 및 비치 라이프스타일 브랜드입니다. 서핑의 자유로운 에너지를 담은 기능성 래쉬가드와 의류를 통해 모험을 즐기는 이들의 역동적인 일상을 지원합니다.,m.boardriders.co.kr,0507-1477-1466,10:30-21:00,,가능,Unknown,있음,가능,Unknown,50,130,SH,쇼핑,SH04,면세점,SH040300,사후면세점,0,0,20,0,0,60,월-일요일,"의류 , 신발류 , 가방류",30,15,45,category,0.8163,,0.0,0.8163,category
4058075,38,쇼핑,사슴책방,제주특별자치도 제주시 조천읍 중산간동로 698-73 1층,63343,126.657981835069,33.4959833104175,"제주에 위치한 사슴책방은 귀여운 사슴 간판을 지나 서점 입구에 들어서면 예쁜 정원이 눈 앞에 펼쳐지는 곳이다. 마치 동화 속 유럽에 온 것 같은 착각에 빠지기도 한다. 본격적으로 서점에 들어가기 전에 정원을 충분히 구경해보는 것도 좋다. 이곳은 1층은 서점, 2층은 카페로 운영되고 있다. 일러스트 작가가 운영하는 서점답게 그림책이 많다. 이 외에도 팝업북, 플립북, 책갈피, 각종 굿즈들도 있다. 2층 카페에 올라가면 대흘리 마을 전경이 펼쳐진다.",공식 홈페이지 https://www.jejudeerbookshop.com/공식 인스타그램 https://www.instagram.com/deerbookshop_in_jeju,010-7402-9077,11:00~18:00,,가능,연중무휴,있음,Unknown,Unknown,50,110,SH,쇼핑,SH05,전문매장/상가,SH050200,전문상가,80,50,90,60,40,70,Unknown,그림책 / 팝업북 / 책갈피 등,45,30,60,blend,0.8453,1.0,0.1813,0.811,blend
4026800,38,쇼핑,산드로 신세계사이먼프리미엄아울렛 제주점,제주특별자치도 서귀포시 안덕면 신화역사로304번길 38 B1층,63522,126.31635202613,33.3049726791712,산드로는 프랑스 파리의 우아함과 시크함을 정교한 디테일로 풀어낸 컨템포러리 브랜드입니다. 여성스러운 레이스와 중성적인 실루엣이 조화를 이루는 디자인을 통해 세련된 파리지앵 룩을 제안합니다.,sandro.kr,064-907-1447,10:30~21:00,,가능,Unknown,있음,가능,Unknown,50,130,SH,쇼핑,SH04,면세점,SH040300,사후면세점,0,0,20,10,10,90,월-일요일,의류,30,15,45,category,0.8163,,0.0,0.8163,category
4009618,38,쇼핑,살로몬 제주점,제주특별자치도 제주시 탑동로 5 (삼도이동) 1층,63166,126.524176420811,33.5167693484119,살로몬(Salomon)은 프랑스 알프스에서 탄생한 글로벌 프리미엄 아웃도어 스포츠 브랜드입니다. 고도의 기술력이 집약된 트레일 러닝화와 하이킹 기어 등을 통해 거친 자연 환경에서도 최상의 퍼포먼스를 내도록 돕습니다.,Unknown,064-755-7948,10:00-22:00,,가능,Unknown,있음,가능,Unknown,50,110,SH,쇼핑,SH04,면세점,SH040300,사후면세점,0,0,20,0,0,70,월-일요일,"의류 , 신발류",30,15,45,category,0.8163,,0.0,0.8163,category
4013000,38,쇼핑,삼성스토어 서귀포,제주특별자치도 서귀포시 일주서로 17 (강정동),63560,126.505981099608,33.2495838290148,삼성스토어는 삼성전자의 최신 혁신 가전과 모바일 제품을 직접 체험하고 전문가의 맞춤 상담을 받을 수 있는 프리미엄 전자 매장입니다. 차별화된 AI 기술과 편리한 연결 경험을 통해 고객의 일상을 더욱 스마트하게 바꿔주는 혁신적인 솔루션을 제안합니다.,www.samsungstore.com,0507-1326-8788,10:30~20:30,,가능,명절,있음,가능,Unknown,50,130,SH,쇼핑,SH04,면세점,SH040300,사후면세점,0,0,10,0,70,90,월-일요일,전자/디지털제품,30,15,45,category,0.8163,,0.0,0.8163,category
4026857,38,쇼핑,삼성스토어 제주인화,제주특별자치도 제주시 연삼로 633 (건입동),63307,126.554775045425,33.5071030859558,삼성스토어는 삼성전자의 최신 혁신 가전과 모바일 제품을 직접 체험하고 전문가의 맞춤 상담을 받을 수 있는 프리미엄 전자 매장입니다. 차별화된 AI 기술과 편리한 연결 경험을 통해 고객의 일상을 더욱 스마트하게 바꿔주는 혁신적인 솔루션을 제안합니다.,www.samsungstore.com,0507-1341-9229,10:30~20:30,,가능,명절,있음,가능,Unknown,50,110,SH,쇼핑,SH04,면세점,SH040300,사후면세점,0,0,20,0,70,90,월-일요일,전자/디지털제품,30,15,45,category,0.8163,,0.0,0.8163,category
2924160,38,쇼핑,삼성패션아울렛 제주점,제주특별자치도 제주시 중앙로7길 14 (일도일동),63277,126.526199095803,33.5147387867545,"삼성패션아울렛은 빈폴, 구호 등 삼성물산 패션부문의 유명 브랜드들을 합리적인 가격에 만날 수 있는 실속형 쇼핑 공간입니다. 검증된 품질의 패션 아이템들을 최상의 혜택과 함께 제공하여 고객의 지혜로운 소비를 돕습니다.",www.ssfshop.com,064-757-6896,10:00-21:00,,불가능,Unknown,없음,가능,Unknown,50,110,SH,쇼핑,SH04,면세점,SH040300,사후면세점,0,0,20,0,10,100,월-일요일,의류,30,15,45,category,0.8163,,0.0,0.8163,category
4054291,38,쇼핑,생각하는 정원[면세점(TAX REFUND SHOP)],제주특별자치도 제주시 한경면 녹차분재로 675,63005,126.255005128834,33.3255844945227,생각하는(Thinking)은 창의적인 사고와 교육적 가치를 담아낸 지적 콘텐츠 기반의 라이프스타일 브랜드입니다. 아이들의 상상력을 자극하는 도구와 교구를 통해 스스로 생각하고 성장하는 즐거움을 선물합니다.,Unknown,0507-1324-3701,09:00-18:00,,가능,Unknown,있음,불가능,Unknown,50,110,SH,쇼핑,SH04,면세점,SH040300,사후면세점,0,0,20,30,30,80,월-일요일,기타 서비스,30,15,45,category,0.8163,,0.0,0.8163,category
2907434,38,쇼핑,생각하는정원(청원),제주특별자치도 제주시 한경면 녹차분재로 675,63005,126.25528248565925,33.32588523261681,-,Unknown,064-772-3701,09:00-18:00,,가능,Unknown,완비,"기타 모바일페이,직불카드,신용카드,위챗페이,알리페이,애플페이,삼성페이,카카오페이,제로페이",Unknown,50,110,SH,쇼핑,SH04,면세점,SH040300,사후면세점,0,0,10,0,0,90,월-일요일,기념품점,30,15,45,category,0.8163,,0.0,0.8163,category
2913366,38,쇼핑,생생약국,제주특별자치도 제주시 원노형남1길 1 (노형동) 1층,63082,126.480730767311,33.484006612815,생생약국은 지역 주민의 활기찬 건강을 위해 친절하고 전문적인 약료 서비스를 제공하는 신뢰 중심의 약국입니다. 정확한 조제와 꼼꼼한 복약 상담을 통해 환자의 건강 회복과 활력 증진을 돕습니다.,Unknown,0507-1356-1788,11:00-20:00,,가능,명절,없음,가능,Unknown,50,110,SH,쇼핑,SH04,면세점,SH040300,사후면세점,0,0,0,0,0,20,월-일요일,의약품/의료용 기기,30,15,45,category,0.8163,,0.0,0.8163,category
1013258,38,쇼핑,서귀포매일올레시장,제주특별자치도 서귀포시 서귀동 340,63595,126.5641113997,33.2487281813,"서귀포 올레시장은 서귀포시에서 가장 큰 시장이며 1960년대 초반 자연발생적으로 생긴 재래시장으로 60여 년 전통으로 서귀포 경제에 큰 밑받침이 되고 있는 시장이다. 2001년 120m를 시작으로 현재 총 620m에 달하는 아케이드상가를 설치하여 서귀포서민경제에 중추적인 역할을 담당하고 있다. 이곳 주차장은 1시간 무료주차시스템을 도입하여 고객에 최대한 편의를 제공하고 있으며, 시장에서 물건을 구입한 고객의 편의를 위해서 무료로 원하는 장소로 배달하는 택배시스템을 갖추고 있다. 또한 미래의 잠재고객인 청소년들을 위한 야외 공연장 및 분수대가 있는 공원을 갖추고 있다.",http://www.visitjeju.net,0507-1353-1949,- 하절기 07:00~21:00 / - 동절기 07:00~20:00,,"가능 / 요금 (30분 무료 / 이후 15분당 500원 / 1시간 2,000원)",연중무휴,2개소,가능,장애인 편의시설: 장애인 화장실 | 입점브랜드: 자체 브랜드,50,130,SH,쇼핑,SH06,시장,SH060200,상설시장,20,60,40,60,40,100,Unknown,농·수·축산물 및 공산품 일체,60,45,75,observed,0.821,0.821,1.0,0.8017,blend
132556,38,쇼핑,서귀포향토오일시장,제주특별자치도 서귀포시 중산간동로7894번길 18-5 (동홍동),63579,126.5724963753,33.2669040864,"서귀포향토오일시장은 서귀포시를 대표하는 오일장으로 1995년 개설되어 매월 4일, 9일마다 장이 열린다. 큰 규모만큼 오랜 명맥을 유지하고 있으며 구역이 시원시원하게 정돈되어 있어 둘러보기 좋다. 제철 과일과 싱싱한 수산물, 채소 등 먹거리를 비롯해 아기자기한 잡화와 의류까지 다양한 물품들을 판매하는 시장이라 도민과 관광객이 모두 찾는 시장이다. 전국 최초로 고객 서비스 헌장을 마련했고 다양한 상품을 판매하며 쾌적하게 쇼핑을 즐길 수 있도록 편의 시설을 최적화해 왔다. 주차공간이 넉넉하고 시티투어 버스가 다녀 버스 정류장이 가까이 있어 접근성이 좋다.",http://www.visitjeju.net,향토오일시장번영회 064-763-0965,08:00~21:00,,가능,Unknown,있음,가능,Unknown,50,130,SH,쇼핑,SH06,시장,SH060100,비상설시장,20,70,40,50,50,90,4일 / 9일 / 14일 / 19일 / 24일 / 29일,농수산물 / 축산물 / 공산품 / 먹거리 등,45,30,60,blend,0.7261,1.0,0.1813,0.6655,blend
993261,38,쇼핑,서문공설시장,제주특별자치도 제주시 서문로4길 13-2,63154,126.5179483634,33.5113734195,"서문공설시장은 제주시 서부중심에 위치한 60년의 역사를 가진 전통 재래시장이다. 80여 개의 점포를 갖추고 있으며 축산, 정육 등 육류 소비 특화시장으로 선정되어 제주도내에서 가장 활발한 육류소비가 이루어지고 있다. 시장 내에는 3개의 정육 마트가 자리하고 있다. 원하는 부위의 고기를 저렴하게 구매한 후 정육 식당이 들어선 상가건물을 찾아가면 상차림 비용을 지불하고 구매한 고기를 그 자리에서 맛볼 수 있다. 이 외에도 식품과 건어물, 과일 등 다양한 품목들이 판매되고 있다. 다른 상설시장에 비해 한산한 편이며, 주차 시설이 잘 갖추어져 있는 것이 특징이다.",https://www.visitjeju.net,064-758-8387,09:00~20:00 / ※ 점포별 상이함,,가능,"매주 토요일, 일요일 / ※ 점포별 상이함",있음,없음,Unknown,50,110,SH,쇼핑,SH06,시장,SH060200,상설시장,10,70,20,60,40,100,Unknown,축산물 / 건어물 / 과일 / 야채 / 잡화 등,60,45,75,category,0.8017,,0.0,0.8017,category
2765319,38,쇼핑,서부두수산시장,제주특별자치도 제주시 임항로 49 (건입동),63276,126.5300138523,33.5170396509,"제주 국제공항에서 자동차로 15분 거리에 떨어져 있는 서부두 수산시장은 싱싱한 제철 생선을 저렴하게 만나볼 수 있는 수협 공판장이다. 매일 이른 아침이면 갓 잡은 생선이 부두를 통해 들어오며, 경매에 부쳐진다. 경매가 끝나면 제철 생선과 각종 먹거리를 구경할 수 있는데, 오전 일찍 가야만 만나볼 수 있다. 제주의 특산물인 은갈치부터 쥐치, 옥돔, 한치 등 다양한 생물을 판매한다. 근처에는 갓 잡은 생선들을 손질해 주는 회 센터가 많아 바로 먹거나, 선물하기에도 좋다.",Unknown,Unknown,05:00~09:00,,불가능,연중무휴,있음,Unknown,Unknown,50,110,SH,쇼핑,SH06,시장,SH060200,상설시장,10,70,30,20,20,90,Unknown,수산물 등,45,30,60,observed,0.6527,0.5312,0.5507,0.8017,blend
2852532,38,쇼핑,선물가게 바나나 서귀포중문점,제주특별자치도 서귀포시 일주서로 875,63534,126.4171258368,33.2580338921,"선물가게 바나나는 서귀포 중문 관광단지 인근에 있어 관광하면서 좋으며 다양한 기념품과 선물을 구메 할 수 있다. 제주의 특징을 담은 여러 소품뿐만 아니라 자체 제작 소품부터 기념품들까지 다양하게 준비되어 있다. 또한 제주에서만 맛볼 수 있는 우도 땅콩샌드, 감귤초콜릿, 우유 샌드 등 맛있는 간식들과 제주 바다와 자연을 담은 액세서리도 구매할 수 있어 제주를 방문하는 관광객들에게 인기 있는 소품샵이다.",https://www.giftshopbanana.com,0507-1337-2540,10:30~21:30,,가능요금 (무료),연중무휴,Unknown,Unknown,Unknown,50,130,SH,쇼핑,SH05,전문매장/상가,SH050300,관광기념품/특산물판매점,20,20,30,20,10,100,Unknown,인형 / 키링 / 모자 / 잡화 / 기념품 등,30,15,45,observed,0.8208,0.8333,0.6988,0.7917,blend
3502045,38,쇼핑,선물고팡 공항본점,제주특별자치도 제주시 월성로 15 (용담이동),63162,126.50494102693447,33.50297178700443,"매장 1층에는 신선하고 특별한 제주의 특산품, 청과품, 수산품등을 저렴하게 판매하고 있으며 2층에 올라서면 제주 감성을 담은 감성소품과 선물고팡에서만 만나볼 수 있는 자체제작의 귀여운 감성소품들도 다양하게 준비되어 있다. 이곳은 5만 원 이상 구매 시 무료택배를 하고 있다. 또한 매장 전용 주차장이 있어 편안한 쇼핑이 가능하다.",https://www.instagram.com/giftgopang_airport,0507-1416-3951,08:00~19:00,,가능 (약 10대),연중무휴,있음,Unknown,Unknown,50,110,SH,쇼핑,SH05,전문매장/상가,SH050300,관광기념품/특산물판매점,10,20,30,10,10,100,Unknown,소품 / 제주 특산품 / 청과품 / 수산품,30,15,45,observed,0.7232,0.7125,0.8647,0.7917,blend
4009601,38,쇼핑,섬타르 신제주점,제주특별자치도 제주시 연동6길 5 (연동) 1층,63132,126.489446068654,33.4855107957617,섬타르는 제주의 청정 재료로 구워낸 달콤한 수제 타르트 전문 디저트 브랜드입니다. 제주의 사계절을 담은 정성스러운 맛과 아름다운 패키지 디자인을 통해 제주를 찾는 여행객들에게 가장 달콤한 휴식과 선물을 제공합니다.,Unknown,0507-1395-4468,10:00-23:30,,불가능,Unknown,있음,가능,Unknown,50,110,SH,쇼핑,SH04,면세점,SH040300,사후면세점,10,80,60,10,10,70,월-일요일,식료품,30,15,45,category,0.8163,,0.0,0.8163,category
3305785,38,쇼핑,세인트앤드류스 신세계사이먼프리미엄아울렛 제주점,제주특별자치도 서귀포시 안덕면 신화역사로304번길 38 B1층,63522,126.31635202613,33.3049726791712,세인트앤드류스(St Andrews)는 골프의 발상지에서 영감을 받은 하이엔드 럭셔리 골프웨어 브랜드입니다. 고전적인 품격과 최첨단 기능성을 조화시킨 디자인을 통해 필드 위에서 기품 있는 골퍼의 정체성을 가장 완벽하게 완성해줍니다.,Unknown,064-907-1475,10:30~21:00,,가능,명절,있음,가능,Unknown,50,130,SH,쇼핑,SH04,면세점,SH040300,사후면세점,0,0,20,0,0,90,월-일요일,"의류 , 가방류",30,15,45,category,0.8163,,0.0,0.8163,category
992261,38,쇼핑,"세화민속오일시장(5일, 0일)",제주특별자치도 제주시 구좌읍 해맞이해안로 1412,63361,126.8573407727,33.5261772305,"세화민속오일시장은 세화 중심가 사거리에서 인접해 있어서 교통이 편리하고, 주민들과 상인들이 함께 어우러져 서로 사고 파는 제주 사람들의 진솔한 삶의 모습을 들여다볼 수 있는 제주의 전통적인 재래시장이다. 우리나라 장이 거의 그렇듯 제주의 재래시장도 5일 간격으로 서는 오일장이며, 상품의 종류도 많고 가격도 저렴한 편이다.",http://www.visitjeju.net,064-782-0520,08:00~14:00 / ※ 점포별 상이함,,가능,Unknown,Unknown,없음,Unknown,50,110,SH,쇼핑,SH06,시장,SH060100,비상설시장,0,40,50,70,40,90,"매월 5, 10, 15, 20, 25, 30일",청과물 / 수산물 / 약초 / 양품 / 곡물 등,45,30,60,observed,0.7465,0.8125,0.5507,0.6655,blend
2907684,38,쇼핑,셀덴 제주중앙지하상가점,제주특별자치도 제주시 중앙로 60 (일도일동),63168,126.524440112964,33.512837715448,셀덴(Celden)은 아이들의 동심을 화사하고 세련되게 표현하는 유러피안 감성의 프리미엄 아동복 브랜드입니다. 부드러운 색채와 고급스러운 디테일의 의류를 통해 우리 아이를 돋보이게 하는 스타일링을 완성해줍니다.,Unknown,064-722-6742,10:00-21:00,,불가능,명절,있음,가능,Unknown,50,110,SH,쇼핑,SH04,면세점,SH040300,사후면세점,0,0,20,0,0,80,월-일요일,의류,30,15,45,category,0.8163,,0.0,0.8163,category
2819519,38,쇼핑,소길별하,제주특별자치도 제주시 애월읍 소길남길 34-37,63037,126.3744134023,33.4304884065,"JTBC 을 통해 공개된 이상순·이효리 부부의 신혼집이 아직 잘 알려지지 않은 지역 브랜드와 친환경 제품 등 다양한 상품을 판매하는 제주 로컬 브랜드 스토어 ‘소길별하’로 탈바꿈하였다. 방송에서 소개되었던 벽난로, 식탁 등의 공간이 곳곳에 그대로 존재하고 있으며 거실, 침실, 주방, 샤워실 등의 공간은 상품 전시 공간으로 꾸며졌다. 친환경 생활용품부터 핸드메이드 가방, 그릇, 디퓨저까지 종류도 다양하다.",https://www.sogilbyeolha.com/https://www.instagram.com/sogil_bh,0507-1430-4838,12:00~17:00,,가능요금 (무료),※ 매달 변동되므로 자세한 휴무일은 공식 인스타그램 참조,Unknown,Unknown,Unknown,50,110,SH,쇼핑,SH07,기타쇼핑시설,SH070100,기타쇼핑시설,20,10,80,30,10,90,Unknown,Unknown,60,45,75,observed,0.8606,0.875,0.7981,0.8035,blend
4002242,38,쇼핑,소랑아시,제주특별자치도 서귀포시 중문관광로 27 (색달동) 1층,63534,126.414881,33.255586,"제주소품샵 소랑아시는 제주 중문관광단지 내에 위치해 제주 여행의 설렘을 안고 중문을 찾은 여행객들, 감성적인 제주 선물을 찾던 커플과 가족, 그리고 입소문을 따라온 수많은 방문객들이 들르는 제주만의 감성이 느껴지는 소품샵이다. 중문관광단지 한복판에 위치해 있어 여미지식물원 도보 10분, 천제연폭포 도보 10분, 색달해수욕장 도보 20분에 갈 수 있는 거리로 여행 동선으로 자연스럽게 들를 수 있으며, 관광 중에 잠시 휴식과 여유를 즐기기에도 좋다. 이처럼 접근성이 좋아 중문기념품샵을 찾는 여행객들에게도 부담 없이 방문하기 좋은 위치다. 이곳에서는 제주의 풍경과 이야기를 담은 소품을 직접 제작하고 있어 선물이나 기념품으로도 적합하며, 여행의 추억을 오래 간직할 수 있는 아이템을 고르기 좋다. 감각적인 구성 덕분에 제주기념품샵으로도 꾸준히 언급되며, 중문 일대에서 찾기 쉬운 중문기념품샵, 개성 있는 제주소품샵, 만족도 높은 제주기념품샵을 찾는 분들에게 잘 어울리는 공간이다.",Unknown,0507-1424-1442,09:00~20:30,,가능,연중무휴,있음,Unknown,Unknown,50,130,SH,쇼핑,SH07,기타쇼핑시설,SH070100,기타쇼핑시설,20,0,60,30,10,90,Unknown,의류 / 소품 / 기념품 / 필기구 등,30,15,45,observed,0.898,0.9219,0.7981,0.8035,blend
4009613,38,쇼핑,소품샵 제주소품 함덕점,제주특별자치도 제주시 조천읍 평사길 7 1층,63333,126.672779742746,33.5433184605338,소품샵 제주소품은 일상의 공간에 활력을 불어넣는 아기자기하고 유니크한 디자인 아이템들을 큐레이션하여 소개합니다. 독창적인 영감이 담긴 소품들을 통해 고객들이 자신만의 취향을 발견하고 공간을 가꾸는 즐거움을 선사합니다.,Unknown,064-900-0604,10:00-21:00,,가능,Unknown,있음,가능,Unknown,50,110,SH,쇼핑,SH04,면세점,SH040300,사후면세점,0,0,40,0,10,80,월-일요일,"의류 , 신발류 , 식료품",30,15,45,observed,0.8052,0.7917,0.4512,0.8163,blend
3306898,38,쇼핑,송지오 신세계사이먼프리미엄 아울렛 제주점,제주특별자치도 서귀포시 안덕면 신화역사로304번길 38,63522,126.31635202613,33.3049726791712,송지오는 한국 디자이너의 자부심이자 예술적 영감을 옷으로 구현하는 하이엔드 컨템포러리 브랜드입니다. 독창적인 실루엣과 대담한 디자인을 통해 전 세계 패션계에 동양적인 미학과 카리스마를 각인시키고 있습니다.,songzio.com,0507-1448-1627,10:00-21:00,,가능,Unknown,있음,가능,Unknown,50,130,SH,쇼핑,SH04,면세점,SH040300,사후면세점,0,0,60,30,0,80,월-일요일,의류,30,15,45,category,0.8163,,0.0,0.8163,category
2931257,38,쇼핑,수목원길 야시장,제주특별자치도 제주시 은수길 69,63141,126.4882144217,33.4706491825,"제주도에서 가장 오래되고 규모가 큰 소나무군락지에 복합테마파크 형태의 관광지로 조성된 야시장이다. 약 4,000평의 규모로 소나무 숲 안에 조성된 자연 그대로의 형태를 갖춘 야시장이다. 가족, 연인, 친구와 함께 방문하기 좋은 공간으로, 제주 밤 문화를 경험할 수 있는 복합 야간 관광지로 자리하고 있다.",https://www.visitjeju.net,수목원테마파크 064-742-3700,[9월~5월]- 18:00~22:00[6월~8월]- 18:00~23:00,,가능요금 (무료),연중무휴,있음,Unknown,Unknown,50,110,SH,쇼핑,SH06,시장,SH060200,상설시장,70,60,80,40,50,80,Unknown,핸드메이드 제품 / 푸드트럭 / 게임 체험 등,60,45,75,observed,0.7156,0.715,0.9933,0.8017,blend
4026827,38,쇼핑,수박빈티지,제주특별자치도 제주시 관덕로7길 39 (삼도이동) B1층,63166,126.523228674486,33.5166539973383,수박빈티지는 과거의 소중한 기록들을 현대적인 감각으로 발굴하여 소개하는 빈티지 패션 브랜드입니다. 세월의 멋이 깃든 희소성 있는 의류와 소품들을 통해 고객들에게 독창적인 패션 취향과 아날로그 감성을 선사합니다.,soobaakvintage.com,0507-1349-0689,12:00~20:00,,불가능,명절,있음,가능,Unknown,50,110,SH,쇼핑,SH04,면세점,SH040300,사후면세점,0,0,70,10,20,80,월-토요일,의류,30,15,45,category,0.8163,,0.0,0.8163,category
4013248,38,쇼핑,수풀,제주특별자치도 제주시 한림읍 한수풀로 36 2층,63030,126.266656410114,33.4178598110931,수풀은 우거진 숲의 생명력과 평온함을 일상에 전하는 라이프스타일 및 인테리어 소품 브랜드입니다. 자연의 질감을 살린 오브제와 리빙 아이템들을 통해 고객의 주거 공간을 더욱 건강하고 평화롭게 가꾸어줍니다.,supul.co.kr,0507-1302-7204,12:00~18:00,,불가능,명절,없음,가능,Unknown,50,110,SH,쇼핑,SH04,면세점,SH040300,사후면세점,10,0,40,0,0,70,월-일요일,전통민예품/도자기/목각제품/기타 공예품,30,15,45,observed,0.9155,0.9583,0.6988,0.8163,blend
2912717,38,쇼핑,쉬즈미스 구제주점,제주특별자치도 제주시 관덕로11길 17 (일도일동) 시티오브드림즈 2층,63277,126.525170802937,33.5146534359302,쉬즈미스는 현대 여성의 지적이고 세련된 아름다움을 강조하는 여성 컨템포러리 브랜드입니다. 미니멀하면서도 고급스러운 실루엣의 제품들을 통해 오피스 룩부터 격식 있는 모임까지 아우르는 완벽한 스타일을 선보입니다.,shesmiss.co.kr,064-757-1583,10:30-21:30,,가능,명절,있음,가능,Unknown,50,110,SH,쇼핑,SH04,면세점,SH040300,사후면세점,0,0,20,0,0,90,월-일요일,의류,30,15,45,category,0.8163,,0.0,0.8163,category
4013223,38,쇼핑,슈마커 플러스 제주연동점,제주특별자치도 제주시 신광로 52 (연동) 밸리스빌딩 1층,63131,126.489615229505,33.4874520797513,슈마커는 전 세계 다양한 인기 신발 브랜드를 한눈에 만날 수 있는 국내 대표 슈즈 멀티숍입니다. 운동화부터 샌들까지 폭넓은 카테고리의 제품을 합리적인 가격에 선보여 고객의 선택 폭을 넓혀줍니다.,www.shoemarker.co.kr,064-711-7199,11:30~23:00,,가능,Unknown,있음,가능,Unknown,50,110,SH,쇼핑,SH04,면세점,SH040300,사후면세점,0,0,20,0,0,90,월-일요일,신발류,30,15,45,category,0.8163,,0.0,0.8163,category
4009597,38,쇼핑,스노우피크 신제주점,제주특별자치도 제주시 신광로 30 (연동) 1층,63129,126.489867758518,33.4895269614377,스노우피크는 '인생은 캠핑이다'라는 철학을 가진 일본의 프리미엄 아웃도어 및 캠핑 기어 브랜드입니다. 자연 속에서의 진정한 휴식을 위한 혁신적인 장비와 일상에서도 입을 수 있는 감성적인 아웃도어 의류를 선보입니다.,Unknown,0507-1411-7596,11:00-23:00,,불가능,Unknown,있음,가능,Unknown,50,110,SH,쇼핑,SH04,면세점,SH040300,사후면세점,10,0,40,0,10,80,월-일요일,"신발류 , 스포츠용품",30,15,45,category,0.8163,,0.0,0.8163,category
4009602,38,쇼핑,스마트약국 제주,제주특별자치도 제주시 연북로 1 (노형동) 1층,63084,126.481834000763,33.4824421892687,스마트약국은 과학적인 처방 관리와 스마트한 건강 솔루션을 지향하는 전문 약국 브랜드입니다. 최신 건강 정보와 개인별 맞춤 영양 상담을 통해 고객들이 쉽고 지혜롭게 건강을 관리할 수 있도록 돕는 든든한 파트너입니다.,Unknown,064-712-6706,10:00-21:30,,가능,"2,4주 토요일",있음,가능,Unknown,50,110,SH,쇼핑,SH04,면세점,SH040300,사후면세점,0,0,10,0,10,20,월-일요일,"향수/화장품 , 인삼/한약재/건강보조식품 , 의약품/의료용 기기",30,15,45,category,0.8163,,0.0,0.8163,category
2900852,38,쇼핑,스케쳐스 서귀포점,제주특별자치도 서귀포시 이중섭로 4 (서귀동),63595,126.564028389653,33.2476976284742,스케쳐스는 혁신적인 편안함과 트렌디한 디자인을 선보이는 글로벌 라이프스타일 슈즈 브랜드입니다. 고도의 기술력이 집약된 워킹화와 러닝화를 통해 전 세계 고객들에게 가볍고 즐거운 보행 경험을 선사합니다.,www.skecherskorea.co.kr,064-732-9870,10:00-21:00,,불가능,Unknown,없음,가능,Unknown,50,130,SH,쇼핑,SH04,면세점,SH040300,사후면세점,0,0,10,0,10,70,월-일요일,신발류,30,15,45,category,0.8163,,0.0,0.8163,category
2924425,38,쇼핑,스케쳐스 신제주점,제주특별자치도 제주시 신광로 68 (연동),63131,126.489734975976,33.486206392079,스케쳐스는 혁신적인 편안함과 트렌디한 디자인을 선보이는 글로벌 라이프스타일 슈즈 브랜드입니다. 고도의 기술력이 집약된 워킹화와 러닝화를 통해 전 세계 고객들에게 가볍고 즐거운 보행 경험을 선사합니다.,www.skecherskorea.co.kr,064-746-6526,11:00-22:00,,불가능,명절,있음,가능,Unknown,50,110,SH,쇼핑,SH04,면세점,SH040300,사후면세점,0,0,20,0,10,90,월-일요일,신발류,30,15,45,category,0.8163,,0.0,0.8163,category
2923735,38,쇼핑,스파오 신제주점,제주특별자치도 제주시 신광로 42 (연동),63129,126.489824135742,33.4884518138034,스파오는 트렌디한 디자인과 합리적인 가격을 자랑하는 대한민국 SPA 브랜드입니다. 빠르게 변화하는 패션 트렌드를 반영해 남녀노소 누구나 즐길 수 있는 실용적이고 스타일리시한 의류를 선보입니다.,www.spao.com,064-749-9591,11:00-22:00,,불가능,Unknown,없음,가능,Unknown,50,110,SH,쇼핑,SH04,면세점,SH040300,사후면세점,0,0,30,0,0,90,월-일요일,의류,30,15,45,category,0.8163,,0.0,0.8163,category
2925738,38,쇼핑,스파오 제주중앙로점,제주특별자치도 제주시 중앙로 53 (일도일동) 천년타워,63277,126.524933082691,33.5135430276523,스파오는 트렌디한 디자인과 합리적인 가격을 자랑하는 대한민국 SPA 브랜드입니다. 빠르게 변화하는 패션 트렌드를 반영해 남녀노소 누구나 즐길 수 있는 실용적이고 스타일리시한 의류를 선보입니다.,www.spao.com,064-901-1088,11:00-22:00,,가능,Unknown,있음,가능,Unknown,50,110,SH,쇼핑,SH04,면세점,SH040300,사후면세점,0,0,20,0,0,90,월-일요일,의류,30,15,45,category,0.8163,,0.0,0.8163,category
2906602,38,쇼핑,스포츠메카 신제주점,제주특별자치도 제주시 삼무로 39 (연동),63125,126.491021562127,33.4903013947031,스포츠메카는 모든 종류의 운동 기구와 스포츠 용품을 한눈에 비교하고 구매할 수 있는 종합 스포츠 멀티숍입니다. 전문가의 맞춤 상담과 신뢰할 수 있는 품질의 제품 공급을 통해 고객의 건강한 스포츠 라이프를 뒷받침합니다.,Unknown,064-751-4057,10:00-22:00,,가능,Unknown,있음,가능,Unknown,50,110,SH,쇼핑,SH04,면세점,SH040300,사후면세점,0,0,10,0,20,100,월-일요일,"의류 , 신발류",30,15,45,category,0.8163,,0.0,0.8163,category
4013236,38,쇼핑,스포츠메카 외도본점,제주특별자치도 제주시 일주서로 7298 (외도일동) 1층,63069,126.426658760837,33.4922890803883,스포츠메카는 모든 종류의 운동 기구와 스포츠 용품을 한눈에 비교하고 구매할 수 있는 종합 스포츠 멀티숍입니다. 전문가의 맞춤 상담과 신뢰할 수 있는 품질의 제품 공급을 통해 고객의 건강한 스포츠 라이프를 뒷받침합니다.,Unknown,064-743-9448,10:00~20:00,,가능,Unknown,있음,가능,Unknown,50,110,SH,쇼핑,SH04,면세점,SH040300,사후면세점,0,0,10,0,10,100,월-일요일,"의류 , 신발류 , 가방류 , 스포츠용품",30,15,45,category,0.8163,,0.0,0.8163,category
2904947,38,쇼핑,신한온누리약국,제주특별자치도 제주시 도령로 74 (연동),63129,126.486332954052,33.4897415444847,신한온누리약국은 온누리 체인의 앞선 조제 시스템과 전문적인 건강 상담을 통해 지역 주민의 건강을 책임집니다. 정확한 처방 관리와 친절한 복약 설명을 통해 환자들이 평안한 마음으로 건강을 회복할 수 있도록 정성을 다합니다.,Unknown,064-744-1783,08:30-19:30,,불가능,공휴일,없음,가능,Unknown,50,110,SH,쇼핑,SH04,면세점,SH040300,사후면세점,0,0,0,0,0,20,월-일요일,의약품/의료용 기기,30,15,45,category,0.8163,,0.0,0.8163,category
4026808,38,쇼핑,신화테마파크,제주특별자치도 서귀포시 안덕면 신화역사로304번길 98,63521,126.307543154776,33.3065311964764,신화테마파크는 제주 신화월드 내 위치하여 동화 같은 상상력과 즐거움을 선사하는 대한민국 대표 가족형 테마파크입니다. 다채로운 어트랙션과 이색적인 공연을 통해 남녀노소 누구나 잊지 못할 행복한 추억을 만드는 꿈의 전당입니다.,shinhwaworld.com,1670-1188,10:00~20:00,,가능,Unknown,있음,가능,Unknown,50,130,SH,쇼핑,SH04,면세점,SH040300,사후면세점,10,10,60,10,90,30,월-일요일,기타 서비스,30,15,45,category,0.8163,,0.0,0.8163,category
4013219,38,쇼핑,쌤소나이트 제주오라아울렛점,제주특별자치도 제주시 서광로 82 (오라삼동) 1층,63148,126.505205811273,33.4997536993176,"쌤소나이트는 내구성과 기능성이 뛰어난 글로벌 여행용 가방 브랜드입니다. 여행, 출장 등 다양한 용도로 활용 가능하며, 세련된 디자인의 제품을 만나볼 수 있습니다.",Unknown,0507-1354-4083,10:00~20:00,,가능,Unknown,있음,가능,Unknown,50,110,SH,쇼핑,SH04,면세점,SH040300,사후면세점,0,0,20,0,0,90,월-일요일,가방류,30,15,45,category,0.8163,,0.0,0.8163,category
2912507,38,쇼핑,쌤소나이트 칠성로점,제주특별자치도 제주시 중앙로 67 (이도일동),63192,126.524742907346,33.512143480794,"쌤소나이트는 내구성과 기능성이 뛰어난 글로벌 여행용 가방 브랜드입니다. 여행, 출장 등 다양한 용도로 활용 가능하며, 세련된 디자인의 제품을 만나볼 수 있습니다.",samsonite.co.kr,0507-1305-4083,09:00-21:00,,불가능,Unknown,없음,가능,Unknown,50,110,SH,쇼핑,SH04,면세점,SH040300,사후면세점,0,0,20,0,0,90,월-일요일,가방류,30,15,45,category,0.8163,,0.0,0.8163,category
3306485,38,쇼핑,써스데이아일랜드 신세계사이먼프리미엄아울렛 제주점,제주특별자치도 서귀포시 안덕면 신화역사로304번길 38 B1층,63522,126.31635202613,33.3049726791712,써스데이아일랜드는 자유로운 보헤미안 감성과 내추럴한 라이프스타일을 추구하는 캐주얼 브랜드입니다. 빈티지한 프린트와 핸드메이드 느낌의 디테일이 살아있는 의류를 통해 여행 같은 일상을 꿈꾸는 이들에게 사랑받습니다.,Unknown,064-907-1465,10:30~21:00,,가능,명절,있음,가능,Unknown,50,130,SH,쇼핑,SH04,면세점,SH040300,사후면세점,10,0,30,0,10,70,월-일요일,"의류 , 신발류",30,15,45,category,0.8163,,0.0,0.8163,category
2893882,38,쇼핑,아디다스 서귀포점,제주특별자치도 서귀포시 중정로 81 (서귀동),63591,126.564906605857,33.2484924257187,"아디다스는 독일 글로벌 스포츠 브랜드로, 뛰어난 기술력과 트렌디한 디자인을 동시에 갖춘 제품을 선보입니다. 스포츠 의류, 신발, 액세서리 등 다양한 제품군으로 한국 시장에서도 큰 인기를 끌고 있습니다.",adidas.co.kr,064-763-3812,10:00-21:00,,불가능,Unknown,있음,가능,Unknown,50,130,SH,쇼핑,SH04,면세점,SH040300,사후면세점,0,0,20,0,0,90,월-일요일,"의류 , 신발류",30,15,45,category,0.8163,,0.0,0.8163,category
2905447,38,쇼핑,아디다스 신제주점,제주특별자치도 제주시 신광로 63 (연동),63123,126.490210718242,33.4864912696602,"아디다스는 독일 글로벌 스포츠 브랜드로, 뛰어난 기술력과 트렌디한 디자인을 동시에 갖춘 제품을 선보입니다. 스포츠 의류, 신발, 액세서리 등 다양한 제품군으로 한국 시장에서도 큰 인기를 끌고 있습니다.",www.adidas.co.kr,064-742-2517,11:00-22:00,,불가능,Unknown,없음,가능,Unknown,50,110,SH,쇼핑,SH04,면세점,SH040300,사후면세점,0,0,20,0,0,90,월-일요일,"의류 , 신발류",30,15,45,category,0.8163,,0.0,0.8163,category
2924636,38,쇼핑,아디다스 제주점,제주특별자치도 제주시 중앙로7길 12 (일도일동),63277,126.525940852008,33.5147445606913,"아디다스는 독일 글로벌 스포츠 브랜드로, 뛰어난 기술력과 트렌디한 디자인을 동시에 갖춘 제품을 선보입니다. 스포츠 의류, 신발, 액세서리 등 다양한 제품군으로 한국 시장에서도 큰 인기를 끌고 있습니다.",www.adidas.co.kr,064-759-3812,10:30~21:30,,불가능,Unknown,없음,가능,Unknown,50,110,SH,쇼핑,SH04,면세점,SH040300,사후면세점,0,0,30,0,10,90,월-일요일,"의류 , 신발류",30,15,45,category,0.8163,,0.0,0.8163,category
2893839,38,쇼핑,아디다스키즈 제주점,제주특별자치도 제주시 중앙로7길 12 (일도일동),63277,126.525940852008,33.5147445606913,"아디다스는 독일 글로벌 스포츠 브랜드로, 뛰어난 기술력과 트렌디한 디자인을 동시에 갖춘 제품을 선보입니다. 스포츠 의류, 신발, 액세서리 등 다양한 제품군으로 한국 시장에서도 큰 인기를 끌고 있습니다.",adidas.co.kr,064-757-3812,10:30-21:30,,불가능,명절,없음,가능,Unknown,50,110,SH,쇼핑,SH04,면세점,SH040300,사후면세점,0,0,20,0,10,90,월-일요일,신발류,30,15,45,category,0.8163,,0.0,0.8163,category
4013245,38,쇼핑,아레나 제주점,제주특별자치도 제주시 중앙로7길 16 (일도일동),63277,126.526356823047,33.5147701341465,아레나는 수영을 비롯한 다양한 스포츠 영역에서 전문적인 솔루션을 제공하는 글로벌 스포츠 브랜드입니다. 뛰어난 내구성과 활동성을 갖춘 기능성 웨어를 통해 스포츠 애호가들이 최상의 기량을 발휘할 수 있도록 돕습니다.,Unknown,0507-1391-3615,10:30~21:00,,가능,Unknown,있음,가능,Unknown,50,110,SH,쇼핑,SH04,면세점,SH040300,사후면세점,0,0,10,0,0,90,월-일요일,스포츠용품,30,15,45,category,0.8163,,0.0,0.8163,category
2931727,38,쇼핑,아리따움 제주노형점,제주특별자치도 제주시 원노형로 82 (노형동) 삼원빌딩 1층,63086,126.484566773712,33.4814220725104,"아리따움은 아모레퍼시픽이 운영하는 뷰티 멀티 브랜드 스토어로, 라네즈, 마몽드, 아이오페 등 인기 화장품 브랜드를 한곳에서 만나볼 수 있습니다. 다양한 K-뷰티 제품을 합리적인 가격에 제공하며, 트렌디한 뷰티 경험을 선사합니다.",aritaum.com,064-713-5977,10:00-21:00,,불가능,명절,있음,가능,Unknown,50,110,SH,쇼핑,SH04,면세점,SH040300,사후면세점,0,0,20,0,10,90,월-일요일,향수/화장품,30,15,45,category,0.8163,,0.0,0.8163,category
4026816,38,쇼핑,아리따움 제주서귀포점,제주특별자치도 서귀포시 중앙로54번길 14 (서귀동),63591,126.562262262693,33.2494614155919,"아리따움은 아모레퍼시픽이 운영하는 뷰티 멀티 브랜드 스토어로, 라네즈, 마몽드, 아이오페 등 인기 화장품 브랜드를 한곳에서 만나볼 수 있습니다. 다양한 K-뷰티 제품을 합리적인 가격에 제공하며, 트렌디한 뷰티 경험을 선사합니다.",www.aritaum.com,064-733-7213,10:00~21:00,,가능,명절,있음,가능,Unknown,50,130,SH,쇼핑,SH04,면세점,SH040300,사후면세점,0,0,20,0,10,90,월-일요일,향수/화장품,30,15,45,category,0.8163,,0.0,0.8163,category
4026843,38,쇼핑,아식스 신제주점,제주특별자치도 제주시 삼무로 42 (연동),63124,126.491166003286,33.4896693408727,아식스는 과학적인 분석과 기술력을 바탕으로 최상의 퍼포먼스를 지원하는 글로벌 스포츠 브랜드입니다. 특히 뛰어난 쿠셔닝과 안정감을 제공하는 러닝화로 전 세계 러너들 사이에서 독보적인 지지를 받고 있습니다.,Unknown,0507-1352-0007,10:00~21:00,,불가능,명절,없음,가능,Unknown,50,110,SH,쇼핑,SH04,면세점,SH040300,사후면세점,0,0,10,0,0,80,월-일요일,의류,30,15,45,category,0.8163,,0.0,0.8163,category
4013004,38,쇼핑,아이더 서귀포점,제주특별자치도 서귀포시 중정로 72 (서귀동),63595,126.563979565262,33.2479138486588,"아이더는 프랑스 감성과 한국 기술을 결합한 프리미엄 아웃도어 브랜드입니다. 뛰어난 기능성과 세련된 디자인을 선보이며, 도심과 자연을 아우르는 활동적인 라이프스타일을 추구하는 소비자에게 적합합니다.",Unknown,0507-1333-3278,10:00~21:00,,불가능,Unknown,없음,가능,Unknown,50,130,SH,쇼핑,SH04,면세점,SH040300,사후면세점,0,0,20,0,0,80,월-일요일,"의류 , 신발류 , 가방류 , 스포츠용품",30,15,45,category,0.8163,,0.0,0.8163,category
4013208,38,쇼핑,아이더 신제주점,제주특별자치도 제주시 노연로 109 (연동) 1층,63123,126.491755888775,33.4860202230195,"아이더는 프랑스 감성과 한국 기술을 결합한 프리미엄 아웃도어 브랜드입니다. 뛰어난 기능성과 세련된 디자인을 선보이며, 도심과 자연을 아우르는 활동적인 라이프스타일을 추구하는 소비자에게 적합합니다.",Unknown,064-748-1260,10:00~22:00,,가능,Unknown,있음,가능,Unknown,50,110,SH,쇼핑,SH04,면세점,SH040300,사후면세점,10,0,30,0,0,80,월-일요일,의류,30,15,45,category,0.8163,,0.0,0.8163,category
4026866,38,쇼핑,아이더 제주점,제주특별자치도 제주시 중앙로 49 (일도일동) 1층,63277,126.524885912218,33.5138237822616,"아이더는 프랑스 감성과 한국 기술을 결합한 프리미엄 아웃도어 브랜드입니다. 뛰어난 기능성과 세련된 디자인을 선보이며, 도심과 자연을 아우르는 활동적인 라이프스타일을 추구하는 소비자에게 적합합니다.",Unknown,0507-1407-5994,10:30~20:00,,가능,Unknown,있음,가능,Unknown,50,110,SH,쇼핑,SH04,면세점,SH040300,사후면세점,10,0,20,0,0,90,월-일요일,"의류 , 신발류 , 가방류 , 스포츠용품",30,15,45,category,0.8163,,0.0,0.8163,category
4026797,38,쇼핑,아이에비뉴 신세계사이먼프리미엄아울렛 제주점,제주특별자치도 서귀포시 안덕면 신화역사로304번길 38,63522,126.31635202613,33.3049726791712,"아이에비뉴는 트렌디한 아이웨어와 전문적인 검안 서비스를 제공하는 안경 전문 편집숍입니다. 다양한 하우스 브랜드 안경테를 한눈에 비교할 수 있으며, 개개인의 라이프스타일에 맞춘 최적의 시야를 선사합니다.",eyeavenue.com,064-907-1539,10:30~21:00,,가능,명절,있음,가능,Unknown,50,130,SH,쇼핑,SH04,면세점,SH040300,사후면세점,0,0,20,0,20,80,월-일요일,의약품/의료용 기기,30,15,45,category,0.8163,,0.0,0.8163,category
4013217,38,쇼핑,아이엠제주 탠저비,제주특별자치도 제주시 삼무로 40 (연동) 1층,63124,126.490970612666,33.4896668254079,아이엠제주는 '나 자신이 제주'라는 자부심으로 제주의 진정한 가치를 상품에 담아내는 로컬 브랜드입니다. 제주의 자연과 문화를 현대적으로 재해석한 다채로운 기념품과 특산물을 통해 고객들에게 제주의 생명력을 전달합니다.,Unknown,064-747-9870,09:30~24:00,,불가능,Unknown,없음,가능,Unknown,50,110,SH,쇼핑,SH04,면세점,SH040300,사후면세점,10,10,20,40,10,90,월-일요일,잡화,30,15,45,category,0.8163,,0.0,0.8163,category
3307669,38,쇼핑,아이잗바바 신세계사이먼프리미엄아울렛 제주점,제주특별자치도 서귀포시 안덕면 신화역사로304번길 38 B1층,63522,126.31635202613,33.3049726791712,"아이잗바바는 개성 있고 세련된 디자인의 대한민국 여성복 브랜드입니다. 고급 소재와 섬세한 패턴의 제품을 선보이며, 트렌디한 스타일을 선호하는 젊은 세대에게 인기가 높습니다.",babathe.com,064-907-1493,10:30~21:00,,가능,명절,있음,가능,Unknown,50,130,SH,쇼핑,SH04,면세점,SH040300,사후면세점,0,0,20,0,0,90,월-일요일,의류,30,15,45,category,0.8163,,0.0,0.8163,category
4013237,38,쇼핑,아일랜드 프로젝트 본점,제주특별자치도 제주시 전농로 29 (삼도일동),63173,126.516408048805,33.504691765741,아일랜드 프로젝트는 제주의 정체성을 현대적인 패션 감각으로 재해석한 로컬 기반의 시티 캐주얼 브랜드입니다.,islandproject.co.kr,064-755-1955,12:00~20:00,,가능,Unknown,없음,가능,Unknown,50,110,SH,쇼핑,SH04,면세점,SH040300,사후면세점,0,0,50,40,10,80,월-일요일,의류,45,30,60,blend,0.8043,0.75,0.1813,0.8163,blend
4013356,38,쇼핑,아일로 서귀포점,제주특별자치도 서귀포시 중정로 84 (서귀동),63595,126.565220449176,33.2482160915385,아일로(AILO)는 일상의 소중함을 패션과 소품으로 기록하는 라이프스타일 디자인 브랜드입니다. 담백하고 따뜻한 감성의 제품들을 통해 고객들이 매일매일 새로운 즐거움을 발견하고 자신만의 공간을 가꿀 수 있도록 응원합니다.,Unknown,064-733-2156,11:00~19:00,,불가능,월2회 일요일,있음,가능,Unknown,50,130,SH,쇼핑,SH04,면세점,SH040300,사후면세점,0,0,40,20,10,80,월-일요일,"의류 , 신발류 , 가방류",30,15,45,category,0.8163,,0.0,0.8163,category
4026801,38,쇼핑,아크테릭스 신세계사이먼프리미엄아울렛 제주점,제주특별자치도 서귀포시 안덕면 신화역사로304번길 38 B1층,63522,126.31635202613,33.3049726791712,아크테릭스는 캐나다의 거친 환경 속에서 탄생한 최상급 아웃도어 기어 브랜드입니다. 타협하지 않는 기술력과 혁신적인 디자인의 고어텍스 재킷 등을 통해 전문 산악인들에게 독보적인 신뢰를 받고 있습니다.,arcteryx.co.kr,064-907-1435,10:30~21:00,,가능,명절,있음,가능,Unknown,50,130,SH,쇼핑,SH04,면세점,SH040300,사후면세점,0,0,40,0,0,80,월-일요일,"의류 , 신발류 , 스포츠용품",30,15,45,category,0.8163,,0.0,0.8163,category
4026819,38,쇼핑,아트박스 서귀포점,제주특별자치도 서귀포시 중정로61번길 4 (서귀동),63591,126.563107742108,33.2481014840114,아트박스는 감각적인 디자인 문구와 다채로운 소품을 판매하는 대한민국 라이프스타일 브랜드입니다. 트렌디한 캐릭터 상품과 실용적인 생활용품을 합리적인 가격에 제공해 젊은 세대와 외국인 관광객에게 즐거운 쇼핑 경험을 선사합니다.,poom.co.kr,0507-1419-0792,10:30~22:00,,가능,Unknown,있음,가능,Unknown,50,130,SH,쇼핑,SH04,면세점,SH040300,사후면세점,0,0,30,0,10,90,월-일요일,"잡화 , 문구/장난감/오락용품",30,15,45,category,0.8163,,0.0,0.8163,category
2905452,38,쇼핑,아트박스 제주시청점,제주특별자치도 제주시 중앙로 232 (이도이동),63207,126.530013323323,33.498885757334,아트박스는 감각적인 디자인 문구와 다채로운 소품을 판매하는 대한민국 라이프스타일 브랜드입니다. 트렌디한 캐릭터 상품과 실용적인 생활용품을 합리적인 가격에 제공해 젊은 세대와 외국인 관광객에게 즐거운 쇼핑 경험을 선사합니다.,www.poom.co.kr,0507-1421-0792,11:00-22:30,,불가능,명절,없음,가능,Unknown,50,110,SH,쇼핑,SH04,면세점,SH040300,사후면세점,0,0,40,0,0,90,월-일요일,잡화,30,15,45,category,0.8163,,0.0,0.8163,category
2916457,38,쇼핑,아트박스 제주연동점,제주특별자치도 제주시 신대로14길 51 (연동),63123,126.490951429845,33.4877224633981,아트박스는 감각적인 디자인 문구와 다채로운 소품을 판매하는 대한민국 라이프스타일 브랜드입니다. 트렌디한 캐릭터 상품과 실용적인 생활용품을 합리적인 가격에 제공해 젊은 세대와 외국인 관광객에게 즐거운 쇼핑 경험을 선사합니다.,Unknown,0507-1351-5902,11:00~23:00,,불가능,Unknown,없음,가능,Unknown,50,110,SH,쇼핑,SH04,면세점,SH040300,사후면세점,0,0,40,0,0,90,월-일요일,"잡화 , 문구/장난감/오락용품",30,15,45,category,0.8163,,0.0,0.8163,category
2916519,38,쇼핑,아트박스 제주칠성점,제주특별자치도 제주시 관덕로11길 1 (일도일동),63277,126.525200581999,33.513497350824,아트박스는 감각적인 디자인 문구와 다채로운 소품을 판매하는 대한민국 라이프스타일 브랜드입니다. 트렌디한 캐릭터 상품과 실용적인 생활용품을 합리적인 가격에 제공해 젊은 세대와 외국인 관광객에게 즐거운 쇼핑 경험을 선사합니다.,www.poom.co.kr,0507-1422-0792,10:30-22:00,,불가능,명절,없음,가능,Unknown,50,110,SH,쇼핑,SH04,면세점,SH040300,사후면세점,0,0,30,0,10,90,월-일요일,문구/장난감/오락용품,30,15,45,category,0.8163,,0.0,0.8163,category
4013243,38,쇼핑,안경사랑 제주시,제주특별자치도 제주시 중앙로 88 (이도일동),63169,126.523797816116,33.5106290562744,안경사랑은 이름처럼 안경을 아끼고 고객의 눈을 사랑하는 진심 어린 안 보건 서비스를 약속합니다. 정직한 시력 검사와 꼼꼼한 피팅 과정을 통해 고객에게 세상에서 가장 편안하고 따뜻한 시야를 선물합니다.,Unknown,064-724-7220,09:00~20:00,,불가능,명절,없음,가능,Unknown,50,110,SH,쇼핑,SH04,면세점,SH040300,사후면세점,0,0,0,0,20,70,"월-목요일, 토-일요일",의약품/의료용 기기,30,15,45,category,0.8163,,0.0,0.8163,category
4012996,38,쇼핑,안녕성산,제주특별자치도 서귀포시 성산읍 일출로 270-1 2층,63643,126.93453595439,33.4618957419143,안녕성산은 제주의 상징인 성산일출봉의 정취와 추억을 담아낸 로컬 기념품 및 라이프스타일 브랜드입니다. 제주의 따뜻한 감성이 묻어나는 디자인 굿즈를 통해 여행의 설렘을 일상으로 이어주는 역할을 수행합니다.,Unknown,0507-1348-0821,09:00~19:30,,가능,Unknown,있음,가능,Unknown,50,130,SH,쇼핑,SH04,면세점,SH040300,사후면세점,10,0,50,20,0,80,월-일요일,"잡화 , 기념품/특산품",30,15,45,observed,0.8692,0.9,0.6321,0.8163,blend
4013210,38,쇼핑,안녕제주,제주특별자치도 제주시 노연로 42 (노형동) 1층,63082,126.484561996402,33.485807217804,안녕제주는 제주의 맑은 자연과 정겨운 인사를 담아낸 로컬 라이프스타일 및 선물 브랜드입니다. 제주에서 나고 자란 식재료와 감성적인 디자인 소품을 통해 고객들에게 제주 여행의 따뜻한 여운을 전합니다.,Unknown,0507-1368-7807,09:00~23:00,,가능,Unknown,있음,가능,Unknown,50,110,SH,쇼핑,SH04,면세점,SH040300,사후면세점,10,20,40,30,10,80,월-일요일,잡화,30,15,45,category,0.8163,,0.0,0.8163,category
4026802,38,쇼핑,안다르 신세계사이먼프리미엄아울렛 제주점,제주특별자치도 서귀포시 안덕면 신화역사로304번길 38 B1층,63522,126.31635202613,33.3049726791712,"안다르는 '모두의 일상이 운동이 되는 세상'을 꿈꾸는 대한민국 대표 애슬레저 브랜드입니다. 뛰어난 신축성과 쾌적한 착용감의 요가복, 레깅스를 통해 운동과 일상을 넘나드는 편안하고 건강한 라이프스타일을 제안합니다.",www.andar.co.kr,0507-1373-1403,10:30~21:00,,가능,명절,있음,가능,Unknown,50,130,SH,쇼핑,SH04,면세점,SH040300,사후면세점,0,0,10,0,0,90,월-일요일,의류,30,15,45,category,0.8163,,0.0,0.8163,category
4013244,38,쇼핑,양키캔들 제주칠성로점,제주특별자치도 제주시 중앙로5길 9 (일도일동) 1층,63277,126.525731610253,33.5154157148527,양키캔들(Yankee Candle)은 전 세계 향기 시장을 선도하는 글로벌 프리미엄 캔버스 향기 브랜드입니다. 수백 가지의 다채로운 향기를 담은 향초와 디퓨저를 통해 고객의 공간에 안락한 분위기와 소중한 향의 기억을 채워줍니다.,Unknown,0507-1418-0639,12:00~20:00,,불가능,명절,없음,가능,Unknown,50,110,SH,쇼핑,SH04,면세점,SH040300,사후면세점,0,0,20,0,10,90,월-일요일,잡화,30,15,45,category,0.8163,,0.0,0.8163,category
4026803,38,쇼핑,어뉴골프 신세계사이먼프리미엄아울렛 제주점,제주특별자치도 서귀포시 안덕면 신화역사로304번길 38 B1층,63522,126.31635202613,33.3049726791712,어뉴골프(ANEW GOLF)는 강렬하고 파격적인 디자인으로 골프웨어의 새로운 트렌드를 선도하는 프리미엄 브랜드입니다. 시그니처인 스컬 로고와 과감한 패턴의 제품들을 통해 필드 위에서 독보적인 개성과 존재감을 드러내고자 하는 골퍼들에게 사랑받습니다.,anewgolf.com,064-907-1420,10:30~21:00,,가능,Unknown,있음,가능,Unknown,50,130,SH,쇼핑,SH04,면세점,SH040300,사후면세점,0,0,30,0,0,80,월-일요일,"의류 , 신발류 , 가방류 , 스포츠용품",30,15,45,category,0.8163,,0.0,0.8163,category
4013233,38,쇼핑,어메이징크리 제주점,제주특별자치도 제주시 연북로 66 (연동),63138,126.488205070434,33.4815732906343,어메이징크리(AMAZINGCRE)는 독창적인 3D 입체 디자인과 고기능성 소재로 골프웨어의 새로운 패러다임을 제시하는 브랜드입니다. 필드 위 압도적인 존재감을 드러내는 강렬한 로고와 인체공학적 설계로 골퍼의 퍼포먼스를 극대화합니다.,Unknown,064-745-0075,10:00~21:00,,가능,명절,있음,가능,Unknown,50,110,SH,쇼핑,SH04,면세점,SH040300,사후면세점,0,0,60,0,0,70,월-일요일,"의류 , 신발류 , 가방류 , 스포츠용품",30,15,45,category,0.8163,,0.0,0.8163,category
4013221,38,쇼핑,어코드 제주,제주특별자치도 제주시 서해안로 342 (도두이동) 2층,63115,126.481630632131,33.5101799398737,어코드(ACCORD)는 '조화'라는 이름처럼 고객의 일상과 패션이 완벽하게 어우러지는 스타일을 제안하는 브랜드입니다. 정제된 실루엣과 고급스러운 소재를 사용하여 평범한 일상을 더욱 품격 있게 만들어주는 아이템들을 선보입니다.,Unknown,0507-1349-2385,10:00~19:00,,가능,Unknown,있음,가능,Unknown,50,110,SH,쇼핑,SH04,면세점,SH040300,사후면세점,0,0,20,0,0,90,월-일요일,기타 서비스,30,15,45,category,0.8163,,0.0,0.8163,category
3307036,38,쇼핑,엄브로 제주점,제주특별자치도 제주시 노연로 93 (연동),63123,126.490216749808,33.4860127292561,"엄브로는 영국의 축구 헤리티지를 기반으로 한 글로벌 스포츠 브랜드입니다. 클래식한 감성에 현대적인 트렌드를 접목한 디자인의 의류와 용품을 선보이며, 스포츠와 일상을 아우르는 스포티한 룩을 제안합니다.",dk-on.com,0507-1493-2002,10:00~22:00,,가능,Unknown,있음,가능,Unknown,50,110,SH,쇼핑,SH04,면세점,SH040300,사후면세점,0,0,30,10,0,80,월-일요일,"의류 , 신발류 , 가방류",30,15,45,category,0.8163,,0.0,0.8163,category
4013207,38,쇼핑,에브리바디빈티지,제주특별자치도 제주시 관덕로8길 31 (이도일동) 2층,63169,126.523365331925,33.5105174891967,에브리바디빈티지는 과거의 소중한 유산들을 현대적인 시각으로 발굴하여 소개하는 빈티지 패션 편집 브랜드입니다. 세월의 흔적이 묻어나는 희소성 있는 아이템들을 통해 고객들에게 독창적인 패션 취향과 아날로그적인 가치를 선사합니다.,Unknown,064-723-0907,11:00~19:00,,불가능,Unknown,있음,가능,Unknown,50,110,SH,쇼핑,SH04,면세점,SH040300,사후면세점,0,0,60,30,20,80,월-일요일,잡화,30,15,45,observed,0.7126,0.6786,0.7534,0.8163,blend
2931100,38,쇼핑,에스마켓 서귀포점,제주특별자치도 서귀포시 중정로61번길 1 (서귀동) 1층,63591,126.562798724267,33.2480324151583,"에스마켓은 전 세계 인기 브랜드의 신발을 한눈에 비교하고 실속 있게 구매할 수 있는 신발 전문 멀티숍입니다. 운동화부터 샌들, 정장 구두까지 폭넓은 카테고리를 합리적인 가격과 최상의 서비스로 제공합니다.",www.smarket.co.kr,0507-1473-7580,10:30-22:00,,가능,Unknown,없음,가능,Unknown,50,130,SH,쇼핑,SH04,면세점,SH040300,사후면세점,0,0,10,0,0,100,월-일요일,신발류,30,15,45,category,0.8163,,0.0,0.8163,category
3306189,38,쇼핑,에스마켓 신제주점,제주특별자치도 제주시 신광로 53 (연동) 1층,63123,126.490250179763,33.4873407318799,"에스마켓은 전 세계 인기 브랜드의 신발을 한눈에 비교하고 실속 있게 구매할 수 있는 신발 전문 멀티숍입니다. 운동화부터 샌들, 정장 구두까지 폭넓은 카테고리를 합리적인 가격과 최상의 서비스로 제공합니다.",www.smarket.co.kr,0507-1371-7580,11:30-23:00,,불가능,Unknown,있음,가능,Unknown,50,110,SH,쇼핑,SH04,면세점,SH040300,사후면세점,0,0,20,0,0,90,월-일요일,"의류 , 신발류 , 가방류 , 기타 섬유직물",30,15,45,category,0.8163,,0.0,0.8163,category
2923731,38,쇼핑,에스마켓 제주칠성점,제주특별자치도 제주시 관덕로11길 7 (일도일동) 1층,63277,126.525320202159,33.5137460170367,"에스마켓은 전 세계 인기 브랜드의 신발을 한눈에 비교하고 실속 있게 구매할 수 있는 신발 전문 멀티숍입니다. 운동화부터 샌들, 정장 구두까지 폭넓은 카테고리를 합리적인 가격과 최상의 서비스로 제공합니다.",www.smarket.co.kr,0507-1421-7585,10:30~22:00,,불가능,Unknown,있음,가능,Unknown,50,110,SH,쇼핑,SH04,면세점,SH040300,사후면세점,0,0,20,0,10,90,월-일요일,신발류,30,15,45,category,0.8163,,0.0,0.8163,category
2909867,38,쇼핑,에스콰이아 제주점,제주특별자치도 제주시 관덕로11길 29 (일도일동),63277,126.525475495258,33.5157409292875,에스콰이아는 60년 이상의 전통을 자랑하는 대한민국 대표 제화 브랜드입니다. 장인 정신이 깃든 정교한 구두 제작 기술과 현대적인 감각을 결합하여 편안하면서도 품격 있는 신발을 선보입니다.,esquirekorea.co.kr,064-759-0659,11:00-21:00,,불가능,명절,없음,가능,Unknown,50,110,SH,쇼핑,SH04,면세점,SH040300,사후면세점,0,0,20,20,0,80,월-일요일,신발류,30,15,45,category,0.8163,,0.0,0.8163,category
4013212,38,쇼핑,에이플러스건강식품,제주특별자치도 제주시 노연로 70 (연동) 1층,63132,126.487456622718,33.485744751578,에이플러스건강식품은 최상급(A+) 품질의 원료와 정직한 제조 공정을 통해 현대인의 건강 증진을 돕는 전문 브랜드입니다. 믿을 수 있는 영양 정보를 바탕으로 맞춤형 건강 솔루션을 제안하여 고객의 활기찬 삶을 든든하게 지원합니다.,Unknown,0507-1324-4256,08:00~23:00,,가능,Unknown,있음,가능,Unknown,50,110,SH,쇼핑,SH04,면세점,SH040300,사후면세점,0,20,10,0,0,90,월-일요일,"향수/화장품 , 인삼/한약재/건강보조식품 , 기념품/특산품",30,15,45,category,0.8163,,0.0,0.8163,category
4013002,38,쇼핑,에잇세컨즈 서귀포점,제주특별자치도 서귀포시 중정로 69 (서귀동) 1층,63591,126.563721580326,33.2482640388818,"에잇세컨즈는 삼성물산이 운영하는 K-패션 SPA 브랜드로, 빠르게 변화하는 패션 트렌드를 반영합니다. 트렌디한 디자인의 제품을 합리적인 가격에 선보여 한국형 패스트패션 브랜드로 자리 잡고 있습니다.",www.ssfshop.com/8seconds,064-732-8009,11:00~21:30,,가능,Unknown,있음,가능,Unknown,50,130,SH,쇼핑,SH04,면세점,SH040300,사후면세점,0,0,20,0,0,90,월-일요일,의류,30,15,45,category,0.8163,,0.0,0.8163,category
2900238,38,쇼핑,에잇세컨즈 제주중앙점,제주특별자치도 제주시 중앙로5길 6 (일도일동) 1층,63277,126.525334280852,33.5152281048346,"에잇세컨즈는 삼성물산이 운영하는 K-패션 SPA 브랜드로, 빠르게 변화하는 패션 트렌드를 반영합니다. 트렌디한 디자인의 제품을 합리적인 가격에 선보여 한국형 패스트패션 브랜드로 자리 잡고 있습니다.",ssfshop.com,070-7090-0881,11:00-21:00,,불가능,명절,없음,가능,Unknown,50,110,SH,쇼핑,SH04,면세점,SH040300,사후면세점,0,0,20,0,0,80,월-일요일,의류,30,15,45,category,0.8163,,0.0,0.8163,category
2923429,38,쇼핑,엠 할리데이 제주점,제주특별자치도 제주시 중앙로 60 (일도일동),63168,126.524440112964,33.512837715448,엠(M)은 미니멀한 감성과 모던한 라이프스타일을 지향하는 패션 및 디자인 브랜드입니다. 군더더기를 덜어낸 간결한 실루엣의 제품들을 통해 고객의 일상에 차분한 품격과 현대적인 감각을 더해줍니다.,www.mholiday.co.kr,064-723-8064,10:00~21:00,,가능,"2,4주 일요일",있음,가능,Unknown,50,110,SH,쇼핑,SH04,면세점,SH040300,사후면세점,0,0,30,0,0,80,월-일요일,의류,30,15,45,category,0.8163,,0.0,0.8163,category
3305345,38,쇼핑,오렌즈 신제주점,제주특별자치도 제주시 신광로 63-1 (연동),63123,126.490156401301,33.4863409310908,오렌즈는 한국의 컬러렌즈 브랜드입니다. 다양한 컬러와 트렌디한 디자인으로 자연스러운 눈매 연출이 가능합니다. 안전한 품질과 편안한 착용감으로 전 세계에서 사랑받고 있습니다.,o-lens.com,064-711-5709,10:00-20:00,,불가능,명절,없음,가능,Unknown,50,110,SH,쇼핑,SH04,면세점,SH040300,사후면세점,0,0,10,0,0,80,월-일요일,의약품/의료용 기기,30,15,45,category,0.8163,,0.0,0.8163,category
4026864,38,쇼핑,오렌즈 제주시청점,제주특별자치도 제주시 중앙로 239 (이도이동) 1층,63209,126.530880293115,33.4985203815353,오렌즈는 한국의 컬러렌즈 브랜드입니다. 다양한 컬러와 트렌디한 디자인으로 자연스러운 눈매 연출이 가능합니다. 안전한 품질과 편안한 착용감으로 전 세계에서 사랑받고 있습니다.,o-lens.com,070-8801-5768,10:00~22:00,,불가능,Unknown,없음,가능,Unknown,50,110,SH,쇼핑,SH04,면세점,SH040300,사후면세점,0,0,20,0,10,80,월-일요일,의약품/의료용 기기,30,15,45,category,0.8163,,0.0,0.8163,category
4093735,38,쇼핑,오르머,제주특별자치도 제주시 구좌읍 비자림로 1661-13,63355,126.7718735675,33.4567756749,"제주 오름을 주제로 자체 제작한 여행 소품과 기념품을 선보이는 무인 소품숍이다. 매장에는 제주 오름의 지형과 풍경, 탐방 경험에서 영감을 얻은 문구류와 의류, 모자, 가방, 스티커, 엽서 등이 진열되어 있으며, 오름을 기록하고 찾아다닐 때 활용할 수 있는 지도와 수첩도 살펴볼 수 있다. 직접 답사한 오름 가운데 100곳을 선별해 소개하는 콘텐츠를 제작하는 등 상품 판매와 함께 제주 오름의 특징과 탐방 문화를 알리고 있다. 소규모 돌집을 활용한 매장은 직원이 상주하지 않는 방식으로 운영되므로 상품 결제와 이용 안내를 현장에서 확인해야 한다. 인근의 비자림과 다랑쉬오름, 아부오름을 함께 둘러보며 제주 동부의 숲과 오름 풍경을 즐기기 좋다.",https://www.instagram.com,0507-1454-4112,10:00~19:00,,불가능,연중무휴,Unknown,Unknown,Unknown,50,110,SH,쇼핑,SH05,전문매장/상가,SH050300,관광기념품/특산물판매점,30,0,60,50,20,90,Unknown,제주 100대 오름 수첩 / 오름 지도 / 문구류 등,30,15,45,category,0.7917,,0.0,0.7917,category
4013003,38,쇼핑,오름약국,제주특별자치도 서귀포시 중정로 70 (서귀동) 1층,63595,126.563831943749,33.24777808645,오름약국은 제주의 오름처럼 지역 주민들에게 편안한 휴식과 건강한 활력을 드리는 약국 브랜드입니다. 자연친화적인 약료 서비스와 전문적인 복약 지도를 통해 이웃들의 삶의 질이 한 단계 더 '오를' 수 있도록 돕습니다.,Unknown,064-803-0550,09:00~21:00,,불가능,공휴일,없음,가능,Unknown,50,130,SH,쇼핑,SH04,면세점,SH040300,사후면세점,0,0,0,0,0,20,월-토요일,의약품/의료용 기기,30,15,45,category,0.8163,,0.0,0.8163,category
4026830,38,쇼핑,오브젝트 제주점,제주특별자치도 제주시 구좌읍 동복로 87,63347,126.715696257598,33.5534231894041,"오브젝트(Object)는 사물에 담긴 가치와 창작자의 정성을 존중하는 디자인 편집 브랜드입니다. 신진 작가들의 독창적인 소품과 디자인 문구를 큐레이션하여 소개하며, 일상 속 작은 사물로 삶의 기쁨을 찾는 문화를 제안합니다.",Unknown,064-783-0745,10:00~18:00,,가능,Unknown,없음,가능,Unknown,50,110,SH,쇼핑,SH04,면세점,SH040300,사후면세점,0,0,40,20,20,80,월-일요일,전통민예품/도자기/목각제품/기타 공예품,30,15,45,category,0.8163,,0.0,0.8163,category
2901520,38,쇼핑,오설록 티 뮤지엄,제주특별자치도 서귀포시 안덕면 신화역사로 15,63521,126.289492214804,33.3059240323368,오설록은 제주 차 밭의 맑은 기운을 담아 대한민국 차 문화를 선도하는 프리미엄 티 브랜드입니다. 엄선된 찻잎과 독창적인 블렌딩 기술을 통해 일상 속에서 품격 있는 여유와 맑은 휴식의 시간을 선사합니다.,osulloc.com,0507-1418-5312,09:00-18:00,,가능,Unknown,있음,가능,Unknown,50,130,SH,쇼핑,SH04,면세점,SH040300,사후면세점,30,70,40,50,0,90,월-일요일,"식료품 , 기타 서비스",60,45,75,observed,0.8372,0.8372,1.0,0.8163,blend
4026818,38,쇼핑,올레올레 서귀포올레시장점,제주특별자치도 서귀포시 중앙로54번길 35 (서귀동),63591,126.5632430039,33.2499021543,올레올레는 제주의 정취와 환대 문화를 상품에 담아낸 제주 로컬 라이프스타일 브랜드입니다. 제주의 맑은 자연을 모티브로 한 디자인 굿즈와 특산물을 통해 여행의 설렘과 여운을 일상 속으로 전달합니다.,www.instagram.com/olle.jeju.shop,Unknown,09:00~22:00,,불가능,Unknown,있음,가능,Unknown,50,130,SH,쇼핑,SH04,면세점,SH040300,사후면세점,20,20,50,30,10,90,월-일요일,"가방류 , 식료품 , 기념품/특산품",30,15,45,category,0.8163,,0.0,0.8163,category
3307329,38,쇼핑,올리브영 서귀포광장점,제주특별자치도 서귀포시 서문로 1 (서귀동),63592,126.560754113588,33.2522392497203,"올리브영은 최신 K-뷰티 제품을 경험할 수 있는 헬스앤뷰티 전문 스토어입니다. 스킨케어, 메이크업, 건강식품 등 다양하고 트렌디한 제품을 합리적인 가격에 판매하여, 외국인 관광객들 사이에서 특히 인기가 높습니다.",www.oliveyoung.co.kr,064-733-2980,10:00-22:00,,불가능,Unknown,없음,가능,Unknown,50,130,SH,쇼핑,SH04,면세점,SH040300,사후면세점,0,0,20,0,10,90,월-일요일,"향수/화장품 , 잡화 , 인삼/한약재/건강보조식품 , 식료품",30,15,45,category,0.8163,,0.0,0.8163,category
4009585,38,쇼핑,올리브영 서귀포동광점,제주특별자치도 서귀포시 안덕면 신화역사로 434,63523,126.333882880174,33.3095758427774,"올리브영은 최신 K-뷰티 제품을 경험할 수 있는 헬스앤뷰티 전문 스토어입니다. 스킨케어, 메이크업, 건강식품 등 다양하고 트렌디한 제품을 합리적인 가격에 판매하여, 외국인 관광객들 사이에서 특히 인기가 높습니다.",www.oliveyoung.co.kr,064-794-8132,10:00-22:00,,불가능,Unknown,있음,가능,Unknown,50,130,SH,쇼핑,SH04,면세점,SH040300,사후면세점,0,0,20,0,0,90,월-일요일,"향수/화장품 , 잡화 , 인삼/한약재/건강보조식품 , 식료품",30,15,45,category,0.8163,,0.0,0.8163,category
3305760,38,쇼핑,올리브영 서귀포점,제주특별자치도 서귀포시 중정로61번길 4 (서귀동),63591,126.563107742108,33.2481014840114,"올리브영은 최신 K-뷰티 제품을 경험할 수 있는 헬스앤뷰티 전문 스토어입니다. 스킨케어, 메이크업, 건강식품 등 다양하고 트렌디한 제품을 합리적인 가격에 판매하여, 외국인 관광객들 사이에서 특히 인기가 높습니다.",www.oliveyoung.co.kr,064-763-5290,10:30-22:00,,불가능,Unknown,있음,가능,Unknown,50,130,SH,쇼핑,SH04,면세점,SH040300,사후면세점,0,0,20,0,10,90,월-일요일,"향수/화장품 , 잡화 , 인삼/한약재/건강보조식품 , 식료품",15,15,30,blend,0.8496,1.0,0.1813,0.8163,blend
4009587,38,쇼핑,올리브영 서귀포혁신도시점,제주특별자치도 서귀포시 일주동로 9155 (법환동),63572,126.514578681489,33.2477134455031,"올리브영은 최신 K-뷰티 제품을 경험할 수 있는 헬스앤뷰티 전문 스토어입니다. 스킨케어, 메이크업, 건강식품 등 다양하고 트렌디한 제품을 합리적인 가격에 판매하여, 외국인 관광객들 사이에서 특히 인기가 높습니다.",www.oliveyoung.co.kr,064-738-0764,10:00-22:00,,불가능,Unknown,있음,가능,Unknown,50,130,SH,쇼핑,SH04,면세점,SH040300,사후면세점,0,0,20,0,0,90,월-일요일,"향수/화장품 , 잡화 , 인삼/한약재/건강보조식품 , 식료품",30,15,45,category,0.8163,,0.0,0.8163,category
3306134,38,쇼핑,올리브영 제주 타운,제주특별자치도 제주시 광양11길 2 (이도이동),63209,126.530698234665,33.4989149503494,"올리브영은 최신 K-뷰티 제품을 경험할 수 있는 헬스앤뷰티 전문 스토어입니다. 스킨케어, 메이크업, 건강식품 등 다양하고 트렌디한 제품을 합리적인 가격에 판매하여, 외국인 관광객들 사이에서 특히 인기가 높습니다.",www.oliveyoung.co.kr,064-759-5290,10:30-23:00,,불가능,Unknown,있음,가능,Unknown,50,110,SH,쇼핑,SH04,면세점,SH040300,사후면세점,0,0,20,0,0,90,월-일요일,"향수/화장품 , 잡화 , 인삼/한약재/건강보조식품 , 식료품",30,15,45,blend,0.8496,1.0,0.1813,0.8163,blend
2929823,38,쇼핑,올리브영 제주국제공항점,제주특별자치도 제주시 공항로 2 (용담이동) 1층,63115,126.495951277797,33.5059364682672,"올리브영은 최신 K-뷰티 제품을 경험할 수 있는 헬스앤뷰티 전문 스토어입니다. 스킨케어, 메이크업, 건강식품 등 다양하고 트렌디한 제품을 합리적인 가격에 판매하여, 외국인 관광객들 사이에서 특히 인기가 높습니다.",www.oliveyoung.co.kr,064-711-1672,07:30-21:30,,불가능,Unknown,있음,가능,Unknown,50,110,SH,쇼핑,SH04,면세점,SH040300,사후면세점,0,0,10,0,0,100,월-일요일,"향수/화장품 , 잡화 , 인삼/한약재/건강보조식품 , 식료품",30,15,45,category,0.8163,,0.0,0.8163,category
3306392,38,쇼핑,올리브영 제주나인몰점,제주특별자치도 제주시 과원로 128 (연동) 나인몰 1층,63142,126.49473584539,33.4806759540066,"올리브영은 최신 K-뷰티 제품을 경험할 수 있는 헬스앤뷰티 전문 스토어입니다. 스킨케어, 메이크업, 건강식품 등 다양하고 트렌디한 제품을 합리적인 가격에 판매하여, 외국인 관광객들 사이에서 특히 인기가 높습니다.",www.oliveyoung.co.kr,064-745-5635,10:00-22:00,,가능,정기휴무일,있음,가능,Unknown,50,110,SH,쇼핑,SH04,면세점,SH040300,사후면세점,0,10,20,0,0,90,월-일요일,"향수/화장품 , 잡화 , 인삼/한약재/건강보조식품 , 식료품",30,15,45,category,0.8163,,0.0,0.8163,category
2911661,38,쇼핑,올리브영 제주노형점,제주특별자치도 제주시 1100로 3308 (노형동) 에코트윈,63086,126.481718642804,33.4816322571847,"올리브영은 최신 K-뷰티 제품을 경험할 수 있는 헬스앤뷰티 전문 스토어입니다. 스킨케어, 메이크업, 건강식품 등 다양하고 트렌디한 제품을 합리적인 가격에 판매하여, 외국인 관광객들 사이에서 특히 인기가 높습니다.",oliveyoung.co.kr,064-749-5290,10:00-22:00,,가능,Unknown,없음,가능,Unknown,50,110,SH,쇼핑,SH04,면세점,SH040300,사후면세점,0,0,20,0,0,100,월-일요일,향수/화장품,30,15,45,category,0.8163,,0.0,0.8163,category
2911418,38,쇼핑,올리브영 제주대학병원점,제주특별자치도 제주시 중앙로 616 (아라일동),63241,126.547021236972,33.4687713436155,"올리브영은 최신 K-뷰티 제품을 경험할 수 있는 헬스앤뷰티 전문 스토어입니다. 스킨케어, 메이크업, 건강식품 등 다양하고 트렌디한 제품을 합리적인 가격에 판매하여, 외국인 관광객들 사이에서 특히 인기가 높습니다.",oliveyoung.co.kr,064-721-0076,10:00-22:00,,가능,Unknown,있음,가능,Unknown,50,110,SH,쇼핑,SH04,면세점,SH040300,사후면세점,0,0,20,0,10,100,월-일요일,향수/화장품,30,15,45,category,0.8163,,0.0,0.8163,category
2911579,38,쇼핑,올리브영 제주동문시장점,제주특별자치도 제주시 관덕로 62-1 (일도일동),63192,126.525948168862,33.5128700923869,"올리브영은 최신 K-뷰티 제품을 경험할 수 있는 헬스앤뷰티 전문 스토어입니다. 스킨케어, 메이크업, 건강식품 등 다양하고 트렌디한 제품을 합리적인 가격에 판매하여, 외국인 관광객들 사이에서 특히 인기가 높습니다.",www.oliveyoung.co.kr,064-757-7300,10:00~21:30,,불가능,Unknown,없음,가능,Unknown,50,110,SH,쇼핑,SH04,면세점,SH040300,사후면세점,0,0,20,0,10,100,월-일요일,"향수/화장품 , 잡화",30,15,45,blend,0.8043,0.75,0.1813,0.8163,blend
4009591,38,쇼핑,올리브영 제주삼화점,제주특별자치도 제주시 건주로 60 (도련일동),63324,126.580363633047,33.5140393705702,"올리브영은 최신 K-뷰티 제품을 경험할 수 있는 헬스앤뷰티 전문 스토어입니다. 스킨케어, 메이크업, 건강식품 등 다양하고 트렌디한 제품을 합리적인 가격에 판매하여, 외국인 관광객들 사이에서 특히 인기가 높습니다.",www.oliveyoung.co.kr,064-725-8505,10:00-22:00,,불가능,Unknown,없음,가능,Unknown,50,110,SH,쇼핑,SH04,면세점,SH040300,사후면세점,0,0,20,0,10,100,월-일요일,"향수/화장품 , 잡화 , 인삼/한약재/건강보조식품 , 식료품",30,15,45,category,0.8163,,0.0,0.8163,category
3306940,38,쇼핑,올리브영 제주세화점,제주특별자치도 제주시 구좌읍 일주동로 3113,63360,126.852454106428,33.5232458500246,"올리브영은 최신 K-뷰티 제품을 경험할 수 있는 헬스앤뷰티 전문 스토어입니다. 스킨케어, 메이크업, 건강식품 등 다양하고 트렌디한 제품을 합리적인 가격에 판매하여, 외국인 관광객들 사이에서 특히 인기가 높습니다.",www.oliveyoung.co.kr,064-782-0310,10:00-21:30,,불가능,Unknown,없음,가능,Unknown,50,110,SH,쇼핑,SH04,면세점,SH040300,사후면세점,0,0,20,0,10,90,월-일요일,"향수/화장품 , 잡화 , 인삼/한약재/건강보조식품 , 식료품",30,15,45,category,0.8163,,0.0,0.8163,category
3307504,38,쇼핑,올리브영 제주아라일동점,제주특별자치도 제주시 연북로 527 (아라일동),63233,126.536163681745,33.4851989356373,"올리브영은 최신 K-뷰티 제품을 경험할 수 있는 헬스앤뷰티 전문 스토어입니다. 스킨케어, 메이크업, 건강식품 등 다양하고 트렌디한 제품을 합리적인 가격에 판매하여, 외국인 관광객들 사이에서 특히 인기가 높습니다.",www.oliveyoung.co.kr,064-722-9320,10:00-22:00,,불가능,Unknown,있음,가능,Unknown,50,110,SH,쇼핑,SH04,면세점,SH040300,사후면세점,0,0,20,0,0,90,월-일요일,"향수/화장품 , 잡화 , 인삼/한약재/건강보조식품 , 식료품",30,15,45,category,0.8163,,0.0,0.8163,category
4013211,38,쇼핑,올리브영 제주연동신라점,제주특별자치도 제주시 노연로 49 (노형동) 1층,63081,126.485577867386,33.4861999348151,"올리브영은 최신 K-뷰티 제품을 경험할 수 있는 헬스앤뷰티 전문 스토어입니다. 스킨케어, 메이크업, 건강식품 등 다양하고 트렌디한 제품을 합리적인 가격에 판매하여, 외국인 관광객들 사이에서 특히 인기가 높습니다.",www.oliveyoung.co.kr,064-746-7553,10:00~23:00,,불가능,Unknown,없음,가능,Unknown,50,110,SH,쇼핑,SH04,면세점,SH040300,사후면세점,0,0,20,0,0,100,월-일요일,향수/화장품,30,15,45,category,0.8163,,0.0,0.8163,category
2901162,38,쇼핑,올리브영 제주연동점,제주특별자치도 제주시 신광로 21 (연동),63125,126.490334640812,33.4901334899759,"올리브영은 최신 K-뷰티 제품을 경험할 수 있는 헬스앤뷰티 전문 스토어입니다. 스킨케어, 메이크업, 건강식품 등 다양하고 트렌디한 제품을 합리적인 가격에 판매하여, 외국인 관광객들 사이에서 특히 인기가 높습니다.",oliveyoung.co.kr,064-746-7551,10:00-23:00,,가능,Unknown,없음,가능,Unknown,50,110,SH,쇼핑,SH04,면세점,SH040300,사후면세점,0,0,20,0,0,90,월-일요일,향수/화장품,30,15,45,category,0.8163,,0.0,0.8163,category
2912411,38,쇼핑,올리브영 제주외도점,제주특별자치도 제주시 우정로 79 (외도일동),63070,126.431112034906,33.4855842955987,"올리브영은 최신 K-뷰티 제품을 경험할 수 있는 헬스앤뷰티 전문 스토어입니다. 스킨케어, 메이크업, 건강식품 등 다양하고 트렌디한 제품을 합리적인 가격에 판매하여, 외국인 관광객들 사이에서 특히 인기가 높습니다.",www.oliveyoung.co.kr,064-747-5290,11:00-22:30,,불가능,Unknown,없음,가능,Unknown,50,110,SH,쇼핑,SH04,면세점,SH040300,사후면세점,0,0,20,0,10,90,월-일요일,"향수/화장품 , 잡화 , 인삼/한약재/건강보조식품 , 식료품",30,15,45,category,0.8163,,0.0,0.8163,category
4009595,38,쇼핑,올리브영 제주용담점,제주특별자치도 제주시 서해안로 620 (용담삼동),63150,126.503149072487,33.5168551200172,"올리브영은 최신 K-뷰티 제품을 경험할 수 있는 헬스앤뷰티 전문 스토어입니다. 스킨케어, 메이크업, 건강식품 등 다양하고 트렌디한 제품을 합리적인 가격에 판매하여, 외국인 관광객들 사이에서 특히 인기가 높습니다.",www.oliveyoung.co.kr,064-749-2382,10:30-22:00,,불가능,Unknown,없음,가능,Unknown,50,110,SH,쇼핑,SH04,면세점,SH040300,사후면세점,0,0,10,0,0,100,월-일요일,"향수/화장품 , 잡화 , 인삼/한약재/건강보조식품 , 식료품",30,15,45,category,0.8163,,0.0,0.8163,category
3306817,38,쇼핑,올리브영 제주월랑로점,제주특별자치도 제주시 월랑로 43 (노형동),63100,126.475430281241,33.4891347222497,"올리브영은 최신 K-뷰티 제품을 경험할 수 있는 헬스앤뷰티 전문 스토어입니다. 스킨케어, 메이크업, 건강식품 등 다양하고 트렌디한 제품을 합리적인 가격에 판매하여, 외국인 관광객들 사이에서 특히 인기가 높습니다.",www.oliveyoung.co.kr,064-711-1609,10:30-22:00,,불가능,Unknown,있음,가능,Unknown,50,110,SH,쇼핑,SH04,면세점,SH040300,사후면세점,0,10,20,0,0,90,월-일요일,"향수/화장품 , 잡화 , 인삼/한약재/건강보조식품 , 식료품",30,15,45,category,0.8163,,0.0,0.8163,category
3306640,38,쇼핑,올리브영 제주일도이동점,제주특별자치도 제주시 고마로 81 (일도이동),63254,126.540716401931,33.5070302181742,"올리브영은 최신 K-뷰티 제품을 경험할 수 있는 헬스앤뷰티 전문 스토어입니다. 스킨케어, 메이크업, 건강식품 등 다양하고 트렌디한 제품을 합리적인 가격에 판매하여, 외국인 관광객들 사이에서 특히 인기가 높습니다.",www.oliveyoung.co.kr,064-722-9543,10:00-22:00,,불가능,Unknown,있음,가능,Unknown,50,110,SH,쇼핑,SH04,면세점,SH040300,사후면세점,0,0,20,0,20,100,월-일요일,"향수/화장품 , 잡화 , 인삼/한약재/건강보조식품 , 식료품",30,15,45,category,0.8163,,0.0,0.8163,category
3306257,38,쇼핑,올리브영 제주제원점,제주특별자치도 제주시 신광로 57 (연동) 1층,63123,126.49024720861,33.4870397681794,"올리브영은 최신 K-뷰티 제품을 경험할 수 있는 헬스앤뷰티 전문 스토어입니다. 스킨케어, 메이크업, 건강식품 등 다양하고 트렌디한 제품을 합리적인 가격에 판매하여, 외국인 관광객들 사이에서 특히 인기가 높습니다.",www.oliveyoung.co.kr,064-746-1777,11:00-23:00,,불가능,Unknown,없음,가능,Unknown,50,110,SH,쇼핑,SH04,면세점,SH040300,사후면세점,0,0,20,0,10,100,월-일요일,"향수/화장품 , 잡화 , 인삼/한약재/건강보조식품 , 식료품",30,15,45,category,0.8163,,0.0,0.8163,category
2918547,38,쇼핑,올리브영 제주중문점,제주특별자치도 서귀포시 중문관광로110번길 32 (색달동),63535,126.412639076353,33.2511965704814,"올리브영은 최신 K-뷰티 제품을 경험할 수 있는 헬스앤뷰티 전문 스토어입니다. 스킨케어, 메이크업, 건강식품 등 다양하고 트렌디한 제품을 합리적인 가격에 판매하여, 외국인 관광객들 사이에서 특히 인기가 높습니다.",www.oliveyoung.co.kr,064-739-5290,10:00-21:00,,가능,Unknown,있음,가능,Unknown,50,130,SH,쇼핑,SH04,면세점,SH040300,사후면세점,0,0,20,0,0,100,월-일요일,"향수/화장품 , 잡화 , 인삼/한약재/건강보조식품 , 식료품",30,15,45,category,0.8163,,0.0,0.8163,category
2901481,38,쇼핑,올리브영 제주탑동점,제주특별자치도 제주시 탑동로 15-1 (삼도이동),63166,126.523031926234,33.5170248751898,"올리브영은 최신 K-뷰티 제품을 경험할 수 있는 헬스앤뷰티 전문 스토어입니다. 스킨케어, 메이크업, 건강식품 등 다양하고 트렌디한 제품을 합리적인 가격에 판매하여, 외국인 관광객들 사이에서 특히 인기가 높습니다.",www.oliveyoung.co.kr,064-702-5290,11:00-22:30,,불가능,Unknown,없음,가능,Unknown,50,110,SH,쇼핑,SH04,면세점,SH040300,사후면세점,0,0,20,0,10,100,월-일요일,"향수/화장품 , 잡화 , 인삼/한약재/건강보조식품 , 식료품",30,15,45,category,0.8163,,0.0,0.8163,category
2913804,38,쇼핑,올리브영 제주하귀점,제주특별자치도 제주시 애월읍 하귀로 121,63053,126.408648557804,33.4842093466505,"올리브영은 최신 K-뷰티 제품을 경험할 수 있는 헬스앤뷰티 전문 스토어입니다. 스킨케어, 메이크업, 건강식품 등 다양하고 트렌디한 제품을 합리적인 가격에 판매하여, 외국인 관광객들 사이에서 특히 인기가 높습니다.",www.oliveyoung.co.kr,064-742-5290,10:00-22:00,,불가능,Unknown,있음,가능,Unknown,50,110,SH,쇼핑,SH04,면세점,SH040300,사후면세점,0,10,20,0,10,100,월-일요일,"향수/화장품 , 잡화 , 인삼/한약재/건강보조식품 , 식료품",30,15,45,category,0.8163,,0.0,0.8163,category
3307452,38,쇼핑,올리브영 제주한라대점,제주특별자치도 제주시 한라대학로 37 (노형동) 1층,63088,126.47541661026,33.4782658840834,"올리브영은 최신 K-뷰티 제품을 경험할 수 있는 헬스앤뷰티 전문 스토어입니다. 스킨케어, 메이크업, 건강식품 등 다양하고 트렌디한 제품을 합리적인 가격에 판매하여, 외국인 관광객들 사이에서 특히 인기가 높습니다.",www.oliveyoung.co.kr,064-746-1760,10:00-22:00,,불가능,Unknown,있음,가능,Unknown,50,110,SH,쇼핑,SH04,면세점,SH040300,사후면세점,0,10,20,0,10,100,월-일요일,"향수/화장품 , 잡화 , 인삼/한약재/건강보조식품 , 식료품",45,30,60,blend,0.8269,0.875,0.1813,0.8163,blend
2931360,38,쇼핑,올리브영 제주한라병원점,"제주특별자치도 제주시 도령로 73 (연동, 연동 펠리체) 연동 펠리체 2층",63127,126.485948322561,33.4901161837273,"올리브영은 최신 K-뷰티 제품을 경험할 수 있는 헬스앤뷰티 전문 스토어입니다. 스킨케어, 메이크업, 건강식품 등 다양하고 트렌디한 제품을 합리적인 가격에 판매하여, 외국인 관광객들 사이에서 특히 인기가 높습니다.",www.oliveyoung.co.kr,064-711-8905,10:00-22:30,,불가능,Unknown,있음,가능,Unknown,50,110,SH,쇼핑,SH04,면세점,SH040300,사후면세점,0,0,20,0,10,90,월-일요일,"향수/화장품 , 잡화 , 인삼/한약재/건강보조식품 , 식료품",30,15,45,category,0.8163,,0.0,0.8163,category
2902838,38,쇼핑,올리브영 제주함덕점,제주특별자치도 제주시 조천읍 조함해안로 522,63333,126.668620085566,33.5424884822858,"올리브영은 최신 K-뷰티 제품을 경험할 수 있는 헬스앤뷰티 전문 스토어입니다. 스킨케어, 메이크업, 건강식품 등 다양하고 트렌디한 제품을 합리적인 가격에 판매하여, 외국인 관광객들 사이에서 특히 인기가 높습니다.",www.oliveyoung.co.kr,064-782-9605,10:30-22:00,,불가능,Unknown,있음,가능,Unknown,50,110,SH,쇼핑,SH04,면세점,SH040300,사후면세점,0,0,20,0,0,90,월-일요일,"향수/화장품 , 잡화 , 인삼/한약재/건강보조식품 , 식료품",30,15,45,category,0.8163,,0.0,0.8163,category
3307688,38,쇼핑,올리브영 제주협재점,제주특별자치도 제주시 한림읍 한림로 336,63011,126.24062602351,33.3934132787812,"올리브영은 최신 K-뷰티 제품을 경험할 수 있는 헬스앤뷰티 전문 스토어입니다. 스킨케어, 메이크업, 건강식품 등 다양하고 트렌디한 제품을 합리적인 가격에 판매하여, 외국인 관광객들 사이에서 특히 인기가 높습니다.",www.oliveyoung.co.kr,064-796-3491,11:00-20:00,,불가능,Unknown,없음,가능,Unknown,50,110,SH,쇼핑,SH04,면세점,SH040300,사후면세점,0,0,20,0,10,90,월-일요일,"향수/화장품 , 잡화 , 인삼/한약재/건강보조식품 , 식료품",30,15,45,category,0.8163,,0.0,0.8163,category
4026836,38,쇼핑,와이드앵글 신제주점,제주특별자치도 제주시 노연로 94 (연동),63133,126.490204421725,33.4857110958867,와이드앵글은 감각적인 디자인과 우수한 기능성을 겸비한 트렌디한 골프웨어 브랜드입니다. 북유럽 감성의 심플한 실루엣과 스트레치 소재를 활용하여 필드 위에서 최상의 활동성과 세련미를 동시에 선사합니다.,Unknown,064-712-2585,10:00~22:00,,불가능,Unknown,없음,가능,Unknown,50,110,SH,쇼핑,SH04,면세점,SH040300,사후면세점,0,0,20,0,0,90,월-일요일,"의류 , 스포츠용품",30,15,45,category,0.8163,,0.0,0.8163,category
4026841,38,쇼핑,와인창고 동문시장점,제주특별자치도 제주시 동문로4길 3 (일도일동),63264,126.5286957175,33.5126222702,와인창고는 전 세계 산지의 다채로운 와인을 최상의 보관 상태로 제안하는 전문 와인 저장소 컨셉의 브랜드입니다. 풍부한 라인업과 합리적인 가격 정책을 통해 와인 입문자부터 소믈리에까지 모두가 만족하는 즐거운 와인 문화를 만들어갑니다.,Unknown,Unknown,10:30~20:30,,불가능,Unknown,없음,가능,Unknown,50,110,SH,쇼핑,SH04,면세점,SH040300,사후면세점,0,60,40,20,10,80,월-일요일,주류/담배,30,15,45,category,0.8163,,0.0,0.8163,category
3306117,38,쇼핑,와인피부과의원,제주특별자치도 제주시 1100로 3178 (노형동) 3-4층,63091,126.485332189237,33.46981155562,와인피부과의원은 와인처럼 시간이 흐를수록 깊어지는 피부 본연의 아름다움을 가꾸어주는 피부 전문 병원입니다. 피부과 전문의의 정밀한 진단과 고객 개개인의 상태에 최적화된 맞춤 치료 프로그램을 통해 건강하고 맑은 피부 변화를 약속합니다.,Unknown,064-712-6200,10:00~19:00,,가능,명절,있음,가능,Unknown,50,110,SH,쇼핑,SH04,면세점,SH040300,사후면세점,0,0,10,0,20,20,월-토요일,의약품/의료용 기기,30,15,45,category,0.8163,,0.0,0.8163,category
4026804,38,쇼핑,와키윌리 신세계사이먼프리미엄아울렛 제주점,제주특별자치도 서귀포시 안덕면 신화역사로304번길 38 B1층,63522,126.31635202613,33.3049726791712,와키윌리는 위트 있는 디자인과 긍정적인 에너지를 지향하는 라이프스타일 및 패션 브랜드입니다. 기분 좋아지는 컬러 배색과 유니크한 캐릭터 상품들을 통해 고객의 일상에 즐거운 포인트와 행복한 웃음을 전합니다.,wackywilly.co.kr,0507-1480-1545,10:30~21:00,,가능,Unknown,있음,가능,Unknown,50,130,SH,쇼핑,SH04,면세점,SH040300,사후면세점,0,0,40,0,10,70,월-일요일,의류,30,15,45,category,0.8163,,0.0,0.8163,category
2930569,38,쇼핑,원더플레이스 제주 칠성로점,제주특별자치도 제주시 관덕로11길 17 (일도일동) 시티오브드림 1층,63277,126.525170802937,33.5146534359302,"원더플레이스는 국내외 핫한 스트릿 브랜드와 신진 디자이너 브랜드를 한데 모은 라이프스타일 편집 브랜드입니다. 유니크한 패션 아이템부터 소품까지, 즐거운 놀이터처럼 개성 넘치는 쇼핑 경험을 선사합니다.",wonderplace.co.kr,064-724-1012,10:30-21:30,,가능,명절,있음,가능,Unknown,50,110,SH,쇼핑,SH04,면세점,SH040300,사후면세점,0,0,40,0,20,100,월-일요일,의류,30,15,45,category,0.8163,,0.0,0.8163,category
4012999,38,쇼핑,월드컵약국,제주특별자치도 서귀포시 일주동로 9213 (법환동),63572,126.508491059708,33.248712252659,"월드컵약국은 세계적인 수준의 정교한 조제 시스템과 열정적인 상담 서비스를 약속하는 지역 거점 약국입니다. 활기차고 에너제틱한 기운으로 환자를 맞이하며, 신속하고 정확한 약료 서비스를 통해 주민들의 건강을 책임집니다.",Unknown,0507-1365-2112,08:30~21:00,,가능,Unknown,없음,가능,Unknown,50,130,SH,쇼핑,SH04,면세점,SH040300,사후면세점,0,0,0,0,10,30,월-일요일,의약품/의료용 기기,30,15,45,category,0.8163,,0.0,0.8163,category
2911298,38,쇼핑,웨스트우드 구제주점,제주특별자치도 제주시 관덕로 65 (일도일동),63277,126.526259191883,33.5133299212057,"웨스트우드는 합리적인 가격과 뛰어난 기능성을 자랑하는 실용주의 아웃도어 브랜드입니다. 등산, 캠핑 등 아웃도어 활동은 물론 일상생활에서도 편안하게 입을 수 있는 다양한 기능성 의류를 제안합니다.",westwoodmall.co.kr,064-722-7979,09:30-20:30,,불가능,명절,없음,가능,Unknown,50,110,SH,쇼핑,SH04,면세점,SH040300,사후면세점,10,0,10,0,0,70,월-일요일,의류,30,15,45,category,0.8163,,0.0,0.8163,category
2911513,38,쇼핑,웨스트우드 신제주점,제주특별자치도 제주시 연동7길 31 (연동),63123,126.490860091921,33.4870580655126,"웨스트우드는 합리적인 가격과 뛰어난 기능성을 자랑하는 실용주의 아웃도어 브랜드입니다. 등산, 캠핑 등 아웃도어 활동은 물론 일상생활에서도 편안하게 입을 수 있는 다양한 기능성 의류를 제안합니다.",westwoodmall.co.kr,0507-1350-5627,09:30-20:30,,불가능,명절,없음,가능,Unknown,50,110,SH,쇼핑,SH04,면세점,SH040300,사후면세점,0,0,10,0,0,80,월-일요일,의류,30,15,45,category,0.8163,,0.0,0.8163,category
2917746,38,쇼핑,유니클로 제주이도점,제주특별자치도 제주시 구남로8길 1 (이도이동),63232,126.536224570095,33.4912166755807,"유니클로는 기본기 충실한 제품을 선보이는 글로벌 SPA 패션 브랜드입니다. 히트텍, 에어리즘 등 계절별 기능성 제품을 합리적인 가격에 제공하며, 심플한 디자인으로 남녀노소 누구나 즐길 수 있는 일상복을 제안합니다.",uniqlo.com,064-759-8756,11:00-20:30,,가능,Unknown,있음,가능,Unknown,50,110,SH,쇼핑,SH04,면세점,SH040300,사후면세점,0,0,20,0,0,80,월-일요일,의류,30,15,45,category,0.8163,,0.0,0.8163,category
4013234,38,쇼핑,유타골프 제주점,제주특별자치도 제주시 연북로 76 (연동),63138,126.489399163279,33.4815487337564,유타골프(UTAA)는 파격적인 디자인과 예술적인 감성으로 골프웨어의 고정관념을 깨는 프리미엄 골프 브랜드입니다. 화려한 그래픽과 입체적인 실루엣의 의류를 통해 필드 위에서 독보적인 존재감을 드러내고자 하는 골퍼들에게 사랑받습니다.,Unknown,064-747-6068,10:00~21:00,,가능,명절,있음,가능,Unknown,50,110,SH,쇼핑,SH04,면세점,SH040300,사후면세점,0,0,60,0,0,70,월-일요일,"의류 , 신발류 , 스포츠용품",30,15,45,category,0.8163,,0.0,0.8163,category
2923531,38,쇼핑,이니스프리 제주롯데시티점,제주특별자치도 제주시 삼무로 2 (연동),63129,126.486821300623,33.4897881063806,"이니스프리는 자연에서 얻은 성분으로 피부 본연의 아름다움을 지키는 K-뷰티 브랜드입니다. 제주 청정 원료를 활용한 친환경 화장품을 합리적인 가격에 제공하며, 지속 가능한 아름다움을 추구해 외국인 관광객에게도 인기가 높습니다.",innisfree.com,064-749-3639,10:00-22:00,,가능,명절,있음,가능,Unknown,50,110,SH,쇼핑,SH04,면세점,SH040300,사후면세점,10,0,20,0,0,90,월-일요일,향수/화장품,30,15,45,category,0.8163,,0.0,0.8163,category
2906542,38,쇼핑,이니스프리 제주시청점,제주특별자치도 제주시 광양14길 3 (이도이동),63207,126.530219156295,33.4981943851995,"이니스프리는 자연에서 얻은 성분으로 피부 본연의 아름다움을 지키는 K-뷰티 브랜드입니다. 제주 청정 원료를 활용한 친환경 화장품을 합리적인 가격에 제공하며, 지속 가능한 아름다움을 추구해 외국인 관광객에게도 인기가 높습니다.",innisfree.com,064-702-2442,09:00-19:00,,불가능,Unknown,있음,가능,Unknown,50,110,SH,쇼핑,SH04,면세점,SH040300,사후면세점,20,0,20,0,0,90,월-일요일,향수/화장품,30,15,45,category,0.8163,,0.0,0.8163,category
2894043,38,쇼핑,이니스프리 제주하우스,제주특별자치도 서귀포시 안덕면 신화역사로 23,63521,126.290892953867,33.3066749563549,"이니스프리는 자연에서 얻은 성분으로 피부 본연의 아름다움을 지키는 K-뷰티 브랜드입니다. 제주 청정 원료를 활용한 친환경 화장품을 합리적인 가격에 제공하며, 지속 가능한 아름다움을 추구해 외국인 관광객에게도 인기가 높습니다.",innisfree.com,064-794-5351,09:00-18:00,,가능,Unknown,있음,가능,Unknown,50,130,SH,쇼핑,SH04,면세점,SH040300,사후면세점,0,0,20,0,10,90,월-일요일,향수/화장품,30,15,45,observed,0.8944,0.8971,0.9666,0.8163,blend
2910854,38,쇼핑,이마트 서귀포점,제주특별자치도 서귀포시 일주동로 9209 (법환동),63572,126.509117350341,33.2483380261564,"이마트는 신선식품, 생활용품, 패션용품을 두루 갖춘 대형마트입니다. 넓고 쾌적한 매장에서 합리적인 가격으로 원스톱 쇼핑을 즐길 수 있어 외국인 관광객에게 편리한 쇼핑 경험을 제공합니다.",store.emart.com/main/main.do,064-797-1234,10:00~23:00,,가능,월2회,있음,가능,Unknown,50,130,SH,쇼핑,SH04,면세점,SH040300,사후면세점,0,20,10,0,10,100,월-일요일,"복합쇼핑몰(백화점, 마트, 편의점, 아울렛 등)",30,15,45,observed,0.8024,0.8024,0.998,0.8163,blend
2925633,38,쇼핑,이마트 제주점,제주특별자치도 제주시 탑동로 38 (삼도이동),63165,126.521177288784,33.5179748474968,"이마트는 신선식품, 생활용품, 패션용품을 두루 갖춘 대형마트입니다. 넓고 쾌적한 매장에서 합리적인 가격으로 원스톱 쇼핑을 즐길 수 있어 외국인 관광객에게 편리한 쇼핑 경험을 제공합니다.",store.emart.com,064-729-1234,10:00~23:00,,가능,"명절, 정기휴무일",있음,가능,Unknown,50,110,SH,쇼핑,SH04,면세점,SH040300,사후면세점,0,20,10,0,10,90,월-일요일,"복합쇼핑몰(백화점, 마트, 편의점, 아울렛 등)",30,15,45,observed,0.7883,0.7812,0.7981,0.8163,blend
4092698,38,쇼핑,이상한선물가게앨리스,제주특별자치도 제주시 1100로 3045 (노형동) 블루동,63078,126.4844723872,33.4578981799,"이상한선물가게앨리스는 제주 여행의 기억을 선물로 담아가는 제주 소품숍이다. 약 500평 규모의 2층 공간에 10,000종 이상의 상품이 있다. 각종 제주도기념품, 제주굿즈, 제주 작가의 작품, 인형, 인기 캐릭터 상품, 제주키링, 제주마그넷, 제주문구, 리빙소품, 제주초콜릿, 제주식품, 제주주류, 제주의류까지 한 공간에서 천천히 구경할 수 있다. 또한 유아부터 성인까지 즐길 수 있는 실내·실외 프로그램도 즐길 수 있다.",https://blog.naver.com/giftshop_alice,0507-1480-5361,09:30~22:00,,가능 (약 소형 100대 / 대형 20대)요금 (무료),연중무휴,있음,Unknown,Unknown,50,110,SH,쇼핑,SH05,전문매장/상가,SH050300,관광기념품/특산물판매점,10,20,60,40,60,100,Unknown,의류 / 쥬얼리 / 팔찌 / 헤어핀 / 문구·완구류 / 마그넷 등,30,15,45,category,0.7917,,0.0,0.7917,category
4026869,38,쇼핑,이솝 제주,제주특별자치도 제주시 탑동로2길 3 (삼도이동),63165,126.52331515606,33.5177045919272,"이솝(Aesop)은 과학적인 연구와 최고급 식물성 성분을 바탕으로 한 글로벌 스킨케어 브랜드입니다. 정제된 패키지와 독창적인 아로마, 철학이 담긴 공간 디자인을 통해 오감을 만족시키는 품격 있는 뷰티 경험을 선사합니다.",kr.aesop.com,064-755-1987,10:00~19:00,,가능,"명절, 월1회 수요일",있음,가능,Unknown,50,110,SH,쇼핑,SH04,면세점,SH040300,사후면세점,0,0,70,10,20,80,월-일요일,향수/화장품,30,15,45,category,0.8163,,0.0,0.8163,category
1013289,38,쇼핑,이제주숍,제주특별자치도 제주시 연삼로 473,63217,126.5405800026,33.4993528886,"이제주숍은 제주의 대표 특산품, 기념품 매장이다. 제주공항에서 차로 15분 거리에 본점이, 서귀포시의 중문 ICC컨벤션에는 분점이 있고, 청정제주의 대표격인 감귤, 한라봉, 황금향 등 만감류를 포함하여 다양한 제주산 식품, 제품들을 판매하고 있다. 공공기관이 운영하는 판매장으로 믿을 수 있는 제품만을 취급하며, 도내 전문가와 현장평가를 통해 까다로운 입점 절차를 통과한 엄선된 상품만을 판매하고 있다. / (출처 : 제주 문화관광 홈페이지)",https://www.instagram.com/e__jeju,064-751-3360,09:00~19:00,,"가능(120대, 대형 3대)",연중무휴,유,가능,"장애인 편의시설: 장애인 화장실 | 구입방법안내: 직접 방문 구입 가능 / 온라인쇼핑몰 http://mall.ejeju.net 및 전화문의(064-751-3360) | 입점브랜드: 자체 브랜드, 제주마씸",50,110,SH,쇼핑,SH05,전문매장/상가,SH050300,관광기념품/특산물판매점,10,30,10,20,10,100,Unknown,제주농산품 / 제주수산품 / 제주가공식품 / 향장품 / 공예품 등,30,15,45,category,0.7917,,0.0,0.7917,category
2847506,38,쇼핑,이후북스 제주점,제주특별자치도 제주시 관덕로4길 3,63168,126.5212480480,33.5126316662,"이후북스는 제주 시내에 위치한 독립 책방이다. 간판을 보면 오래된 책방, 작고 조용한 동네 책방 같다. 입구에는 매일 좋은 글귀를 적어두어, 들어가기 전 글을 감상할 수 있다. 작은 공간에 일반 서점에서는 볼 수 없는 책들이 알차게 채워져 있다. 제주의 분위기를 느낄 수 있는 책들도 많이 구비되어 있다. 제주도에 방문하면 한 번쯤 들러보기 좋은 서점이다.",https://www.instagram.com/jeju_afterbooks,010-3022-8520,12:00~18:00,,불가능,※ 자세한 사항은 인스타그램 확인,Unknown,Unknown,Unknown,50,110,SH,쇼핑,SH05,전문매장/상가,SH050200,전문상가,10,0,60,30,10,80,Unknown,Unknown,30,15,45,blend,0.8226,0.875,0.1813,0.811,blend
2718541,38,쇼핑,재주도좋아·반짝반짝 지구상회,제주특별자치도 제주시 한림읍 귀덕6길 192,63025,126.2894700944,33.4288317168,"재주도좋아는 비치코밍을 통해 바다를 사랑하는 사람들과 만나고 끊임없이 밀려와 쌓여가는 바다쓰레기 문제를 문화예술로 함께 해결해보고자 한다. 반짝반짝 지구상회는 재주도좋아가 운영하는 공간으로, 이곳에서는 해안에 떠밀려 온 바다쓰레기를 이용하여 업사이클링 제품을 제작하고, 환경예술교육, 전시, 소규모 공연과 문화 행사 등 다양한 형태의 비치코밍 프로젝트를 진행한다. 매년 해양정화활동과 업싸이클링 워크숍, 해변 전시, 중고장터, 음악 공연이 결합된 ‘비치코밍 페스티벌_바라던 바다’를 개최하고 있다.",https://www.instagram.com/jaejudojoa,010-8155-1242,09:00~17:00,,가능 (약 5대) / 요금 (무료),매주 월요일~수요일 / ※ 비정기 휴무 네이버플레이스 또는 인스타그램 참고,있음,Unknown,체험안내: 바다유리 액자 만들기 / 바다유리 브로치 만들기 / 바다유리 샌딩 브롯치 만들기 / 해녀모빌 만들기 / 실크스크린으로 에코백 만들기,50,110,SH,쇼핑,SH05,전문매장/상가,SH050100,공방/공예품점,60,0,70,80,90,60,Unknown,"업싸이클링 공예품 (바다유리 악세서리, 화병, 나무조명 등) / 업싸이클링 워크샵 (바다유리액자, 바다유리얼굴브로치, 샌딩브로치)",30,15,45,category,0.811,,0.0,0.811,category
2909701,38,쇼핑,정관장 광양점,제주특별자치도 제주시 동광로 5 (이도일동),63197,126.52970997579,33.501290866393,"120년 전통을 자랑하는 정관장은 한국인의 건강과 면역력 강화를 위해 홍삼을 연구하고 개발한 프리미엄 브랜드입니다. 철저한 품질 관리와 과학적 제조 기술로 세계적인 신뢰를 얻고 있으며, 건강 선물용으로도 외국인 관광객에게 큰 인기를 끌고 있습니다.",kgcshop.co.kr,064-753-2304,09:30-20:00,,가능,Unknown,있음,가능,Unknown,50,110,SH,쇼핑,SH04,면세점,SH040300,사후면세점,0,0,10,20,0,100,월-토요일,인삼/한약재/건강보조식품,30,15,45,category,0.8163,,0.0,0.8163,category
4026859,38,쇼핑,정관장 노형점,제주특별자치도 제주시 월랑로 13 (노형동),63099,126.477578042735,33.4870314567262,"120년 전통을 자랑하는 정관장은 한국인의 건강과 면역력 강화를 위해 홍삼을 연구하고 개발한 프리미엄 브랜드입니다. 철저한 품질 관리와 과학적 제조 기술로 세계적인 신뢰를 얻고 있으며, 건강 선물용으로도 외국인 관광객에게 큰 인기를 끌고 있습니다.",Unknown,064-745-2304,09:30~20:30,,가능,명절,있음,가능,Unknown,50,110,SH,쇼핑,SH04,면세점,SH040300,사후면세점,0,10,10,20,10,90,월-일요일,인삼/한약재/건강보조식품,30,15,45,category,0.8163,,0.0,0.8163,category
2925278,38,쇼핑,정관장 서사라점,제주특별자치도 제주시 서사로 40 (삼도일동) 1층,63172,126.51966440195,33.5086921700485,"120년 전통을 자랑하는 정관장은 한국인의 건강과 면역력 강화를 위해 홍삼을 연구하고 개발한 프리미엄 브랜드입니다. 철저한 품질 관리와 과학적 제조 기술로 세계적인 신뢰를 얻고 있으며, 건강 선물용으로도 외국인 관광객에게 큰 인기를 끌고 있습니다.",kgcshop.co.kr,0507-1494-2449,09:00-20:00,,가능,Unknown,있음,가능,Unknown,50,110,SH,쇼핑,SH04,면세점,SH040300,사후면세점,0,10,10,10,0,90,월-토요일,인삼/한약재/건강보조식품,30,15,45,category,0.8163,,0.0,0.8163,category
4026844,38,쇼핑,정관장 연동점,제주특별자치도 제주시 삼무로 52 (연동),63124,126.492218293124,33.4896424620914,"120년 전통을 자랑하는 정관장은 한국인의 건강과 면역력 강화를 위해 홍삼을 연구하고 개발한 프리미엄 브랜드입니다. 철저한 품질 관리와 과학적 제조 기술로 세계적인 신뢰를 얻고 있으며, 건강 선물용으로도 외국인 관광객에게 큰 인기를 끌고 있습니다.",www.kgcshop.co.kr,064-747-2304,10:00~20:00,,불가능,명절,없음,가능,Unknown,50,110,SH,쇼핑,SH04,면세점,SH040300,사후면세점,0,10,10,10,10,100,월-일요일,인삼/한약재/건강보조식품,30,15,45,category,0.8163,,0.0,0.8163,category
4026822,38,쇼핑,정관장 일도점,제주특별자치도 제주시 고마로 150 (이도이동),63218,126.543169290337,33.5013086748855,"120년 전통을 자랑하는 정관장은 한국인의 건강과 면역력 강화를 위해 홍삼을 연구하고 개발한 프리미엄 브랜드입니다. 철저한 품질 관리와 과학적 제조 기술로 세계적인 신뢰를 얻고 있으며, 건강 선물용으로도 외국인 관광객에게 큰 인기를 끌고 있습니다.",www.kgcshop.co.kr,064-721-2304,10:00~20:00,,불가능,"명절, 공휴일",없음,가능,Unknown,50,110,SH,쇼핑,SH04,면세점,SH040300,사후면세점,0,0,10,10,0,90,월-금요일,인삼/한약재/건강보조식품,30,15,45,category,0.8163,,0.0,0.8163,category
2859034,38,쇼핑,제스토리,제주특별자치도 서귀포시 막숙포로 60 (법환동),63573,126.5149353881,33.2361121271,"제스토리는 범섬이 보이는 법환포구에 위치해 있다. 이곳은 서귀포 최대 규모 감성 소품샵으로 300명의 제주 아티스트가 참여하여 키링, 방향제, 엽서, 도자기, 인형, 뜨개 소품, 캔들 등의 독특한 작품을 만나볼 수 있다. 또한 버려진 해녀복을 재활용해 만든 이곳만의 한정 소품 시리즈도 만나볼 수 있다. 제주의 전통과 환경을 동시에 지켜내는 업사이클링 상품으로 여행객들에게 ‘진짜 제주’를 담아 가는 의미 있는 선물을 제공하려 한다. 1층과 2층으로 운영되며, 2층에는 제주 범섬이 보이는 아름다운 제주 바다를 감상할 수 있다. 매장에서 10만 원 이상 구매 시 무료 택배 서비스를 이용할 수 있다.",https://jejubest.com,064-738-1134,09:00~21:00,,가능,연중무휴,있음,Unknown,Unknown,50,130,SH,쇼핑,SH05,전문매장/상가,SH050300,관광기념품/특산물판매점,40,0,70,60,10,90,Unknown,제주기념품 / 가공식품 / 우드프린트 등,30,15,45,observed,0.7777,0.7768,0.9392,0.7917,blend
2928853,38,쇼핑,제일모직아울렛 노형점,제주특별자치도 제주시 도령로 22 (노형동),63081,126.481814108192,33.4870114649942,"제일모직아울렛은 삼성물산 패션부문의 고품격 브랜드들을 합리적인 가격에 만날 수 있는 실속형 쇼핑 공간입니다. 빈폴, 갤럭시 등 검증된 품질의 패션 아이템들을 부담 없는 가격으로 제공하여 고객의 합리적인 소비를 돕습니다.",Unknown,064-712-4957,10:00-21:00,,가능,명절,있음,가능,Unknown,50,110,SH,쇼핑,SH04,면세점,SH040300,사후면세점,0,0,10,0,10,100,월-일요일,의류,30,15,45,category,0.8163,,0.0,0.8163,category
1864828,38,쇼핑,제일토산품,제주특별자치도 제주시 관덕로 24,63168,126.52184643878,33.5129420171628,"제일토산품은 제주시 관덕정 바로 맞은편이 위치한 토산품 판매점이다. 토산품은 그 지방에서 특유하게 나는 물품으로 제주에서 잘 알려진 감귤, 감귤초콜릿, 돌하르방, 꿀 등 다양한 제주 특산품을 판매한다. 주변에 재래시장과 로베로 호텔 등이 있어 접근성이 좋고 카페단단, 모찌롱, 미풍해장국 등 맛집이 있다.",Unknown,064-753-7319 / 010-6685-7519,07:00~23:00※ 정확한 영업시간은 전화 문의 요망,,가능,연중무휴,있음,가능,Unknown,50,110,SH,쇼핑,SH05,전문매장/상가,SH050300,관광기념품/특산물판매점,10,20,20,20,10,100,Unknown,제주특산품 / 감귤초콜릿 / 선인장크런치 / 돌하르방 / 유채향수 / 오미자차 / 갈옷 / 꿀 / 홍삼 / 인삼 / 말뼈 등,30,15,45,category,0.7917,,0.0,0.7917,category
1014672,38,쇼핑,제주 중앙지하상가,제주특별자치도 제주시 중앙로 60,63168,126.5248,33.5129,"제주 시내 번화가인 중앙로에는 낡은 시설을 새롭게 보수하여 새롭게 단장한 현대적인 지하아케이드 중앙지하상가가 조성되어 있다. 중앙로를 기점으로 서문로에서 동문로까지 잇는 지하 아케이드는 현재 300여 개의 점포가 들어서 있다. 주로 의류점이 많고 그 외 신발, 액세서리, 안경, 시계, 보석, 가방, 모자 등을 판매하는 상점들이 들어서 있으며 식당, 패스트푸드점 등과 중간, 중간에는 휴게 시설도 마련되어 고객의 쉼터도 자리 잡고 있다. 제주도 유일 지하상가이며 쾌적하고 활발한 쇼핑 명소이다.",Unknown,064-752-8776,점포 별로 상이함,,가능,점포 별로 상이함,있음,Unknown,Unknown,50,110,SH,쇼핑,SH05,전문매장/상가,SH050200,전문상가,10,20,40,10,20,100,Unknown,의류 / 화장품 / 신발 / 악세사리 / 잡화 등,75,60,90,blend,0.8321,0.875,0.3297,0.811,blend
2708336,38,쇼핑,제주관광공사 중문면세점,제주특별자치도 서귀포시 중문관광로 224 (중문동),63547,126.4244653377,33.2413184576,"중문 면세점은 제주를 관광하는 모든 여행자의 편의와 만족을 위해 제주관광공사에서 중문에 운영하고 있다. 제주국제컨벤션센터 1층에 있는 중문 면세점은 제주 관광의 랜드마크로, 중문관광단지 관광과 함께 면세쇼핑을 여유 있게 즐길 수 있다. 제주관광공사 면세점은 국내 최초 내국인 면세점으로서 제주를 대표하는 쇼핑관광 인프라로 국내 항공과 선박을 통해 누구나 이용할 수 있다. 구매 한도는 연간 이용 횟수 6회이며, 1회 구매 한도는 미화 800달러로 지정하고 있다. 주변에 가 볼 만한 곳으로는 중문 향토오일시장과 성산일출봉, 섭지코지등이 있다.",https://www.visitjeju.net,064-780-7700,10:00~19:00,,가능,연중무휴,있음,없음,Unknown,50,130,SH,쇼핑,SH04,면세점,SH040200,시내면세점,20,0,20,10,10,100,Unknown,화장품 / 패션 / 선글라스 / 시계 / 쥬얼리 등,30,15,45,category,0.8163,,0.0,0.8163,category
2788115,38,쇼핑,제주기념품가게 올레파머스 함덕점,제주특별자치도 제주시 조천읍 조함해안로 528,63333,126.669245937563,33.5425076130339,"제주시 함덕 서우봉 해변 바로 앞에 자리한 기념품 가게다. 제주여행을 더욱 특별하게 기억하게 만들어줄 다양한 기념품들이 준비되어 있는데 제주 바다를 형상화한 소주잔부터 제주 명소들이 그림으로 그려진 스마 톡, 싱그러운 색감의 감귤 코스터 등 일상에서 유용하게 사용할 수 있는 제품들이 대부분이어서 여행자들도 부담 없이 들르기 좋다. 제주 곳곳의 아름다움을 사진으로 담아낸 엽서와 제주의 향기를 고스란히 품은 디퓨저도 눈길을 끈다. 유명 초콜릿 브랜드에서 만든 감귤초콜릿을 비롯해 우도땅콩 초코스틱, 카카오 감귤 칩, 제주흑돼지 육포, 제주 과일청 등 지역 특산물로 만든 먹거리도 선물용으로 제격이다. 24시 무인매장 운영 중으로 제주 여행 중 편하게 방문하기에 좋다.",https://www.instagram.com/ollefarmers_hamdeok,064-782-7995,상시 운영,,가능,연중무휴,Unknown,Unknown,Unknown,50,110,SH,쇼핑,SH05,전문매장/상가,SH050300,관광기념품/특산물판매점,20,40,40,20,10,100,Unknown,제주 기념품 / 초콜릿 / 모자 등,30,15,45,observed,0.7179,0.675,0.6321,0.7917,blend
4009593,38,쇼핑,제주김치스쿨,제주특별자치도 제주시 서해안로 136 (도두일동),63112,126.464173013342,33.5024496477088,제주김치스쿨은 제주의 청정 식재료와 전통 김치 문화를 결합하여 한국의 맛을 전파하는 식문화 체험 브랜드입니다. 직접 김치를 담그는 체험 교육과 깊은 맛의 제품 판매를 통해 우리 전통 음식의 우수성과 즐거움을 알립니다.,Unknown,064-712-9688,08:00-17:00,,가능,Unknown,있음,가능,Unknown,50,110,SH,쇼핑,SH04,면세점,SH040300,사후면세점,10,70,20,60,90,40,월-일요일,식료품,30,15,45,category,0.8163,,0.0,0.8163,category
4026831,38,쇼핑,제주동화마을,제주특별자치도 제주시 구좌읍 비자림로 1191,63355,126.732037746765,33.4354329886865,제주동화마을은 제주의 아름다운 풍경 속에 동화 같은 상상력을 입힌 테마형 라이프스타일 브랜드입니다. 제주의 자연과 캐릭터 콘텐츠가 어우러진 공간 체험과 굿즈를 통해 방문객들에게 마법 같은 순간을 제공합니다.,Unknown,064-743-5000,09:00~20:00,,가능,Unknown,있음,가능,Unknown,50,110,SH,쇼핑,SH04,면세점,SH040300,사후면세점,50,0,80,20,60,70,월-일요일,잡화,30,15,45,category,0.8163,,0.0,0.8163,category
1867129,38,쇼핑,제주민속식품(사월의 꿩),제주특별자치도 제주시 구좌읍 번영로 2178,63355,126.750977093973,33.4279139380959,"제주민속식품은 제주도 전통건강음식 꿩엿을 현대화·대중화 하기위해 1995년에 설립되어 청정제주의 참맛을 알리는데 힘쓰고 있다. 사월의꿩 교육농장은 옛날부터 건강식으로 만들어 먹는 제주의 대표적인 전통음식인 꿩엿에 대해 알리고 초, 중, 고 ,일반 등 교육과정과 연계한 교육체험 프로그램을 운영하고 있다. 식당(성불오름가는길)에서는 꿩요리를 하고 있다.",http://www.kyjeju.co.kr,[제주민속식품]0507-1417-1500[사월의 꿩]070-4105-8500,09:15~17:30,,가능,연중무휴,있음,Unknown,Unknown,50,110,SH,쇼핑,SH05,전문매장/상가,SH050200,전문상가,20,70,20,60,70,50,Unknown,꿩엿 / 감귤조청 / 귤잼 / 식사 (꿩만둣국 / 꿩다리구이 등) 등,30,15,45,blend,0.8733,1.0,0.3297,0.811,blend
2902472,38,쇼핑,제주사랑농수산,제주특별자치도 제주시 구좌읍 행원로13길 66,63358,126.817469246916,33.5533564846247,제주사랑농수산은 제주의 땅과 바다가 주는 정직한 수확물을 정성껏 담아내는 지역 농수산 전문 브랜드입니다. 제주의 청정 자연을 사랑하는 마음으로 엄선된 건강 먹거리를 통해 고객의 식탁에 믿음과 풍요로운 맛을 전달합니다.,www.jeju-love.com,064-782-1101,10:00~17:00,,가능,명절,있음,가능,Unknown,50,110,SH,쇼핑,SH04,면세점,SH040300,사후면세점,20,70,10,20,10,80,월-일요일,향수/화장품,30,15,45,category,0.8163,,0.0,0.8163,category
2953017,38,쇼핑,제주수울 (JEJUSUUL),제주특별자치도 제주시 서문로 72-1,63154,126.5186569134,33.5120353174,"제주수울은 국가대표 전통주 소믈리에가 운영하는 제주 전통주 전문점으로, 제주공항과 제주동문시장 인근에 위치해 여행의 시작과 마무리에 들르기 좋은 곳이다. 제주 지역 20여 곳 이상의 양조장에서 생산되는 100여 종 이상의 전통주와 로컬술을 한자리에서 만나볼 수 있다. 증류주와 막걸리, 약주, 과실주, 리큐르 등 다양한 제주 전통주를 판매하며, 방문객의 취향과 선물 목적에 맞춰 알맞은 술을 추천해 준다. 또한 제주 쌀과 감귤, 한라봉, 메밀, 백년초 등 제주 농산물로 빚은 전통주를 비교하며 살펴볼 수 있고, 양조장 이야기와 원재료, 제조 방식 등 제주 전통주에 대한 다양한 정보도 함께 제공한다. 제주에서만 만날 수 있는 전통주와 선물세트도 판매하고 있어 제주 기념품이나 특별한 선물을 찾는 여행객들에게 인기가 높다. 제주의 식문화와 전통주를 함께 경험할 수 있는 로컬 문화 공간으로, 제주 여행의 색다른 즐거움을 더해주는 곳이다.",https://jejusuul.com,0507-1419-3023,- 10:00~19:00- 휴게시간 12:00~13:00,,가능(성내지구주차장)요금(최초 30분 무료),매주 화요일,있음,Unknown,Unknown,50,110,SH,쇼핑,SH05,전문매장/상가,SH050300,관광기념품/특산물판매점,0,40,30,60,20,90,Unknown,제주전통주 / 증류주 / 막걸리 / 전통주 선물세트 등,30,15,45,blend,0.7841,0.75,0.1813,0.7917,blend
976820,38,쇼핑,"제주시민속오일시장 (2, 7일)",제주특별자치도 제주시 오일장서길 26,63116,126.4758023552,33.4969271258,"제주시민속오일시장은 지정된 장소에 위치해 있음에도 불구하고 저렴한 가격 등의 유리한 조건으로 인하여, 제주 시내 사람들은 물론 타 지역의 사람들도 이용하는 제주 도민의 대중적인 상권이다. 때문에 시장의 특성상 종합적인 상권을 형성한다. 음식업, 의류업에서, 기타 생활에 필요한 생필품까지 총괄하는 상권이다. 5일에 한번 열리는 시장으로서 노인들을 비롯한 아이들까지 애용하는 시장이다.",비짓제주 https://www.visitjeju.net,064-743-5985,08:00~18:00,,가능,연중무휴,있음,Unknown,Unknown,50,110,SH,쇼핑,SH06,시장,SH060100,비상설시장,0,60,20,20,20,90,2일 / 7일 / 12일 / 17일 / 22일 / 27일,채소 / 청과물 / 수산물 / 약초 / 양품 / 곡물 등,60,45,75,observed,0.7002,0.7045,0.8892,0.6655,blend
4013235,38,쇼핑,제주오라쇼핑,제주특별자치도 제주시 오남로 118 (오라이동),63146,126.51615025355,33.485644348299,제주오라쇼핑은 제주의 풍요로움을 한곳에 모아 편리한 쇼핑 경험을 선사하는 복합 유통 거점 브랜드입니다. 제주의 신선한 특산물과 엄선된 패션 브랜드들을 합리적인 가격에 제공하며 고객들에게 제주의 정과 실속을 동시에 드립니다.,Unknown,0507-1445-0019,08:00~17:00,,가능,Unknown,있음,가능,Unknown,50,110,SH,쇼핑,SH04,면세점,SH040300,사후면세점,10,20,20,10,10,90,월-일요일,전통민예품/도자기/목각제품/기타 공예품,30,15,45,category,0.8163,,0.0,0.8163,category
1871024,38,쇼핑,제주칠성로상점가,제주특별자치도 제주시 관덕로13길 12 (일도일동),63277,126.5261253693,33.5140565855,"칠성로는 예로부터 조성된 제주의 전통 상권이며, 쇼핑의 거리이다. 제주의 명동 패션의 1번지로 통하는 이곳의 명칭은 북두칠성에서 유래하여 별모양 조명시설과 물놀이를 즐길수 있는 산지천 음악분수대가 있으며 젊은이들에게 데이트 공간으로도 많은 사랑을 받는 곳이다. 인근에 흑돼지거리와 산지천 동문시장이 있으며 중앙지하상가를 인접하고 있다.",Unknown,064-723-1510,06:00~22:00,,가능,연중무휴 (매장마다 상이),있음,가능,Unknown,50,110,SH,쇼핑,SH05,전문매장/상가,SH050200,전문상가,20,40,70,40,30,90,Unknown,"스포츠의류, 신발, 잡화, 가방, 의류 등 / 모든 매장별, 품목별 상이",30,15,45,blend,0.7999,0.75,0.1813,0.811,blend
4026833,38,쇼핑,조랑말을탄돈키호테제주소품샵 노형점,제주특별자치도 제주시 노연로 33 (노형동) 1층,63081,126.483672949369,33.4862556653545,조랑말을탄돈키호테는 제주 여행의 설렘과 위트 넘치는 아이디어를 소품에 담아내는 로컬 디자인 브랜드입니다. 제주 조랑말을 모티브로 한 아기자기한 기념품들을 통해 고객들이 제주의 추억을 즐겁게 간직할 수 있도록 돕습니다.,Unknown,064-745-1999,09:00~23:00,,불가능,명절,있음,가능,Unknown,50,110,SH,쇼핑,SH04,면세점,SH040300,사후면세점,0,0,50,20,10,90,월-일요일,전통민예품/도자기/목각제품/기타 공예품,30,15,45,category,0.8163,,0.0,0.8163,category
4026805,38,쇼핑,조안테디베어 제주신화월드점,제주특별자치도 서귀포시 안덕면 신화역사로304번길 38 B1층,63522,126.31635202613,33.3049726791712,조안테디베어는 테디베어 아티스트 조안 오의 정성과 사랑이 깃든 핸드메이드 곰 인형 브랜드입니다. 천연 원료로 염색한 부드러운 소재와 섬세한 표정의 인형들을 통해 남녀노소 모두에게 따뜻한 동심과 치유의 시간을 선물합니다.,joanneteddybear.com,070-5176-8888,09:00~21:00,,가능,명절,있음,가능,Unknown,50,130,SH,쇼핑,SH04,면세점,SH040300,사후면세점,10,0,40,20,20,80,월-일요일,문구/장난감/오락용품,30,15,45,category,0.8163,,0.0,0.8163,category
4057123,38,쇼핑,종이잡지클럽 제주,제주특별자치도 제주시 산지로 17 (건입동) 2층,63278,126.529633040597,33.5153134737439,"제주에 위치한 종이잡지클럽 제주는 국내외 다양한 잡지들을 읽어보며 경험할 수 있는 곳이다. 1층 카페에서 음료를 주문하거나, 회원제로 구독하면 이용 가능하다. 구독 서비스는 일일, 계절, 반기로 나뉘어 기간에 따라 구독할 수 있다. 이곳에 방문하면 빼곡히 쌓인 잡지들 덕분에 아날로그, 레트로한 감성을 물씬 느낄 수 있다.",https://www.wereadmagazine.com,010-6857-6016,08:00~22:00,,가능,매주 월요일,Unknown,Unknown,Unknown,50,110,SH,쇼핑,SH05,전문매장/상가,SH050200,전문상가,10,20,70,40,30,50,Unknown,Unknown,30,15,45,category,0.811,,0.0,0.811,category
4026860,38,쇼핑,종종제주,제주특별자치도 제주시 조천읍 선교로 66 1층,63340,126.712477988887,33.4879241166427,종종제주는 제주를 찾는 발걸음이 종종 이어지길 바라는 마음을 담은 감성 로컬 브랜드입니다. 제주의 일상을 따뜻한 시선으로 포착한 디자인 굿즈와 소품들을 통해 고객들에게 소소하지만 깊은 제주의 향기를 전합니다.,Unknown,0507-1441-1891,10:30~18:00,,가능,명절,있음,가능,Unknown,50,110,SH,쇼핑,SH04,면세점,SH040300,사후면세점,0,0,60,30,10,80,월-일요일,전통민예품/도자기/목각제품/기타 공예품,30,15,45,blend,0.7816,0.625,0.1813,0.8163,blend
1871028,38,쇼핑,중문농수산물직판장,제주특별자치도 서귀포시 천제연로 355 (회수동),63540,126.4423968665,33.2524564006,"중문농수산은 생산자가 직접 재배하고 유통해 더 믿을 수 있는 곳으로 청정 제주의 신선한 상품을 판매하고 있다. 옥돔, 갈치, 고등어, 한라봉 등을 판매하고 있다. 시즌마다 맛있는 귤을 선보이며 제주 앞 바다에서 나는 가장 신선하고 맛있는 수산물을 선보이고 있는 직거래 장터이다.",https://www.instagram.com/chaoreum_jeju,064-738-5757,08:00~19:00,,가능,연중무휴,Unknown,Unknown,Unknown,50,130,SH,쇼핑,SH05,전문매장/상가,SH050200,전문상가,20,70,20,10,20,90,Unknown,옥돔 / 은갈치 / 한라봉 등,30,15,45,category,0.811,,0.0,0.811,category
4013001,38,쇼핑,중문안경방,제주특별자치도 서귀포시 중문상로 43 (중문동),63545,126.425470429042,33.2523995874145,중문안경방은 제주 중문의 오랜 신뢰를 바탕으로 지역 주민과 관광객의 눈 건강을 책임지는 전통 있는 안경원입니다. 정직한 시력 검사와 편안한 피팅 서비스를 통해 고객에게 제주의 아름다운 풍경을 가장 선명하게 선사합니다.,Unknown,064-738-7444,10:00~20:00,,가능,Unknown,있음,가능,Unknown,50,130,SH,쇼핑,SH04,면세점,SH040300,사후면세점,0,0,0,0,20,60,월-토요일,의약품/의료용 기기,30,15,45,category,0.8163,,0.0,0.8163,category
132595,38,쇼핑,중문향토오일시장,제주특별자치도 서귀포시 천제연로188번길 12,63546,126.4242345901,33.2507951855,"서귀포 관광 명소가 가득한 중문 관광단지 가운데 위치한 중문향토오일시장은 1950년대 피난민들과 함께 형성된 시장으로, 1965년 정식으로 장을 열어 현재까지 이어지는 역사를 지닌 시장이다. 이곳에서는 손수 농사지은 농산물과 물가에 나가 잡은 수산물을 주로 판매하며 주로 제주도 현지인들이 장을 보는 오일장이다. 서귀포매일올레시장이나 제주민속오일시장에 비하면 큰 규모의 시장은 아니나, 볼거리와 살 거리가 다양하다. 도심의 시장과는 전혀 다른 분위기로 옛 시골 장터 분위기와 할머니들의 소박함과 정겨움을 느낄 수 있는 곳이다. 시장을 둘러보다 보면 상인들의 삶을 엿볼 수도 있고 활기찬 에너지를 얻을 수 있다.",https://www.visitjeju.net,서귀포시청 경제일자리과 064-760-2633,09:00~17:00,,가능,※ 상설시장이 아니므로 장서는 날 이용 요망,있음,없음,Unknown,50,130,SH,쇼핑,SH06,시장,SH060100,비상설시장,20,50,60,70,40,90,3일 / 8일 / 13일 / 18일 / 23일 / 28일,과일 / 건어물 / 농산물 / 수산물 / 의류 등,75,60,90,blend,0.5902,0.25,0.1813,0.6655,blend
3307062,38,쇼핑,지오다노 신세계사이먼프리미엄아울렛 제주점,제주특별자치도 서귀포시 안덕면 신화역사로304번길 38 B1층,63522,126.31635202613,33.3049726791712,지오다노는 심플한 디자인과 뛰어난 품질의 제품으로 사랑받는 글로벌 캐주얼 브랜드입니다. 합리적인 가격과 편안한 착용감으로 남녀노소 부담 없이 입을 수 있습니다.,www.giordano.co.kr,064-907-1431,10:30~21:00,,가능,명절,있음,가능,Unknown,50,130,SH,쇼핑,SH04,면세점,SH040300,사후면세점,0,0,20,0,0,80,월-일요일,의류,30,15,45,category,0.8163,,0.0,0.8163,category
3306704,38,쇼핑,질스튜어트 신세계사이먼프리미엄아울렛 제주점,제주특별자치도 서귀포시 안덕면 신화역사로304번길 38 B1층,63522,126.31635202613,33.3049726791712,질스튜어트는 뉴욕의 로맨틱한 감성과 세련된 도시미가 공존하는 디자이너 브랜드입니다. 현대 여성의 당당함과 사랑스러움을 동시에 표현하는 감각적인 디자인의 의류와 액세서리로 전 세계적인 사랑을 받고 있습니다.,www.jillstuart.com,0507-1349-1495,10:30-21:00,,가능,Unknown,있음,가능,Unknown,50,130,SH,쇼핑,SH04,면세점,SH040300,사후면세점,0,0,50,0,0,80,월-일요일,"의류 , 가방류",30,15,45,category,0.8163,,0.0,0.8163,category
4058357,38,쇼핑,책방 소리소문,제주특별자치도 제주시 한경면 저지동길 8-31,63005,126.259522468691,33.3325842923743,"제주에 위치한 책방 소리소문은 제주의 감성을 느낄 수 있는 책방이다. 벨기에 ‘Lanno Publishers’에서 선정한 ‘죽기 전에 꼭 가봐야 할 세계의 서점 150’에 등록된 곳이기도 하다. 인문사회, 정치, 심리, 과학 등 다양한 종류의 책과 베스트셀러 책들이 즐비하여 구경하는 재미도 있다.",https://www.instagram.com/sorisomoonbooks,0507-1320-7461,- 월요일/목요일~일요일 11:00~18:00- 화요일~수요일 12:00~18:00,,가능요금 (무료),연중무휴,Unknown,Unknown,Unknown,50,110,SH,쇼핑,SH05,전문매장/상가,SH050200,전문상가,10,0,60,60,20,70,Unknown,인문사회분야 책 / 정치분야 책 / 심리분야 책 등,30,15,45,observed,0.8515,0.875,0.6321,0.811,blend
2910031,38,쇼핑,청담루이성형외과의원,제주특별자치도 제주시 노형14길 14 (노형동) 3층,63083,126.479775295979,33.484497219176,청담루이성형외과의원은 청담동의 세련된 미적 감각과 정교한 의술이 결합된 성형 전문 의료기관입니다. 환자 본연의 개성을 살리는 섬세한 디자인과 안전을 최우선으로 하는 수술 시스템을 통해 신뢰할 수 있는 아름다움을 약속합니다.,cheongdamrui.com,064-712-8999,09:00-18:00,,가능,명절,있음,가능,Unknown,50,110,SH,쇼핑,SH04,면세점,SH040300,사후면세점,0,0,20,0,10,20,월-토요일,의약품/의료용 기기,30,15,45,category,0.8163,,0.0,0.8163,category
4026813,38,쇼핑,캄포스 제주 부티크,제주특별자치도 서귀포시 중문관광로72번길 35 (색달동),63535,126.410330074977,33.2485996126094,캄포스(CAMPOS)는 대지의 풍요로움과 자연의 여유를 담아낸 라이프스타일 브랜드입니다. 내추럴한 소재와 정갈한 디자인의 소품 및 가구들을 통해 고객의 주거 공간에 평온한 안식과 미학적 가치를 더해줍니다.,www.kampos.kr,0507-1491-0092,11:00~18:00,,가능,Unknown,있음,가능,Unknown,50,130,SH,쇼핑,SH04,면세점,SH040300,사후면세점,10,0,40,0,0,80,월-일요일,의류,30,15,45,category,0.8163,,0.0,0.8163,category
2912462,38,쇼핑,캘빈클라인 구제주대리점,제주특별자치도 제주시 중앙로7길 9 (일도일동),63277,126.525702228467,33.5150207960801,"캘빈클라인은 미니멀리즘과 세련된 관능미를 상징하는 글로벌 라이프스타일 브랜드입니다. 데님, 언더웨어, 향수 등 다양한 카테고리에서 현대적인 디자인 철학을 고수하며 전 세계적으로 시대를 초월한 사랑을 받고 있습니다.",www.calvinklein.co.kr,064-727-7007,10:30-21:00,,가능,Unknown,없음,가능,Unknown,50,110,SH,쇼핑,SH04,면세점,SH040300,사후면세점,0,0,50,0,0,90,월-일요일,의류,30,15,45,category,0.8163,,0.0,0.8163,category
3306873,38,쇼핑,캘빈클라인언더웨어 제주대리점,제주특별자치도 제주시 신광로 44 (연동) 1층,63129,126.489828806996,33.4883157827993,"캘빈클라인언더웨어는 감각적이고 관능적인 디자인으로 전 세계 언더웨어 시장을 선도하는 브랜드입니다. 상징적인 로고 밴드와 부드러운 소재감, 인체공학적 디자인을 통해 최상의 편안함과 스타일을 동시에 제공합니다.",www.calvinklein.co.kr,064-746-1115,10:00-22:30,,불가능,Unknown,없음,가능,Unknown,50,110,SH,쇼핑,SH04,면세점,SH040300,사후면세점,0,0,20,0,0,80,월-일요일,의류,30,15,45,category,0.8163,,0.0,0.8163,category
2924017,38,쇼핑,캘빈클라인진 신제주대리점,제주특별자치도 제주시 신광로 66 (연동),63131,126.489762023133,33.4863096456011,캘빈클라인진은 미니멀리즘과 관능미를 동시에 담아낸 글로벌 데님 브랜드입니다. 심플하면서도 상징적인 로고 디자인과 완벽한 핏의 진 제품들을 통해 전 세계 청춘들에게 영감을 주는 아이코닉한 스타일을 선보입니다.,calvinklein.co.kr,064-744-7805,10:30-23:00,,불가능,Unknown,있음,가능,Unknown,50,110,SH,쇼핑,SH04,면세점,SH040300,사후면세점,0,0,30,0,0,90,월-일요일,의류,30,15,45,category,0.8163,,0.0,0.8163,category
4026806,38,쇼핑,커버낫 신세계사이먼프리미엄아울렛 제주점,제주특별자치도 서귀포시 안덕면 신화역사로304번길 38 B1층,63522,126.31635202613,33.3049726791712,커버낫은 빈티지 웨어를 현대적인 관점으로 재해석한 국내 대표 스트릿 캐주얼 브랜드입니다. 탄탄한 품질과 트렌디한 실루엣의 의류를 통해 젊은 층 사이에서 독보적인 팬덤을 형성하고 있습니다.,"covernat,co,kr",064-907-1547,10:30~21:00,,가능,명절,있음,가능,Unknown,50,130,SH,쇼핑,SH04,면세점,SH040300,사후면세점,0,0,20,0,0,80,월-일요일,의류,30,15,45,category,0.8163,,0.0,0.8163,category
4013246,38,쇼핑,커버낫 제주점,제주특별자치도 제주시 칠성로길 21 (일도일동) 1층,63277,126.525102780651,33.5143378891154,커버낫은 빈티지 웨어를 현대적인 관점으로 재해석한 국내 대표 스트릿 캐주얼 브랜드입니다. 탄탄한 품질과 트렌디한 실루엣의 의류를 통해 젊은 층 사이에서 독보적인 팬덤을 형성하고 있습니다.,covernat.co.kr,064-755-5100,10:00~21:00,,불가능,Unknown,있음,가능,Unknown,50,110,SH,쇼핑,SH04,면세점,SH040300,사후면세점,0,0,20,0,0,90,월-일요일,의류,30,15,45,category,0.8163,,0.0,0.8163,category
2916577,38,쇼핑,컬럼비아 제주점,제주특별자치도 제주시 중앙로 42 (일도일동) 1층,63166,126.524419284504,33.5145987116111,"컬럼비아는 미국 글로벌 아웃도어 브랜드로, 방수·보온 등 뛰어난 기능을 갖춘 제품을 제공합니다. 실용적인 디자인과 높은 내구성으로 일상과 아웃도어 활동 모두에 적합합니다.",www.columbiakorea.co.kr,064-753-7071,10:30~20:30,,불가능,명절,있음,가능,Unknown,50,110,SH,쇼핑,SH04,면세점,SH040300,사후면세점,0,0,20,0,10,90,월-일요일,"의류 , 신발류",30,15,45,category,0.8163,,0.0,0.8163,category
4026829,38,쇼핑,코데즈컴바인 제주이도점,제주특별자치도 제주시 구남동5길 10 (이도이동) 1동,63230,126.540019867255,33.4897944915248,코데즈컴바인은 시크하고 모던한 감성을 바탕으로 자유로운 믹스매치 스타일을 제안하는 대표적인 컨템포러리 패션 브랜드입니다. 독창적인 실루엣과 과감한 디자인의 의류를 통해 자신만의 뚜렷한 개성을 표현하고자 하는 고객들에게 사랑받습니다.,www.codes-combine.co.kr,0507-1410-8954,11:00~20:00,,가능,Unknown,있음,가능,Unknown,50,110,SH,쇼핑,SH04,면세점,SH040300,사후면세점,0,0,20,0,0,90,월-일요일,의류,30,15,45,category,0.8163,,0.0,0.8163,category
4026798,38,쇼핑,코메타엘엑스 신세계사이먼프리미엄아울렛 제주점,제주특별자치도 서귀포시 안덕면 신화역사로304번길 38,63522,126.31635202613,33.3049726791712,코메타엘엑스(COMETA LX)는 엄선된 퀄리티의 해외 명품 잡화와 액세서리를 전문적으로 소개하는 럭셔리 편집 브랜드입니다. 안목 있는 큐레이션을 통해 시대를 아우르는 고품격 아이템들을 신뢰와 함께 고객에게 전달합니다.,Unknown,064-907-1511,10:30~21:00,,가능,명절,있음,가능,Unknown,50,130,SH,쇼핑,SH04,면세점,SH040300,사후면세점,0,0,20,0,0,90,월-일요일,"의류 , 신발류 , 가방류",30,15,45,category,0.8163,,0.0,0.8163,category
4013200,38,쇼핑,코오롱스포츠 서귀포명동로점,제주특별자치도 서귀포시 중정로 97 (서귀동),63591,126.566632860605,33.2486833772932,"코오롱은 친환경을 추구하는 대한민국 패션·라이프스타일 브랜드입니다. 아웃도어부터 캐주얼까지 폭넓은 라인업을 갖추고 있으며, 제품의 내구성과 기능성, 실용성이 뛰어나 많은 사랑을 받고 있습니다.",www.kolonsport.com,064-733-2497,10:30~20:30,,불가능,명절,없음,가능,Unknown,50,130,SH,쇼핑,SH04,면세점,SH040300,사후면세점,0,0,10,0,0,80,월-일요일,"의류 , 신발류 , 스포츠용품",30,15,45,category,0.8163,,0.0,0.8163,category
3424281,38,쇼핑,코오롱스포츠 솟솟리버스제주점,제주특별자치도 제주시 탑동로 13 (삼도이동) 1~3층,63166,126.52330687653745,33.51696147392741,"솟솟리버스는 코오롱스포츠의 친환경 프로젝트 공간이다. 상호명은 상록수모양의 로고를 한글로 표현한 솟솟, 재탄생을 의미하는 리버스를 결합하였다. 고객의 손에 닿지 못한 재고들로 만든 매력적인 업사이클링 상품을 통해 코오롱스포츠의 지속가능성에 대한 고민을 공간과 상품으로 전달하기 위한 공간이다. 매장에는 다양한 잡화와 의류, 가방 등 다양한 제품이 있고 업사이클링 과정까지 자세하게 알 수 있다. 또한 다양한 전시가 열려 더욱 의미 있는 시간을 가질 수 있다.",https://www.instagram.com/kolonsport_rebirth,064-723-8491,11:00~19:00,,가능,연중무휴,Unknown,Unknown,Unknown,50,110,SH,쇼핑,SH05,전문매장/상가,SH050200,전문상가,20,0,70,50,20,90,Unknown,가방 / 의류 / 잡화 등,30,15,45,category,0.811,,0.0,0.811,category
4013201,38,쇼핑,코오롱스포츠 신제주점,제주특별자치도 제주시 1100로 3319 (노형동),63083,126.480654012399,33.4826070200451,"코오롱은 친환경을 추구하는 대한민국 패션·라이프스타일 브랜드입니다. 아웃도어부터 캐주얼까지 폭넓은 라인업을 갖추고 있으며, 제품의 내구성과 기능성, 실용성이 뛰어나 많은 사랑을 받고 있습니다.",www.kolonsport.com,064-745-9955,10:30~20:30,,불가능,명절,없음,가능,Unknown,50,110,SH,쇼핑,SH04,면세점,SH040300,사후면세점,0,0,10,0,0,80,월-일요일,"의류 , 신발류 , 스포츠용품",30,15,45,category,0.8163,,0.0,0.8163,category
3305535,38,쇼핑,코치 신세계사이먼프리미엄 아울렛 제주점,제주특별자치도 서귀포시 안덕면 신화역사로304번길 38,63522,126.31635202613,33.3049726791712,"코치는 뉴욕 감성과 장인정신을 담은 미국의 프리미엄 가죽 브랜드로, 세련되면서도 실용적인 디자인의 가방과 액세서리로 사랑받고 있습니다. 현대적인 감각과 클래식한 매력을 조화롭게 담아내며 높은 평가를 받고 있습니다.",korea.coach.com,064-907-1521,10:30-21:00,,가능,명절,있음,가능,Unknown,50,130,SH,쇼핑,SH04,면세점,SH040300,사후면세점,0,0,20,0,10,90,월-일요일,"의류 , 신발류 , 가방류",30,15,45,category,0.8163,,0.0,0.8163,category
2903062,38,쇼핑,크록스 제주점,제주특별자치도 제주시 칠성로길 24 (일도일동),63277,126.52536687741,33.5142455866901,"크록스는 독보적인 편안함과 개성 있는 디자인으로 사랑받는 글로벌 슈즈 브랜드입니다. 자체 개발한 소재를 활용한 가볍고 편안한 신발에 ""지비츠"" 참으로 나만의 개성을 더할 수 있는 즐거움을 선사합니다.",www.crocs.co.kr,064-721-2163,10:00-22:00,,불가능,명절,없음,가능,Unknown,50,110,SH,쇼핑,SH04,면세점,SH040300,사후면세점,0,0,20,0,10,80,월-일요일,신발류,15,15,30,blend,0.8043,0.75,0.1813,0.8163,blend
2930887,38,쇼핑,크록스 제주중문점,제주특별자치도 서귀포시 중문관광로72번길 29-9 (색달동),63535,126.411556504447,33.249698457597,"크록스는 독보적인 편안함과 개성 있는 디자인으로 사랑받는 글로벌 슈즈 브랜드입니다. 자체 개발한 소재를 활용한 가볍고 편안한 신발에 ""지비츠"" 참으로 나만의 개성을 더할 수 있는 즐거움을 선사합니다.",www.crocs.co.kr,064-739-1661,10:00-21:00,,가능,Unknown,있음,가능,Unknown,50,130,SH,쇼핑,SH04,면세점,SH040300,사후면세점,0,0,30,0,10,90,월-일요일,신발류,30,15,45,category,0.8163,,0.0,0.8163,category
2848391,38,쇼핑,클래식문구사,제주특별자치도 제주시 관덕로4길 1-2,63168,126.5213492701,33.5126226020,"클래식문구사는 제주에 위치한 문구 편집숍이다. 어른들과 전문가를 위한 위한 문구류를 판매하고 있다. 연필, 지우개, 공책 등 문구류 뿐만 아니라 감자칩, 민트캔디, 치약 등 다양한 식재료들을 판매하는 작은 마켓도 운영하고 있다. 특유의 따뜻한 분위기가 어릴 적 문구점을 방문했던 향수를 일으킨다. 정갈하지만 감각 있게 진열된 소품들을 다양하게 구매할 수 있다.",https://www.instagram.com/classic.moongusa,0507-1441-5128,10:30~19:00,,불가능,※ 비정기 휴무이므로 방문 전 확인 요망,Unknown,Unknown,Unknown,50,110,SH,쇼핑,SH05,전문매장/상가,SH050200,전문상가,10,10,50,20,10,80,Unknown,연필 / 마스킹 테이프 / 노트 / 빈티지용품 등,30,15,45,observed,0.8587,0.9167,0.4512,0.811,blend
4026807,38,쇼핑,키르시 신세계사이먼프리미엄아울렛 제주점,제주특별자치도 서귀포시 안덕면 신화역사로304번길 38 B1층,63522,126.31635202613,33.3049726791712,키르시(KIRSH)는 상큼한 체리 로고로 전 세계 MZ세대의 마음을 사로잡은 컨템포러리 캐주얼 브랜드입니다. 밝고 경쾌한 컬러감과 위트 있는 디자인을 통해 일상에 기분 좋은 활력과 개성 넘치는 스타일링을 제안합니다.,kirsh.co.kr,0507-1351-1459,10:30~21:00,,가능,명절,있음,가능,Unknown,50,130,SH,쇼핑,SH04,면세점,SH040300,사후면세점,0,0,30,0,0,90,월-일요일,의류,30,15,45,category,0.8163,,0.0,0.8163,category
4026855,38,쇼핑,타이틀리스트 제주점,제주특별자치도 제주시 연북로 70 (연동),63138,126.48875891845,33.4815610608465,"타이틀리스트는 '골프 공의 황제'이자 전 세계 투어 프로들이 가장 신뢰하는 No.1 골프 전문 브랜드입니다. 최첨단 기술력이 집약된 골프 공, 클럽, 의류를 통해 골퍼들이 자신의 잠재력을 최대한 발휘하도록 돕습니다.",Unknown,064-711-5800,09:30~21:00,,불가능,Unknown,있음,가능,Unknown,50,110,SH,쇼핑,SH04,면세점,SH040300,사후면세점,0,0,10,0,0,90,월-일요일,의류,30,15,45,category,0.8163,,0.0,0.8163,category
2907667,38,쇼핑,탐라원특산품센터,제주특별자치도 제주시 연북로 381 (도남동),63234,126.522848211697,33.4816360429475,탐라원특산품센터는 제주의 청정 자연을 담은 고품질의 지역 특산물을 엄선하여 선보이는 전문 유통 브랜드입니다. 믿을 수 있는 먹거리와 제주만의 감성을 담은 기념품을 통해 여행의 감동을 전합니다.,bonjeju.co.kr,064-757-7979,08:00-18:00,,가능,명절,있음,가능,Unknown,50,110,SH,쇼핑,SH04,면세점,SH040300,사후면세점,10,40,20,20,10,90,월-일요일,"기념품/특산품 , 전통민예품/도자기/목각제품/기타 공예품",30,15,45,category,0.8163,,0.0,0.8163,category
4026867,38,쇼핑,탑동보룡약국,제주특별자치도 제주시 탑동로 24 (삼도이동) 형화빌딩,63165,126.522460881414,33.517560202795,탑동보룡약국은 지역 주민의 오랜 건강 수호자로서 정직하고 정성 어린 약료 서비스를 실천하는 전통 있는 약국입니다. 풍부한 복약 상담 노하우와 정확한 처방 관리를 통해 지역 사회의 든든한 건강 울타리가 되겠습니다.,Unknown,064-726-4949,08:00~23:00,,불가능,명절,없음,가능,Unknown,50,110,SH,쇼핑,SH04,면세점,SH040300,사후면세점,0,0,0,10,0,20,월-일요일,의약품/의료용 기기,15,15,30,blend,0.7816,0.625,0.1813,0.8163,blend
2925644,38,쇼핑,탑텐 이마트 신제주점,제주특별자치도 제주시 1100로 3348 (노형동) 1층,63082,126.480431633456,33.4849650136857,"탑텐은 의류를 합리적인 가격에 제공하는 대한민국 SPA 브랜드입니다. 다양한 연령대와 스타일을 아우르며, 실용적이면서도 트렌디한 일상복으로 인기가 높습니다.",topten10.goodwearmall.com,064-745-5584,10:00-23:00,,가능,명절,있음,가능,Unknown,50,110,SH,쇼핑,SH04,면세점,SH040300,사후면세점,0,0,20,0,0,90,월-일요일,의류,30,15,45,observed,0.88,0.881,0.985,0.8163,blend
2910530,38,쇼핑,탑텐키즈 롯데마트 제주점,제주특별자치도 제주시 연북로 1 (노형동) 5층,63084,126.481834000763,33.4824421892687,"탑텐은 의류를 합리적인 가격에 제공하는 대한민국 SPA 브랜드입니다. 다양한 연령대와 스타일을 아우르며, 실용적이면서도 트렌디한 일상복으로 인기가 높습니다.",Unknown,0507-1473-7666,10:00-22:00,,가능,Unknown,있음,가능,Unknown,50,110,SH,쇼핑,SH04,면세점,SH040300,사후면세점,0,0,20,0,10,90,월-일요일,향수/화장품,30,15,45,observed,0.7775,0.7727,0.8892,0.8163,blend
4009586,38,쇼핑,탠디 신세계사이먼프리미엄 아울렛 제주점,제주특별자치도 서귀포시 안덕면 신화역사로304번길 38,63522,126.31635202613,33.3049726791712,"탠디는 대한민국 수제화 브랜드로, 정교한 제작 기술과 세련된 디자인으로 남녀 모두에게 사랑받습니다. 합리적인 가격대에서 고품질 가죽 제품을 제공하며, 오랜 시간 착용해도 편안함을 유지합니다.",Unknown,064-907-1405,10:00-21:00,,가능,Unknown,있음,가능,Unknown,50,130,SH,쇼핑,SH04,면세점,SH040300,사후면세점,0,0,20,0,0,90,월-일요일,신발류,30,15,45,category,0.8163,,0.0,0.8163,category
4013220,38,쇼핑,탠저비 도두점,제주특별자치도 제주시 서해안로 228 (도두일동),63112,126.470489626128,33.5083889705363,탠저비(Tanger-Bee)는 상큼한 탠저린처럼 톡톡 튀는 감성과 위트 있는 디자인을 추구하는 패션 잡화 브랜드입니다. 기분 좋아지는 컬러 배색과 유니크한 그래픽을 통해 고객의 일상에 즐거운 포인트와 활력을 선물합니다.,Unknown,0507-1439-9870,08:30~21:00,,가능,Unknown,없음,가능,Unknown,50,110,SH,쇼핑,SH04,면세점,SH040300,사후면세점,0,0,60,0,10,80,월-일요일,기념품/특산품,30,15,45,category,0.8163,,0.0,0.8163,category
4013225,38,쇼핑,탠저비 제원점,제주특별자치도 제주시 신광로 61 (연동) 1층,63123,126.490318724182,33.4866237070175,탠저비(Tanger-Bee)는 상큼한 탠저린처럼 톡톡 튀는 감성과 위트 있는 디자인을 추구하는 패션 잡화 브랜드입니다. 기분 좋아지는 컬러 배색과 유니크한 그래픽을 통해 고객의 일상에 즐거운 포인트와 활력을 선물합니다.,smartstore.naver.com/tangerb,0507-1411-0489,10:00~23:00,,불가능,Unknown,없음,가능,Unknown,50,110,SH,쇼핑,SH04,면세점,SH040300,사후면세점,0,0,40,0,0,70,월-일요일,"전통민예품/도자기/목각제품/기타 공예품 , 기타 서비스",30,15,45,category,0.8163,,0.0,0.8163,category
4013204,38,쇼핑,탠저비 칠성로점,제주특별자치도 제주시 관덕로11길 4 (일도일동),63277,126.525527485806,33.5134925626779,탠저비(Tanger-Bee)는 상큼한 탠저린처럼 톡톡 튀는 감성과 위트 있는 디자인을 추구하는 패션 잡화 브랜드입니다. 기분 좋아지는 컬러 배색과 유니크한 그래픽을 통해 고객의 일상에 즐거운 포인트와 활력을 선물합니다.,smartstore.naver.com/tangerb,0507-1445-9871,10:00~23:00,,불가능,Unknown,없음,가능,Unknown,50,110,SH,쇼핑,SH04,면세점,SH040300,사후면세점,10,0,70,0,0,90,월-일요일,"전통민예품/도자기/목각제품/기타 공예품 , 기타 서비스",30,15,45,category,0.8163,,0.0,0.8163,category
4013216,38,쇼핑,탠저비 한라병원점,"제주특별자치도 제주시 도령로 73 (연동, 연동 펠리체)",63127,126.485948322561,33.4901161837273,탠저비(Tanger-Bee)는 상큼한 탠저린처럼 톡톡 튀는 감성과 위트 있는 디자인을 추구하는 패션 잡화 브랜드입니다. 기분 좋아지는 컬러 배색과 유니크한 그래픽을 통해 고객의 일상에 즐거운 포인트와 활력을 선물합니다.,smartstore.naver.com/tangerb,0507-1454-9871,10:00~23:00,,불가능,Unknown,없음,가능,Unknown,50,110,SH,쇼핑,SH04,면세점,SH040300,사후면세점,0,0,60,0,10,80,월-일요일,전통민예품/도자기/목각제품/기타 공예품,30,15,45,category,0.8163,,0.0,0.8163,category
2894117,38,쇼핑,테디베어하우스 테지움,제주특별자치도 제주시 애월읍 평화로 2159,63037,126.393536428307,33.4122174958603,테디베어하우스는 전 세계적으로 사랑받는 곰 인형 테디베어를 테마로 한 동화 같은 캐릭터 체험 브랜드입니다. 귀여운 테디베어 전시와 함께 한정판 굿즈를 선보이며 어린이부터 성인까지 모두에게 따뜻한 동심과 추억을 선물합니다.,teseum.net,064-799-4820,09:00-18:00,,가능,Unknown,있음,가능,Unknown,50,110,SH,쇼핑,SH04,면세점,SH040300,사후면세점,0,0,70,20,30,80,월-일요일,"기념품/특산품 , 기타 서비스",60,45,75,observed,0.7283,0.7212,0.9257,0.8163,blend
4013240,38,쇼핑,테일러메이드 구제주점,제주특별자치도 제주시 중앙로 50 (일도일동) 1층,63166,126.52452028354,33.5139028914264,"대현은 대한민국 여성복 패션 기업으로, 씨씨콜렉트, 모조, 듀크 등 세련된 감성과 트렌드를 담은 브랜드를 운영합니다. 모던하고 우아한 디자인과 우수한 품질을 바탕으로 폭넓은 고객층에게 사랑받습니다.",www.taylormadegolf.co.kr,0507-1491-3490,10:30~20:00,,가능,Unknown,있음,가능,Unknown,50,110,SH,쇼핑,SH04,면세점,SH040300,사후면세점,0,0,20,0,0,90,월-일요일,의류,30,15,45,category,0.8163,,0.0,0.8163,category
4026840,38,쇼핑,토이마켓 제주점,제주특별자치도 제주시 동문로 192 (건입동),63285,126.546309826677,33.5118154703037,"토이마켓은 아이들의 꿈과 상상력이 자라나는 거대한 장난감 세상입니다. 전 세계의 인기 교구와 완구들을 전문가의 안목으로 엄선하여 제공하며, 안전하고 유익한 놀이 문화를 선도하는 든든한 육아 파트너가 되고자 합니다.",Unknown,064-725-1988,10:00~20:00,,가능,Unknown,있음,가능,Unknown,50,110,SH,쇼핑,SH04,면세점,SH040300,사후면세점,10,0,20,0,20,80,월-일요일,문구/장난감/오락용품,30,15,45,category,0.8163,,0.0,0.8163,category
3305879,38,쇼핑,토즈 신세계사이먼프리미엄 아울렛 제주점,제주특별자치도 서귀포시 안덕면 신화역사로304번길 38,63522,126.31635202613,33.3049726791712,"토즈는 이탈리아 럭셔리 슈즈 및 가죽 제품 브랜드로, 정교한 장인정신과 세련된 디자인을 자랑합니다. 고급스러운 드라이빙 슈즈와 액세서리로 잘 알려져 있습니다.",tods.com/kr-ko,064-907-1520,10:30-21:00,,가능,명절,있음,가능,Unknown,50,130,SH,쇼핑,SH04,면세점,SH040300,사후면세점,0,0,50,0,0,90,월-일요일,"의류 , 신발류 , 가방류",30,15,45,category,0.8163,,0.0,0.8163,category
3305715,38,쇼핑,톡스앤필의원 제주점,제주특별자치도 제주시 노형로 378 (노형동) 청담빌딩,63083,126.476304019779,33.4835900233367,톡스앤필의원은 대중적인 보톡스와 필러 등 쁘띠 시술의 문턱을 낮추어 합리적인 가격에 수준 높은 뷰티 케어를 제공합니다. 숙련된 의료진의 정직한 진료와 정품·정량의 시술 원칙을 통해 신뢰할 수 있는 외모 변화를 선사합니다.,www.toxnfill.com,064-711-4842,10:00-20:00,,가능,명절,있음,가능,Unknown,50,110,SH,쇼핑,SH04,면세점,SH040300,사후면세점,0,0,0,0,20,40,월-일요일,기타 서비스,30,15,45,category,0.8163,,0.0,0.8163,category
2905414,38,쇼핑,트리플스토어 시청점,제주특별자치도 제주시 중앙로 246-1 (이도이동),63207,126.530712168292,33.497888269321,트리플스토어는 3가지 이상의 가치와 재미를 담은 브랜드들을 큐레이션하여 소개하는 컨셉형 편집숍입니다. 유행에 민감한 고객들을 위해 매 시즌 가장 핫한 패션 아이템들을 선별하여 감각적인 스타일링 솔루션을 제안합니다.,m.triplestro.co.kr,064-723-5545,12:00-22:00,,불가능,Unknown,없음,가능,Unknown,50,110,SH,쇼핑,SH04,면세점,SH040300,사후면세점,0,0,40,0,0,90,월-일요일,의류,30,15,45,category,0.8163,,0.0,0.8163,category
2908659,38,쇼핑,트리플스토어 제원점,제주특별자치도 제주시 신광로 43 (연동),63124,126.490251360548,33.4882962440632,트리플스토어는 3가지 이상의 가치와 재미를 담은 브랜드들을 큐레이션하여 소개하는 컨셉형 편집숍입니다. 유행에 민감한 고객들을 위해 매 시즌 가장 핫한 패션 아이템들을 선별하여 감각적인 스타일링 솔루션을 제안합니다.,m.triplestro.co.kr,070-8860-4959,12:00-22:00,,불가능,Unknown,없음,가능,Unknown,50,110,SH,쇼핑,SH04,면세점,SH040300,사후면세점,0,0,40,0,10,90,월-일요일,의류,30,15,45,category,0.8163,,0.0,0.8163,category
2909373,38,쇼핑,트리플스토어 칠성점,제주특별자치도 제주시 관덕로15길 15 (일도일동),63277,126.526557666517,33.5146318767033,트리플스토어는 3가지 이상의 가치와 재미를 담은 브랜드들을 큐레이션하여 소개하는 컨셉형 편집숍입니다. 유행에 민감한 고객들을 위해 매 시즌 가장 핫한 패션 아이템들을 선별하여 감각적인 스타일링 솔루션을 제안합니다.,m.triplestro.co.kr,064-751-5545,11:00-21:00,,불가능,Unknown,있음,가능,Unknown,50,110,SH,쇼핑,SH04,면세점,SH040300,사후면세점,0,0,40,0,10,90,월-일요일,"의류 , 신발류 , 가방류 , 기타 섬유직물",30,15,45,category,0.8163,,0.0,0.8163,category
2914248,38,쇼핑,파렌하이트 제주점,제주특별자치도 제주시 칠성로길 27 (일도일동) 1층,63277,126.525776733938,33.5145036587587,파렌하이트는 도시 남성을 위한 세련되고 모던한 감성의 컨템포러리 남성복 브랜드입니다. 정교한 테일러링이 돋보이는 수트부터 트렌디한 캐주얼 라인까지 스타일리시한 남성의 비즈니스와 일상을 책임집니다.,Unknown,0507-1360-7999,11:00~21:00,,불가능,명절,없음,가능,Unknown,50,110,SH,쇼핑,SH04,면세점,SH040300,사후면세점,0,0,20,0,10,70,월-일요일,의류,30,15,45,category,0.8163,,0.0,0.8163,category
2908746,38,쇼핑,파리게이츠 신제주점,제주특별자치도 제주시 연북로 20 (노형동) 에코퍼플,63086,126.483442572409,33.4816896730468,파리게이츠는 '누구라도 즐겁게 골프를'이라는 컨셉 아래 탄생한 프리미엄 골프웨어 브랜드입니다. 고정관념을 탈피한 화려한 컬러와 개성 있는 디자인으로 필드 위 패션 트렌드를 선도하며 골퍼들의 사랑을 받습니다.,www.pearlygatesgolf.co.kr,064-746-8289,10:00-20:00,,불가능,명절,있음,가능,Unknown,50,110,SH,쇼핑,SH04,면세점,SH040300,사후면세점,0,0,30,0,0,80,월-일요일,의류,30,15,45,category,0.8163,,0.0,0.8163,category
2924420,38,쇼핑,팬텀 제주중앙점,제주특별자치도 제주시 중앙로 59 (이도일동),63192,126.52498787071,33.5129515240403,팬텀은 골프의 역동적인 에너지와 패셔너블한 감각이 결합된 고기능성 골프웨어 브랜드입니다. 필드 위에서 최상의 활동성을 보장하는 소재와 눈에 띄는 디자인을 통해 골퍼들의 퍼포먼스와 스타일을 극대화해 줍니다.,Unknown,064-721-2133,10:00~20:00,,불가능,명절,없음,가능,Unknown,50,110,SH,쇼핑,SH04,면세점,SH040300,사후면세점,0,0,30,0,0,80,월-일요일,의류,30,15,45,category,0.8163,,0.0,0.8163,category
2915071,38,쇼핑,팬텀골프 신제주점,제주특별자치도 제주시 신대로12길 56 (연동),63124,126.490622997148,33.4889788347932,팬텀골프는 패셔너블한 감각과 고기능성 기술이 결합된 하이퍼포먼스 골프웨어 브랜드입니다. 필드 위 역동적인 움직임을 완벽하게 지원하는 디자인과 세련된 감성을 통해 골퍼들의 자신감을 한 차원 높여줍니다.,fantow.co.kr,064-712-7218,11:00-21:00,,가능,명절,있음,가능,Unknown,50,110,SH,쇼핑,SH04,면세점,SH040300,사후면세점,0,0,20,0,0,80,월-일요일,스포츠용품,30,15,45,category,0.8163,,0.0,0.8163,category
2785877,38,쇼핑,팰롱팰롱 빛나는,제주특별자치도 제주시 애월읍 애월로 27-2,63043,126.3116281057,33.4614695357,"제주 애월읍에 있는 팰롱팰롱 빛나는은 사랑스러운 분홍색 외관부터 눈길을 사로잡는다. 팰롱팰롱은 ‘반짝반짝’의 제주말이다. 이곳에서는 제주 여행을 특별하게 기억할 수 있는 다양한 종류의 기념품과 소품을 판매한다. 특히 직접 만든 비누가 대표 상품인데 한라산과 돌하르방, 한라봉처럼 제주하면 떠오르는 풍경이나 특산품을 모양 그대로 만들어 색다른 기념품이 된다. 이곳만의 감성을 가득 담은 디자인도 인상적이다. 또 수제비누는 직접 향을 맡아보거나 테스터를 사용해 볼 수 있어 고르는데 부담감이 없다.",https://www.instagram.com/twinkle_jeju,0507-1398-1413,10:00~18:00,,가능,연중무휴,Unknown,Unknown,Unknown,50,110,SH,쇼핑,SH05,전문매장/상가,SH050300,관광기념품/특산물판매점,10,0,70,20,20,90,Unknown,수제비누 등,30,15,45,category,0.7917,,0.0,0.7917,category
3306983,38,쇼핑,페세리코 신세계사이먼프리미엄 아울렛 제주점,제주특별자치도 서귀포시 안덕면 신화역사로304번길 38,63522,126.31635202613,33.3049726791712,페세리코(Peserico)는 이탈리아의 장인 정신과 절제된 우아함이 돋보이는 럭셔리 여성복 브랜드입니다. 최고급 천연 소재와 정교한 테일러링을 바탕으로 한 '콰이어트 럭셔리'의 정수를 보여주며 기품 있는 스타일을 완성해줍니다.,ssfshop.com,064-907-1535,10:30-21:00,,가능,명절,있음,가능,Unknown,50,130,SH,쇼핑,SH04,면세점,SH040300,사후면세점,0,0,40,20,0,90,월-일요일,"의류 , 신발류 , 가방류",30,15,45,category,0.8163,,0.0,0.8163,category
4026799,38,쇼핑,페트레이 신세계사이먼프리미엄아울렛 제주점,제주특별자치도 서귀포시 안덕면 신화역사로304번길 38,63522,126.31635202613,33.3049726791712,"페트레이는 이탈리아의 프리미엄 아우터 브랜드로, 세련된 디자인과 최상의 기능성을 동시에 만족시킵니다. 가벼우면서도 보온성이 뛰어난 패딩 제품들은 도심과 아웃도어를 아우르는 우아한 스타일을 완성해 줍니다.",peuterey.co.kr,064-907-1527,10:30~21:00,,가능,명절,있음,가능,Unknown,50,130,SH,쇼핑,SH04,면세점,SH040300,사후면세점,0,0,20,0,0,80,월-일요일,의류,30,15,45,category,0.8163,,0.0,0.8163,category
2910877,38,쇼핑,폴더 신제주점,제주특별자치도 제주시 신광로 55 (연동) 1층,63123,126.490235163979,33.4871855962564,폴더는 전 세계의 핫한 신발 브랜드와 패션 잡화를 큐레이션하여 소개하는 라이프스타일 슈즈 멀티숍입니다. 유행에 민감한 젊은 층을 타겟으로 매 시즌 가장 트렌디한 아이템들을 발 빠르게 선보입니다.,folderstyle.com,064-711-0934,11:30-23:30,,불가능,Unknown,없음,가능,Unknown,50,110,SH,쇼핑,SH04,면세점,SH040300,사후면세점,0,0,20,0,10,90,월-일요일,"의류 , 신발류 , 가방류 , 기타 섬유직물 , 스포츠용품",30,15,45,category,0.8163,,0.0,0.8163,category
2911139,38,쇼핑,폴더 제주점,제주특별자치도 제주시 관덕로11길 5 (일도일동),63277,126.525202016413,33.5136879525006,폴더는 전 세계의 핫한 신발 브랜드와 패션 잡화를 큐레이션하여 소개하는 라이프스타일 슈즈 멀티숍입니다. 유행에 민감한 젊은 층을 타겟으로 매 시즌 가장 트렌디한 아이템들을 발 빠르게 선보입니다.,folderstyle.com,064-759-9302,11:30-23:00,,불가능,Unknown,없음,가능,Unknown,50,110,SH,쇼핑,SH04,면세점,SH040300,사후면세점,0,0,20,0,0,90,월-일요일,"의류 , 신발류",30,15,45,category,0.8163,,0.0,0.8163,category
132160,38,쇼핑,표선오일시장,제주특별자치도 서귀포시 표선면 표선동서로 203-1,63629,126.8304061108,33.3225437337,"표선오일시장‘은 제주 남쪽 사람들의 정겨움을 느낄 수 있는 작은 시장으로 표선 시내 중심가에 위치해 있다. 매월 2일, 7일에 열리며 생활용품, 농산물을 판매하는 가장 큰 건물과 다양하고 신선한 제철 수산물을 판매하는 어시장, 그리고 순대국밥과 고기국수를 판매하는 작은 식당 총 3개의 건물로 나누어져 있다. 그 중 어시장은 표선항을 끼고 있어, 질 좋은 수산물을 합리적인 가격에 얻을 수 있는 것이 큰 특징이 있다. 또한 작은 시장이기 때문에 빨리 닫혀 참고하기를 바란다. 식당 건물에는 표선 주민들이 찾는 현지인 맛집이 많다. 주변에 표선해수욕장, 성읍민속마을, 해비치호텔 등의 관광지가 있어 제주 여행 시 함께 둘러보기 좋다.",https://www.visitjeju.net,표선면 사무소 064-760-4471,08:00~14:00,,가능,※ 점포마다 상이함,있음,가능,Unknown,50,130,SH,쇼핑,SH06,시장,SH060100,비상설시장,20,70,30,40,20,90,2일 / 7일 / 12일 / 17일 / 22일 / 27일,수산물 / 야채 / 잡화 / 어물류 / 양품류 / 과일 / 철물 등,45,30,60,blend,0.6582,0.625,0.1813,0.6655,blend
2912430,38,쇼핑,풋조이 신제주점,제주특별자치도 제주시 연북로 76 (연동) 1층,63138,126.489399163279,33.4815487337564,풋조이(FJ)는 전 세계 투어 프로들이 가장 많이 선택하는 No.1 골프화 및 골프웨어 전문 브랜드입니다. 탁월한 안정감과 편안함을 제공하는 기능성 슈즈와 의류를 통해 골퍼들이 필드 위에서 최상의 퍼포먼스를 발휘하도록 지원합니다.,www.footjoy.co.kr,0507-1347-7217,10:00-21:00,,가능,명절,있음,가능,Unknown,50,110,SH,쇼핑,SH04,면세점,SH040300,사후면세점,10,0,20,0,10,90,월-일요일,스포츠용품,30,15,45,category,0.8163,,0.0,0.8163,category
2907769,38,쇼핑,프리페어 칠성점,제주특별자치도 제주시 중앙로7길 19 (일도일동),63277,126.526644189329,33.514970483975,"프리페어(PREPARE)는 내일의 더 나은 나를 위해 준비하는 이들을 위한 감각적인 데일리 웨어 브랜드입니다. 실용적인 소재와 모던한 실루엣을 조화시켜, 일상의 모든 순간에 어울리는 세련된 스타일을 제안합니다.",Unknown,064-724-4959,11:00-21:00,,가능,Unknown,없음,가능,Unknown,50,110,SH,쇼핑,SH04,면세점,SH040300,사후면세점,0,0,40,0,0,80,월-일요일,"의류 , 신발류 , 가방류",30,15,45,category,0.8163,,0.0,0.8163,category
4026835,38,쇼핑,피렌체 제주점,제주특별자치도 제주시 노연로 80 (연동),63132,126.488905281133,33.4856033240627,피렌체(FIRENZE)는 이탈리아 예술의 도시 피렌체의 클래식한 감성과 장인 정신을 동경하는 패션 브랜드입니다. 고급스러운 소재와 세련된 디자인의 가죽 잡화 및 의류를 통해 유럽 정통 럭셔리 스타일을 현대적으로 제안합니다.,Unknown,064-747-5679,10:00~22:00,,가능,Unknown,있음,가능,Unknown,50,110,SH,쇼핑,SH04,면세점,SH040300,사후면세점,0,0,20,10,0,70,월-일요일,의류,30,15,45,category,0.8163,,0.0,0.8163,category
4013222,38,쇼핑,피크,제주특별자치도 제주시 신광로 28 (연동) 1층,63129,126.489920091223,33.4897039790157,피크(PEAK)는 정점(Peak)을 향한 열정과 도전을 상징하는 액티브 라이프스타일 및 아웃도어 브랜드입니다. 고기능성 소재와 역동적인 디자인의 의류를 통해 고객의 활동 범위를 넓혀주고 최상의 퍼포먼스를 내도록 지원합니다.,Unknown,0507-1389-1449,10:00~23:00,,불가능,Unknown,있음,가능,Unknown,50,110,SH,쇼핑,SH04,면세점,SH040300,사후면세점,0,0,10,0,20,80,월-일요일,의류,30,15,45,category,0.8163,,0.0,0.8163,category
2904321,38,쇼핑,피플 제주,제주특별자치도 제주시 신성로13길 19 (이도이동) 1층,63207,126.529953850416,33.4985602371075,피플(PEOPLE)은 사람들의 자유로운 라이프스타일에서 영감을 받는 현대적인 패션 및 잡화 브랜드입니다. 편안한 활동성을 최우선으로 고려한 가벼운 소재와 실용적인 디자인의 제품들을 통해 매일의 일상에 즐거움을 더합니다.,Unknown,0507-1334-0507,10:00-23:00,,불가능,Unknown,없음,가능,Unknown,50,110,SH,쇼핑,SH04,면세점,SH040300,사후면세점,0,0,20,0,0,80,월-일요일,의류,45,30,60,blend,0.7816,0.625,0.1813,0.8163,blend
2902945,38,쇼핑,핑골프스포츠,제주특별자치도 제주시 신광로 72 (연동),63132,126.489613874976,33.485591818842,핑골프스포츠는 혁신적인 기술력과 정교한 설계로 전 세계 골퍼들의 두터운 신뢰를 받는 골프 전문 브랜드입니다. 최상의 비거리를 보장하는 클럽부터 활동적인 골프웨어까지 골퍼의 퍼포먼스를 완성하는 모든 솔루션을 제공합니다.,pinggolf.co.kr,064-745-5522,11:00-22:00,,불가능,명절,있음,가능,Unknown,50,110,SH,쇼핑,SH04,면세점,SH040300,사후면세점,0,0,10,0,0,100,월-일요일,"의류 , 스포츠용품",30,15,45,category,0.8163,,0.0,0.8163,category
4013230,38,쇼핑,하이츠 제주,제주특별자치도 제주시 애월읍 하소로 735 1층,63067,126.396034482354,33.4192920702216,하이츠(HEIGHTS.)는 서울의 서브컬처와 글로벌 스트릿 트렌드를 연결하는 대표적인 패션 편집 브랜드입니다. 독창적인 영감을 가진 국내외 브랜드를 안목 있게 소개하며 젊은 세대의 패션과 문화를 선도하고 있습니다.,heights-store.com,064-799-1410,10:00~19:00,,가능,Unknown,있음,가능,Unknown,50,110,SH,쇼핑,SH04,면세점,SH040300,사후면세점,0,0,60,30,20,90,월-일요일,의류,30,15,45,category,0.8163,,0.0,0.8163,category
4026852,38,쇼핑,한국금거래소 제주직영점,제주특별자치도 제주시 연동7길 16 (연동) 1층,63124,126.490572574089,33.488530626459,"한국금거래소는 대한민국 금 거래의 표준을 세우는 신뢰와 전통의 귀금속 전문 브랜드입니다. 투명한 거래 시스템과 엄격한 품질 관리를 통해 골드바, 실버바 등 소중한 자산의 가치를 안전하게 지켜드립니다.",www.koreagoldx.co.kr,0507-1347-0168,10:00~19:00,,불가능,Unknown,있음,가능,Unknown,50,110,SH,쇼핑,SH04,면세점,SH040300,사후면세점,0,0,10,20,10,80,월-일요일,보석/액세서리,30,15,45,category,0.8163,,0.0,0.8163,category
132251,38,쇼핑,한국기념품백화점,제주특별자치도 제주시 원노형로 13 (노형동),63081,126.484783803891,33.4873916220338,‘한국기념품백화점’은1973년도에 창립되어 지금까지 이어져오고 있는 제주에서 가장 오래되고 전통있는 외국인 전용 민예품점이다.,Unknown,064-742-0987,11:00~18:00※ 국제선 시간에 따라 변경됨,,Unknown,연중무휴,Unknown,Unknown,Unknown,50,110,SH,쇼핑,SH05,전문매장/상가,SH050300,관광기념품/특산물판매점,0,0,40,40,10,90,Unknown,토산품 / 도자기 / 보석 / 칠기제품 / 목각제품 / 피혁제품 / 한국전통인형 / 제주특산품 / 식품 / 인삼제품 / 청자 / 백자 / 자수정 / 금제품 / 나전칠기 / 돌하르방 / 갈옷제품 / 한류제품 / 잡화 등,30,15,45,category,0.7917,,0.0,0.7917,category
2922976,38,쇼핑,한국기념품백화점,제주특별자치도 제주시 원노형로 13 (노형동),63081,126.484763713528,33.48746545315,한국기념품백화점은 한국의 전통 미와 정취를 담은 다채로운 기념품과 공예품을 한자리에 모은 전문 쇼핑 공간입니다. 장인의 손길이 닿은 우수한 품질의 상품들을 통해 국내외 관광객들에게 한국의 가치를 전파합니다.,Unknown,064-742-0987,11:00-18:00,,가능,Unknown,있음,가능,Unknown,50,110,SH,쇼핑,SH04,면세점,SH040300,사후면세점,0,0,20,40,10,90,월-일요일,기념품/특산품,30,15,45,category,0.8163,,0.0,0.8163,category
4026839,38,쇼핑,한국선간보,제주특별자치도 제주시 도리로 111 (이호일동),63108,126.463279504351,33.5014840558179,한국선간보(KOREA SUNGANBO)는 현대인의 간 건강을 위해 연구하는 전문 헬스케어 브랜드입니다. 신뢰할 수 있는 한방 원료와 엄격한 품질 관리를 거친 건강 기능 식품을 통해 고객들이 활기차고 건강한 내일을 맞이하도록 지원합니다.,Unknown,064-756-9888,09:00~15:00,,가능,명절,있음,가능,Unknown,50,110,SH,쇼핑,SH04,면세점,SH040300,사후면세점,0,0,10,0,0,70,월-일요일,"기념품/특산품 , 기타 서비스",30,15,45,category,0.8163,,0.0,0.8163,category
4026856,38,쇼핑,한국인삼백화점,제주특별자치도 제주시 연삼로 3 (연동),63117,126.492917648102,33.4940460849342,한국인삼백화점은 대한민국 인삼의 자부심을 담아 최고 품질의 인삼과 홍삼 제품을 선보이는 건강 명가입니다. 전국 각지의 우수한 뿌리삼과 가공 식품을 한곳에서 신뢰와 함께 비교하고 선택할 수 있는 품격 있는 건강 쇼핑 환경을 제공합니다.,Unknown,0507-1326-0057,09:00~16:00,,가능,Unknown,있음,가능,Unknown,50,110,SH,쇼핑,SH04,면세점,SH040300,사후면세점,0,10,10,10,10,100,월-일요일,인삼/한약재/건강보조식품,30,15,45,category,0.8163,,0.0,0.8163,category
4013218,38,쇼핑,한라미디어,제주특별자치도 제주시 삼무로 78 (연동),63124,126.494976936555,33.489522643624,한라미디어는 제주를 넘어 글로벌 시장으로 뻗어가는 창의적인 문화 콘텐츠 및 미디어 라이프스타일 브랜드입니다. 제주의 이야기와 영감을 담아낸 다채로운 기획 상품과 출판물을 통해 고객들에게 새로운 지식과 감동을 선사합니다.,Unknown,064-749-9501,12:00~20:30,,불가능,Unknown,없음,가능,Unknown,50,110,SH,쇼핑,SH04,면세점,SH040300,사후면세점,0,0,20,40,10,70,월-일요일,도서/음반,30,15,45,category,0.8163,,0.0,0.8163,category
4013227,38,쇼핑,한라사이클,제주특별자치도 제주시 신대로19길 11 (연동) 1층,63134,126.497561324261,33.4837452844026,한라사이클은 자전거와 함께 건강하고 활기찬 제주 라이프를 선도하는 사이클링 전문 브랜드입니다. 최신 바이크 큐레이션과 정밀한 피팅 서비스를 통해 라이더들이 한라산과 제주의 풍경을 안전하게 즐길 수 있도록 돕습니다.,Unknown,0507-1375-8510,10:00~20:00,,가능,Unknown,있음,가능,Unknown,50,110,SH,쇼핑,SH04,면세점,SH040300,사후면세점,20,0,30,0,40,70,월-토요일,기타 서비스,30,15,45,category,0.8163,,0.0,0.8163,category
2765334,38,쇼핑,한림매일시장,제주특별자치도 제주시 한림읍 한림로 687,63031,126.2649364013,33.4161382914,"제주 한림에는 5일마다 열리는 한림 오일장과 매일 열리는 상설시장인 한림매일시장이 있다. 한림매일시장의 규모는 다른 매일 시장보다 작지만, 농·축·수산물은 물론, 의류, 인테리어 가게, 반찬 가게 등 알차게 구성된 시장이다. 여행자들을 위한 관광시장이라기보다 현지 도민들이 주로 이용하기 때문에 화려하지는 않지만, 로컬의 분위기를 물씬 느낄 수 있다. 시장 안쪽에는 순대국밥으로 유명한 곳이 있는데, 깔끔하고 푸짐한 양으로 현지인은 물론 여행객들도 즐겨 찾는 맛집이다.",비짓제주 https://www.visitjeju.net,064-796-5209,08:00~20:00 (점포별 상이),,가능,연중무휴 (점포별 상이),있음,Unknown,Unknown,50,110,SH,쇼핑,SH06,시장,SH060200,상설시장,10,60,20,40,30,80,Unknown,수산물 / 정육 / 과일 / 채소 / 잡화 / 의류 / 곡물 / 기름 / 간식거리 등,60,45,75,category,0.8017,,0.0,0.8017,category
993224,38,쇼핑,한림민속오일시장,제주특별자치도 제주시 한림읍 한수풀로4길 10,63026,126.2745604816,33.4198102588,"한림민속5일시장은 제주도 서쪽 한림읍에 위치해 있고, 제주도 사람들의 진솔한 삶의 모습을 들여다볼 수 있는 제주의 전통시장이다. 한림조끄뜨레시장이라는 재미있는 이름도 가지고 있다. 조끄뜨레는 제주어로 곁에, 가까이라는 의미로, 여러분 곁에 가까이 있는 시장이라는 의미이다. 오일장은 매월 4일, 9일이 들어가는 날 열린다. 규모는 작지만, 현지인에게 필요한 생필품, 농기구, 의류 등 없는 것이 없는 알짜배기 시장이다. 농어업이 발달한 지역인 만큼 농기구를 만드는 대장간도 있고, 한림항 근처에 있어 갓 잡아 올린 수산물도 저렴한 가격에 구매할 수 있다. 고객을 위한 택배 서비스와 콜 서비스, 상인회가 인정하는 품질보증 제도를 시행하고 있으며 매년 고객을 위한 감사 대잔치를 개최하고 있다.",https://www.visitjeju.net/kr,064-796-8830,08:00~17:00,,가능,Unknown,Unknown,Unknown,Unknown,50,110,SH,쇼핑,SH06,시장,SH060100,비상설시장,20,20,30,60,20,90,4일 / 9일 / 14일 / 19일 / 24일 / 29일,생필품 / 의류 / 농기구 / 먹거리 등,30,15,45,observed,0.6399,0.625,0.6321,0.6655,blend
2925794,38,쇼핑,한섬 FX 마인 더캐시미어 제주점,제주특별자치도 제주시 1100로 3178 (노형동),63091,126.4853321892,33.4698115556,"한섬은 타임, 마인, 시스템 등 국내 패션 트렌드를 선도하는 다수의 하이엔드 브랜드를 보유한 패션 전문 기업입니다. 수준 높은 품질과 독창적인 미학을 바탕으로 대한민국 패션의 품격을 높이는 데 앞장서고 있습니다.",www.thehandsome.com/ko,064-749-9497,10:00-20:00,,가능,Unknown,있음,가능,Unknown,50,110,SH,쇼핑,SH04,면세점,SH040300,사후면세점,0,0,10,10,0,90,월-일요일,의류,30,15,45,category,0.8163,,0.0,0.8163,category
3306775,38,쇼핑,한섬 아울렛 FX 타임옴므 제주점,"제주특별자치도 제주시 1100로 3178 (노형동) 1,2층",63091,126.485332189237,33.46981155562,"한섬은 타임, 마인, 시스템 등 국내 패션 트렌드를 선도하는 다수의 하이엔드 브랜드를 보유한 패션 전문 기업입니다. 수준 높은 품질과 독창적인 미학을 바탕으로 대한민국 패션의 품격을 높이는 데 앞장서고 있습니다.",www.thehandsome.com/ko,064-749-9496,10:30-20:30,,가능,명절,있음,가능,Unknown,50,110,SH,쇼핑,SH04,면세점,SH040300,사후면세점,0,0,20,20,0,90,월-일요일,의류,30,15,45,category,0.8163,,0.0,0.8163,category
2765345,38,쇼핑,함덕민속오일시장,제주특별자치도 제주시 조천읍 함덕16길 15-13,63333,126.667962776492,33.5402106376301,"함덕 민속 오일시장은 제주시 조천읍 함덕리에 있는 전통 시장이다. 함덕 해수욕장과 마주 보고 있으며, 장날은 1일과 6일이다. 함덕해수욕장과 가깝고, 주민들이 꾸준히 찾는 곳이라 관광객과 현지인들이 자연스레 어우러지는 곳이다. 규모는 그리 크지 않은 편이다. 취급 품목은 의류, 농수산물, 야채, 철물, 건어물, 반찬, 아동복 및 침구류, 분식 등으로 그 가운데 생선류의 품질이 좋고 점포도 많은 편이다. 정겨운 시장 먹거리도 있어 눈과 입이 즐거운 곳으로 가족과 친구와 함께 방문하기 좋다.",Unknown,064-783-8559,※ 점포 별로 상이함,,가능,※ 점포 별로 상이함,있음,가능,Unknown,50,110,SH,쇼핑,SH06,시장,SH060100,비상설시장,30,70,60,70,50,90,Unknown,수산물 / 정육 / 채소 / 잡화 / 곡물 등,75,60,90,blend,0.7346,0.875,0.3297,0.6655,blend
4026861,38,쇼핑,핸썸제주,제주특별자치도 제주시 조천읍 함덕로 38 1층,63333,126.671320273499,33.5422685677496,핸썸제주(HANDSOME JEJU)는 세련된(Handsome) 디자인 안목으로 제주의 가치를 재정의하는 로컬 라이프스타일 브랜드입니다. 제주의 자원을 현대적인 감각으로 가공한 고품질의 상품들을 통해 기품 있는 제주 여행의 추억을 선물합니다.,Unknown,0507-1409-5447,10:00~22:00,,가능,Unknown,있음,가능,Unknown,50,110,SH,쇼핑,SH04,면세점,SH040300,사후면세점,0,0,30,20,0,90,월-일요일,기타 서비스,30,15,45,category,0.8163,,0.0,0.8163,category
3306402,38,쇼핑,헌터 신세계사이먼프리미엄 아울렛 제주점,제주특별자치도 서귀포시 안덕면 신화역사로304번길 38 B1층,63522,126.31635202613,33.3049726791712,헌터(HUNTER)는 160년 넘는 역사를 지닌 영국의 아이코닉한 레인 부츠 및 아웃도어 브랜드입니다. 비 오는 날뿐만 아니라 일상과 페스티벌에서도 빛나는 세련된 디자인과 독보적인 내구성으로 전 세계적인 사랑을 받고 있습니다.,hunterboots.co.kr,0507-1382-1469,10:30-21:00,,가능,명절,있음,가능,Unknown,50,130,SH,쇼핑,SH04,면세점,SH040300,사후면세점,0,0,20,0,0,90,월-일요일,"의류 , 신발류 , 가방류",30,15,45,category,0.8163,,0.0,0.8163,category
4013238,38,쇼핑,헬로제주,제주특별자치도 제주시 조천읍 조함해안로 504 1층,63333,126.666865346791,33.5423935245741,헬로제주는 제주로 떠나는 설레는 여행의 첫 인사를 건네듯 밝고 화사한 감성의 로컬 굿즈 브랜드입니다. 제주의 아름다운 풍경을 일러스트로 담아낸 디자인 소품들을 통해 고객들에게 여행의 기쁨과 활기를 전달합니다.,Unknown,0507-1302-5342,10:00~23:30,,가능,Unknown,있음,가능,Unknown,50,110,SH,쇼핑,SH04,면세점,SH040300,사후면세점,10,0,60,20,0,80,월-일요일,기념품/특산품,30,15,45,observed,0.7676,0.7083,0.4512,0.8163,blend
4026832,38,쇼핑,헬로제주 구좌점,제주특별자치도 제주시 구좌읍 해맞이해안로 460 1층,63358,126.79576990844,33.5555727909314,헬로제주는 제주로 떠나는 설레는 여행의 첫 인사를 건네듯 밝고 화사한 감성의 로컬 굿즈 브랜드입니다. 제주의 아름다운 풍경을 일러스트로 담아낸 디자인 소품들을 통해 고객들에게 여행의 기쁨과 활기를 전달합니다.,Unknown,0507-1426-7771,10:00~20:00,,가능,Unknown,있음,가능,Unknown,50,110,SH,쇼핑,SH04,면세점,SH040300,사후면세점,10,0,60,20,10,80,월-일요일,"식료품 , 기념품/특산품",15,15,30,blend,0.8043,0.75,0.1813,0.8163,blend
2894609,38,쇼핑,헬로키티아일랜드,제주특별자치도 서귀포시 안덕면 한창로 340,63526,126.35212415348,33.2901706416181,"헬로키티아일랜드는 전 세계인의 사랑을 받는 캐릭터 헬로키티의 모든 것을 경험할 수 있는 캐릭터 테마 브랜드입니다. 핑크빛 상상력으로 가득 찬 공간에서 다채로운 전시와 체험, 한정판 굿즈를 통해 동심과 행복을 전합니다.",hellokittyislandadventure.com,064-792-6114,09:00-17:00,,가능,Unknown,있음,가능,Unknown,50,130,SH,쇼핑,SH04,면세점,SH040300,사후면세점,0,0,70,20,60,80,월-일요일,"기념품/특산품 , 기타 서비스",30,15,45,category,0.8163,,0.0,0.8163,category
4026868,38,쇼핑,헬리녹스 크리에이티브 센터 제주,제주특별자치도 제주시 탑동로 5 (삼도이동) B1층,63166,126.524176420811,33.5167693484119,헬리녹스는 전 세계 아웃도어 전문가들이 찬사를 보내는 최첨단 기술력의 프리미엄 캠핑 기어 브랜드입니다. 독보적으로 가볍고 튼튼한 '체어원' 등 혁신적인 제품들을 통해 어디서나 가장 편안하고 스타일리시한 휴식을 제안합니다.,www.helinox.co.kr,064-724-9909,11:00~19:00,,불가능,명절,있음,가능,Unknown,50,110,SH,쇼핑,SH04,면세점,SH040300,사후면세점,10,0,30,0,10,80,월-일요일,스포츠용품,30,15,45,category,0.8163,,0.0,0.8163,category
4026845,38,쇼핑,혜명한약국,제주특별자치도 제주시 서광로2길 11-1 (오라일동),63188,126.513157026035,33.4992156607582,혜명한약국은 '지혜롭고 밝게 빛나는 건강'을 지향하며 전통 한방의 지혜로 환자를 돌보는 신뢰의 한약국입니다. 정직한 약재 관리와 체계적인 체질 상담을 통해 고객의 몸과 마음이 근본적으로 건강해지도록 정성을 다합니다.,Unknown,0507-1389-1522,09:00~20:00,,가능,명절,있음,가능,Unknown,50,110,SH,쇼핑,SH04,면세점,SH040300,사후면세점,0,0,10,20,10,70,월-토요일,인삼/한약재/건강보조식품,30,15,45,category,0.8163,,0.0,0.8163,category
4026817,38,쇼핑,호성이네 빛나는 선물가게,제주특별자치도 서귀포시 중앙로54번길 34 (서귀동),63591,126.563452546323,33.2495843440587,"호성이네 빛나는 선물가게는 제주의 따뜻한 감성과 아기자기한 아이디어를 담은 기념품을 판매하는 곳으로, 시장 구경 중 부담없이 들러 여행의 추억을 구매하기 좋은 공간입니다.",Unknown,0507-1375-5850,08:30~21:30,,가능,명절,없음,가능,Unknown,50,130,SH,쇼핑,SH04,면세점,SH040300,사후면세점,0,0,20,10,0,90,월-일요일,농수산품,30,15,45,category,0.8163,,0.0,0.8163,category
2930611,38,쇼핑,홈플러스 메가푸드마켓 서귀포점,제주특별자치도 서귀포시 중앙로 180 (동홍동),63585,126.559934556059,33.2604859888121,"홈플러스는 합리적인 가격과 다양한 상품 구성을 갖춘 대한민국 유통 브랜드입니다. 신선식품, 생활용품, 가전제품까지 한곳에서 구매할 수 있으며, 온라인 배송 서비스를 통해 편리하고 실속 있는 쇼핑 경험을 제공합니다.",homeplus.co.kr,064-731-8114,10:00-23:00,,가능,명절,있음,가능,Unknown,50,130,SH,쇼핑,SH04,면세점,SH040300,사후면세점,0,20,20,0,10,90,월-일요일,"복합쇼핑몰(백화점, 마트, 편의점, 아울렛 등)",30,15,45,observed,0.8282,0.8333,0.6988,0.8163,blend
4013215,38,쇼핑,휠라언더웨어 신제주점,"제주특별자치도 제주시 도령로 73 (연동, 연동 펠리체) 1층",63127,126.485948322561,33.4901161837273,"휠라는 이탈리아에서 시작된 글로벌 스포츠 브랜드로, 깔끔한 디자인과 기능성을 겸비한 스포츠웨어를 선보입니다. 일상에서도 활용 가능한 트렌디한 스타일을 지향하고 가격도 합리적인 편이라 젊은 세대에게 인기를 얻고 있습니다.",www.fila.co.kr,064-745-7475,10:00~21:00,,가능,Unknown,있음,가능,Unknown,50,110,SH,쇼핑,SH04,면세점,SH040300,사후면세점,0,0,20,0,0,90,월-일요일,의류,30,15,45,category,0.8163,,0.0,0.8163,category
4026815,38,쇼핑,휠라키즈 서귀포점,제주특별자치도 서귀포시 중앙로 69 (서귀동),63592,126.561079374369,33.2507362088925,"휠라는 이탈리아에서 시작된 글로벌 스포츠 브랜드로, 깔끔한 디자인과 기능성을 겸비한 스포츠웨어를 선보입니다. 일상에서도 활용 가능한 트렌디한 스타일을 지향하고 가격도 합리적인 편이라 젊은 세대에게 인기를 얻고 있습니다.",Unknown,0507-1446-0219,10:00~20:00,,가능,명절,없음,가능,Unknown,50,130,SH,쇼핑,SH04,면세점,SH040300,사후면세점,0,0,20,0,0,90,월-일요일,"신발류 , 가방류 , 스포츠용품",30,15,45,category,0.8163,,0.0,0.8163,category
2932050,38,쇼핑,휠라키즈 신제주점,제주특별자치도 제주시 신광로 51 (연동) 1층,63123,126.490210177891,33.4874833795336,"휠라는 이탈리아에서 시작된 글로벌 스포츠 브랜드로, 깔끔한 디자인과 기능성을 겸비한 스포츠웨어를 선보입니다. 일상에서도 활용 가능한 트렌디한 스타일을 지향하고 가격도 합리적인 편이라 젊은 세대에게 인기를 얻고 있습니다.",www.fila.co.kr,064-757-5587,12:00~22:00,,불가능,Unknown,없음,가능,Unknown,50,110,SH,쇼핑,SH04,면세점,SH040300,사후면세점,0,0,20,0,0,90,월-일요일,"의류 , 신발류 , 가방류",30,15,45,category,0.8163,,0.0,0.8163,category
3305767,38,쇼핑,휴고보스 신세계사이먼프리미엄 아울렛 제주점,제주특별자치도 서귀포시 안덕면 신화역사로304번길 38,63522,126.31635202613,33.3049726791712,"휴고보스는 독일 프리미엄 패션 브랜드로, 정교한 테일러링과 고급 소재를 활용한 남녀 의류와 액세서리를 제공합니다. 세련된 비즈니스룩과 모던 캐주얼 스타일을 동시에 만족시키며, 세계적으로 인지도가 높습니다.",www.hugoboss.com,064-907-1529,10:30-21:00,,가능,명절,있음,가능,Unknown,50,130,SH,쇼핑,SH04,면세점,SH040300,사후면세점,0,0,20,0,0,90,월-일요일,의류,30,15,45,category,0.8163,,0.0,0.8163,category
