content_id,content_type_id,content_type_name,title,address,zipcode,longitude,latitude,overview,homepage,contact,hours,featured_menu,menu,parking,closed_days,restroom,credit_card,detail_information,region_code,signgu_code,large_category_code,large_category_name,middle_category_code,middle_category_name,small_category_code,small_category_name,Score_Nature,Score_Food,Score_Photo,Score_Culture,Score_Activity,Score_Shopping,stay_time_minutes,stay_min,stay_max,stay_src,satisfaction_score,qual,qual_rel,qual_category,satisfaction_src,food_tags
2857265,39,음식점,513텐동,제주특별자치도 제주시 구남로8길 17 (이도이동),63232,126.5370555146,33.4902927242,"513텐동은 제주에서 색다른 맛을 경험할 수 있는 퓨전 텐동 전문점으로, 고르는 재미와 먹는 재미를 동시에 느낄 수 있는 곳이다. 이곳은 일본식 덮밥인 텐동을 기본으로 하되, 독창적인 구성과 다양한 재료 조합을 통해 누구나 취향에 맞게 즐길 수 있는 메뉴를 선보인다. 특히 신선한 기름으로 정성껏 튀겨낸 바삭한 튀김과 특제 소스의 조화가 입맛을 사로잡는다. 대표 메뉴인 513 텐동은 탱글한 새우튀김을 중심으로, 오늘의 채소튀김, 느타리버섯, 꽈리고추, 김, 수란까지 어우러져 다양한 풍미와 식감을 한 그릇에서 즐길 수 있는 인기 메뉴다. 또 하나의 베스트셀러인 육회텐동은 고소한 튀김 위에 신선한 육회를 함께 얹어내어, 고기와 튀김을 한 번에 맛볼 수 있는 이색적인 조합으로 많은 손님들의 사랑을 받고 있다. 메뉴 하나하나가 다양한 재료의 튀김으로 구성되어 있어 각각 골라 먹는 재미도 크다 .텐동의 새로운 매력을 느껴보고 싶다면, 추천하는 곳이다.",Unknown,0507-1327-4345,11:20~20:30 (마지막 주문 19:50),513텐동,육회텐동 / 통돼지삼겹바베큐텐동 / 연어텐동 등,가능,매주 토요일,있음,가능,화장실: 있음,50,110,FD,음식,FD02,외국식,FD020200,일식,0,100,20,0,10,0,60,45,75,category,0.849,,0.0,0.849,category,"일식,양식·세계음식"
2863940,39,음식점,52번가,제주특별자치도 제주시 도남로 52 (도남동),63201,126.5270118197,33.4957030765,"52번가는 제주 제주시 도남동에 위치한 아담하고 감성적인 디저트 카페로, 수플레와 크로플을 중심으로 한 다양한 디저트 메뉴를 즐길 수 있는 곳이다. 실내는 찻잔과 접시, 앤틱한 찬장, 빈티지한 램프와 레이스 커튼 등 아기자기한 소품들로 꾸며져 있어 전반적으로 따뜻하고 아늑한 분위기 덕분에 사진 찍기에도 좋고, 조용한 대화를 나누기에도 좋다. 이곳의 대표 메뉴는 천 번을 휘저어 만든 52번가 수플레이다. 또 다른 인기 메뉴인 ‘브라운치즈 크로플’은 브라운치즈가 올라가 있어 고소하고 짭조름한 맛이 크로플과 잘 어우러진다. 이 외에도 ‘모짜르트 커피’, ‘런던 크림 커피’ 등 독특하고 이색적인 커피 메뉴들도 준비되어 있어 색다른 커피 경험을 원하는 이들에게도 만족감을 준다. 주변에는 제주도민속자연사박물관, 삼성혈, 제주원도심 등 함께 둘러보기 좋은 관광지가 있다.",Unknown,010-2000-6509,11:00~22:00,52번가 수플레,런던 크림 커피 / 브라운치즈 크로플 / 모짜르트 커피 등,불가능,매주 화요일,있음,Unknown,화장실: 있음,50,110,FD,음식,FD05,카페/ 찻집,FD050100,카페,30,90,70,10,10,0,60,45,75,category,0.8263,,0.0,0.8263,category,
2911088,39,음식점,5L2F,제주특별자치도 제주시 와흘상길 30,63344,126.6335448189,33.4939265833,"5L2F는 제주특별자치도 제주시 조천읍 와흘리에 위치한 로스터리 카페다. 성경 속 다섯 개의 떡과 두 개의 물고기를 의미하는 이름처럼 특별한 의미를 담고 있으며, 제주 동쪽 중산간의 여유로운 분위기 속에서 커피를 즐길 수 있는 공간이다. 직접 볶은 원두를 활용한 다양한 커피 메뉴를 선보이며, 대표 메뉴인 크림크레마는 부드러운 크림 라떼, 153커피는 진한 풍미의 라떼, 뜬구름은 시나몬 향이 어우러진 카푸치노다. 라떼 맛집으로 알려져 있으며, 유기농 밀가루와 원당을 사용한 케이크류와 독특한 군밤 디저트도 인기다. 매장에서 직접 로스팅한 원두와 드립백 커피도 판매해 카페의 맛을 집에서도 즐길 수 있다.",Unknown,064-752-5020,10:00~18:00,크림크레마,153커피 / 뜬구름 / 찬구름 / 시그니쳐듀오 등,가능,매주 일요일~월요일,Unknown,Unknown,Unknown,50,110,FD,음식,FD05,카페/ 찻집,FD050100,카페,40,90,50,10,10,30,45,30,60,blend,0.8578,1.0,0.1813,0.8263,blend,
2899703,39,음식점,73st,제주특별자치도 제주시 해안마을길 73,63077,126.4551439425,33.4570339914,"73st는 제주시 해안초등학교 앞에 있는 대형 브런치 카페로 대표메뉴는 제주 고사리 오믈렛과 떠벅(떠먹는 버거)이다. 빵쌈의 경우 카페에서 직접 숙성하여 만든 통삼겹살과 모닝빵, 샐러드가 함께 나오는데 미니버거를 만들어 먹거나 따로 샐러드와 함께 먹는다. 이밖에 프렌치토스트, 스튜, 샐러드류 등 다양한 브런치 메뉴와 피자류가 있다. 테이블이 다양하고 창가에 빈백이 있으며 루프탑도 갖춰져 있다.",https://www.instagram.com/jeju_73st_cafe,064-748-7309,09:00~19:00 (마지막 주문 18:00),제주 고사리 오믈렛,딸기라떼 / 새우·홍합 스튜 / 감바스 피자 / 떠벅 등,가능,매주 화요일,있음,Unknown,화장실: 있음,50,110,FD,음식,FD05,카페/ 찻집,FD050100,카페,10,90,60,0,10,0,60,45,75,blend,0.8351,0.875,0.1813,0.8263,blend,
2359240,39,음식점,88돼지,제주특별자치도 제주시 제원길 7,63129,126.489606,33.489329,88돼지는 제주시에 위치한 흑돼지 근고기 전문점이다. 100% 제주산 품질 좋은 돼지고기를 고객에게 제공한다. 쫄깃하고 두툼한 흑돼지 근고기를 멜젓에 찍어 먹는 맛의 풍미가 깊다. 근고기 외에도 오겹살을 맛볼 수 있다. 제주 공항 근처에 위치하여 많은 여행객들이 방문하는 고기집이다.,Unknown,0507-1400-9947,16:00~04:00 (마지막 주문 03:00),흑근고기,흑오겹살 / 백오겹살 / 흑돼지김치찌개 등,가능,연중무휴,Unknown,가능,Unknown,50,110,FD,음식,FD01,한식,FD010100,관광식당,0,100,20,0,0,0,60,45,75,blend,0.7587,0.5,0.1813,0.816,blend,"고기·구이,한식"
2904488,39,음식점,88로스터즈,제주특별자치도 제주시 금산5길 35-1 1층,63286,126.5634867132,33.5258578478,"88로스터즈는 제주특별자치도 제주시 화북해안도로 화북포구 인근에 위치한 로스터리 카페이다. 포구와 가까운 곳에 자리하고 있지만 매장에서는 바다 대신 아늑한 분위기의 공간을 즐길 수 있다. 내부는 은은한 민트색과 타일, 벽돌 소재를 활용해 감각적으로 꾸며져 있으며, 매장에서 직접 로스팅한 원두로 커피를 내려 진한 풍미를 느낄 수 있다. 커피 메뉴와 함께 스콘, 쿠키, 에그타르트 등 간단한 베이커리류도 판매한다. 영업시간은 매장 상황에 따라 변동될 수 있어 방문 전 SNS나 전화로 확인하는 것이 좋다. 주변에는 삼양해수욕장과 국립제주박물관 등이 있어 함께 둘러보기 좋다.",Unknown,010-6789-7130,12:00~19:00※ 유동적일 수 있으므로 전화 문의 후 방문 요망,아메리카노,티라미수 / 카페라떼 / 레몬에이드 등,가능,연중무휴,Unknown,Unknown,Unknown,50,110,FD,음식,FD05,카페/ 찻집,FD050100,카페,30,80,70,10,10,0,60,45,75,category,0.8263,,0.0,0.8263,category,
2852457,39,음식점,ABC 에이팩토리베이커리카페,제주특별자치도 제주시 관덕로7길 39 (삼도이동),63166,126.5232394495,33.5166840271,"ABC 에이팩토리베이커리카페는 제주공항 인근 탑동에 위치한 베이커리 카페이다. 전체적으로 인더스트리얼 느낌의 인테리어로 콘크리트와 벽돌이 그대로 노출된 형태이고, 2층에는 책장과 함께 올드 스쿨 느낌의 테이블과 의자가 있다. 시그니처 메뉴는 호밀가루와 샤워종 반죽에 무화과와 호두까지 더해져 풍성한 식감의 무화과캄파뉴이다. 현지인들에게는 바게트와 아몬드 크로와상이 인기가 많으며, 여행객들에게는 간단하게 먹을 수 있는 포르투갈식 에그타르트가 인기가 많다. 빵이 나오는 시간이 정해져 있어 먹고 싶은 빵이 있다면 미리 확인 후 방문하는 것이 좋다.",https://www.instagram.com/abc_bakery_jeju,064-720-8223,08:30~16:00,무화과 캄파뉴,에그마요 샌드위치 / 잠봉뵈르 / 생식빵 등,불가능,"매주 화요일, 수요일",있음,가능,화장실: 있음,50,110,FD,음식,FD05,카페/ 찻집,FD050100,카페,0,90,70,0,10,10,60,45,75,observed,0.6699,0.6389,0.8347,0.8263,blend,
2904508,39,음식점,AND 유 CAFE,제주특별자치도 제주시 한림읍 한림로 518,63012,126.2542070367,33.4046005109,"AND 유 CAFE는 한림읍 옹포리에 있다. 동물성 식품을 전혀 사용하지 않는 비건 카페로 제주를 여행하는 채식주의자들에게 일찍부터 소문이 났다. 기후위기와 환경문제, 동물권 등의 문제를 음식으로 얘기하려고 하는 모토가 있는 곳이다. 홈메이드 비건버거, 샌드위치 등 브런치를 주로 판매하며 공정무역 커피와 초콜릿, 유기농 차를 맛볼 수 있고 일회용품은 지양한다. 환경을 위한 운동과 캠페인에 적극적으로 참여하며 비건 음식 클래스도 운영한다. 비건 식료품과 로컬 친환경 제철 채소도 구매할 수 있다.",https://www.instagram.com/andyucafe,0507-1302-9564,16:00~21:00,비건 치킨 랩,veef 치즈 버거 / 비건 치킨 버거 / 크리스피 템페 버거 등,가능,매주 화요일~수요일,있음,Unknown,화장실: 있음,50,110,FD,음식,FD05,카페/ 찻집,FD050100,카페,30,90,40,40,60,50,60,45,75,category,0.8263,,0.0,0.8263,category,
2877807,39,음식점,M1971 카페 엠브릿지,제주특별자치도 서귀포시 최남단해안로 128 M1971 요트클럽하우스 1F,63513,126.2571416578,33.2101442731,"M1971 카페 엠브릿지는 제주 모슬포 운진항에 있다. 다수의 방송에 출연한 바 있는 남방 큰 돌고래 투어, 일출 투어 등 다양한 요트 프로그램에 참여할 수 있고 저녁에는 아름다운 일몰과 노을을 조망할 수 있다. 컵빙수와 돌고래라테, 산방산 라테 등 시그니처 음료와 샌드위치, 머핀, 크로플이 준비되다. 반려동물 동반이 가능하다.",https://www.m1971.com,070-4772-9714,08:00~18:00 (마지막 주문 17:45),돌고래라떼,산방산라떼 / 한라산라떼 / 모슬포감귤차 등,가능,연중무휴,있음,Unknown,화장실: 있음,50,130,FD,음식,FD05,카페/ 찻집,FD050100,카페,70,80,80,0,70,0,60,45,75,category,0.8263,,0.0,0.8263,category,
2850913,39,음식점,가는곶 세화,제주특별자치도 제주시 구좌읍 세화14길 3,63361,126.8606961680,33.5205279098,"가는곶 세화는 제주특별자치도 제주시 구좌읍 세화리에 자리한 감성적인 베이커리로, ‘옆집으로 이사 가고 싶은 세화빵집’을 모토로 운영되고 있다. 이곳은 제주에서 자란 건강한 농작물을 활용한 빵을 만드는 것으로 유명한데, 제주토종흑보리, 대추방울토마토, 푸른콩 등 제주 농부들이 정성껏 키운 재료들을 사용한다. 반죽은 최대한 최소화하여 소화에 부담이 적은 빵을 만드는 것을 지향하고 있다. 시그니처 메뉴로는 에멘탈 치즈와 살짝 말린 토마토가 들어간 ‘에멘탈썬드라이토마토’, 그리고 구운 감자의 풍미가 살아 있는 ‘구운제주감자빵’ 등이 있다. 근처에 세화해수욕장, 평대해변, 비자림 등 자연명소가 가까이 있어 함께 둘러보는 것도 추천한다.",https://instagram.com/whisky_sehwa,064-782-9006,- 화요일~금요일 09:00~19:00 / - 토요일~월요일 09:00~21:00,흑보리사워도우,에멘탈썬드라이토마토 / 구운제주감자빵 / 쑥보늬밤빵 등,불가능,연중무휴 / ※ 변동 가능성이 있으므로 전화문의 요망,있음,Unknown,화장실: 있음,50,110,FD,음식,FD05,카페/ 찻집,FD050100,카페,40,90,60,20,10,20,30,15,45,observed,0.8729,0.9,0.6321,0.8263,blend,
2906155,39,음식점,가람,제주특별자치도 제주시 복지로북길 4 1층,63220,126.5206443232,33.4888475823,"가람은 KBS 제주방송총국 인근에 위치한 추어탕 전문점이다. 대표 메뉴인 돌솥밥추어탕은 구수한 추어탕과 돌솥밥이 함께 제공되는 든든한 한 끼로, 양배추샐러드와 단호박 등 건강한 밑반찬을 곁들여 즐길 수 있다. 돌솥밥은 비빔밥으로 먹은 뒤 누룽지까지 맛볼 수 있으며, 들깨를 넣어 깊고 담백하게 끓여낸 추어탕이 많은 사랑을 받고 있다. 여름철에는 녹차 독새기 콩국수도 판매하며, 인근의 민오름과 제주도민속자연사박물관을 함께 둘러보기 좋다.",Unknown,064-756-0012,08:30~21:00,돌솥밥추어탕,녹두빈대떡 / 녹두독세기콩국수 / 제주고사리육개장 등,불가능,매주 토요일,Unknown,Unknown,Unknown,50,110,FD,음식,FD01,한식,FD010100,관광식당,20,100,10,10,10,0,60,45,75,category,0.816,,0.0,0.816,category,"한식,면 요리"
2755053,39,음식점,가람돌솥밥,제주특별자치도 서귀포시 중문관광로 332 (대포동),63544,126.4313090015,33.2496926417,중문관광로에 있는 가람돌솥밥은 어릴 적 해녀이신 어머니가 물질하여 따온 신선한 재료를 얹어 주시던 기억이 생생해 그 정성과 마음을 담아 어머니의 마음을 나누려고 2003년에 문을 열었다. 깔끔한 밑반찬과 성게미역국 인기가 좋으며 모든 상차림에 전복 또는 활어회가 제공된다. 해물돌솥밥을 마가린과 간장에 비벼 먹을 수 있도록 준비해 둔 코너가 인상적이며 친절한 사장님과 직원들이 항상 웃으며 응대한다. 서귀포에서 든든하게 아침밥을 챙겨 먹기 좋은 곳이다.,Unknown,0507-1432-1200,- 08:30~21:00 / - 준비시간 16:00~17:00 / - 마지막 주문 20:00,전복돌솥밥,성게전복돌솥밥 / 전복해물뚝배기 / 한치해물돌솥밥 등,가능,연중무휴,있음,Unknown,화장실: 있음,50,130,FD,음식,FD01,한식,FD010100,관광식당,10,100,20,10,10,0,60,45,75,observed,0.7117,0.6667,0.6988,0.816,blend,"제주 향토음식,해산물 요리,회·물회·초밥,한식"
1866904,39,음식점,가시식당,제주특별자치도 서귀포시 표선면 가시로565번길 24,63623,126.7713633064,33.3530172003,가시식당은 가시보건진료소 인근에 자리 잡은 40년 이상의 전통을 자랑하는 순댓국 전문점이다. 실내는 편안한 가정집 분위기의 입식 홀 구조이다. 돼지 잡뼈를 넣고 우린 육수에 순대와 내장을 말아 뚝배기에 담아내는 순댓국과 철판 위에 은박지를 깔고 볶아먹는 돼지고기 두루치기가 인기메뉴이다.,Unknown,064-787-1035,- 08:30~20:00 / - 준비시간 15:00~17:00 / - 마지막 주문 18:30,순대백반,순대국수 / 두루치기 / 수육 등,가능,"매달 둘째, 넷째 일요일",Unknown,Unknown,Unknown,50,130,FD,음식,FD01,한식,FD010100,관광식당,0,100,20,20,0,0,30,15,45,observed,0.899,1.0,0.4512,0.816,blend,"고기·구이,한식,면 요리"
2791481,39,음식점,가시아방국수,제주특별자치도 서귀포시 성산읍 섭지코지로 10,63641,126.9180930788,33.4386573313,"성산읍에 자리하고 있는 가시아방 국수는 제주 특산 메뉴인 고기 국수를 주력으로 하는 맛집이다. 대표 메뉴인 고기 국수는 진한 육수에 부드럽고 노란 면, 고소한 돔베고기 고명이 조화롭다. 이외에도 비빔국수와 멸치국수 역시 이곳만의 감칠맛으로 인기 메뉴이다. 여러 메뉴를 한 번에 먹고 싶다면 세트 메뉴도 준비되어 있는데, 국수와 돔베고기 1/2을 함께 맛볼 수 있어 가성비 좋게 즐길 수 있다.",Unknown,064-783-0987,- 10:00~20:30 / - 마지막 주문 19:50,고기국수,돔베고기 / 멸치국수 / 물만두 등,가능,매주 수요일,Unknown,Unknown,Unknown,50,130,FD,음식,FD01,한식,FD010100,관광식당,0,100,20,20,10,0,30,15,45,observed,0.7284,0.7273,0.9877,0.816,blend,"제주 향토음식,한식,면 요리"
2837181,39,음식점,가시어멍김밥,제주특별자치도 제주시 월랑로 36,63097,126.4763302701,33.4888641378,"가시어멍김밥은 제주특별자치도 제주시 노형동에 위치한 분식집이다. 제주 공항과 10분 거리인 시내 중심가에 있어 공항 도착 전후의 한 끼 식사로 좋다. 가시어멍은 제주도 방언으로 장모님을 뜻한다. 제주 톳을 넣은 김밥으로 유명해지면서 지금은 전국에 체인점을 가진 가시어멍김밥의 본점이 되었다. 제주에서 자란 신선한 재료를 사용하며, 대표 메뉴는 가시어멍김밥과 김밥도시락세트이고 가시어멍충무김밥과, 한우 떡국도 많이 찾는다. 관광객의 경우 김밥을 포장하여 여행 다니는 사람들이 많다. 오전 7시에 영업을 시작해 아침식사로 먹기에도 좋다. 함께 둘러보기 좋은 주변 관광지로는 이호테우 해변과, 내도 알작지 해변 등이 있다.",https://www.instagram.com/gasieomeong_gimbap,064-747-6316,07:00~20:00 (마지막 주문 19:50),가시어멍김밥,김밥도시락세트 / 한우떡만두국 / 한우톳비빔밥 등,불가능,연중무휴,Unknown,Unknown,Unknown,50,110,FD,음식,FD01,한식,FD010100,관광식당,20,90,10,20,10,20,60,45,75,category,0.816,,0.0,0.816,category,"제주 향토음식,한식,분식·간편식"
2805240,39,음식점,가파도별미식당,제주특별자치도 서귀포시 대정읍 영서중로 59,63510,126.26004038779146,33.22150872289134,가파도별미식당은 가파도 보릿가루로 반죽한 보말보리수제비와 보말죽 삼계탕이 대표 메뉴이다. 크림스프처럼 부드럽고 뜨끈한 보말죽 삼계탕은 환절기 몸보신으로 제격이다.,Unknown,064-794-0320,11:00~19:3014:00~17:00 준비시간18:30 주문 마감※ 재료 소진시 조기마감,보말죽 삼계탕,보말죽 삼계탕 / 전복죽 삼계탕 / 보말보리수제비 외,Unknown,매주 일요일,Unknown,Unknown,Unknown,50,130,FD,음식,FD01,한식,FD010100,관광식당,0,90,10,0,0,0,60,45,75,category,0.816,,0.0,0.816,category,"제주 향토음식,한식,면 요리"
2853435,39,음식점,갈치공장,제주특별자치도 제주시 해맞이해안로 1296,63360,126.8509745258,33.5319348245,"갈치공장은 제주 평대리 해맞이해안로 바닷가에 있다. 카페 같은 분위기의 높은 천장과 깔끔한 인테리어, 통유리창을 통해 바다를 바라보며 갈치조림, 갈치통구이와 전복음식을 맛볼 수 있다. 가격도 관광지 고물가에 비하면 좋은 편으로 오후 4시 30분까지 영업을 하지만, 재료가 소진되면 영업을 종료해 원하는 메뉴를 먹지 못할 수 있다. 근처 여행지로 세화5일장, 평대해변, 세화해변, 월정해변 등이 있다.",Unknown,0507-1493-5591,09:00~16:20 (라스트오더 15:20),갈치조림,전복구이 / 제주은갈치통구이 / 전복뚝배기 / 전복돌솥밥 등,가능,매주 목요일,Unknown,Unknown,Unknown,50,110,FD,음식,FD01,한식,FD010100,관광식당,60,90,70,10,10,0,60,45,75,observed,0.8485,0.875,0.5507,0.816,blend,"제주 향토음식,해산물 요리,한식"
3545966,39,음식점,갈치바다 애월,제주특별자치도 제주시 애월읍 애월로 15-1 1~2층 갈치바다 애월,63043,126.31099269269497,33.460415216807874,"제주시 애월읍에 위치한 갈치바다 애월점의 대표 메뉴는 ‘한 상 세트’이다. 구성은 통갈치구이와 순살 갈치조림을 중심으로 전복버터구이, 전복미역국, 톳밥 등 다양한 해산물 요리가 함께 차려진다. 순살 갈치조림은 갈치에 뼈 제거가 잘 되어 있어 남녀노소 누구나 먹기 편하며, 짜지 않고 깔끔한 양념, 감칠맛 중심의 조림이다. 신선한 제주 갈치를 사용해 풍미가 좋다. 탁 트인 오션뷰와 함께 즐기는 식사가 가능하다. 푸짐한 한 상 구성이며 부족한 반찬은 셀프바에서 자유롭게 추가할 수 있다.",Unknown,0507-1490-0734,10:00~21:00 (마지막 주문 20:00),순살 갈치조림,제주 통갈치구이 / 문어 / 전복미역국 등,가능 (30대),연중무휴,Unknown,Unknown,Unknown,50,110,FD,음식,FD01,한식,FD010100,관광식당,40,100,70,0,10,0,60,45,75,observed,0.8691,0.9,0.6321,0.816,blend,"제주 향토음식,해산물 요리,한식"
2783304,39,음식점,갈치왕,제주특별자치도 서귀포시 일주서로 1146 (상예동),63534,126.3907705168,33.2646820142,"제주 갈치왕은 당일 서귀포항에서 경매한 신선한 갈치를 공수해 저렴한 가격으로 제공하는 갈치 요리 전문점이다. 통갈치 해물찜과 갈치조림 세트는 해산물과 갈치의 풍성한 맛을 동시에 즐길 수 있으며, 밑반찬으로 나오는 옥돔구이, 고등어구이, 갈치회, 간장게장의 맛이 훌륭하다.",Unknown,0507-1343-9333,- 10:30~21:30 / - 준비시간 15:00~17:00 / - 마지막 주문 20:20,가시없는 갈치조림,통갈치 구이 세트 / 통갈치해물찜 / 갈치 실속 세트 등,가능,연중무휴,있음,Unknown,화장실: 있음,50,130,FD,음식,FD01,한식,FD010100,관광식당,0,100,20,0,10,0,60,45,75,observed,0.8768,0.8889,0.8347,0.816,blend,"제주 향토음식,해산물 요리,회·물회·초밥,한식"
1866954,39,음식점,감나무집,제주특별자치도 제주시 오남로 12,63191,126.51954708216,33.4941441700543,"제주에 위치한 감나무집은 숯불구이 전문점이다. 실내는 좌식, 입식 테이블, 개별룸 등 다양한 좌석이 구비된 널찍한 홀 구조여서 각종 단체 모임을 하기에도 좋다. 소양념갈비, 돼지양념갈비, 돼지 생갈비, 소갈비찜이 대표 메뉴이며 그 외 점심 메뉴로 맛볼 수 있는 흑돼지불고기정식, 차돌국밥, 차돌된장찌개 등이 있다.",Unknown,064-722-8292,10:30~22:00 (마지막 주문 21:00),감나무왕갈비,돼지양념갈비 / 돼지생갈비 / 오겹살 등,불가능,연중무휴,Unknown,가능,Unknown,50,110,FD,음식,FD01,한식,FD010100,관광식당,0,90,20,0,10,0,60,45,75,category,0.816,,0.0,0.816,category,"고기·구이,한식"
2854455,39,음식점,감따남,제주특별자치도 서귀포시 월산로 16 1층,63556,126.4946032358,33.2620894948,"감따남은 서귀포 중산간서로 근처 올레 7-1코스, 엉또폭포로 향하는 길목에 있다. 이곳에서 3대째 감귤 농사를 짓고 있는 부부가 운영하는 정원 카페다. 반려동물과 함께라면 야외 정원을 이용할 수 있으며, 감따남 스냅 사진작가가 촬영하는 스냅사진을 예약하여 찍을 수 있다. 웨딩 스냅사진 촬영소로 입소문이 나면서 커플 여행자 방문이 많다. 10월부터는 감귤따기 체험프로그램을 운영하기도 한다. 주변 여행지로 엉또폭포, 고근산 등이 있다. / ※ 반려동물 야외 정원 동반 가능",https://www.instagram.com/gamttanam_cafe,0507-1347-2306,매주 월요일,귤꽃피크닉,시그니처 뀨울라떼 / 감따라떼 / 만감에이드 / 8월의 풋귤 등,가능 / 요금 (무료),11:00~18:00 (라스트오더 17:00),Unknown,Unknown,Unknown,50,130,FD,음식,FD05,카페/ 찻집,FD050100,카페,80,70,90,20,70,10,30,15,45,observed,0.7919,0.75,0.4512,0.8263,blend,
2873679,39,음식점,검은노루,제주특별자치도 서귀포시 대정읍 상모로 257,63510,126.2617326224,33.2238983821,"검은노루는 제주 서귀포시 대정읍에 위치한 음식점으로, 국수 요리와 수육을 주메뉴로 선보인다. 일반적인 메뉴 구성과는 다른 개성 있는 요리를 만날 수 있다. 국수의 면이 일반적으로 사용하는 중면이 아닌, 굵고 탱탱한 칼국수 면발을 사용하며, 국물이 진해 진한 육수의 맛을 느낄 수 있다. 또한 수제 고기산적은 기다란 돔베(도마) 위에 구운 목살, 앞다릿살, 양파, 새우, 버섯 등이 올려져 나오며, 이외에도 목갈비와 구운 채소, 다양한 소스를 함께 즐길 수 있는 ‘노루한판’은 여럿이 함께 나눠먹기 좋은 구성이다. 가게 내부는 빈티지하고 엔틱한 소품들이 배치되어 있어 인테리어를 보는 것도 또 하나의 즐거움이 된다.",https://www.instagram.com/jeju_black_roe_deer,064-792-7552,11:00~20:50 (마지막 주문 19:50),노루한판,고기칼국수 / 메밀국수 / 수육 등,가능,"매주 수요일, 목요일",있음,Unknown,화장실: 있음,50,130,FD,음식,FD01,한식,FD010100,관광식당,10,90,60,20,20,0,60,45,75,category,0.816,,0.0,0.816,category,"고기·구이,한식,면 요리"
2359165,39,음식점,검은여닭도가니,제주특별자치도 서귀포시 토평동,63580,126.5821,33.2439,"제주특별자치도 서귀포시 토평동 검은여 해안 인근에 위치한 검은여닭도가니는 토종닭도가니와 닭백숙 전문점이다. 올레길 코스에 위치하고 있어 간단하게 끼니를 때울 수 있는 다양한 메뉴를 판매하고 있다. 서귀포 칼호텔, 파라다이스 호텔이 인근에 위치해 있고, 바로 앞이 검은여 해안이기 때문에 관광객들이 즐겨 찾고 있다.",Unknown,064-733-3030,11:00~21:00,한방도가니,전복도가니 / 용궁도가니 / 검은여백숙 등,가능,매주 화요일,Unknown,Unknown,Unknown,50,130,FD,음식,FD01,한식,FD010100,관광식당,20,80,30,0,10,0,60,45,75,category,0.816,,0.0,0.816,category,"제주 향토음식,해산물 요리,한식"
2758836,39,음식점,경미네집,제주특별자치도 서귀포시 성산읍 일출로 259,63643,126.9334967787,33.4612828593,"제주의 대표적인 관광 명소인 성산 일출봉 근처에 있는 경미네집은 제대로 된 간판도 없이 입소문만으로 유명해진 식당이다. 이 집의 해물 라면은 양은 냄비에 투박하게 끓여 나오는데 싱싱한 문어와 오징어, 조개가 가득 들어있으면서도 저렴한 가격으로 실속 있게 음식을 즐길 수 있다. 인원수대로 라면을 주문하면 밥은 서비스로 나온다. 아삭아삭한 김치와 함께 먹으면 시원함이 배가 된다. 성게가 가득 올라간 성게 밥과 바로 조리하여 쫀득한 식감이 좋은 전복죽도 일품이다. 오래된 분식집처럼 정감 있는 곳에서 맛보는 따뜻한 음식들이 마음마저 따뜻하게 한다.",http://www.instagram.com/gyeongminejib,0507-1326-2671,08:30~16:00,해물라면,성게밥 / 전복죽 / 해물모둠 등,불가능,매월 마지막 화요일,있음,Unknown,화장실: 있음,50,130,FD,음식,FD01,한식,FD010100,관광식당,20,100,40,20,10,0,30,15,45,observed,0.7486,0.6667,0.4512,0.816,blend,"해산물 요리,한식,면 요리"
2870515,39,음식점,경성수산,제주특별자치도 제주시 한림상로 111,63032,126.2648059954,33.4099473082,"경성수산은 한림종합운동장 근처에 있다. 제주 토박이가 직접 잡은 자연산 해산물, 양식 해산물 등 다양하게 준비하고 있으며 저렴하고 깨끗한 회포장 전문점이다. 식당 내에는 테이블이 4개 정도 있다. 방어, 고등어, 참돔 등 제철 활어를 깨끗하게 손질해 주며 딱새우도 먹기 좋게 껍질을 제거해 준다. 여행자들이 숙소로 포장해 가는 경우가 많으며 매장에서도 간단히 시식할 수 있다. 포장의 경우 1시간 이내 취식을 추천한다. 한림항, 옹포항과도 가깝다.",Unknown,010-2772-6848,16:00~22:20 (마지막 주문 21:30),돌돔,고등어+참돔+딱새우세트 / 참돔+광어+딱새우 / 날치알밥 등,불가능,연중무휴,있음,Unknown,화장실: 있음,50,110,FD,음식,FD01,한식,FD010100,관광식당,0,90,10,0,20,30,30,15,45,observed,0.8572,0.875,0.6988,0.816,blend,회·물회·초밥
404193,39,음식점,고관심해장국,제주특별자치도 제주시 한경면 용고로 86,63008,126.17954972989,33.3011695738899,"고관심해장국은 제주시 한경면 고산리 농협 사거리에 위치한 음식점이다. 고관심해장국 식당은 여타 유명한 식당과는 달리 진한 해장국 맛으로만 조용히 입소문이 난 식당이다. 메뉴는 소고기해장국, 선지해장국, 순대국밥 등으로 시골의 진한 국물 맛을 그대로 느낄 수 있다. 제주시 한경면 인근을 여행한다면 아침 식사로 추천하는 음식점이다. 주변 관광지로 단사봉, 엉알해안, 다금바리스타 등이 있다.",Unknown,064-772-2825,08:00~14:00,해장국,뼈다귀해장국 / 순대국밥 / 내장탕 등,가능,연중무휴,Unknown,가능,Unknown,50,110,FD,음식,FD01,한식,FD010100,관광식당,10,90,10,0,0,0,60,45,75,category,0.816,,0.0,0.816,category,한식
4083815,39,음식점,고국수,제주특별자치도 제주시 용문로14길 4 (용담이동) 1층,63161,126.5091061058,33.5063657934,"제주공항에서 7분 거리에 위치한 고국수는 제주도 여행의 시작과 마지막을 함께하기 좋은 제주 고기국수 맛집이다. 48시간 정성껏 고아낸 깊고 진한 육수와 쫄깃한 생면으로 제주만의 특별한 맛을 선사한다. 생면고기국수, 생면 은갈치튀김 국수, 생면비빔국수, 제주흑돼지국밥 등 다양한 메뉴를 즐길 수 있다. 매장 중앙에는 큰 연못 인테리어가 있어 아이들과 함께 방문하기 좋으며 편안한 분위기에서 식사할 수 있다. 혼밥 고객을 위한 메뉴 구성과 가족 단위 방문객을 위한 세트 메뉴도 준비되어 있다. 돔베고기와 문어무침, 문어튀김, 곤드레만두 등 사이드 메뉴까지 다양하게 마련되어 있어 제주공항 근처에서 제주스러운 한 끼를 찾는 분들에게 추천하는 곳이다.",Unknown,064-712-0239,- 09:00~20:30 - 준비시간 15:30~17:00 - 점심 마지막 주문 15:00 / 저녁 마지막 주문 20:00,생면고기국수,생면 은갈치튀김 국수 / 생면비빔국수 / 돔베고기(소)&문어무침 등,가능,연중무휴,Unknown,Unknown,Unknown,50,110,FD,음식,FD01,한식,FD010100,관광식당,20,90,40,20,10,10,30,15,45,observed,0.8008,0.7969,0.7981,0.816,blend,"제주 향토음식,고기·구이,해산물 요리,한식,면 요리"
1867998,39,음식점,고불락,제주특별자치도 제주시 애월읍 고내로7길 45-12,63045,126.3366095862,33.4667893686,"100년 된 고택에서 먹는 힙한 노포감성의 식당, 고불락을 소개한다. 고불락은 대한민국에서 유일하게 상추효소밥을 먹을 수 있는 식당이다. 고불락은 제주시 애월읍에 있는 가정식 백반 맛집으로, 100년이 넘은 고택을 음식점으로 리모델링해 영업하고 있다. 가게가 골목길에 위치해 차량을 가지고 왔다면 골목길 앞에 있는 무료주차장, 애월 해안도로 주차장을 이용하는 것을 추천한다. 100년이 넘은 만큼 가게는 아담하고 정겨운 분위기가 난다. 집에서 먹을 법한 가정식 백반을 판매하는 곳으로, 상주밥 정식과 고등어쌈밥이 대표 메뉴다. 상추밥 정식은 고불락의 시그니처 메뉴인 상추효소밥을 흑돼지 제육볶음, 국과 함께 제공한다. 상추에 효소밥, 제육볶음을 얹어 들깨소스와 찍어 먹으면 상추의 아삭함과 드레싱의 달콤함, 그리고 제육볶음의 맛이 어우러지는 걸 느낄 수 있다. / (출처 : 제주 문화관광 홈페이지)",Unknown,0507-1400-0393,08:00~21:00 (마지막 주문 20:20),상추밥 정식,고등어조림 / 흑돼지 김치찌개 / 뽀글보리밥 등,가능,연중무휴,Unknown,없음,Unknown,50,110,FD,음식,FD01,한식,FD010100,관광식당,20,100,70,40,10,0,60,45,75,observed,0.8829,0.9375,0.5507,0.816,blend,"고기·구이,해산물 요리,한식"
2863927,39,음식점,고사리커피,제주특별자치도 제주시 구좌읍 중산간동로 2064,63355,126.7640945189,33.4734065616,고사리커피는 제주의 바다와 오름만큼 아름다운 제주의 숲을 담고 있는 공간이다. 측면으로 낸 통창으로 고사리가 피어난 깊고 몽환적인 제주의 숲에 앉아 잠시 쉬어갈 수 있다. 가마솥에 덖어낸 귤피차와 스페셜티 원두의 에스프레소가 블렌딩 된 티커피인 고사리커피와 제주 수제 청귤청과 스페셜티 아메리카노가 블렌딩 된 청귤커피는 오직 고사리커피에서만 맛볼 수 있는 음료이다. 또 고소한 우리 쌀 누룽지와 1등급 원유 크림치즈로 만든 글루텐프리 치즈케이크와 국내산 쌀가루와 프랑스산 천연발효버터를 사용해 만든 글루텐프리 쌀 다쿠아즈도 판매하고 있다.,https://www.instagram.com/gosari.coffee,0507-1340-9316,11:00~18:00 (마지막 주문 17:30),고사리커피,누룽지 치즈케이크 / 쌀 다쿠아즈 / 청귤커피 등,불가능,매주 수요일,있음,가능,화장실: 있음,50,110,FD,음식,FD05,카페/ 찻집,FD050100,카페,70,90,80,10,10,10,75,60,90,observed,0.7875,0.7708,0.6988,0.8263,blend,
2807119,39,음식점,고서방 짬뽕,제주특별자치도 제주시 인다5길 11-5 (아라일동),63247,126.5481604303,33.4759667087,"고서방 짬뽕은 제주 현지의 신선한 해산물을 재료로 한 짬뽕을 판매하는 중식당이다. 고추짬뽕과 우삼겹짬뽕이 인기메뉴이며, 탕수육은 흑돼지 등심을 사용해 바삭하고 담백한 맛이며, 소금에 찍어 먹는 것이 별미이다. 자극적이지 않은 건강한 맛의 짬뽕과 다양한 사이드 메뉴를 즐길 수 있다. 하절기에는 밀면스타일의 냉우동도 판매하고 있다. 가게 내부가 크지는 않지만 깨끗하고 위생을 잘 지키고 있으며, 웨이팅이 있을 만큼 많은 사람들이 방문하고 있다.",Unknown,064-722-0402,11:00~15:00,고추짬뽕,우삼겹짬뽕 / 흑돼지 등심 탕수육 / 삼선짬뽕 등,가능,"매주 일요일 / 매월 둘째, 넷째 월요일",있음,가능,화장실: 있음,50,110,FD,음식,FD02,외국식,FD020100,중식,0,90,10,0,10,0,45,30,60,category,0.8477,,0.0,0.8477,category,"고기·구이,해산물 요리,면 요리,중식,양식·세계음식"
2904549,39,음식점,고요산책,제주특별자치도 제주시 중앙로12길 5 1층,63168,126.5238629435,33.5118171806,"고요산책은 제주시 중앙로 천주교 중앙교회 근처에 있다. 북&코워킹 스페이스, 여행자를 위한 북 라운지로 책을 읽을 수 있는 조용한 공간이다. 공간 사용료를 지불하면 음료를 무료로 제공하며 공정무역 커피, 차, 쿠키 등이 준비되어 있다. 2,000여 권이 넘는 책을 보유하고 있고 조용한 공간을 통해 고요한 휴식을 취할 수 있다. 주변 여행지로 제주성지, 삼성혈, 제주 동문시장 등이 있다.",Unknown,0507-1330-2036,09:00~18:00,Unknown,Unknown,가능,매주 일요일※ 변동 될 수 있으므로 홈페이지 참조 및 전화 문의 요망,Unknown,Unknown,Unknown,50,110,FD,음식,FD05,카페/ 찻집,FD050100,카페,30,30,40,20,40,10,60,45,75,category,0.8263,,0.0,0.8263,category,
135288,39,음식점,고우니가든,제주특별자치도 제주시 조천읍 남조로 2625,63343,126.652007,33.495947,"제주시에 위치한 고우니가든은 말고기를 전문으로 판매하고 있는 곳이다. 고우니가든은 직접 제주 토종 조랑말을 제주도의 청정 지역에서 방목하며, 싱싱한 간과 검은 지름, 육회 등을 맛볼 수 있는 기회를 제공한다. 현재 고우니가든에서는 말고기를 비롯, 꿩·토종닭·청둥오리 등 청정지역 제주를 대표할 수 있는 주력 품목 들을 제공하고 있다.",Unknown,064-782-1418,10:00~22:00,말요리 코스,말육회 / 말구이 / 맑은 조개탕 등,가능,연중무휴,Unknown,모든 카드 사용 가능,Unknown,50,110,FD,음식,FD02,외국식,FD020500,퓨전음식,20,100,20,20,20,0,60,45,75,category,0.8192,,0.0,0.8192,category,"제주 향토음식,고기·구이,해산물 요리,양식·세계음식"
2759061,39,음식점,고이정,제주특별자치도 제주시 애월읍 애월로 6,63043,126.3113536176,33.4593342400,"매일 자정까지 운영하는 흑돼지 근고기와 제주 가브리살 전문점이다. 고이정이라는 이름은 ‘고’기 맛이 ‘이’래도 되나 싶을 ‘정’도라는 말을 의미한다. 점심시간에 방문하면 흑돼지, 김치찌개, 공깃밥이 인원수에 맞게 나오는 세트 메뉴 주문이 가능하다. 기본 찬은 쌈무, 양파장아찌, 파절임, 열무김치, 백김치, 옥수수 콘 등이 나오는데 특히 파절임은 새콤해서 고기와 함께 싸 먹기에 알맞다. 고기를 주문하면 숯불 위에 놓인 볏짚에 흑돼지를 초벌구이해 준다. 그리고 다시 불판 위에서 익어가는 근고기는 비계와 살코기의 비율이 좋아 보기만 해도 먹음직스럽다. 청양고추를 송송 썰어 넣은 멸치젓 소스에 듬뿍 찍어 먹으면 제격이다. / *도민상회 5번째 매장",Unknown,0507-1350-0401,11:00~24:00 (라스트오더 23:00),흑돼지 근고기,숙성 가브리살 / 김치찌개 외,가능,연중무휴,Unknown,가능,"부대시설: 단체석, 무선 인터넷, 주차장, 화장실 (남녀 구분)",50,110,FD,음식,FD01,한식,FD010100,관광식당,0,100,40,0,10,0,60,45,75,observed,0.9103,0.925,0.8647,0.816,blend,"고기·구이,한식"
2831590,39,음식점,고집돌우럭 중문점,제주특별자치도 서귀포시 일주서로 879 (색달동),63534,126.4167184145,33.2580109376,"서귀포 중문관광단지 근처에 있는 고집돌우럭은 제주 제철음식을 전문으로 하는 토속음식점이다. ‘갓 지어 고슬고슬 맛난 밥을 대접한다’, ‘제주에서 가장 신선한 식재료만을 사용하겠다’, ‘눈으로 먹는 음식이 맛도 좋다’는 세 가지 고집을 신념으로 하며 제주 우럭의 참맛을 알리는 데 노력하고 있다. 메뉴는 우럭조림과 낭푼밥을 포함하는 런치와 디너 코스요리 각 네 가지씩 선보이고 있으며 2인분 이상 주문할 수 있다. 정갈하게 한상차림으로 나와 든든한 한끼를 먹을 수 있다. 룸이나 단체석도 준비되어 있어 가족모임, 단체모임에도 적합하다. 주변 여행지로는 중문 색달해수욕장과 대포주상절리가 있다.",https://www.gozipfish.com,0507-1408-1540,10:00~21:30 (준비시간 15:00~17:00),런치코스,디너코스,가능,연중무휴,Unknown,Unknown,Unknown,50,130,FD,음식,FD01,한식,FD010100,관광식당,20,90,40,20,10,0,60,45,75,observed,0.8158,0.8158,0.9776,0.816,blend,"제주 향토음식,한식"
2863913,39,음식점,고토커피바,제주특별자치도 제주시 애월읍 구엄동3길 56,63049,126.3809026350,33.4810246035,"고토커피바는 제주 구엄포구 근처 골목길 안쪽에 조용히 자리한 감성 카페로, 일반 가정집을 리모델링해 독특하고 따뜻한 분위기를 자아낸다. 카페의 가장 인상적인 인테리어는 커피 바 앞쪽에 설치된 통창 스테인드글라스로, 공간 전체에 은은한 빛과 감각적인 분위기를 더해준다. 원래 거실이었던 공간은 커피 바로, 나머지 두 개의 방은 깔끔하고 아늑하게 꾸며져 있어 각기 다른 분위기에서 커피를 즐길 수 있다. 전체적으로 감각적이면서도 따뜻한 인테리어 덕분에 어느 방향에서든 사진을 찍기 좋은 포토 스팟이 많다. 대표 메뉴는 필터커피와 부드럽고 진한 풍미의 테린느이며 이 외에도 아인슈페너, 크림소다 등 다양한 커피와 음료 메뉴가 준비되어 있어 취향에 따라 선택할 수 있다.",https://www.instagram.com/goto_coffeebar,070-4416-4250,10:00~18:00 (마지막 주문 17:50),필터커피,테린느 / 라즈베리 테린느 / 크림소다 등,가능,연중무휴 / ※ 변동될 수 있으므로 전화문의 요망,있음,Unknown,화장실: 있음,50,110,FD,음식,FD05,카페/ 찻집,FD050100,카페,30,80,90,10,10,0,60,45,75,blend,0.8218,0.8125,0.3297,0.8263,blend,
1868009,39,음식점,골막식당,제주특별자치도 제주시 천수로 12,63215,126.538434024914,33.5024185092047,"제주 동부 경찰서 인근에 위치한 제주식 고기 국수 전문 한식당이다. 돼지 사골과 멸치를 함께 우려낸 혼합 육수를 바탕으로,일반 소면보다 두툼한 면을 사용하는 것이 특징이다. 대표 메뉴인 고기 국수는 진한 국물 위에 삶은 돼지고기 수육을 고명으로 올려 내며, 취향에 따라 고춧가루를 첨가해 얼큰한 맛으로 조절하여 즐길 수 있다. 이 외에도 양념장에 버무린 비빔국수와 별도로 주문 가능한 돼지 수육이 주요 인기 메뉴로 구성되어 있다. 이른 아침부터 영업을 시작하여 아침 식사가 가능하다.",Unknown,064-753-6949,06:30~18:00 (마지막 주문 17:30),고기국수,수육 / 비빔국수 등,가능,연중무휴,Unknown,가능,Unknown,50,110,FD,음식,FD01,한식,FD010100,관광식당,0,100,20,20,10,0,30,15,45,observed,0.8067,0.8036,0.7534,0.816,blend,"제주 향토음식,한식,면 요리"
2857289,39,음식점,골목식당,제주특별자치도 제주시 중앙로 63-9 (이도일동),63192,126.5250282923,33.5118512570,"골목식당은 제주 동문재래시장 중앙로 쪽 끝, 동문 골목시장 안에 자리 잡은 숨은 맛집으로, 제주산 꿩고기를 사용한 메밀 칼국수로 유명하다. 일반적인 칼국수집과 달리, 이곳은 꿩고기와 꿩 뼈를 우려낸 깊고 진한 육수에, 손반죽으로 직접 만든 메밀국수를 넣어 독특하면서도 깊은 풍미를 자랑한다. 골목식당은 무려 50년 넘게 같은 자리에서 장사를 이어온 전통 있는 식당이다. 메밀국수는 밀가루 국수에 비해 잘 끊어지고, 처음엔 다소 밋밋하게 느껴질 수 있으나, 국물과 어우러질수록 씹는 맛과 고소한 풍미가 살아나며 은근한 중독성을 자랑한다. 자극적인 맛보다는 자연스럽고 깊은 맛을 선호하는 사람들에게 특히 사랑받고 있다.",Unknown,064-757-4890,10:30~20:00,꿩메밀칼국수,꿩구이 / 꿩샤브 / 꿩탕 등,가능,연중무휴,있음,Unknown,화장실: 있음,50,110,FD,음식,FD01,한식,FD010100,관광식당,0,100,20,40,10,20,60,45,75,category,0.816,,0.0,0.816,category,"한식,면 요리"
2852311,39,음식점,골목카페옥수,제주특별자치도 제주시 소길1길 19,63037,126.3799286479,33.4397708216,"골목카페옥수는 소길리종합복지회관 근처 골목 안쪽에 있다. 할머니 옛집을 개조하여 카페를 운영하고 있으며 작은 마당에는 귤나무와 꽃들이 있고, 검은 개 모모가 반긴다. 오래된 카펫, 자개장 문을 뜯어 만든 테이블, 할머니 빗자루, 모티브 가방 등 빈티지한 소품이 오래된 집과 조화를 이룬다. 당일 만든 에그타르트가 유명하며 시그니처인 할매라떼는 미숫가루와 에스프레소를 섞은 진한 음료이다. 주변 여행지로 상가리야자숲, 고내봉이 있다. / ※ 반려동물 동반 불가",Unknown,010-5520-6516,11:00~18:00 (라스트오더 17:30),할매라떼,옥수페너 / 소길에이드 / 아메리카노 / 제주말차라떼 / 에그타르트 등,가능 (소길리종합복지회관) / 요금 (무료),매주 금요일,Unknown,Unknown,Unknown,50,110,FD,음식,FD05,카페/ 찻집,FD050100,카페,70,80,80,30,20,0,60,45,75,observed,0.9203,0.975,0.6321,0.8263,blend,
2759096,39,음식점,곰막식당/곰막,제주특별자치도 제주시 구좌읍 구좌해안로 64,63347,126.7205186105,33.5568605164,"전복죽 전문점인 곰막식당의 깨가 듬뿍 들어간 전복죽은 첫술부터 진한 고소함을 느낄 수 있다. 깊은 바다향이 나는 성게 국수와 회국수 역시 이 집의 대표 메뉴이며 비린내 없이 담백하다. 이곳은 생면으로 국수를 만들어 쫄면같이 쫄깃쫄깃한 식감이 입맛을 더 돋운다. 활어회도 인기 메뉴로 매일 지하 80m에서 염지하수를 끌어올려 사용하기 때문에 더욱더 싱싱한 회를 먹을 수 있다. 인기 많은 맛집답게 기본 반찬은 제공하지만, 이후에는 주류, 음료, 추가 반찬, 물, 물티슈, 국물, 앞치마 등을 셀프로 가져와야 한다.",Unknown,064-727-5111,09:30~21:00 (라스트오더 20:00),성게국수,회국수 / 고등어회 / 고등어구이 / 활우럭탕 / 활전복죽 등,가능 / 요금 (무료),"매월 둘째주, 넷째주 목요일",있음 (남녀 구분),가능,화장실: 있음 (남녀 구분),50,110,FD,음식,FD01,한식,FD010100,관광식당,0,100,40,0,10,0,60,45,75,observed,0.8261,0.8269,0.9257,0.816,blend,"제주 향토음식,해산물 요리,회·물회·초밥,한식,면 요리"
2781375,39,음식점,공천포식당,제주특별자치도 서귀포시 남원읍 공천포로 89,63612,126.6425958686,33.2664163660,"공천포식당은 잔잔하고 검은 모래가 있는 서귀포의 공천 포구 인근에 자리 잡은 한식당이다. 된장과 고춧가루를 넣어 맛을 낸 시원한 육수에 깻잎과 김 가루로 감칠맛을 더한 물회가 유명하다. 해삼, 한치, 소라 중 원하는 재료를 골라 주문하면 커다란 대접에 시원한 물회와 정갈한 밑반찬, 밥 한 공기가 함께 나와 푸짐한 한 상이 차려진다.",Unknown,064-767-2425,- 10:00~19:30 / - 준비시간 15:00~17:00,전복물회,전복죽 / 고등어구이 / 뿔소라물회 등,가능,매주 목요일,Unknown,Unknown,Unknown,50,130,FD,음식,FD01,한식,FD010100,관광식당,20,100,40,10,10,0,30,15,45,observed,0.8059,0.8,0.6321,0.816,blend,"제주 향토음식,해산물 요리,회·물회·초밥,한식"
1861336,39,음식점,광양해장국집,제주특별자치도 제주시 광양13길 25 (이도이동),63209,126.5326251248,33.4999471402,"제주시 이도2동에 위치한 해장국 전문점이다. 가게 앞에 넓은 주차장이 있어 주차가 불편한 동네에 위치해있지만 걱정하지 않아도 된다. 이곳은 1987년부터 장사를 시작해 현재까지 역사와 전통을 이어가고 있는 노포이다. 내부는 굉장히 넓어 한꺼번에 많은 인원이 들어와도 문제없다. 메뉴는 소뼈해장국, 해장국, 내장탕이 있다. 소뼈해장국은 먹기 좋은 크기의 소뼈가 가득 들어가 있는 해장국이다. 마치 갈비탕이나 감자탕을 연상케 하는 비주얼이다. 이곳의 최고 인기 메뉴는 해장국이다. 다른 곳과 달리 양지가 아닌 아롱사태가 들어가 있어 색다른 느낌을 준다. / (출처 : 제주 문화관광 홈페이지)",Unknown,0507-1415-1780,06:00~15:00,해장국,소뼈해장국 / 내장탕 등,가능,매주 월요일,Unknown,Unknown,Unknown,50,110,FD,음식,FD01,한식,FD010100,관광식당,0,90,30,40,10,0,60,45,75,category,0.816,,0.0,0.816,category,한식
2759603,39,음식점,교래손칼국수(원조교래손칼국수),제주특별자치도 제주시 조천읍 비자림로 645,63346,126.6760057906,33.4361675979,직접 손으로 반죽해서 뽑은 초록색 생면과 진한 닭 국물이 인상적인 교래손칼국수는 제주의 느낌을 살린 건물 외관이 특징적이다. 넓은 주차장은 물론 버스 정류장 바로 앞에 있어 방문하기에도 매우 편하다. 내부도 매우 넓은 편이지만 항시 손님들로 붐벼 대기해야 하는 일이 잦으니 3시 이전 방문자들은 예약하는 게 좋다. 인기 메뉴는 진한 국물이 일품인 토종닭 칼국수와 바지락 칼국수이며 곁들여 먹는 깍두기와 배추김치도 깔끔하다. 든든한 식사 후 근처에 있는 거문오름과 사려니숲길을 산책하는 것도 좋다.,http://www.064-782-9870.kti114.net,064-782-9870,10:30~17:00,토종닭칼국수,바지락칼국수 / 비빔칼국수 / 보말전복칼국수 등,가능,매주 화요일,가능 (남녀 구분),가능,"부대시설: 단체석, 아기의자, 주차장, 무선 인터넷, 화장실 | 화장실: 가능 (남녀 구분)",50,110,FD,음식,FD01,한식,FD010100,관광식당,40,100,60,0,20,0,60,45,75,observed,0.8336,0.8393,0.7534,0.816,blend,"한식,면 요리"
2906163,39,음식점,구씨커피로스터스,제주특별자치도 제주시 구좌로 21 1층,63361,126.853951432481,33.5236266977927,"구씨커피로스터스는 제주 동부의 조용한 마을 세화리에 자리한 스페셜티 커피 전문점이다. 2019년 문을 연 이후 직접 원두를 선별하고 로스팅하며, 원두마다 지닌 고유의 향미를 다양한 추출 방식으로 선보이고 있다. 차분하고 편안한 분위기의 공간에서 스페셜티 커피를 즐길 수 있으며, 커피 한 잔에 담긴 섬세한 풍미와 개성을 경험할 수 있는 것이 특징이다. 계절과 원두의 특성에 따라 다채로운 맛을 선보여 커피 애호가들의 발길이 꾸준히 이어지고 있으며, 세화리의 한적한 풍경과 함께 여유로운 시간을 보내기에도 좋다. 정성껏 로스팅한 스페셜티 커피를 통해 원두 본연의 매력을 만날 수 있는 제주의 로스터리 카페이다.",Unknown,0507-1322-2917,10:00~18:00,핸드드립 커피,쥬시콜 / 아메리카노 / 카페라테 등,불가능,매주 수요일,Unknown,Unknown,Unknown,50,110,FD,음식,FD05,카페/ 찻집,FD050100,카페,50,90,40,10,20,10,45,30,60,blend,0.8125,0.75,0.1813,0.8263,blend,
2759091,39,음식점,구이사이,제주특별자치도 제주시 애월읍 신엄9길 2,63047,126.3685427963,33.4722559343,"제주 착한 가격 업소로 선정된 구이사이에서는 비교적 저렴한 가격에 정식 상차림을 먹을 수 있다. 불고기, 생선구이, 된장찌개, 묵은지, 콩나물무침, 미역국 등이 푸짐하게 나온다. 소정의 요금을 더 내고 특정식을 주문하면 상추와 새우젓, 쌈장과 함께 나오는 돔베고기, 계란말이, 생선조림, 닭볶음탕, 제육볶음 등 그날그날 다른 메뉴가 나온다. 이 가격에 이토록 정성스러운 음식들을 먹어도 되나 할 정도이다. 마치 어머니가 차려주신 아침 밥상 같은 음식을 제공하는 구이사이는 오전 6시부터 운영하며 제주 애월 근처에 있다.",Unknown,064-799-9242,07:00~23:00 (브레이크타임 15:00 ~ 17:00 / 라스트오더 22:00),뼈갈비,오겹살 / 정식 / 양념갈비 / 우거지해장국 / 순두부 등,가능,매주 일요일,Unknown,가능,"부대시설: 단체석, 무선 인터넷, 화장실(남녀 구분), 주차장",50,110,FD,음식,FD01,한식,FD010100,관광식당,0,100,20,20,10,0,45,30,60,observed,0.8718,0.8958,0.6988,0.816,blend,"고기·구이,한식"
2763762,39,음식점,구좌상회,제주특별자치도 제주시 조천읍 선교로 198-5,63340,126.6988860073,33.4857235955,"월정리 해변가에 위치한 구좌상회는 제주 돌담으로 지어진 옛집 풍경을 간직한 고즈넉하고 아담한 카페이다. 집 두 채를 개조하여 빈티지한 멋스러움을 간직하면서도 통창으로 보이는 경관이 감성을 더욱 자극한다. 시그니쳐 메뉴인 당근케이크는 촉촉한 케이크 시트와 당근이 맛의 조화를 이룬다. 소녀감성 가득한 찻잔에 홍차를 곁들이며 조용하게 감상에 빠져들기 좋다. 테이블과 의자, 식물들이 놓여있는 앞마당은 그 자체가 포토존이다. 제주스러움을 느끼고 싶다면 꼭 가봐야 할 카페이다.",Unknown,010-6600-6648,10:30~18:00,당근케이크,커피 / 케이크 / 블랙티 / 한라봉차 등,불가 (마을 공영주차장 이용 가능),"매주 화요일, 수요일",가능 (남녀 구분),가능,"화장실: 가능 (남녀 구분) | 부대시설: 무선 인터넷, 화장실",50,110,FD,음식,FD05,카페/ 찻집,FD050100,카페,60,80,90,50,10,0,60,45,75,observed,0.7919,0.75,0.4512,0.8263,blend,
2852379,39,음식점,구좌읍 우럭튀김 민경이네어등포식당,제주특별자치도 제주시 해맞이해안로 830,63358,126.8257678765,33.5537681121,"민경이네 어등포해녀촌은 해맞이해안로 구좌농공단지 근처에 있다. 1999년부터 시작한 우럭튀김 정식 맛집으로 2017년에 현재 자리로 이전했다. 통 우럭 튀김에 매콤한 소스가 올려 나오며 민경이 물회국수의 경우 제주식 된장 베이스가 아닌 고추장 양념으로 조리해 여행자들에게 인기다. 이 외에도 전복 뚝배기, 전복죽, 제주산 옥돔구이, 성게국을 맛볼 수 있다.",Unknown,0507-1320-7500,09:00~20:00 (마지막 주문 19:20),민경이물회,우럭정식 / 갈치조림 / 전복뚝배기 등,가능,매주 목요일,있음,Unknown,화장실: 있음,50,110,FD,음식,FD01,한식,FD010100,관광식당,10,100,20,20,10,0,60,45,75,category,0.816,,0.0,0.816,category,"제주 향토음식,해산물 요리,회·물회·초밥,한식,면 요리"
2767696,39,음식점,국수만찬,제주특별자치도 제주시 은남3길 1 (연동),63123,126.4955008644,33.4871618534,"제주에서 맛볼 수 있는 특별한 메뉴인 고기국수는 그 육수와 면 종류가 달라 식당마다 개성이 뚜렷하다. 국수 만찬은 공항에서 멀지 않은 제주시 연동에 자리하고 있는 국수 맛집으로 2007년부터 시작해 오랫동안 자리를 지키고 있는 식당이다. 국수 메뉴로는 고기국수, 멸치국수, 비빔국수가 있으며, 수육과 돔베고기, 아강발 등 다양한 제주 특산 메뉴를 판매한다. 면은 얇지 않은 중간 면을 쓰며 수육이 푸짐하게 올라가 있어 식감이 좋다. 관광객은 물론 현지인들도 많이 방문한다.",Unknown,064-749-2396,목요일~월요일 11:30~20:00 (브레이크타임 14:00~17:00 / 라스트오더 19:30) / 화요일 11:30~14:00 (라스트오더 13:30),고기국수,멸치국수 / 비고국수 / 비빔국수 / 물만두 / 돔베고기 등,가능 (골목),매주 수요일 / 명절 연휴,있음 (남/녀구분),가능,화장실: 있음 (남/녀구분),50,110,FD,음식,FD01,한식,FD010100,관광식당,0,100,40,50,10,0,45,30,60,observed,0.7509,0.7344,0.7981,0.816,blend,"제주 향토음식,고기·구이,한식,면 요리"
2753021,39,음식점,국수바다 본점,제주특별자치도 서귀포시 일주서로 580 (대포동),63540,126.447206757009,33.2529864261731,"제주 서귀포시에 위치한 국수바다는 직접 반죽한 자가제면을 사용하는 국수전문점으로, 서귀포 고기국수로도 잘 알려진 곳이다. 12시간의 정성이 담긴 육수와 숙성 자가생면을 사용하여 탱글하면서도 부드러운 식감이 특징이며, 제주도 고기국수 특유의 깊은 맛을 함께 즐길 수 있다. 또한 성게와 전복이 푸짐하게 들어가 있어 제주의 맛을 제대로 경험할 수 있으며, 현지인과 여행객 모두에게 사랑받는 서귀포맛집으로 손꼽힌다. 매장은 88석 규모로 여유로운 실내 공간을 갖추고 있고, 50대까지 동시 주차 가능한 전용 주차장도 마련되어 있어 접근성이 좋다. 또한 서귀포의 관광지와 가까워 잠시 들러 휴식하기에도 좋고 식사 후 둘러보기에도 좋아, 서귀포고기국수와 제주도고기국수를 함께 즐길 수 있는 서귀포맛집으로 부담 없이 방문하기 좋다.",Unknown,0507-1395-9256,08:00-21:00 (마지막 주문 20:30),베지근한 고기국수,비빔국수 / 세트메뉴 / 보말고사리칼국수 등,가능,연중무휴,Unknown,가능,Unknown,50,130,FD,음식,FD01,한식,FD010100,관광식당,10,100,30,20,10,0,45,30,60,blend,0.8355,0.875,0.3297,0.816,blend,"제주 향토음식,한식,면 요리"
404126,39,음식점,굼부리식당,제주특별자치도 서귀포시 표선면 중산간동로 4589,63624,126.804733257643,33.3885208456916,성읍민속마을에 위치한 이곳 굼부리 식당은 초가집을 개조해서 만들어 향토적인 분위기를 풍기며 넓은 실내에 좌석이 많이 있어 단체로도 이용이 가능하다. 이곳은 제주산 토종 흑돼지 주물럭이 주메뉴다. 굼부리 식당만의 특별한 양념으로 제조된 주물럭 양념은 식탁에서 직접 구워 먹는데 다른 곳에서 먹는 것과 별미를 제공한다. 성읍민속마을의 특성상 저녁 영업은 거의 하지 않기 때문에 점심 식사에 안성맞춤이다.,Unknown,064-787-4861,10:00~16:00,흑돼지정식,옥돔구이 / 비빔밥 / 톳 김치말일 국수 등,가능,연중무휴,Unknown,가능,Unknown,50,130,FD,음식,FD01,한식,FD010100,관광식당,20,90,60,40,30,0,60,45,75,category,0.816,,0.0,0.816,category,"제주 향토음식,고기·구이,한식"
2830485,39,음식점,권가칼국수,제주특별자치도 제주시 화삼북로 38 1층,63303,126.5769319952,33.5171098365,"권가칼국수는 매일 직접 반죽을 하고 면을 뽑는 자가제면소 칼국수집이다. 신선한 재료와 정성스러운 조리로 깊은 국물 맛을 자랑한다. 메뉴에는 담백한 칼국수 외에도 닭곰탕, 해물파전 등이 마련되어 있어, 다양한 요리를 함께 즐길 수 있다. 대표 메뉴인 닭 칼국수는 고소하고 깊은 맛이 특징이며, 또 다른 별미인 조개 칼국수는 깔끔하고 담백한 맛이 나 현지인은 물론 관광객에게도 인기 있는 메뉴이다. 합리적인 가격과 넉넉한 양으로 가성비가 좋다는 점이 또 다른 장점이다. 가게 내부 역시 깔끔하고 청결하여 제주 여행 중 푸짐하고 따뜻한 한 끼를 원한다면 권가칼국수는 들러볼 만한 맛집이다.",https://www.instagram.com/kwonga_kalnoodle,064-803-0002,11:00~21:30 (마지막 주문 20:30),닭칼국수,조개칼국수 / 닭곰탕 / 해물파전 등,가능,매주 일요일,있음,가능,화장실: 있음,50,110,FD,음식,FD01,한식,FD010100,관광식당,0,90,20,10,0,0,60,45,75,blend,0.7587,0.5,0.1813,0.816,blend,"한식,면 요리"
2870537,39,음식점,귤품은흑돼지 제주공항점,제주특별자치도 제주시 도두항서길 42,63113,126.4639059537,33.5063870002,"귤품은흑돼지 제주공항점은 제주시 도두일동 도두 방파제 앞에 있는 흑돼지 맛집이다. 숙성한 1등급 흑돼지 전문점으로 무한리필 메뉴인 경우 오겹살, 목살, 아다리살, 소시지 등을 제공한다. 흑돼지킹 수제버거의 경우 사이즈가 커서 2인 1버거를 추천하며 치즈를 올려 높게 부풀어 오른 치즈팡팡 계란찜은 세트메뉴에 포함되지만 단품으로도 주문할 수 있다. 해질 때 오션뷰가 아름다우며 주변 여행지로는 도두봉, 무지개해안도로가 있다.",Unknown,010-2327-4690,16:30~22:00 (마지막 주문 21:20),최고급 흑돼지 무한리필,치즈팡팡계란찜 등,가능,연중무휴,있음,Unknown,화장실: 있음,50,110,FD,음식,FD01,한식,FD010100,관광식당,50,100,70,0,10,0,60,45,75,blend,0.8494,1.0,0.1813,0.816,blend,"고기·구이,한식"
2862117,39,음식점,그계절,제주특별자치도 제주시 구좌읍 한동로 119,63350,126.8185162288,33.5320204007,"‘그계절은’은 제주도 구좌읍 평대리에 위치한 플랜테리어 카페이다. 평대리 해변 근처 골목 안쪽에 자리하고 있어 조용하고 아늑한 분위기를 자아낸다. 외부는 초록 식물들로 가득 꾸며져 있으며, 마치 작은 식물원에 온 듯한 인상을 준다. 내부 역시 다양한 녹색 식물들과 자연스러운 목재 가구들이 어우러져 편안하고 따뜻한 분위기를 연출한다. 햇살이 잘 드는 출입문은 이 카페의 대표적인 포토존으로, 많은 사람들이 사진을 남기고 간다. 전체적인 공간은 자연광과 식물이 조화롭게 어우러져 힐링의 시간을 선사한다. 감성적인 인테리어와 고요한 분위기 덕분에 혼자 시간을 보내기에도, 함께 추억을 만들기에도 좋다. 인근에는 평대리 해변, 세화해수욕장, 코난해변 등이 위치해 있어 카페 방문 후 함께 둘러보기에 좋은 여행지이다.",https://www.instagram.com/he_season,010-3140-3121,11:00~17:30,아메리카노,카페라떼 / 바닐라라떼 / 카푸치노 등,가능,연중무휴 / ※ 휴무 시 홈페이지 공지,있음,Unknown,화장실: 있음,50,110,FD,음식,FD05,카페/ 찻집,FD050100,카페,80,50,80,10,10,0,75,60,90,blend,0.8351,0.875,0.1813,0.8263,blend,
2847812,39,음식점,그라나다,제주특별자치도 제주시 도공로 86-1,63108,126.4640755386,33.4994960994,"그라나다 카페는 제주공항 활주로 옆에 있다. 비행기가 뜨고 내리는 모습을 가장 가까이에서 볼 수 있는 카페다. 옥상에 올라가면 하늘을 나는 비행기를 배경으로 사진을 찍을 수 있다. 2층 창을 통해서는 제주공항 활주로가 훤히 내려다 보이며 바닷가 카페이지만 바다는 보이지 않고 한라산을 향해 창이 나 있다. 근처 여행지로 도두봉, 무지개해안도로가 있으며 공항 가기 전 들르기 좋은 카페이다.",https://www.instagram.com/cafe_granada,010-8900-2877,09:00~18:00,아메리카노,카페라떼 / 연유라떼 / 빙수 / 수제 요거트 스무디 등,가능,매주 수요일,있음,Unknown,화장실: 있음,50,110,FD,음식,FD05,카페/ 찻집,FD050100,카페,20,60,80,0,20,0,60,45,75,observed,0.7688,0.75,0.7534,0.8263,blend,
2852374,39,음식점,그러므로 파트2 (part2),제주특별자치도 제주시 수목원길 16-14 (노형동),63091,126.4858965666,33.4684609925,"그러므로 파트2는 제주 한라수목원 근처에 위치한 카페이다. 모던하면서 고급스러운 단층 건물에 넓은 정원이 있으며, 이곳 정원에 있는 꽃밭과 작은 숲의 배경이 포토존이 된다. 또한 꽃밭에서는 계절별로 다르게 피는 꽃도 구경할 수 있다. 야외에도 테이블과 의자를 배치해 두어 날씨가 좋은 날 따뜻한 햇살과 함께 커피를 즐기기에 좋다. 이곳의 시그니처 메뉴는 얼음이 들어가 있지 않고, 시원한 우유를 베이스로 하여 만든 라떼 메리하하이다. 디저트 카페로 알려진 만큼 예쁜 케이크 종류가 있고, 원두를 직접 볶는 로스터리 카페이기 때문에 커피 맛집으로도 알려져 있다.",https://www.instagram.com/glomuro_coffee,070-8844-2984,10:00~21:00 (마지막 주문 20:30),메리하하,레몬차 / 진저라떼 / 플랫화이트 등,가능,매주 월요일,있음,가능,화장실: 있음,50,110,FD,음식,FD05,카페/ 찻집,FD050100,카페,80,90,90,0,20,0,75,60,90,observed,0.8187,0.8125,0.5507,0.8263,blend,
2830500,39,음식점,그럼외도,제주특별자치도 제주시 월대3길 16,63068,126.4340393810,33.4942462039,"제주특별자치도 외도 이동 바닷가에 있는 돌집을 개조한 소박한 카페이다. 바닷가에 있지만 바다는 보이지 않고, 골목에 간판도 없이 숨겨져 있다. 작은 마당에는 카페가 두 채로 나뉘어 있고, 문갑, 창호 문, 항아리 같은 오래된 물건들과 화분이 조화로운 감성 카페이다. 대기 손님들에게는 진동벨 대신 숫자가 써진 돌멩이를 주고, 에이드류는 빈티지 유리컵에 서빙한다. 시그니처는 증편과 돌멩이라테다. 돌멩이라테는 커피를 돌멩이처럼 얼려 우유와 함께 제공한다. 제주 감성을 담은 독특한 메뉴와 편안한 분위기로 여행자들에게 인기가 많다.",https://www.instagram.com/jeju_glomoedo,0507-1496-0719,10:00~18:00,탐라주악,귤에이드 / 귤소르베 / 돌맹이 라떼 등,없음,매주 화요일,Unknown,Unknown,Unknown,50,110,FD,음식,FD05,카페/ 찻집,FD050100,카페,20,80,80,40,10,0,60,45,75,observed,0.8097,0.8,0.6321,0.8263,blend,
2861390,39,음식점,그레이그로브,제주특별자치도 서귀포시 안덕면 형제해안로 70,63528,126.2998264940,33.2258737598,"그레이그로브는 제주 서귀포시 사계해안가의 형제해안도로를 따라 위치한 감성적인 카페로, 사계마을의 오래된 창고를 개조해 만든 독특한 공간이다. 창고의 구조와 느낌을 살리면서도 세련된 인테리어로 재탄생한 이곳은 제주의 고즈넉한 정취와 따뜻한 감성을 동시에 느낄 수 있다. 이곳에서는 유명 로스터리에서 공급받는 신선한 원두를 사용해 커피를 내린다. 특히 커피를 주문할 때는 고소하고 부드러운 맛의 원두와 달콤한 과일향이 풍기는 원두 중 하나를 선택할 수 있어, 취향에 맞는 커피를 즐길 수 있다. 그레이그로브에는 마스코트 고양이인 '보름이'가 있어 고양이를 좋아하는 방문객들에게는 또 다른 즐거움을 선사한다. 2층으로 올라가면 사계리 해안과 웅장한 산방산을 한눈에 바라볼 수 있어, 아름다운 제주의 풍경을 감상하며 여유로운 시간을 보낼 수 있다.",https://www.instagram.com/graygrove__,0507-1384-5594,12:00~18:00,아메리카노,바닐라 라떼 / 아인슈페너 / 시나몬크림 라떼 등,가능,매주 월요일,있음,가능,화장실: 있음,50,130,FD,음식,FD05,카페/ 찻집,FD050100,카페,80,80,90,20,20,0,60,45,75,observed,0.7939,0.775,0.6321,0.8263,blend,
2859164,39,음식점,그리운바다성산포,제주특별자치도 서귀포시 성산읍 성산등용로 94,63643,126.9299885503,33.4698901853,"그리운바다성산포는 제주 성산포 종합여객터미널로 들어가는 길목, 입구 초입에 자리한 고등어회 전문 횟집이다. 성산 지역을 오가는 택시 기사님들의 추천 맛집으로 입소문이 나있다. 신선한 재료와 정갈한 맛으로 많은 손님들의 발길을 사로잡고 있다. 매일 아침 직접 공수한 싱싱한 해산물을 바탕으로 고등어회, 갈치회, 고등어구이 등을 제공하고 있다. 이외에도 고소하고 진한 국물 맛이 일품인 전복 성게미역국, 매콤하고 시원한 회국수 등도 함께 인기 메뉴로 제공된다. 기본 메뉴 외에도 코스로 주문하면 제주 황게장이 서비스로 제공되어 푸짐한 식사를 즐길 수 있다. 가성비와 맛을 골고루 갖추고 있어 관광객 뿐만 아닌 현지인들에게도 꾸준히 사랑받고있다. 인근에는 성산일출봉, 광치기해변, 섭지코지 등 함께 둘러보기 좋은 여행지가 있다.",https://www.instagram.com/jeju.sungsanpo,0507-1484-2140,09:00~21:30 (마지막 주문 20:30),활고등어회 삼합,당일새벽 은갈치회 / 겉바속촉 고등어구이 / 성산포 한상차림 등,가능,매주 화요일,Unknown,Unknown,Unknown,50,130,FD,음식,FD01,한식,FD010100,관광식당,20,90,20,10,10,0,60,45,75,category,0.816,,0.0,0.816,category,"해산물 요리,회·물회·초밥,한식"
2904622,39,음식점,그린마일커피 애월점,제주특별자치도 제주시 애월로 137-1,63043,126.3220136946,33.4640949919,"그린마일커피 애월점은 애월 한담해변으로 가는 마을길에 있다. 사이폰커피를 하는 집으로 로스터리 카페이기도 하며 원두 납품과 홈카페용 원두도 판매한다. 시즌 디저트로 미니호박마차, 천도복숭아갈레트 등과 사이폰 커피로 스페셜티 원두를 때마다 선정하여 제공한다. 카페 운영을 하고자 하는 사장님을 대상으로 원두 납품, 커스텀 블랜딩 상담도 하는 진정한 커피 전문 카페이다. 주변 여행지로 고내포구, 고내봉 등이 있다.",Unknown,0507-1342-1284,10:30~18:30,사이폰커피,애월호지라떼 / 수제티라미수 / 아메리카노 등,불가능,매주 목요일,있음,Unknown,화장실: 있음,50,110,FD,음식,FD05,카페/ 찻집,FD050100,카페,20,80,40,10,30,50,60,45,75,category,0.8263,,0.0,0.8263,category,
2871986,39,음식점,그린페블,제주특별자치도 제주시 한림읍 수동7길 54-3,63017,126.2483810957,33.3449292436,"그린페블은 제주올레길 14 코스에 있는 농촌 경관을 보유하고 있는 카페이다. 제주 시골 풍경을 볼 수 있는 힐링카페로 제주 석창포 재배 단지에서 직접 키운 석창포를 이용해 만든 차를 맛볼 수 있다. 대표 메뉴는 에티오피아와 콜롬비아, 인도산 원두의 조화로운 아메리카노 이다. 이 외에도 콜드브루와 홍차, 석창포, 두유가 만난 시그니처 비건음료인 석창포 밀콩티가 또 다른 대표메뉴이다. 그린페블에서는 수제 초콜릿 만들기와 석창포 티블랜딩 등의 체험 프로그램도 진행하고 있다. 주변에 함께 둘러보기 좋은 여행지로 저지 문화 예술인 마을, 저지 오름, 제주현대미술관 등이 있다.",Unknown,0507-1367-5011,09:00~18:00 (마지막 주문 17:30),아메리카노,석창포 밀콩티 / 콜드브루 / 석창포티 등,가능,매주 일요일,있음,Unknown,화장실: 있음,50,110,FD,음식,FD05,카페/ 찻집,FD050100,카페,80,70,70,20,70,10,60,45,75,category,0.8263,,0.0,0.8263,category,
2819792,39,음식점,그시절그짬뽕,제주특별자치도 제주시 한림북동길 7 1층 115호,63031,126.2642698421,33.4155825901235,"그시절그짬뽕은 한림항 한림중앙상가 1층에 위치한 짬뽕 맛집이다. 노부부가 운영하는 가성비 맛집이며, 정겨운 분위기로 현지인들의 사랑을 받는 식당이다. 특히 얼큰한 고추짬뽕과 마파두부밥, 잡채밥이 특히 인기 있는 메뉴이다.",Unknown,064-796-8188,11:00~14:00 (라스트오더 13:40),고추짬뽕,고추짬뽕 / 삼선짬뽕 / 짜장면 외,Unknown,"매주 화요일, 수요일, 목요일",있음,가능,화장실: 있음,50,110,FD,음식,FD02,외국식,FD020100,중식,0,100,20,10,0,0,45,30,60,blend,0.7847,0.5,0.1813,0.8477,blend,중식
1872476,39,음식점,그옛맛,제주특별자치도 제주시 서사로24길 12,63185,126.5185930442,33.4984915228,"그옛맛은 삼도일동에 있는 돌솥밥 전문점이다. 이곳은 대우정이라는 음식점으로 시작하여 현재까지 영업 중인 향토음식점이다. 그옛맛에서는 전복 돌솥밥, 영양 돌솥밥, 돌솥 정식 등 다양한 메뉴를 제공한다.",Unknown,064-758-5532,09:00~17:00 (마지막 주문 16:10),전북돌솥밥,옥돔구이 / 전북해물뚝배기 / 영양돌솥밥 등,가능,주말,Unknown,가능,Unknown,50,110,FD,음식,FD01,한식,FD010100,관광식당,0,100,20,40,10,0,60,45,75,observed,0.7797,0.75,0.5507,0.816,blend,"제주 향토음식,해산물 요리,한식"
2786082,39,음식점,그초록,제주특별자치도 제주시 구좌읍 행원로7길 23-16,63358,126.8062778418,33.5563369572,"제주 동쪽의 아름다운 월정리해안도로에 자리한 카페다. 이름 그대로 공간 구석구석 초록빛 나무와 식물들로 싱그러운 감성이 묻어난다. 빈티지한 가구와 나무 소재의 소품들이 많아서 전체적으로 아늑하고 따스한 분위기가 매력이다. 바다가 바라보이는 아담한 정원도 자리해 여유롭게 쉬어가기 좋다. 이곳의 대표메뉴는 아보카도커피. 언뜻 어울릴 것 같지 않지만, 커피 특유의 쌉쌀함이 부드러운 아보카도와 어우러져 색다른 맛의 조화를 자랑한다. 신선한 아보카도를 푸짐하게 넣은 아보카도 샌드위치도 인기메뉴다. 간판에도 아보카도가 그려져 있고 관련 굿즈도 판매한다.",Unknown,0507-1323-4244,- 09:00~20:00 / - 마지막 주문 19:30,아보카도커피,아보카도스무디 / 아메리카노 / 치킨샌드위치 등,가능,매주 목요일,Unknown,Unknown,Unknown,50,110,FD,음식,FD05,카페/ 찻집,FD050100,카페,80,90,90,10,20,20,60,45,75,observed,0.7688,0.75,0.7534,0.8263,blend,
2843749,39,음식점,글라글라하와이,제주특별자치도 서귀포시 대정읍 하모항구로 70,63506,126.2513363972,33.2196098046,"글라글라하와이는 제주 서귀포 모슬포항에 위치해있다. 제주에서 잡은 신선한 해산물과 제주산 감자를 이용해 하와이 음식을 선보이는 이색 음식점이다. 인테리어는 태평양의 트로피컬 한 이미지로 꾸며져 있고, 외관도 이국적이어서 매장 안팎에서 사진 찍는 여행자가 많다. 음식과 함께 즐길 수 있는 제주 수제 생맥주를 판매하며, 구좌 당근케이크 같은 디저트류까지 다양한 메뉴가 준비되어 있다. TV 맛집 전문 프로그램에 소개된 바 있다. 모든 메뉴는 포장 판매도 한다. 근처 함께 둘러보기 좋은 여행지로 알뜨르비행장, 송악산 등이 있다.",https://www.instagram.com/glaglahawaii,064-792-2737,11:30~23:00 (준비 시간 15:00~17:00),은갈치 앤 칩스,하와이안 해물찜 / 갈릭 쉬림프와 볶음밥 / 연어포케 등,가능,연중무류 / ※ 유동적이므로 홈페이지 참조,있음,Unknown,화장실: 있음,50,130,FD,음식,FD02,외국식,FD020300,서양식,20,90,70,10,10,10,60,45,75,category,0.7706,,0.0,0.7706,category,"해산물 요리,회·물회·초밥,양식·세계음식"
2825249,39,음식점,금갈치,제주특별자치도 제주시 고마로19길 2 1층,63255,126.541969758826,33.5045294311807,금갈치는 동문시장과 제주공항 가까이에 위치해 있고 갈치·전복요리를 전문으로 하는 식당이다. 갈치조림과 구이는 신선하게 제공하기 위해 주문과 동시에 조리가 시작되어 시간이 15분 정도 소요된다. 갈치 살과 가시를 먹기 좋게 손질해 주어 먹기 편하다. 세트 메뉴가 있어 갈치와 전복을 동시에 즐길 수 있다.,Unknown,0507-1351-4686,10:00~21:30 (라스트오더 20:30),갈치조림,갈치구이 / 전복물회 / 전복죽 등,가능,매주 수요일,Unknown,Unknown,Unknown,50,110,FD,음식,FD01,한식,FD010100,관광식당,0,100,20,10,10,0,60,45,75,blend,0.8494,1.0,0.1813,0.816,blend,"제주 향토음식,해산물 요리,한식"
404128,39,음식점,금강민물장어,제주특별자치도 서귀포시 일주동로 8597,63589,126.5695496912,33.2543165395,"서귀포에 위치한 금강민물장어는 장어 구이 전문점으로 주메뉴는 다양한 장어 구이이다. 특별한 한방소스, 고추장 소스를 곁들여 장어의 고소한 맛을 그대로 느낄 수 있다. 이외에도 왕소금구이, 매운맛고추장구이 등 여러가지 소스를 찍어 다른 맛을 느낄 수 있고 덮밥과 장어탕도 판매해 간단한 식사를 장어로 즐기고 싶을 때 좋다. 홍합탕, 육회, 두부김치, 샐러드 등 갖가지 다양한 밑반찬도 제공되고 있다. 별실이 예약제로 운영이 되고 있어 가족 모임이나 단체 식사에도 적합하다.",Unknown,064-733-2119,10:00~22:00,한방구이,왕소금구이 / 고추장구이 / 민물장어탕 등,가능,매주 월요일,있음,가능,화장실: 있음,50,130,FD,음식,FD01,한식,FD010100,관광식당,0,90,10,0,10,0,60,45,75,category,0.816,,0.0,0.816,category,"고기·구이,한식"
2906174,39,음식점,금돈가 제주본점,제주특별자치도 제주시 가문동남길 63 1층,63050,126.3911259246,33.4842960429,"금돈가 제주 본점은 제주 애월 해안도로 가문동포구 근처에 있다. 제주 숙성 흑돼지를 특수 불판에 참나무 펠렛을 태워 구워먹는 참나무장작구이 흑돼지전문점이다. 직원의 숙련된 솜씨로 직접 구워주며, 참숯이나 연탄구이와 다른 담백함과 풍부한 육즙이 특징이다. 점심메뉴의 경우, 흑돼지에 김치찌개, 볼케이노 계란찜이 함께 나와 푸짐하고, 반려견 동반도 가능한 식당으로 점심 시간대에 손님이 많다. 주변 여행지로 내도 알작지 해변, 구엄리 돌염전 등이 있다.",Unknown,0507-1396-6466,11:00~23:00 (마지막 주문 21:50),흑돼지 모듬,금돈가 흑가브리살 / 금돈가 흑항정살 / 흑돼지 김치찌개 등,가능,연중무휴,Unknown,Unknown,Unknown,50,110,FD,음식,FD01,한식,FD010100,관광식당,30,100,20,10,20,0,60,45,75,observed,0.8313,0.8438,0.5507,0.816,blend,"고기·구이,한식"
1876804,39,음식점,금바우흑돼지참숯구이,제주특별자치도 서귀포시 태평로371번길 4,63595,126.561026654739,33.2455126351554,"금바우흑돼지참숯구이는 제주 토종 흑돼지 참숯구이를 전복구이와 함께 먹을 수 있는 음식점이다. 갈비탕, 뚝불고기 등의 메뉴도 인기가 좋고, 계절에 따라 제공되는 물회도 맛이 좋다. 기본에 충실하며, 좋은 품질의 고기를 제공하여 현지인들의 추천 맛집으로 유명하다. 식당 내부 공간도 넓어 붐비지 않고 여유롭게 식사를 즐길 수 있다.",Unknown,0507-1331-1517,11:30~21:30 (마지막 주문 20:30),흑 모둠구이,흑 오겹 / 흑 목살 / 특수부위 등,가능,매주 월요일,Unknown,모든 카드 사용 가능,Unknown,50,130,FD,음식,FD01,한식,FD010100,관광식당,0,100,10,0,10,0,60,45,75,category,0.816,,0.0,0.816,category,"제주 향토음식,고기·구이,해산물 요리,한식"
1896585,39,음식점,금뽕똘,제주특별자치도 제주시 번영로 500,63313,126.594862392249,33.4900875185698,"제주시 봉개동에 있는 금뽕똘 향토음식점은 제주시 동부권 초입에 위치하였으며, 320석 규모와 넓은 주차장이 마련되어 있다. 이곳의 음식은 제주 농수산물을 사용하여 제공하고 있으며, 농수산물 직매장이 있어 제주산 수산물을 비롯한 다양한 토산품을 판매하고 있다. 대표메뉴는 갈치조림이며, 흑돼지떡갈비, 흑돼지제육볶음 등이 준비되어 있다. 2층 연회장은 각종 세미나, 워크숍, 피로연, 돌잔치 등의 행사를 진행할 수 있도록 빔프로젝터 및 음향시설이 갖추어져 있다.",Unknown,0507-1395-1217,11:00~16:00,갈치조림,흑돼지떡갈비 / 흑돼지제육볶음 등,가능,매주 일요일,Unknown,가능,Unknown,50,110,FD,음식,FD01,한식,FD010100,관광식당,10,90,20,20,20,60,60,45,75,category,0.816,,0.0,0.816,category,"제주 향토음식,고기·구이,해산물 요리,한식"
2870559,39,음식점,금악 똣똣라면,제주특별자치도 제주시 한림읍 금악로 18,63019,126.2966404832,33.3586812581,"금악 똣똣라면은 금오름 근처에 위치해 있는 라면전문점이다. 골목식당 제주 편에서 백종원 대표와 함께 개발한 똣똣라면이 유명한 집으로 기다리는 대기손님이 있다. 해물을 많이 넣는 제주 관광지의 다른 라면과 달리 파와 마늘, 간 고기를 많이 넣고 얼큰하게 끓여낸 해장라면이다. 이와 곁들이는 밥으로는 모자반을 넣은 몸밥이 있으며, 취향에 따라 치즈를 추가 할 수 있다. 똣똣라면 외에도 토마토라면, 흑돼지짜장라면 등 다양한 메뉴가 준비되어 있어 취향에 따라 선택해 먹을 수 있다. 테이블에는 라면을 맛있게 먹는 방법을 자세히 써 놓았다. 주변에 함께 둘러보기 좋은 여행지로 금악오름, 이시돌목장, 테쉬폰, 저지문화 예술인마을 등이 있다.",Unknown,0507-1490-8265,08:00~15:00,똣똣라면,똣똣김밥 / 토마토라면 / 흑돼지짜장라면 등,가능,매주 수요일,있음,Unknown,화장실: 있음,50,110,FD,음식,FD03,간이음식,FD030400,김밥 분식,30,90,20,10,10,0,60,45,75,observed,0.8914,1.0,0.4512,0.8022,blend,"면 요리,분식·간편식"
2871977,39,음식점,김녕에사는김영훈,제주특별자치도 제주시 구좌읍 김녕로6길 2,63357,126.7463525363,33.5542973273,"김녕에사는김영훈은 커피와 디저트를 좋아하는 부부가 운영하는 카페이다. 에어로프레스 커피 매장으로 직접 로스팅하는 싱글오리진 원두 고유의 향과 맛을 고스란히 느낄 수 있는 커피를 제공한다. 디저트 역시 제주에서 나는 재료를 이용하여 직접 만들고 케이크는 밀가루 대신 아몬드분말과 코코넛 분말을 사용하여 만들어지고 있다. 그 외에 신선한 제주산 계란과 비정제설탕을 사용하며 디저트류는 커피 맛과 잘 어울릴 수 있도록 구성되었다. 원두와 드립백 캡슐커피도 구입할 수 있으며, 반려견 동반이 가능하지만 다른 손님들을 위해 전용가방, 케이지, 유모차는 필수이다.",https://www.instagram.com/coffee_jeju,0507-1323-1938,09:30~18:00 (마지막 주문 17:30),싱글오리진,글루텐프리 당근케이크 / 카페라떼 / 유기농 말차라떼 등,불가능,"매주 수요일, 목요일",있음,가능,화장실: 있음,50,110,FD,음식,FD05,카페/ 찻집,FD050100,카페,10,90,40,0,20,20,60,45,75,category,0.8263,,0.0,0.8263,category,
2851686,39,음식점,김녕오라이,제주특별자치도 제주시 구좌읍 김녕로21길 21,63357,126.7553155654,33.5578415238,"김녕오라이는 제주도 김녕해수욕장 인근에 위치한 횟집으로 여행객은 물로 현지인들도 자주 찾는 횟집이다. 자연산 회를 전문으로 판매하며, 신선한 해산물을 활용한 다양한 메뉴를 자랑한다. 대표 메뉴인 '돔베사시미'는 도마 위에 올려 제공되는 회 세트로, 매일 새롭게 들어오는 횟감에 따라 구성이 달라지기 때문에 방문할 때마다 다른 즐거움을 맛볼 수 있다. 또 다른 인기 메뉴인 해산물모둠 역시 그날그날 들어오는 신선한 해산물로 구성되며, 제철 식재료를 중심으로 제공되어 제주 바다의 풍미를 제대로 느낄 수 있다. 숯불 가마살 머리구이 한판은 생선 머리를 숯불에 구워 고소하고 쫄깃한 식감을 자랑하며, 딱새우회와 고등어 숯불구이, 딱새우라면 등도 인기 있는 메뉴로 함께 즐기기 좋다.",Unknown,0507-1305-8174,16:00~22:00,돔베사시미,제주산 딱새우회 / 해산물모둠 / 돌문어 등,가능,연중무휴,있음,가능,화장실: 있음,50,110,FD,음식,FD01,한식,FD010100,관광식당,20,100,40,20,10,10,30,15,45,observed,0.9107,0.9115,0.9918,0.816,blend,"제주 향토음식,해산물 요리,회·물회·초밥,한식"
1876813,39,음식점,김대감숯불갈비,제주특별자치도 서귀포시 동홍중앙로 67,63588,126.571850399499,33.256630961501,"김대감숯불갈비는 제주도 서귀포시 동홍동에 위치한 숯불갈비 전문점이다. 이곳은 음식점 앞 주차 공간을 이용할 수 있고 내부는 룸과 홀로 나누어져 있다. 대표 메뉴는 돼지생갈비, 양념갈비이다. 직접 만든 특제소스로 갈비를 양념한다. 또한 점심에 든든한 솥밥 정식 메뉴를 맛볼 수 있다. 주변 관광지로 바다다이브, 하영올레코스, 이중섭문화거리 등이 있다.",Unknown,064-763-2777,11:00~22:00,양념갈비,갈비탕 / 비빔소면 / 냉면 등,불가능,매주 화요일,Unknown,가능,Unknown,50,130,FD,음식,FD01,한식,FD010100,관광식당,10,90,20,10,10,0,60,45,75,category,0.816,,0.0,0.816,category,"고기·구이,한식"
2863893,39,음식점,김마리,제주특별자치도 제주시 광양14길 17-10 (이도이동),63207,126.5293671382,33.4971696180,"김마리는 제주 제주시청 건너편 성환아파트 앞, 골목 모퉁이에 자리한 분식 전문점이다. 처음에는 도민들을 중심의 숨은 맛집으로 알려졌지만 점차 입소문을 타며 제주 여행객들에게도 알려졌다. 대표 메뉴는 ‘김마리유김밥’으로, 일반 김밥과 차별화된 독창적인 맛을 자랑한다. 이 김밥은 유기농 레몬으로 직접 만든 레몬청과 제주산 귤을 넣고, 유부를 한 시간 이상 저온에서 정성껏 볶아 만든 속재료로 만들어진다. 또 하나의 인기 메뉴인 ‘마리스페셜’은 모둠 떡볶이로, 바삭하게 튀긴 튀김, 만두, 삶은 계란, 라면사리 등 다양한 토핑이 듬뿍 들어가 있어 푸짐하게 즐길 수 있다. 여기에 치즈까지 듬뿍 얹어져 진한 풍미와 중독성 있는 맛을 자랑한다. 부담 없이 한 끼를 해결할 수 있어 제주 여행 중 들러보기 좋다.",Unknown,0507-1312-2248,09:00~20:00 (준비시간 15:30~16:30),김마리유부김밥,마리스페셜 / 참치유부김밥 / 샐러드유부김밥 등,불가능,매주 월요일,있음,Unknown,화장실: 있음,50,110,FD,음식,FD03,간이음식,FD030400,김밥 분식,0,100,20,0,0,0,30,15,45,category,0.8022,,0.0,0.8022,category,분식·간편식
2843766,39,음식점,김선장회센타,제주특별자치도 서귀포시 최남단해안로 37 명품한우전문 1층,63513,126.252511482323,33.2171777070881,김선장회센타는 서귀포 모슬포항에 있다. 자연산 활어회포장으로 유명해 2021년 네이버 주문 어워즈를 받았다. 매장에서 포장가격으로 회를 즐길 수도 있는 가성비 맛집이기도 하며 회와 함께 즐길 수 있는 해물라면 밀키트도 판매한다. 대표메뉴인 김선장박스의 경우 매일 50세트 한정수량 예약판매하고 있으니 구입하려면 서둘러야 한다. 모슬포항에서는 겨울에 방어축제가 열리며 근처에 마라도와 가파도로 갈 수 있는 운진항이 있다.,Unknown,0507-1330-5412,11:00~22:00,김선장박스,은갈치스페셜 / 김선장 특방어 박스 / 김선장고등어 박스 등,가능,매주 화요일,Unknown,Unknown,Unknown,50,130,FD,음식,FD01,한식,FD010100,관광식당,10,90,20,10,40,60,60,45,75,category,0.816,,0.0,0.816,category,"해산물 요리,회·물회·초밥"
1876822,39,음식점,깜돈 흑돼지,제주특별자치도 제주시 삼무로3길 6,63125,126.495282757239,33.4904525446527,"깜돈 흑돼지는 제주시 연동에 위치한 흑돼지 전문점이다. 10년 이상 자리를 지켜온 이곳은 아늑한 내부로 단체 모임이나 회식장소로 적절한 곳이다. 깜돈 흑돼지는 제주 청정 흑돼지를 사용하며 세계자연유산 제주 품질인증, 제주마씸, 무항생제 축산물, 제주흑돼지고기는 인증을 받은 흑돼지이다. 주변 관광지로 제니의 정원, 가새기오름 등이 있어 식사 전후로 둘러보기 좋다.",Unknown,0507-1449-9229,17:00~22:00,흑돼지오겹,흑돼지목살 / 흑돼지항정 / 흑돼지가브리 등,가능,매주 일요일,Unknown,가능,Unknown,50,110,FD,음식,FD01,한식,FD010100,관광식당,20,100,10,10,10,0,60,45,75,category,0.816,,0.0,0.816,category,"제주 향토음식,고기·구이,한식"
2877801,39,음식점,꼬스뗀뇨,제주특별자치도 제주시 해맞이해안로 2080,63364,126.9051064460,33.5101047816,"꼬스뗀뇨는 종달리 해안도로 종달고망난돌쉼터 앞에 있다. 야자수가 있는 바깥 공간에는 선베드가 있고, 카페는 냉동 창고를 개조하여 노출콘크리트와 루프탑의 회벽돌이 그대로 드러난 모습을 하고 있다. 실내는 층고가 높으며, 마감은 터프하지만, 창밖으로 보이는 이미지는 야자나무와 제주 동쪽바다가 보이는 낭만적인 모습이다. 카페 옆에는 갤러리 공간이 있으며, 코코넛 커피와 꼬스뗀뇨라떼가 시그니처 메뉴이다. 주변 여행지로 종달리 수국길, 하도해수욕장 등이 있다. / ※반려동물 동반 케이지 이용시 실내가능",Unknown,0507-1395-6912,11:00~19:00 (라스트오더 18:30),꼬스뗀뇨라떼,코코넛커피 / 아메리카노 / 카페라떼 등,가능,연중무휴,Unknown,Unknown,Unknown,50,110,FD,음식,FD05,카페/ 찻집,FD050100,카페,80,90,90,20,20,10,60,45,75,observed,0.9026,0.9219,0.7981,0.8263,blend,
2851868,39,음식점,꽁순이네,제주특별자치도 제주시 애월읍 중산간서로 5642,63036,126.3387181818,33.4469499317,"꽁순이네는 제주시 애월읍 중산간서로와 상가로가 만나는 삼거리에 자리한 정겨운 고기국수 전문점이다. 이곳은 고기국수로 유명하며, 진한 육수와 부드러운 수육이 어우러져 깊은 풍미를 자랑한다. 특히 국물 맛이 깔끔하면서도 진하여 현지 주민은 물론, 입소문을 타고 찾아오는 관광객들에게도 꾸준한 인기를 얻고 있다. 고기국수 외에도 멸치국수, 비빔국수와 같은 다양한 국수 메뉴를 제공하며, 제주도의 토속 음식인 ‘몸국’도 함께 맛볼 수 있다. 꽁순이네를 방문한 후에는 근처에 있는 상가리 야자숲, 고내봉, 연화지 등 애월의 자연 명소들을 함께 둘러보는 것도 추천한다.",Unknown,064-799-1300,10:00~16:30 (마지막 주문 16:25),고기국수,몸국 / 비빔고기국수 / 멸치고기국수 등,가능,매주 화요일,있음,Unknown,화장실: 있음,50,110,FD,음식,FD01,한식,FD010100,관광식당,20,100,20,40,10,0,60,45,75,observed,0.8657,0.9062,0.5507,0.816,blend,"제주 향토음식,한식,면 요리"
2780263,39,음식점,꽃밥,제주특별자치도 제주시 애월읍 일주서로 6059,63034,126.3084871383,33.4515152155,"꽃밥은 제주시 애월읍에 자리한 한식당으로 정성 가득한 한상차림을 맛볼 수 있다. 꽃밥의 대표 메뉴는 매콤한 제주 흑돼지 제육볶음과 고소한 고등어구이가 나오는 꽃밥 정식이다. 이 외에도 강된장과 된장찌개, 계란말이, 김치전 등 기본 반찬까지 한상으로 푸짐하게 차려진다. 김치와 신선한 나물이 잘 어우러져 건강하게 대접받는 느낌이다. 대부분의 한정식 식당들이 1인 주문이 불가한 것과 달리 이곳에서는 혼자서도 정식 메뉴를 맛볼 수 있다. 단품 메뉴인 들깨수제비와 야채비빔밥도 인기가 좋다. 꽃밥이란 이름처럼 사랑스러운 분홍색 지붕과 돌담, 아기자기한 색깔로 채워진 공간도 매력을 더한다.",Unknown,064-799-4939,10:00~15:30※ 재료 소진 시 조기 마감,꽃밥정식,삼색들깨수제비 / 야채비빔밥,가능,연중무휴,Unknown,Unknown,Unknown,50,110,FD,음식,FD01,한식,FD010100,관광식당,30,90,60,20,10,0,45,30,60,blend,0.8767,1.0,0.3297,0.816,blend,"고기·구이,해산물 요리,한식,면 요리"
2851874,39,음식점,꿈낭밥집,제주특별자치도 제주시 애월읍 유수암평화5길 33-3,63067,126.4053267934,33.4240646279,"꿈낭밥집은 제주 애월읍에 위치한 정갈한 분위기의 한식당이다. 이곳의 대표 메뉴는 보리굴비로, 따끈한 솥밥과 함께 다양한 반찬이 곁들여져 한상차림으로 제공된다. 보리굴비는 과하게 짜지 않아 담백하게 즐길 수 있으며, 솥밥과 함께 먹으면 그 맛이 배가된다. 청국장은 깊고 진한 맛으로 많은 손님들에게 인기를 끌고 있으며, 고소한 풍미와 따뜻한 국물이 식사의 만족도를 높여준다. 보리굴비 외에도 다양한 한식 메뉴가 준비되어 있어 선택의 폭이 넓은 것도 이곳의 장점이다. 돼지파불고기와 간장으로 짭조름하게 맛을 낸 돌게장, 신선한 대하와 전복을 함께 담은 대하전복장, 푸짐한 고기가 들어간 왕갈비탕 등 각 메뉴마다 정성이 느껴지는 구성으로 만족도가 높다.",Unknown,064-799-2305,10:00~20:00 (준비시간 15:00~17:00),보리굴비,돼지파불고기 / 대하전복장 / 왕갈비탕 등,불가능,"매월 첫째, 셋째 수요일 / ※ 자세한 사항은 전화문의 요망",있음,가능,화장실: 있음,50,110,FD,음식,FD01,한식,FD010100,관광식당,10,90,40,20,0,0,60,45,75,category,0.816,,0.0,0.816,category,"해산물 요리,한식"
2857329,39,음식점,나라돈까스,제주특별자치도 제주시 내도1길 23 (내도동),63074,126.4370363208,33.4952100334,"나라돈까스는 제주시 외도동 월대천 인근에 위치한 옛날 돈가스 전문점으로, 제주 공항에서 가까워 여행객들도 부담 없이 찾을 수 있는 맛집이다. 학창 시절 분식집에서 먹던 듯한 추억의 돈가스 스타일을 고수하고 있으며, 내부는 빈티지한 감성과 레트로 분위기가 가득하다. 대표 메뉴인 기본 돈가스는 두툼한 고기를 바삭하게 튀겨낸 후 자극적이지 않은 수제 소스를 듬뿍 얹어 맛의 밸런스를 잘 살렸고, 푸짐한 양 덕분에 든든한 한 끼 식사로 제격이다. 최근에는 손님들의 다양한 취향을 반영해 치즈돈가스, 고구마돈가스, 카레돈가스 등 메뉴의 폭을 넓혔다. 식사 후에는 근처에 있는 내도 알작지 해변이나 월대천 산책로를 따라 천천히 걷거나, 바다를 바라보며 여유로운 시간을 보내는 것도 좋은 코스다.",Unknown,064-711-0221,11:00~20:00,나라왕돈까스,반반와돈까스 / 치즈돈까스 / 고구마치즈돈까스 등,불가능,매주 월요일,있음,Unknown,화장실: 있음,50,110,FD,음식,FD01,한식,FD010100,관광식당,60,100,70,10,20,0,60,45,75,category,0.816,,0.0,0.816,category,"한식,분식·간편식"
2839718,39,음식점,나비정원,제주특별자치도 서귀포시 대정읍 신영로 60-7,63506,126.2492726682,33.2204763428,"제주 나비정원은 제주시 대정읍의 모슬포항과 대정오일장 근처에 위치한 작고 아늑한 분위기의 커피 전문점이다. 오랜 세월을 함께한 노부부가 정성스럽게 운영하는 이곳은 빈티지한 감성과 따뜻한 환대가 어우러져, 마치 누군가의 집에 초대받은 듯한 편안함을 느낄 수 있는 공간이다. 매주 직접 엄선한 원두를 소량으로 로스팅해 제공하는 스페셜티 커피가 이곳의 자랑이며, 대표 메뉴로는 깊고 풍부한 맛을 자랑하는 하와이안 코나와 섬세한 향미의 핸드드립 커피가 있다. 이외에도 유기농 티는 물론, 베트남, 브라질, 에티오피아 등 세계 여러 나라의 개성 있는 원두도 판매하고 있어 커피 애호가들에게 매력적인 장소다. 조용한 분위기 속에서 커피 본연의 맛을 온전히 즐길 수 있어 여행 중 잠시 쉬어가기에도 좋다. 주변에는 모슬포항과 마라도, 가파도가 있어 함께 둘러보기에도 좋다.",Unknown,064-792-2688,09:30~19:00,스페셜티 핸드드립 커피,하와이안 코나 / 유기농 티 / 제주 레몬에이드 등,불가능,매주 수요일,Unknown,Unknown,Unknown,50,130,FD,음식,FD05,카페/ 찻집,FD050100,카페,30,90,70,10,10,30,60,45,75,category,0.8263,,0.0,0.8263,category,
2374199,39,음식점,나운터횟집,제주특별자치도 서귀포시 칠십리로 42,63596,126.561393391195,33.2409187298908,"서귀포 나운터횟집은 중문관광단지에서 차량으로 10분 거리 내 위치한 횟집이다. 서귀포매일올레시장 인근에 있으며, 각종 활어회를 신선하게 먹을 수 있다. 고등어회, 방어회, 돌돔회, 참돔회, 구문쟁이회, 뱅어돔회 등이 준비되어 있으며, 인근에 천지연폭포, 새연교, 서귀포항여객터미널, 서구포항, 서귀포시립해양공원이 위치해 있어 연계관광으로 방문하기에도 좋다.",Unknown,0507-1401-2237,12:00~22:00,구문쟁이코스,나운터스페셜 / 모듬회 / 부채새우 등,가능,연중무휴,Unknown,가능,Unknown,50,130,FD,음식,FD01,한식,FD010100,관광식당,20,100,20,10,20,20,75,60,90,blend,0.8494,1.0,0.1813,0.816,blend,회·물회·초밥
2877827,39,음식점,나이체,제주특별자치도 제주시 인다6길 35 아라힐링 1층,63247,126.5468327850,33.4752001061,나이체는 아라동 주택가에 있다. 깔끔한 이미지의 에스프레소바로 다양한 에스프레소 커피를 맛볼 수 있다. 줄레는 비정제원당을 가미한 에스프레소이고 다와는 비정제원당과 밀크폼을 더한 에스프레소이다. 추천 메뉴는 치페치릿으로 에스프레소 위에 바닐라빈 크림과 카카오 토핑을 올렸다. 인기 메뉴는 나이체라떼로 카페라떼 위에 바닐라빈 크림이 올라가는 나이체의 시그니처 라떼이다. 이 밖에 필터 커피와 넌커피 음료를 판매한다.,Unknown,0507-1345-0635,08:00~17:00,나이체라떼,아메리카노 / 클라우드 카푸치노 / 휘낭시에 등,가능,매주 일요일~월요일,있음,Unknown,화장실: 있음,50,110,FD,음식,FD05,카페/ 찻집,FD050100,카페,10,90,50,0,10,0,45,30,60,blend,0.8578,1.0,0.1813,0.8263,blend,
2755444,39,음식점,난드르바당,제주특별자치도 서귀포시 하예하동로16번길 11-1 (하예동),63538,126.3709895690,33.2346461302,"제주 대평리에 위치한 난드르바당은 유명한 관광지가 근처에 있지 않음에도 불구하고 바다 뷰를 감상하며 제주 흑돼지구이를 맛볼 수 있는 곳으로 찾는 사람이 많다. 기본 2인분 기준으로 제주 흑돼지 600g이 딱새우 된장찌개와 같이 제공되며, 함께 구워 먹을 수 있는 대하와 계절에 따라 소라 꼬치도 판매한다. 고기를 찍어 먹는 소스는 자리돔 젓이 제공되며, 고기 불판의 바깥쪽으로는 계란찜과 콘치즈가 올려지는데, 콘치즈는 셀프바에서 무한리필이 가능하며 계란찜은 추가 주문해야 한다. 야외 좌석에 앉기 원한다면, 식사 시간보다 빠르게 도착하기를 권한다.",Unknown,064-739-0053,12:00~22:00 (라스트오더 21:00),제주산 흑돼지,제주산 백돼지 / 딱새우장 / 제주산 성게 미역국 / 흑돼지 김치찌개 외,가능,매주 목요일,가능 (남녀구분),가능,"부대시설: 단체석, 아기의자, 주차, 무선 인터넷 | 화장실: 가능 (남녀구분)",50,130,FD,음식,FD01,한식,FD010100,관광식당,60,100,70,20,20,0,60,45,75,observed,0.8864,0.9167,0.6988,0.816,blend,"제주 향토음식,고기·구이,한식"
4092010,39,음식점,남매네왕갈치,제주특별자치도 서귀포시 중정로73번길 20 (서귀동) 지하 1층,63591,126.5639754324,33.2498913802,"서귀포 올레시장 내에 위치한 남매네왕갈치는 제주 여행 중 푸짐하고 든든한 한 끼를 즐기기 좋은 제주 갈치요리 전문점이다. 대표 메뉴인 일팔조림을 비롯해 일팔구이, 일팔돔베까지 제주의 맛을 한 상 가득 즐길 수 있는 다양한 정식 메뉴를 선보인다. 넓고 쾌적한 매장은 가족 단위는 물론 단체 방문객도 편안하게 이용할 수 있으며, 서귀포 올레시장 안에 위치해 식사 후 시장 구경까지 함께 즐기기 좋다. 합리적인 가격으로 제주의 다양한 한 상 차림을 경험하고 싶은 사람들에게 추천하는 제주 맛집이다.",Unknown,0507-1418-1404,- 09:00~20:00 - 마지막 주문 19:30,18조림(일팔조림),18구이(일팔구이) / 18돔베(일팔돔베) 등,가능,연중무휴,Unknown,Unknown,Unknown,50,130,FD,음식,FD01,한식,FD010100,관광식당,0,100,20,20,20,40,75,60,90,blend,0.8494,1.0,0.1813,0.816,blend,"제주 향토음식,해산물 요리,한식"
2860705,39,음식점,남춘식당,제주특별자치도 제주시 청귤로 12 (이도이동),63216,126.5375247049,33.4996944686,"남춘식당은 제주시 이도동의 조용한 주택가 골목 안쪽에 자리 잡고 있는 한식당이다. 내부는 서민적인 분위기가 물씬 풍기는 좌식 테이블로 구성되어 있으며, 메뉴도 복잡하지 않고 단출하여 정갈하고 정직한 인상을 준다. 남춘식당의 대표 메뉴는 제주식 고기국수와 김밥이다. 고기국수는 부드럽게 삶은 돼지 수육과 제주산 당근, 대파 등을 넣고 끓여낸 뽀얀 국물에 도톰한 면을 말아 담아내며, 깊고 구수한 맛이 특징이다. 김밥은 당근, 시금치, 소고기, 유부 등 신선한 재료가 골고루 들어가 담백하고 풍성한 맛을 자랑한다. 여름철에는 진한 콩국물에 채 썬 오이를 고명으로 얹은 콩국수가 인기 메뉴로, 더운 날씨에 시원하게 즐기기 좋다.",Unknown,064-702-2588,11:00~16:30 (마지막 주문 16:00),고기국수,멸치국수 / 콩국수 / 김밥 등,불가능,매주 일요일,있음,가능,화장실: 있음,50,110,FD,음식,FD01,한식,FD010100,관광식당,10,100,20,20,10,0,45,30,60,blend,0.7736,0.6875,0.3297,0.816,blend,"제주 향토음식,한식,면 요리,분식·간편식"
1876994,39,음식점,낭뜰에쉼팡,제주특별자치도 제주시 조천읍 남조로 2343,63344,126.6571482427,33.4735270537,"낭뜰에쉼팡은 나무 뜰이 있는 쉼터에서 쉬었다 가라는 의미를 담고 있는 제주도 방언이다. 오름을 다녀오는 사람들과 관광객이 저렴하고 맛있는 음식을 푸짐한 양으로 접할 수 있다. 싱싱한 채소와 찰보리밥으로 메뉴를 제공하는 이곳은 여유로움을 즐길 수 있는 곳이다. 대표 메뉴는 낭뜰정식으로 제주의 신선한 재료로 만든 건강한 한식 한 상인데 2인 이상 주문 가능하며, 고등어구이, 흑돼지 제육볶음, 두부 겉절이, 된장찌개 등 다양한 메뉴가 조화롭게 제공된다. 넓고 쾌적한 실내와 친절한 서비스로 가족 모임이나 단체 방문에도 적합하다.",Unknown,064-784-9292,09:00~19:50 (마지막 주문 18:50),낭뜰정식,Unknown,가능,연중무휴,있음,가능,화장실: 있음,50,110,FD,음식,FD01,한식,FD010100,관광식당,20,90,20,30,10,0,45,30,60,blend,0.7587,0.5,0.1813,0.816,blend,"고기·구이,해산물 요리,한식"
1876996,39,음식점,내가 찾은 맛고을,제주특별자치도 제주시 진남로8길 39,63290,126.566442078607,33.5221555488305,"제주시 화북1동에 있는 내가 찾은 맛고을은 삼계탕 전문 음식점이다. 저렴한 가격에 삼계탕을 제공하고 있으며, 삼계탕 이외에도 수육 백반, 콩국수 등 다양한 메뉴를 제공하며, 제공되는 재료는 국산을 사용한다. 저렴한 가격으로 든든한 한끼를 원하는 사람들에게 추천한다.",Unknown,064-702-0216,11:00~22:00,삼계탕,수육 / 소머리국밥 등,가능,연중무휴,Unknown,가능,Unknown,50,110,FD,음식,FD01,한식,FD010100,관광식당,0,90,0,0,0,0,60,45,75,category,0.816,,0.0,0.816,category,한식
664223,39,음식점,네거리식당,제주특별자치도 서귀포시 서문로29번길 20,63592,126.557285194047,33.2517535175317,"신선한 재료를 이용한 제주 음식을 만날 수 있다. 제주특별자치도 서귀포시에 있는 한식 전문점이다. 대표메뉴는 갈치국과 성게미역국, 고등어조림이다. 근처에 무료 주차장이 있으며 유명인사들이 다녀간 맛집이기도 하다.",Unknown,064-762-5513,- 07:00~ 21:40- 마지막 주문 20:40,갈치국,갈치구이 / 갈치조림 / 성게미역국 / 옥돔미역국 등,Unknown,Unknown,Unknown,Unknown,Unknown,50,130,FD,음식,FD01,한식,FD010100,관광식당,0,90,20,20,0,0,60,45,75,observed,0.8336,0.8393,0.7534,0.816,blend,"제주 향토음식,해산물 요리,한식"
2851889,39,음식점,노라바,제주특별자치도 제주시 애월읍 구엄길 100,63049,126.3763307678,33.4828854364,"노라바는 제주시 애월읍 구엄리 이면도로에 있는 해물라면 전문점이다. 제주도 말로 ‘노을보멍 라면먹는 바당코지’ 라는 의미로 지어진 노라바는 아담한 제주 돌집을 개조한 식당으로 식당 내부와 야외에 테이블이 있다. 이곳의 대표메뉴는 문어라면과 돌문어숙회이며, 문어 라면에는 문어와 함께 게 한 마리와 전복이 통째 들어가 있다. 그렇기 때문에 재료가 한정되어 있어 소진 시 일찍 문을 닫는다. 그 밖에 해물라면과 옛날 도시락도 인기 메뉴고 라면, 옛날 도시락, 숙회를 세트로 주문할 수도 있다. 순한 맛, 중간 맛, 매운맛을 선택할 수 있어 어린이들도 즐겨 먹을 수 있다. 주변에 함께 둘러보기 좋은 여행지로 구엄리 돌염전이 있다.",Unknown,0507-1360-1900,- 평일 10:00~17:00 (마지막 주문 16:30) / - 주말 10:00~17:30 (마지막 주문 17:00),문어라면,돌문어숙회 / 해물라면 / 옛날도시락 등,가능,연중무휴 / ※ 변동 될 수 있으므로 전화문의 요망,있음,Unknown,화장실: 있음,50,110,FD,음식,FD03,간이음식,FD030400,김밥 분식,40,90,60,10,10,0,60,45,75,observed,0.7361,0.7308,0.9257,0.8022,blend,"해산물 요리,회·물회·초밥,면 요리,분식·간편식"
2851902,39,음식점,노을리,제주특별자치도 제주시 애월읍 애월해안로 654,63049,126.3727283662,33.4801051312,"노을리는 제주시 애월읍 구엄리에 있는 브런치 및 디저트 전문 카페다. 입구는 버스 정거장처럼 꾸며졌지만, 실내는 유리온실처럼 꾸며 열대식물과 바다 뷰를 함께 즐길 수 있다. 2층은 루프탑 카페, 3층은 하늘정원으로 꾸며 있어 1층을 제외한 공간은 노키즈존으로 운영한다. 대표 메뉴는 피자와 파스타, 플래터 등의 브런치 메뉴이며, 그 외에 시그니처 음료인 노을리 에이드를 포함한 다양한 음료와 커피, 베이커리, 케이크 등이 준비되어 있다. 바다를 향해 의자와 테이블을 배치해 제주 바다와 노을을 바로 앞에서 감상할 수 있다, 유채꽃과 수국, 해바라기, 코스모스 등 사계절 내내 꽃을 감상할 수 있는 것도 노을리의 장점이다.",https://www.instagram.com/noeully,0507-1491-5032,09:00~21:00 (마지막 주문 20:30),수제 베이컨 토마토 파스타,노을리에이드 / 크림치즈 라떼 / 흑연탄빵 등,가능,연중무휴,있음,Unknown,화장실: 있음,50,110,FD,음식,FD05,카페/ 찻집,FD050100,카페,80,90,90,0,10,0,60,45,75,observed,0.7517,0.75,0.9776,0.8263,blend,
2783400,39,음식점,논짓물식당,제주특별자치도 제주시 성화로9길 10 (용담이동),63158,126.5044161774,33.5126591724,"제주 공항 근처 갈치조림 맛집으로 알려진 논짓물식당은 제주도민들의 추천이 많은 곳이다. 가게 내부는 그리 크지 않고 식사 시간에 가면 웨이팅을 할 수도 있으며 대표 메뉴는 갈치조림이다. 제주 앞바다에서 당일 공수해 온 생물 갈치를 조리하여 싱싱하고 살이 도톰하고 촉촉하다. 조림, 해물탕, 구이 주문 시 밥은 별도 주문으로 공깃밥, 돌솥밥을 선택할 수 있다.",http://www.instagram.com/nonjitmul,0507-1360-8091,- 10:30~21:30 / - 준비시간 15:30~17:00 / - 마지막 주문 20:30,생물갈치조림,우럭조림 / 옥돔구이 / 고등어구이 등,Unknown,매주 일요일,있음,Unknown,화장실: 있음,50,110,FD,음식,FD01,한식,FD010100,관광식당,10,90,10,20,10,0,60,45,75,category,0.816,,0.0,0.816,category,"제주 향토음식,해산물 요리,한식"
1964507,39,음식점,놀맨,제주특별자치도 제주시 애월읍 애월로1길 24,63043,126.3102064238,33.4625033154,"제주시 애월읍에 위치한 해물라면 전문 음식점 놀맨에서는 주인이 직접 문어를 잡아와 해물라면을 제공한다. 당일 문어가 잡힌 경우에 한해서만 문어가 들어가며, 이외에 다양한 해물을 이용하여 라면을 제공한다. 많은 해물이 들어간 라면이라 비주얼이 좋다. 면발은 꼬들꼬들하게 끓여져서 나오며 라면 수프맛보다는 해물짬뽕맛 같은 깔끔하고 시원한 맛을 느낄 수 있다. 매장 테이블은 모두 야외에 위치해 있어 바다를 바라보며 식사가 가능하다.",Unknown,0507-1311-3338,10:00~15:00,해물라면,BIG해물라면 / 스페셜라면 등,불가능,연중무휴,Unknown,Unknown,Unknown,50,110,FD,음식,FD01,한식,FD010100,관광식당,60,90,80,0,10,0,60,45,75,category,0.816,,0.0,0.816,category,"해산물 요리,한식,면 요리"
2871851,39,음식점,누이밥집,제주특별자치도 서귀포시 중산간서로 695 (회수동),63539,126.4411800675,33.2631329802,"누이밥집은 제주 중산간서로 회수마을회관 근처에 자리 잡고 있는 제주 향토 음식 전문점으로, 제주 로컬의 맛을 느낄 수 있는 곳이다. 대표 메뉴는 전복과 전복 내장 소스를 곁들여 나오는 돌솥밥이다. 밥 위에 진한 전복 내장 소스가 더해져 감칠맛을 더하고, 부드러운 전복살이 입안을 풍성하게 채워준다. 뼈 없이 즐기기 좋은 갈치뚝배기와 전복 뚝배기 등도 인기 메뉴이다. 특히 접착뼈국은 돼지머리와 갈비 사이의 접착뼈를 고아낸 육수에 메밀가루와 무를 넣어 만든 제주만의 특별한 음식으로 이곳에서 맛볼 수 있다. 누이밥집은 아침부터 영업을 시작해 든든한 제주식 아침 식사를 원하는 여행객들에게도 안성맞춤이다. 매장 앞에는 넉넉한 주차 공간이 마련되어 있어 차량을 이용한 방문도 편리하다.",Unknown,0507-1496-9034,08:30~17:00 (마지막 주문 16:00),전복돌솥밥,전복뚝배기 / 접착뼈국 / 순살갈치뚝배기 등,가능,매주 화요일,있음,Unknown,화장실: 있음,50,130,FD,음식,FD01,한식,FD010100,관광식당,10,100,30,60,10,0,30,15,45,observed,0.8614,0.9167,0.4512,0.816,blend,"제주 향토음식,해산물 요리,한식"
2839759,39,음식점,니모메,제주특별자치도 제주시 일주서로 7335-8,63068,126.4309535489,33.4937545425,"제주의 카페 니모메는 공항 근처에 위치해 있어 바다를 바라보며 여유로운 시간을 보낼 수 있는 장소이다. 빈티지한 소품들로 아늑하게 꾸며진 인테리어가 특징이며, 커피와 함께 제공되는 다양한 디저트가 일품이다. 실내뿐만 아니라 마당에서도 커피를 즐길 수 있어 날씨 좋은 날에는 야외에서 편안하게 시간을 보낼 수 있다. 제주 여행 중 여유로운 한때를 보내기에 적합한 카페로, 바다와 빈티지 분위기를 동시에 즐길 수 있는 공간이다.",https://www.instagram.com/nimome_jeju,064-742-3008,10:00~20:00 (마지막 주문 19:30),니모메 티라미수,생딸기 티라미수 / 클래식토스트 / 레몬에이드 등,가능,연중무휴,Unknown,Unknown,Unknown,50,110,FD,음식,FD05,카페/ 찻집,FD050100,카페,60,80,80,0,20,0,45,30,60,observed,0.7499,0.6875,0.5507,0.8263,blend,
1877056,39,음식점,다래향,제주특별자치도 제주시 조천읍 조함해안로 428-4,63333,126.6607351684,33.5457941142,"다래향은 제주시 조천읍 함덕해수욕장 인근에 있는 짬뽕 전문점이다. 신선한 해산물이 가득 들어간 다양한 종류의 짬뽕이 눈길을 사로잡는다. 대표 메뉴는 다래향해물짬뽕, 속풀이왕짬뽕으로 해물이 가득하여 시원한 맛을 낸다. 또한 짬뽕 메뉴 외에 짜장의 진한 맛을 느낄 수 있는 유니짜장과 바삭바삭한 흑돼지탕수육 등 다양한 메뉴를 즐길 수 있다. 주변 관광지로 함덕해변, 서우봉둘레길, 김택화 미술관 등이 있다.",Unknown,064-782-9466,10:00~20:00 (준비시간 15:00~17:00),다래향해물짬뽕,다래향차돌짬뽕 / 다슬기불짬뽕 / 해물왕짬뽕 등,가능,매주 월요일,Unknown,가능,Unknown,50,110,FD,음식,FD02,외국식,FD020100,중식,20,100,10,0,0,0,45,30,60,blend,0.83,0.75,0.1813,0.8477,blend,"고기·구이,해산물 요리,중식"
2876416,39,음식점,다린,제주특별자치도 서귀포시 법환로 11 (법환동),63573,126.5138521391,33.2365509509,"다린은 제주도에 위치한 전통 찻집으로, 수제로 만든 다양한 전통차와 디저트를 제공하는 것이 특징이다. 이곳의 모든 메뉴는 매장에서 직접 손수 만들어 제공되며, 가마솥에 달여 낸 쌍화탕, 국내산 대추를 우려 만든 대추탕, 직접 삶은 팥을 활용한 인절미구이 등 전통적인 방식으로 조리된다. 대표 메뉴는 전통차 구성으로, 차와 함께 가래떡구이, 수제 양갱, 오설록 녹차가 함께 제공되어 조화로운 맛을 즐길 수 있다. 외에도 다양한 디저트 메뉴가 준비되어 있는데 인절미 팥빙수, 흑임자 팥빙수, 홍시빙수, 그리고 곶감말이 등이 있다. 또한 다린에서는 차를 선물용으로 구매할 수 있도록 '다린 선물세트'도 판매 중이며, 쌍화차, 대추차, 또는 이 두 가지를 혼합한 구성을 선택할 수 있다.",Unknown,064-739-7772,09:00~22:00,전통차,범섬 쑥빙수 / 인절미팥빙수 / 홍시팥빙수 등,불가능,매주 월요일,있음,가능,화장실: 있음,50,130,FD,음식,FD05,카페/ 찻집,FD050200,찻집,10,90,60,50,20,40,60,45,75,category,0.8266,,0.0,0.8266,category,
1877081,39,음식점,다미회,제주특별자치도 제주시 동광로2길 9-4,63208,126.531234740894,33.5003964070051,"제주시청 앞 골목에 위치한 다미회는 화려하고 고급스러운 일식을 맛볼 수 있는 곳이다. 제철 해산물을 이용한 회와 코스요리, 각종 별미들이 준비되어 있다. 특히 두툼하고 쫀득한 식감의 삼치회가 인기 메뉴이다. 이 외에도 모둠회를 비롯한 다양한 회 메뉴와 탕 및 식사 메뉴가 준비되어 있다. 개별룸과 주차장 시설을 완비하고 있어 각종 모임을 하기에도 좋다.",Unknown,064-722-0726,11:30~22:00 (마지막 주문 21:00),모둠사시미,삼치회 / 다금바리 / 갓돔 등,가능,연중무휴,Unknown,가능,Unknown,50,110,FD,음식,FD02,외국식,FD020200,일식,0,90,40,0,0,0,60,45,75,category,0.849,,0.0,0.849,category,"회·물회·초밥,일식"
2843803,39,음식점,다정이네 올레시장 본점,제주특별자치도 서귀포시 동문로 59-1,63590,126.5668250373,33.2494253692,"다정이네 올레시장 본점은 제주특별자치도 서귀포시 서귀동 올레시장 근처에 있다. 김밥만 판매하는 곳으로 밥은 조금 들어가고 소가 꽉 찬 김밥이다. 계란지단이 많이 들어가는 다정이네김밥과 매운 멸치김밥, 제육김밥이 주요 메뉴다. 내부에 테이블이 3~4개 밖에 없는 작은 김밥집이지만 포장 주문이 많아 성수기에는 대기 줄이 길다. 쌈장부터 수제 디핑 소스에 이르는 모든 소시와 양념을 자체 제작하고 있으며 달걀지단 및 기본 속재료는 그때그때 부쳐서 30분 이내에 조리된 것만을 사용한다.",Unknown,070-8900-8070,07:00~20:00 (준비시간 15:00~16:00),다정이네김밥,매운멸치고추 김밥 / 흑돼지오겹살 김밥 / 새우튀김 김밥 등,불가능,연중무휴,Unknown,Unknown,Unknown,50,130,FD,음식,FD03,간이음식,FD030400,김밥 분식,0,100,20,10,0,20,30,15,45,observed,0.9319,0.9423,0.9257,0.8022,blend,분식·간편식
2851913,39,음식점,단소,제주특별자치도 제주시 애월로 139-4,63043,126.3226414094,33.4644477406,"단소는 애월초등학교 근처에 있다. 단소는 ‘단정하고 소박하게’의 줄임말로 단품메뉴 없이 흑돼지두루치기를 주요 반찬으로 한 10첩 가정식백반을 선보인다. 모든 반찬의 식재료는 국내산이며 반찬은 계절에 따라 조금씩 바뀐다. 음식 모두 당일 요리를 원칙으로 하고, 어린이 동반, 반려견 동반 모두 가능하다. 하루 50인분만 판매하기 때문에 영업시간보다 빨리 영업이 마감되기도 한다. 주변 여행지로 한담해안산책로, 고내방파제 등이 있다. / ※ 반려동물 동반 가능",Unknown,070-8018-7178,11:00~15:30 (라스트오더 14:50),한상차림,집밥도시락 / 막창순대구이 등,불가능,매주 일요일,Unknown,Unknown,Unknown,50,110,FD,음식,FD01,한식,FD010100,관광식당,20,100,20,20,10,0,60,45,75,observed,0.8426,0.875,0.4512,0.816,blend,"고기·구이,한식"
2847823,39,음식점,달팽이식당,제주특별자치도 서귀포시 안덕면 일주서로 1322-1,63532,126.3719637973,33.2655038505,"달팽이식당은 제주특별자치도 서귀포시 안덕면 창천리에 있다. 일주서로와 한창로가 만나는 삼거리 근처에 있는 달팽이식당은 귤 창고를 리모델링한 조용하고 소박한 공간이다. 직접 농사지은 콩으로 할머니가 직접 띄운 청국장과 석쇠구이 세트 단일 메뉴를 제공한다. 보리밥과 함께 집밥 같은 한상을 받아볼 수 있는 곳으로 동그란 소반에 나오는 상차림이 SNS용으로 인기이다. 재료 소진 시 영업을 마감하고, 2인부터 주문 가능하다. 주변 여행지로 논짓물, 용머리해안, 중문색달해수욕장, 본태박물관 등이 있다.",http://instagram.com/jeju.snail,064-792-3842,11:00~16:00 (라스트오더 15:30),달팽이정식 (청국장+직화불고기),Unknown,가능,매주 일요일,Unknown,Unknown,Unknown,50,130,FD,음식,FD01,한식,FD010100,관광식당,20,90,70,10,10,0,45,30,60,blend,0.8355,0.875,0.3297,0.816,blend,"고기·구이,한식"
2807920,39,음식점,달페이지,제주특별자치도 서귀포시 색달로64번길 51,63534,126.413928872755,33.2597558635739,"달페이지는 제주도에 위치한 예쁘고 감성적인 브런치 맛집이다. 따뜻하고 아늑한 달페이지 특유의 내부 인테리어가 눈길을 사로잡는다. 브런치는 예쁘기만 한 게 아니라 맛도 좋다. 달 브런치, 콩포트 그릭요거트, 크로크무슈, 토마토스튜+바게트 등 다양한 종류의 브런치와 음료를 맛볼 수 있다. 데이트 및 가족 여행으로도 많이 들리는 곳이다. 1층 카페 공간을 제외한 나머지는 여행객들을 위한 숙소로 운영되고 있다.",Unknown,0507-1372-8918,09:30~15:00,달브런치,와인베리 프렌치토스트 / 크로크무슈 / 오픈 샌드위치 등,가능,연중무휴,Unknown,Unknown,Unknown,50,130,FD,음식,FD02,외국식,FD020300,서양식,20,90,80,0,10,0,60,45,75,blend,0.8122,1.0,0.1813,0.7706,blend,양식·세계음식
2862097,39,음식점,담백 월정리본점,제주특별자치도 제주시 구좌읍 해맞이해안로 518,63358,126.8013338239,33.5564618637,"담백은 월정리에서 세화 방향 해안도로에 위치하고 있다. 갈치, 전복, 흑돼지 모두 제주산 원재료로 솥밥을 짓는 식당이다. 대표메뉴인 전복 솥밥은 특제 전복 게우소스와 신선한 게우로 지어낸 솥밥을 전복과 함께 곁들어 먹는다. 밥 위에 큼직한 갈치구이가 올라가는 갈치솥밥은 뼈와 가시를 모두 제거한 후 소금간을 하여 구워 낸 후 직접 우려낸 육수로 지은 솥밥에 올려져 나온다. 비리지 않고 가시가 발라져 있어 아이들이 먹기에도 편하다. 작은 매장에서 뜨거운 솥밥을 차리기 때문에 아이들이 자리에 앉아 있도록 주의가 필요하다. 근처에 함께 둘러보기 좋은 여행지로 월정리 해수욕장, 코난 해변, 제주밭담테마공원 등이 있다.",Unknown,0507-1494-0208,[수요일~월요일] / - 09:00~20:00 / - 준비시간 15:30~17:00 / - 마지막 주문 19:30 / [화요일] / - 09:00~16:00,전복솥밥,갈치솥밥 / 흑돼지솥밥 / 전복버터구이 등,가능,연중무휴,있음,Unknown,화장실: 있음,50,110,FD,음식,FD01,한식,FD010100,관광식당,20,90,20,10,10,0,60,45,75,observed,0.8078,0.8068,0.8892,0.816,blend,"제주 향토음식,고기·구이,해산물 요리,한식"
4053764,39,음식점,담소요,제주특별자치도 서귀포시 남원읍 신례천로 193,63608,126.6243207151,33.2996250887575,"제주 서귀포시에 위치한 담소요는 넓은 정원과 연못이 있는 카페다. 통창으로 아름다운 연못과 제주의 풍경을 한 눈에 담을 수 있다. 대표 메뉴로는 시그니처 밀크티가 있으며, 제주 감귤주스, 루이보스 티, 페퍼민트 티가 있다. 또한 디저트도 맛볼 수 있는데, 단호박파이와 바스크 치즈 케이크 등이 있다.",Unknown,0507-1312-4039,- 09:00~17:30- 마지막 주문 17:00,시그니쳐 밀크티,KUSMI lovely night / 바스크치즈케이크 / 단호박파이,가능,매주 화요일,Unknown,Unknown,Unknown,50,130,FD,음식,FD05,카페/ 찻집,FD050100,카페,80,80,90,0,10,0,60,45,75,category,0.8263,,0.0,0.8263,category,
2857350,39,음식점,당당,제주특별자치도 제주시 중엄안1길 25,63047,126.3708925420,33.4744723929,"당당은 제주 애월 일주서로 아래쪽에 있는 브런치 카페로 크림 위에 살구를 올려 마치 계란프라이처럼 차려 나오는 당당 수플레 팬케이크가 유명하다. 또한, 토치로 구운 바나나, 트뤼프 베리 컴포트 등도 인기 메뉴로 여행자들의 인증샷 성지이기도 하다. 자리가 협소한 편이라 13세 이상만 출입할 수 있으며 팀당 4명 이하로 제한하고 있다. 주변 여행지로 구엄리 돌염전, 구엄포구가 있다.",http://instagram.com/dangdang_official_,070-4159-0327,10:30~17:00 (라스트오더 16:00),당당수플레,브런치수플레 / 아메리카노 / 카페라떼 등,가능,"매주 화요일, 수요일",있음,Unknown,화장실: 있음,50,110,FD,음식,FD05,카페/ 찻집,FD050100,카페,10,100,90,0,10,0,60,45,75,blend,0.8836,1.0,0.3297,0.8263,blend,
2767629,39,음식점,당케올레국수,제주특별자치도 서귀포시 표선면 민속해안로 584,63629,126.8433465940,33.3253241907,"당케 올레국수는 제주도 표선해수욕장 근처에 있는 국수 전문점이다. 주요 메뉴는 걸쭉하고 칼칼한 맛의 보말칼국수다. 칼국수 메뉴에도 죽처럼 쌀이 들어가 죽과 면을 한 그릇에 맛볼 수 있고, 속까지 뜨끈해지는 맛이 진국이라는 평이 많이 받고 있다. 보말죽 역시 기본적으로 청양고추가 들어가 있어 물리지 않고 끝까지 담백하고 매콤하게 먹을 수 있다. 이외에도 성게 칼국수, 고기 국수, 한치 무침, 자리 무침 등 제주 특산 메뉴가 다양하게 준비되어 있으니 마음껏 즐기면 된다.",Unknown,064-787-4551,08:00~17:00 (마지막 주문 16:30),보말칼국수,보말죽 / 고기국수 / 한치무침 등,가능,매주 목요일,있음,가능,화장실: 있음,50,130,FD,음식,FD01,한식,FD010100,관광식당,10,100,10,20,10,0,30,15,45,observed,0.7663,0.75,0.7534,0.816,blend,"제주 향토음식,한식,면 요리"
2861372,39,음식점,당포로나인 돈카츠,제주특별자치도 서귀포시 표선면 표선당포로 9,63629,126.8435882289,33.3257880323,"당포로나인 돈카츠는 제주 표선 해비치 해수욕장 인근에 위치해 있는 돈카츠 전문점이다. 제주의 유명 식재료를 사용하여 돈카츠와 콜라보된 메뉴를 선보이고 있다. 이곳의 모든 소스와 육수는 직접 만들어 사용하기 때문에 건강하게 믿고 먹을 수 있다. 입구 쪽에서는 상상할 수 없는 바다 풍경이 창가에 펼쳐지기 때문에 찾아오는 여행자가 많다. 야외 좌석도 마련되어 있는데, 날씨 상황에 따라 이용여부가 결정되며, 예약 없이 오는 순서대로 앉을 수 있다. 단, 야외는 셀프도 배식과 퇴식을 해야 한다. 정원에는 아이들이 좋아하는 그네와 정자 등 놀거리도 있다. 돈카츠 메뉴로는 건강한 과일 수제 소스를 곁들인 흑돼지 일식 정통 돈카츠인 제주흑돈카츠와 치즈가 듬뿍 들어간 치즈콤보카츠, 다양하게 맛볼 수 있는 모듬카츠, 경양식돈카츠 등이 준비되어 있다. 이외에도 우동과 모밀 등의 메뉴도 판매하고 있다.",https://www.instagram.com/dangporo_9,070-8900-8285,11:00~20:30 (마지막 주문 19:30),제주흑돈카츠,치즈콤보카츠 / 제주피쉬카츠 / 모듬카츠 등,가능,매주 일요일,있음,가능,화장실: 있음,50,130,FD,음식,FD02,외국식,FD020200,일식,80,90,80,10,20,0,60,45,75,blend,0.8782,0.9375,0.3297,0.849,blend,"고기·구이,일식,양식·세계음식"
820903,39,음식점,대관원,제주특별자치도 제주시 신대로13길 3,63122,126.497449283825,33.4877556712491,제주에서 2대에 걸쳐 50여 년간 중국요리를 해온 중식요리 전문점이다. 제주도를 방문하는 대만과 중국 관광객들이 즐겨 찾는 곳이다.,Unknown,064-746-6067,11:00~21:00,고추짬뽕,하얀짬뽕 / 탕수육 / 깐풍기 등,가능,매주 월요일,Unknown,가능,Unknown,50,110,FD,음식,FD02,외국식,FD020100,중식,0,90,10,10,0,0,45,30,60,category,0.8477,,0.0,0.8477,category,중식
2753037,39,음식점,대기정,제주특별자치도 서귀포시 이어도로 41 (대포동),63544,126.4285622273,33.2403019678,"대기정은 제주도 중문에 위치한 갈치 요리 전문점이다. 채낚이배로 잡은 13 미 이상의 최상품 생물 갈치만을 사용하며 제주도에서 통갈치 음식점 중 가장 싸고 맛있는 집이라고 자부한다. 뼈 없는 갈치조림을 비롯하여 통갈치구이, 고등어구이, 고소하고 푸짐한 전복돌솥밥 등 제주의 맛을 만끽할 수 있는 메뉴들로 가득하다. 2층까지 넓고 쾌적한 실내공간은 물론 친절한 직원들이 있고 도로와 가까운 주차장까지 겸비하고 있다.",https://blog.naver.com/eorlwjd2006,0507-1403-1041,- 10:00~20:30 / - 준비시간 15:00~17:00 / - 마지막 주문 19:30,뼈없는갈치조림,통갈치구이 / 고등어구이 / 전복돌솥밥,가능,연중무휴,있음,Unknown,화장실: 있음,50,130,FD,음식,FD01,한식,FD010100,관광식당,0,100,20,20,0,0,75,60,90,blend,0.8355,0.875,0.3297,0.816,blend,"제주 향토음식,해산물 요리,한식"
4002695,39,음식점,대들보,제주특별자치도 서귀포시 막숙포로 64 (법환동),63573,126.514769215191,33.2358737269205,"제주 서귀포에 위치한 대들보 서귀포본점은 하루 단 60명만이 만날 수 있는 한정식집으로, 서귀포 한정식을 찾는 사람들에게 꾸준히 소개되는 곳이다. 법환포구에서 1분, 워터월드 제주에서 차로 3분, 속골유원지에서 차로 7분 거리에 위치해 있어 접근성이 좋으며, 제주 바다를 바라보며 식사를 즐길 수 있는 법환포구 맛집이기도 하다. 하루 60인분만 준비되기 때문에 한 사람 한 사람의 식사가 정갈하게 제공되며, 제주산 옥돔과 성게미역국 또는 보말미역국 등 은은한 바다 향이 나는 계절 반찬이 어우러진 한 상을 저렴한 가격에 즐길 수 있다. 제주 여행 중 부담 없이 들러 든든한 한 끼를 해결하기 좋은 서귀포한정식 전문점이자, 현지 분위기를 함께 느낄 수 있는 법환포구맛집으로 추천할 만한 곳이다.",Unknown,0507-1370-5887,- 평일 10:00~19:00 (준비 시간 16:00~17:00)- 주말 10:00~18:00,대들보 정식,성게미역국 / 보말미역국 / 갈치구이 등,가능,매주 월요일,Unknown,Unknown,Unknown,50,130,FD,음식,FD01,한식,FD010100,관광식당,20,90,60,30,10,0,60,45,75,category,0.816,,0.0,0.816,category,"제주 향토음식,해산물 요리,한식"
404135,39,음식점,대우정,제주특별자치도 서귀포시 이어도로 866-37,63573,126.506865293603,33.2330187782401,"서귀포시에 위치한 대우정은 전복을 주로 사용하고 있는 한식당이다. 이곳의 대표메뉴는 전복돌솥밥으로 함께 나오는 마가린과 양념장을 비벼 더 고소하고 풍부한 맛으로 즐길 수 있다. 이 외에도 각종 조림과 생선구이, 전복 요리들을 맛볼 수 있다. 자극적이지 않고 깔끔하고 든든한 한 끼 식사를 제공한다. 깔끔한 매장과 넓은 주차 공간으로 가족들과 함께 하기 좋은 곳이다.",Unknown,064-733-0137,- 09:00~20:30- 준비시간 15:00~17:00- 마지막 주문 19:30,전복돌솥밥,전복해물뚝배기 / 전복죽 / 제주옥돔구이 등,가능,매주 목요일,Unknown,Unknown,Unknown,50,130,FD,음식,FD01,한식,FD010100,관광식당,0,100,20,0,0,0,60,45,75,category,0.816,,0.0,0.816,category,"제주 향토음식,해산물 요리,한식"
3483664,39,음식점,대한목장,제주특별자치도 서귀포시 남원읍 하례로620번길 19,63608,126.61861598876489,33.30244940937115,"섬 속의 섬으로 불리는 대한목장은 경주마 목장으로 운영되면서 약 70년 동안 외부와 철저히 분리되어 왔던 미지의 공간이었으나, 사람들에게 자연의 아름다움을 공유하고 휴식을 제공하기 위해 개방하게 되었다. 30만 평의 넓은 초지와 아름다운 대나무숲을 보유하고 있어 제주 여행 중 자연을 만끽하며 여유로운 시간을 보낼 수 있는 곳이다. 목장에 있는 돌창고 건물이 카페로 재탄생했으며, 오래된 건물인 만큼 세월의 흔적이 느껴진다. 레트로한 공간이 주는 안락함 덕분에 커피를 마시며 한가로운 시간을 보내기에 적합하다. 외부 농장에서는 말들도 만날 수 있으며 넓은 대지를 걸으며 산책을 즐길 수 있다.",Unknown,010-3352-7030,- 10:00~19:00- 마지막 주문 18:30,아메리카노,내가 만든 쿠키 / 바스크 치즈케이크 / 휘낭시에,가능,연중무휴,Unknown,Unknown,Unknown,50,130,FD,음식,FD05,카페/ 찻집,FD050100,카페,90,50,80,30,60,0,60,45,75,category,0.8263,,0.0,0.8263,category,
2850127,39,음식점,더리트리브,제주특별자치도 서귀포시 안덕면 화순로 67,63530,126.3385643087,33.2479552633,"더리트리브는 제주 서귀포시 안덕면에 위치한 감성적인 카페로, 안덕중학교 건너편에 자리하고 있다. 이곳은 카페 이름처럼 실제 골든리트리버가 함께 지내는 공간으로, 반려견과 함께 방문할 수 있는 점이 특징이다. 더리트리브는 다양한 산지의 스페셜티 커피를 직접 로스팅하며, 정성스럽게 핸드드립으로 내려내는 커피 한 잔을 즐길 수 있으며 일반적인 카페에서 볼 수 있는 스낵이나 베이커리는 판매하지 않고 오직 커피와 음료만 제공해, 커피의 향과 맛에 더욱 집중할 수 있다. 매장 한편에는 다양한 커피 원두와 관련 굿즈, 서적 등이 전시·판매되고 있어 구경하는 재미도 쏠쏠하다. 카페 내부는 빈티지한 인테리어와 따뜻한 분위기로 꾸며져 있어 사진 찍기 좋은 포인트들이 많아 감성샷을 남기기에도 좋다.",Unknown,0507-1387-8112,11:00~19:00 (마지막 주문 18:30),아몬드 크림라떼,에스프레소 / 핸드드립 / 아이스 초코라떼 등,가능,연중무휴,있음,Unknown,화장실: 있음,50,130,FD,음식,FD05,카페/ 찻집,FD050100,카페,60,80,80,20,10,20,60,45,75,observed,0.8361,0.8393,0.7534,0.8263,blend,
2810922,39,음식점,더스푼,제주특별자치도 제주시 구남동1길 45,63231,126.541150645021,33.4934001587574,"제주 아라이동 거리에 위치한 이탈리안 레스토랑 더스푼은 제주도가 고향인 셰프님이 제주의 제철 식재료를 접목한 정통 이탈리안 메뉴를 선보인다. 제주에서 나는 해산물, 고기, 채소 등 퀄리티 좋은 신선한 재료만을 이용하여 고급스러운 맛을 자아낸다. 성게와 어란이 올라간 성게어란파스타가 이곳의 대표 메뉴이다. 코스로도 즐길 수 있고, 단품으로도 즐길 수 있으며 와인 콜키지도 가능하다. 예약은 캐치테이블을 통해서 받고 있다.",Unknown,0507-1404-1324,18:00~22:30,티라미수,성게파스타 / 돌문어 / 북해도대게 등,가능,"매주 월요일, 화요일, 수요일, 목요일",Unknown,Unknown,Unknown,50,110,FD,음식,FD02,외국식,FD020300,서양식,0,100,40,0,10,0,60,45,75,blend,0.8122,1.0,0.1813,0.7706,blend,양식·세계음식
2708338,39,음식점,더클리프,제주특별자치도 서귀포시 중문관광로 154-17 (색달동),63535,126.4156104662,33.2450679043,"중문 해수욕장에 위치한 복합 어뮤즈먼트 공간 더 클리프는 선셋을 감상할 수 있는 최고의 오션뷰를 지닌 장소로 이색적인 공간에서 다양하고 맛있는 식음료를 제공하고 있다. 중문 해변과 선셋을 볼 수 있는 환상적인 제주 뷰를 배경으로 다양하고 재미있는 파티와 문화공연, 페스티벌을 기획하고 있다. 하우스와 테크노에 흠뻑 젖을 수 있는 디제이 파티도 즐길 수 있다. 평일 오후부터 마감까지, 주말 오후부터 마감까지 디제잉공연을 하고 있다. 안전상의 이유로 저녁 7시 이후로는 노키즈존으로 운영되며, 카페 메뉴 주문은 불가능하다. 외부로 나가면 발리베드를 이용할 수 있으며 이용제한시간이 있다.",https://www.instagram.com/thecliffjeju,064-738-8866,"- 일요일~목요일 10:00~24:00 / - 금요일, 토요일 10:00~01:00",더클리프피자,흑돼지 멜젓 파스타 / 현무암치킨 /제주바당 등,가능,Unknown,있음,가능,화장실: 있음,50,130,FD,음식,FD02,외국식,FD020300,서양식,80,70,90,60,80,10,60,45,75,observed,0.8332,0.8333,0.9986,0.7706,blend,양식·세계음식
4002890,39,음식점,더해장,제주특별자치도 서귀포시 일주서로 680 (회수동),63540,126.437249555931,33.2550879893374,"중문 맛집 더해장은 아침 7시부터 문을 여는 해장국 맛집으로 여행 중 든든한 제주아침식사 장소로 찾는 이들이 많다. 소목뼈를 12시간 이상 우려내 불 조절과 기름 제거, 농도 관리까지 거쳐 잡내 없이 깊고 맑은 제주해장국을 완성하며 해남 배추우거지를 더해 속이 편안한 국물을 선보인다. 소목뼈해장국과 산더미해장국이 대표 메뉴이고, 구운 김과 소목뼈전골도 함께 즐길 수 있다. 넓고 쾌적한 공간으로 가족 식사나 단체 모임에도 적합하며, 제주아침식사를 찾는 여행객에게 만족도가 높다.",Unknown,0507-1479-5886,08:00~20:00 (준비시간 15:00~16:30),진하게 우려낸 소목뼈해장국,산더미해장국 / 재래돌김 / 소목뼈내장탕 등,가능,매주 화요일,Unknown,Unknown,Unknown,50,130,FD,음식,FD01,한식,FD010100,관광식당,0,100,20,0,10,0,60,45,75,category,0.816,,0.0,0.816,category,한식
3038449,39,음식점,더힐링타임,제주특별자치도 제주시 서해안로 652 (용담삼동),63151,126.506458568504,33.515923124308,"더힐링타임은 용두암 해안도로에 위치한 족욕카페이다. 이곳에서는 아로마 오일을 이용한 족욕 체험을 할 수 있어 여행에서 쌓인 피로를 풀 수 있다. 또한, 제주공항 근처에 위치해 있어 여행 첫날이나 마지막 날에 방문하기 좋다. 1층과 2층에 족욕 체험장이 마련되어 있어, 친구나 가족과 함께 족욕 체험을 즐길 수 있다. 족욕체험은 30분간 진행되며 체험 시작부터 끝까지 인원에 맞춰 단체로 체험이 진행되기 때문에 예약한 시간에 맞춰 입장해야 한다. 매장 내부에는 예약자들이 대기하는 휴게 공간과 각종 입욕제 및 오일 등 다양한 아로마세러피 제품을 판매하고 있다.",Unknown,064-745-8700,10:00~18:30 (입장 마감 17:40),매실차,오미자차 / 아메리카노 / 카페라떼 등,가능,연중무휴,Unknown,Unknown,Unknown,50,110,FD,음식,FD05,카페/ 찻집,FD050100,카페,40,70,30,0,70,30,60,45,75,observed,0.8187,0.8125,0.5507,0.8263,blend,
2845281,39,음식점,덴드리,제주특별자치도 서귀포시 성산읍 삼달로 28-1,63635,126.8659214086,33.3694419084,"덴드리는 제주도 서귀포 성산읍 삼달리에 위치한 감귤밭 카페이다. 그리스 산토리니 스타일로 지어진 흰색 건물에 감귤밭이 보이는 곳으로 창을 냈다. 겨울에는 온통 귤빛으로 물든 아름다운 경치를 감상할 수 있으며 카페 내부도 자연 친화적인 조명과 식물로 인테리어를 마쳤다. 넓은 통창을 통해 날씨에 상관없이 사계절을 즐길 수 있다. 견고하고 묵직한 원두의 깊은 맛과 직접 기른 청귤의 은은한 산미와 단 맛이 기분 좋은 덴드리 청귤라떼와 프랑스산 고메버터 속 수제 바닐라빈 크림이 들어간 달콤한 덴드리 쿠키슈, 덴드리에서 직접 키운 귤로 만드는 신선하고 건강한 수제청 청귤 에이드가 이곳의 시그니처 메뉴이다. 이 외에도 깔끔한 콜드브루 베이스에 시원한 연유크림이 올라간 아이스커피인 프레도카푸치노, 겹겹이 쌓은 필로에 고메버터를 바르고, 견과류와 수제 크림치즈를 더한 고소한 수제 페스츄리인 바클라바 등 다양한 디저트와 음료가 준비되어 있다.",http://instagram.com/cafe_dendri,0507-1486-1178,10:00~18:30 (마지막 주문 17:30),덴드리 청귤라떼,덴드리 슈 / 바클라바 / 프레도카푸치노 등,가능,"매주 수요일, 목요일",있음,가능,화장실: 있음,50,130,FD,음식,FD05,카페/ 찻집,FD050100,카페,80,90,80,10,10,10,60,45,75,category,0.8263,,0.0,0.8263,category,
2783406,39,음식점,델문도,제주특별자치도 제주시 조천읍 조함해안로 519-10,63333,126.6687289685,33.5436111507,함덕해수욕장 바닷가에 있는 델문도는 백사장 한가운데 있어 마치 바다 위에 떠 있는 느낌을 주어 사람들의 발길이 끊이질 않는 제주 핫플레이스 카페 중 하나이다. 델문도는 신선한 원두로 내리는 커피와 다양한 종류의 빵과 젤라또를 판매하는 베이커리 카페이다. 이곳에서 만드는 빵은 나오는 시간이 각각 정해져 있어 원하는 빵이 있다면 시간 확인 후 방문하는 게 좋다. 매장 한편에 원두와 굿즈도 판매한다. 직접 로스팅하여 내린 커피부터 디저트까지 즐길 수 있는 델문도는 메뉴의 선택이 다양하여 가족과 함께 가기 좋다.,http://www.delmoondo.com,064-702-0007,06:00~24:00,문도슈페너,에스프레소 / 아메리카노 / 우도땅콩라떼 등,가능,Unknown,있음,Unknown,화장실: 있음,50,110,FD,음식,FD05,카페/ 찻집,FD050100,카페,80,90,90,0,20,20,60,45,75,observed,0.7862,0.7862,0.9995,0.8263,blend,
2870589,39,음식점,도갈비,제주특별자치도 제주시 한라대학로 85 (노형동),63089,126.4793136221,33.4765544369,"도갈비는 제주시 노형동 한라대학교 근처에 있는 흑돼지구이 전문점이다. 제주산 흑돼지에 촘촘히 칼집을 내어 쫀득한 육질과 풍부한 육즙이 그대로 살아있다. 대표 메뉴는 도대표한판으로 제주산 흑돼지 중 대표할 수 있는 부위를 선별한 흑돼지 세트이다. 반찬은 기본 찬과 멜젓이 나오는데 고기 찍는 소스에 해당하는 멜젓이 별미이고, 멜젓에 볶아먹는 볶음밥도 인기 메뉴다. 흑돼지오겹살, 흑돼지 특수부위가 있고 고기폭탄된장찌개와 냉면 맛도 일품이다. 현지인들도 추천하는 맛집인 만큼 대기 손님이 많고, 주차공간이 부족하다. 주변에 함께 둘러보기 좋은 여행지로 한라수목원, 이호테우해변 등이 있다.",Unknown,0507-1420-5330,- 12:00~23:00 / - 준비시간 15:00~16:30 / - 점심 마지막 주문 14:10 / 저녁 마지막 주문 22:10,도대표한판,흑도목 / 도정살 / 꽃멸젓볶음밥 등,가능,연중무휴,있음,Unknown,화장실: 있음,50,110,FD,음식,FD01,한식,FD010100,관광식당,20,100,30,0,10,0,60,45,75,blend,0.8767,1.0,0.3297,0.816,blend,"제주 향토음식,고기·구이,한식"
687869,39,음식점,도남오거리식당,제주특별자치도 제주시 도남로6길 16,63201,126.5261257672,33.4965335254,"20여 년 전통의 고기 전문점으로, 소, 돼지 다양한 구이 메뉴를 취향대로 즐길 수 있는 한식당이다. 제주에서 흔히 맛볼 수 없는 황소 모둠구이 전문식당이다. 황소 모둠구이, 육회, 쌈밥 등의 메뉴를 가지고 있는데 다양한 소 부위를 저렴하게 먹을 수 있는 곳으로 유명하다. 그리고 돌솥육회비빔밥, 우거지탕, 육개장, 김치전골 등의 식사메뉴와 냉면 메뉴가 마련되어 있다.",Unknown,064-722-4844,15:00~23:00,황소 모둠구이,꽃등심 / 차돌박이 / 육회 등,가능,매주 월요일,Unknown,가능,Unknown,50,110,FD,음식,FD01,한식,FD010100,관광식당,0,100,10,10,20,0,75,60,90,blend,0.8494,1.0,0.1813,0.816,blend,"고기·구이,한식"
2850048,39,음식점,도두반점 제주사수점,제주특별자치도 제주시 서해안로 317 2층,63112,126.4791906626,33.5095952211,"도두반점은 제주시 용담해안도로 사수항에 있다. 제주 모자반(몸)을 넣은 흑돼지몸짬뽕이 대표메뉴이며 사골육수의 구수함과 몸의 식감이 어우러진 맛이다. 두툼한 등심에 쫀득한 식감으로 튀김옷을 입힌 흑돼지탕수육과 고기가 많이 들어간 도두볶음밥도 인기이다. 근처 여행지로 무지개해안도로와 도두봉이 있으며, 공항 근처에 있어 도착과 출발 여행자들이 많이 찾는다.",Unknown,064-745-2915,11:30~22:00 (브레이크타임 16:00~17:30 / 점심 라스트오더 15:00 / 저녁 라스트오더 21:00),흑돼지몸짬뽕,흑돼지짜장면 / 흑돼지탕수육 / 새우쇼마이 등,가능,연중무휴,Unknown,Unknown,Unknown,50,110,FD,음식,FD02,외국식,FD020100,중식,20,100,20,0,0,0,45,30,60,observed,0.8283,0.8125,0.5507,0.8477,blend,"제주 향토음식,고기·구이,중식"
2758939,39,음식점,도두해녀의집,제주특별자치도 제주시 도두항길 16 (도두일동),63112,126.4666418301,33.5062259504,"도두해녀의집은 제주 국제공항에서 10분 거리에 있어 제주를 오갈 때 들르기 좋다. 특 물회, 전복물회, 한치물회 등 다양한 물회 메뉴가 있으며 계절별로 신선한 재료가 준비되니 방문하기 전에 주문 가능한 메뉴를 확인 후 방문하면 좋다. 성게비빔밥의 경우 하루 한정 수량이 있어 점심시간 전에도 매진된다고 하니 너무 늦지 않게 방문하는 게 좋다. 도두해녀의집은 물회 맛집으로 알려졌지만 전복죽 맛집으로도 유명하다.",Unknown,064-743-4989,- 10:00~20:00 / - 준비시간 15:30~17:00 / - 마지막 주문 19:30,전복죽,물회 / 회덮밥 / 성게미역국 등,가능,연중무휴,있음,Unknown,화장실: 있음,50,110,FD,음식,FD01,한식,FD010100,관광식당,10,100,20,10,10,0,60,45,75,observed,0.7957,0.7917,0.8347,0.816,blend,"제주 향토음식,해산물 요리,회·물회·초밥,한식"
2870596,39,음식점,도두후레쉬,제주특별자치도 제주시 도공로 34 (도두일동),63112,126.4658975168,33.5032984850,"도두후레쉬는 제주공항 인근, 이호테우 해수욕장, 무지개 해안 도로에 인접한 수제 햄버거 테이크 아웃 전문점이다. 신선하고 두툼한 패티를 위해 냉동이나 해동 과정을 거치지 않고 매일 새롭게 만들어 제공한다. 소스와 버거 시즈닝을 직접 배합하여 만들어 육즙이 가득하면서 부드러운 식감의 패티와 새롭지만 낯설지 않은 소스로 남녀노소 즐길 수 있는 수제버거를 만든다. 매장식사와 포장이 모두 가능하며, 방문 시 건물 앞에 주차가 가능하다. 메뉴는 새우튀김버거, 베이컨에그버거, 빅더블스파이시버거, 치즈폭탄버거 등이 대표 메뉴이고 함께 즐길 수 있는 다양한 음료도 있다. 주변에 함께 둘러보기 좋은 여행지로 이호테우해면, 알작지해변, 도두봉, 무지개해안도로 등이 있다.",http://www.instagram.com/dodufresh,0507-1447-1114,11:00~19:30 (마지막 주문 19:00),새우튀김버거,베이컨에그버거 / 치즈폭탄버거 / 한라봉에이드 등,가능,매주 화요일,있음,Unknown,화장실: 있음,50,110,FD,음식,FD03,간이음식,FD030200,"피자, 햄버거, 샌드위치 및 유사음식",20,90,20,0,10,0,30,15,45,blend,0.8283,1.0,0.1813,0.7903,blend,양식·세계음식
133258,39,음식점,도라지식당,제주특별자치도 제주시 연삼로 128,63145,126.5059498300,33.4927114054,"제주 토속음식 전문점으로 제주가 아니면 맛볼 수 없는 갈치 호박국, 싱싱한 생선에 미역을 곁들인 옥돔국과 갈치구이, 옥돔구이가 일품이다. 여름철엔 물회 역시 일품이다. 30여 년을 함께 한 시청 도라지식당은 더 넓은 주차공간과 좋은 시설, 지리적 조건 등을 고려해 공항 근처로 확장 이전하여 운영하고 있다.",Unknown,064-722-3142,09:00~20:30 (마지막 주문 19:30),도라지상차림,한치물회 / 제주갈치구이 / 갈치조림 등,가능,매주 화요일,남녀개별 / 업소 내부 위치,가능,화장실: 남녀개별 / 업소 내부 위치,50,110,FD,음식,FD01,한식,FD010100,관광식당,0,100,10,40,10,0,45,30,60,observed,0.8141,0.8125,0.5507,0.816,blend,"제주 향토음식,해산물 요리,회·물회·초밥,한식"
2830228,39,음식점,도렐 제주 본점,제주특별자치도 서귀포시 성산읍 동류암로 20,63640,126.9180400527,33.4496450053,"도렐 제주 본점은 서귀포 성산일출봉 근처 숙소인 플레이스 캠프에 속해있는 카페이다. 호텔 자체도 인기가 좋지만, 도렐은 커피 맛으로 소문이 나서 투숙객이 아닌 손님들도 많이 찾는다. 신선하고 좋은 품질의 원두, 역삼투압 과정을 거쳐 부드러운 텍스처와 청량한 맛의 물, 오랜 경력의 전문 바리스타의 기술과 노하우로 구현된 커피의 맛을 제주의 여유로움 속에서 즐길 수 있다. 또한, 다양한 베이커리도 준비되어 있다. 시그니처인 너티클라우드는 땅콩 크림 우유가 들어간 커피로 약간의 호불호가 갈리지만 전체적으로 커피 맛이 좋아 언제나 손님으로 북적인다. 제주 햇살이 가득한 카페 도렐에서 여유있는 휴식을 즐길 수 있다.",https://www.instagram.com/dorrell_coffee,0507-1437-3011,10:00~18:00,너티클라우드,쑥하리 / 체리조 / 옐로우페즈 등,가능,연중무휴,Unknown,Unknown,Unknown,50,130,FD,음식,FD05,카페/ 찻집,FD050100,카페,40,90,60,0,10,0,60,45,75,category,0.8263,,0.0,0.8263,category,
2863811,39,음식점,도리 관광농원,제주특별자치도 제주시 조천읍 비자림로 607,63346,126.6726811287,33.4339761204,"도리관광농원은 제주 제주시 조천읍 교래사거리에 위치한 복합형 관광지로, 카페와 농장 체험이 결합된 이색적인 공간이다. 자연 속에서 여유롭게 커피를 즐기며 다양한 동물들과 교감할 수 있는 이곳은 가족 단위 여행객은 물론, 힐링을 원하는 이들에게도 인기있다. 카페에서는 서귀포의 유명 커피집 유동커피와 협업하여, 신선한 원두와 전문적인 커피 제조 노하우를 그대로 반영한 커피를 제공한다. 음료 외에도 샌드위치, 쿠키 등 다양한 베이커리류가 준비되어 있으며, 실내 공간 한편에서는 제주 지역 수공예 작가들의 작품과 감성적인 기념품을 전시 및 판매하고 있어, 제주만의 감성을 담은 소품들을 둘러보는 재미도 있다. 농장 체험 공간에서는 양, 오리, 닭에게 직접 먹이를 주는 프로그램이 운영되며, 아이들은 물론 어른들에게도 따뜻하고 특별한 추억을 선사한다.",https://www.instagram.com/_dori_cafe,010-3843-9813,10:00~18:00 (마지막 주문 17:30),아메리카노,바닐라빈 라떼 / 망고라떼 / 동백홍차밀크티 등,가능,매주 월요일,있음,Unknown,화장실: 있음,50,110,FD,음식,FD05,카페/ 찻집,FD050100,카페,80,80,70,20,80,40,60,45,75,category,0.8263,,0.0,0.8263,category,
2904635,39,음식점,도을,제주특별자치도 제주시 남조로 2343,63344,126.6571236505,33.4735571124,"도을은 제주시 조천읍 제주교래자연휴양림 인근에 위치한 디저트 카페이다. 카페 이름은 ‘도균이랑 노을이’라는 주인장의 이름에서 따왔으며, 마당이 있는 작은 돌담집 형태로 꾸며져 아늑한 분위기를 자아낸다. 시그니처 메뉴인 큐브 파운드케이크는 케이크 위에 쑥임자, 단호박, 레몬, 치즈 등을 올려 제공한다. 돌하르방 큐브 파운드케이크는 크림 위에 돌하르방 모양 초콜릿을 올려 제주만의 특색을 더했다. 우도 땅콩크림을 올린 도을 커피도 인기 메뉴다. 창을 통해 제주 시골의 평화로운 풍경을 감상할 수 있어 여유로운 시간을 보내기 좋다. 주변에는 제주교래자연휴양림과 에코랜드, 산굼부리가 있어 함께 둘러보기 좋다.",Unknown,0507-1326-0828,11:00~16:00 (마지막 주문 15:30),도을커피,들쑥날쑥 / 미숫크림 / 카페모카 등,가능,※ 홈페이지 참조,Unknown,Unknown,Unknown,50,110,FD,음식,FD05,카페/ 찻집,FD050100,카페,60,90,80,30,20,10,60,45,75,category,0.8263,,0.0,0.8263,category,
2851930,39,음식점,도치돌가든,제주특별자치도 제주시 애월읍 천덕로 440-1,63038,126.3392548524,33.4199445958,"도치돌한우숯불은 제주 중산간 지역인 납읍리에 위치한 한우 전문 식당으로, 신선한 재료와 쾌적한 환경으로 많은 이들의 사랑을 받고 있다. 식당 이름인 ‘도치돌’은 납읍리와 어음리 사이를 흐르는 하천 한가운데 있는 바위에서 유래했으며, 이 바위는 삼각형 도끼날 모양을 하고있다. 도치돌한우숯불은 당일 도축한 신선한 한우만을 사용한다. 메뉴로는 깔끔한 국물인 갈비탕과 한우등심, 그리고 신선도가 중요한 육회가 있다. 식당 내부는 넓고 깔끔하게 꾸며져 있어 가족 단위 식사나 단체 모임에도 적합하며, 편안하고 쾌적한 분위기에서 식사를 즐길 수 있다. 또한 예능 프로그램에 소개된 이후 더 많은 관광객이 찾는 맛집으로 자리매김했다. 식사 후에는 인근의 도치돌알파카목장을 함께 둘러보는 것도 추천한다.",Unknown,064-799-1415,09:00~21:00,모듬구이,등심 / 곱창전골 / 육회 등,가능,연중무휴 / ※ 자세한 사항은 전화문의 요망,있음,Unknown,화장실: 있음,50,110,FD,음식,FD01,한식,FD010100,관광식당,40,90,30,10,10,0,60,45,75,category,0.816,,0.0,0.816,category,"고기·구이,한식"
2806871,39,음식점,도토리키친,제주특별자치도 제주시 북성로 59 (삼도이동),63167,126.5186148802,33.5154174266,"도토리식당의 대표 음식인 청귤소바는 제주 지역의 식재료인 청귤을 이용한 음식을 연구하여 개발하는 과정에서 만들어졌다. 청귤소바의 육수에 쓰이는 수제 쯔유는 매일 끓인 후 48시간 숙성을 거쳐 판매하고 있으며, 재료가 소진될 경우 영업을 종료한다. 청귤소바와 함께 곁들여 먹을 수 있는 음식으로 제주 지역의 식재료인 톳을 이용한 톳유부초밥을 판매하고 있다. 이 외에도 새우감자고로케, 소바롤, 청귤에이드, 닭껍질교자 등을 맛볼 수 있다.",공식 인스타그램 https://www.instagram.com/dotoree_jeju,064-782-1021,11:00~17:00 (마지막 주문 16:30),청귤소바,청귤소바 / 청귤소바+톳유부초밥 / 롤카베츠 / 소바롤 등,가능,설·추석 당일,있음,가능,화장실: 있음,50,110,FD,음식,FD02,외국식,FD020500,퓨전음식,0,100,30,20,0,0,30,15,45,observed,0.8277,0.8281,0.9592,0.8192,blend,"제주 향토음식,면 요리,분식·간편식,양식·세계음식"
1881664,39,음식점,독개물항,제주특별자치도 제주시 한림읍 한림로 478,63012,126.2516239880,33.4019146568,"제주시 한림읍 옹포리에 위치한 독개물항은 한림의 조용한 바닷가 마을에 있는 향토음식 전문점이다. 신선한 해산물이 가득한 이곳은 협재해수욕장과 한림공원, 차가운 용천수가 흐르는 화순의 담수 수영장이 있는 화순 금모래해변과도 가까이 있어 물놀이 이후에 편안하게 들릴 수 있다.",Unknown,064-796-3966,09:00~21:00,통갈치구이갈치조림,오분작구이 / 누룽지전복토종닭백숙 / 전복죽 등,가능,매주 수요일,Unknown,가능,Unknown,50,110,FD,음식,FD01,한식,FD010100,관광식당,40,90,30,20,10,0,60,45,75,blend,0.65,0.3125,0.3297,0.816,blend,"제주 향토음식,해산물 요리,한식"
2815586,39,음식점,독고집,제주특별자치도 서귀포시 성산읍 동류암로 43-1,63640,126.9158640459,33.4486601939,"독고집은 제주 서귀포시에 위치한 제주도 흑돼지 연탄구이 전문점이다. 연탄불에 구워내어 풍미가 좋고 고기의 품질이 뛰어나 다른 기교 없이도 맛이 좋아 방문객들이 많다. 대표 메뉴는 흑돼지 통 항정살, 흑돼지 오겹살로 구성된 세트메뉴이다. 이외에도 가브리살, 흑돼지 목살, 김치찌개와 폭탄 계란찜 같은 사이드 메뉴도 인기이다. 직원분이 고기를 직접 구워주셔서 편하게 식사를 즐길 수 있으며, 셀프 바에서 고사리 등 다양한 반찬을 리필할 수 있다.",Unknown,0507-1489-8293,17:00~22:30,통항정살+흑오겹살,통가브리살 / 흑돼지 김치찌개 / 해장라면 등,가능요금 (무료),연중무휴,Unknown,Unknown,Unknown,50,130,FD,음식,FD01,한식,FD010100,관광식당,10,100,20,10,30,0,60,45,75,observed,0.7743,0.75,0.6321,0.816,blend,"고기·구이,한식"
2939004,39,음식점,돈물국수,제주특별자치도 제주시 연무정동길 2,63282,126.535422928711,33.5140171097563,"식객 허영만의 백반기행에도 소개된 제주 맛집이다. 주차장은 따로 없으며, 허름해 보이는 외관이 오래된 노포맛집임을 확신하게 한다. 점심시간에는 찾아오는 손님이 많아 대기해야 할 수 있다. 내부는 테이블 5~6개 정도로 작으나 단일메뉴 구성으로 회전율을 높여 대기손님 대비 대기시간이 길지는 않다. / 메밀로 만든 면발과 꿩육수가 어우러져 깊고 진한 맛으로 손님들의 입맛을 사로잡는다. 꿩메밀국수 외의 여름철 메뉴로 콩국수도 인기가 좋다. 재료가 소진되면 영업시간 전에 영업이 종료 될 수 있다.",Unknown,064-758-5007,11:00~15:00,꿩메밀 칼국수,콩국수(여름),Unknown,매주 일요일,Unknown,Unknown,Unknown,50,110,FD,음식,FD01,한식,FD010100,관광식당,0,100,40,20,10,0,60,45,75,blend,0.804,0.75,0.1813,0.816,blend,"한식,면 요리"
1827790,39,음식점,돈사돈,제주특별자치도 제주시 우평로 19,63107,126.4640748143,33.4788450641,‘돈사돈’은 제주산 흑돼지를 맛볼 수 있는 제주시에 위치한 한식 전문점이다. 일반 음식점에서 느낄 수 없는 고기의 깊은 맛과 멜젓의 맛을 느낄 수 있다. 연탄불에 두툼한 고기를 올려 굽는 형식이며 직원들이 고기를 구워줘서 편하게 음식을 맛볼 수 있다. 대표메뉴는 흑돼지 오겹살이다. 쫄깃하고 탱탱하며 깔끔한 맛의 오겹살의 맛이 일품이다. 그리고 고기와 잘 어울리는 식사메뉴인 김치찌개는 고기가 먹기 좋게 들어가져 있다. 매장 전용 넓은 주차장과 식당 내부에는 단체석이 있어 모임이나 회식장소로 안성맞춤이다. 그리고 이곳은 GD와 그 외의 많은 유명연예인들이 찾아오는 맛집으로 현지인과 여행객뿐만 아니라 국내외 팬들의 발길도 끊이지 않는다.,Unknown,064-746-8989,12:00~22:00,제주산 흑돼지,김치찌개 / 공기밥 등,가능,매주 화요일,Unknown,Unknown,Unknown,50,110,FD,음식,FD01,한식,FD010100,관광식당,0,100,40,0,30,0,60,45,75,blend,0.7736,0.6875,0.3297,0.816,blend,"고기·구이,한식"
2755000,39,음식점,돈이랑,제주특별자치도 서귀포시 일주서로 953 (색달동),63534,126.4091024145,33.2577414031,서귀포 중문 관광단지 입구에 위치한 제주 흑돼지구이 전문점 돈이랑은 육즙이 풍부한 두툼한 흑돼지를 숙련된 직원들이 직접 구워주고 잘라주는 서비스가 인기 비결이다. 또한 보말 된장찌개는 고기의 느끼한 맛을 싸악 잡아주는 역할을 한다. 14회에 방영되었으며 한쪽 벽을 가득 채운 유명인들의 사인이 맛집으로 인정받은 느낌이 든다. 날씨가 좋을 때는 야외 테라스를 이용해 보는 것도 추천한다.,Unknown,064-738-9277,11:30~24:00 (라스트오더 23:10),제주흑돼지구이,김치찌개 / 보말된장찌개 / 냉면 / 김치말이국수 / 보말해물라면 등,가능,연중무휴,가능 (남녀구분),가능,"화장실: 가능 (남녀구분) | 부대시설: 단체석, 주차, 포장, 무선 인터넷",50,130,FD,음식,FD01,한식,FD010100,관광식당,20,100,50,10,40,10,60,45,75,observed,0.7465,0.7396,0.9093,0.816,blend,"고기·구이,한식"
2765218,39,음식점,돈카츠 서황,제주특별자치도 제주시 애월읍 장소로 205-2,63037,126.3796037976,33.4343908561,"돈카츠 서황은 예능프로그램을 통해 유명해진 돈가스 전문점이다. 소길리라는 조용한 동네에 아기자기하게 꾸며놓은 작은 식당으로 많은 관광객이 방문하고 있어 대기가 긴 편이다. 메뉴는 흑돼지 등심과 안심을 튀겨 만든 서황 카츠와 안심카츠, 생선카츠, 흑돼지 안심과 생선, 새우를 모두 맛볼 수 있는 모둠카츠가 있다. 돈가스는 육즙을 그대로 머금고 있으며 흑돼지 고기의 풍미를 잘 살렸다. 시그니처 메뉴인 생선카츠 역시 매일 다른 생선을 사용하여 신선하며, 바삭한 튀김옷과 부드러운 생선살이 조화를 이룬다.",Unknown,064-799-5458,11:30~20:00 (마지막 주문 19:30),서황카츠,안심카츠 / 생선카츠 / 모듬카츠 등,가능,매주 화요일,있음,가능,화장실: 있음,50,110,FD,음식,FD01,한식,FD010100,관광식당,10,100,40,10,10,0,60,45,75,observed,0.9165,0.975,0.6321,0.816,blend,"고기·구이,일식"
1882201,39,음식점,돈향기,제주특별자치도 제주시 관덕로15길 30,63277,126.527057000526,33.5157639942051,"돈향기는 제주 흑돼지 거리에 위치한 제주 흑돼지구이 전문점이다. 제주도 암퇘지만을 사용하여 부위별 가장 신선한 고기를 제공한다. 고사리와 흑돼지를 구워 먹는 것이 이 집의 특징인데, 색다른 풍미를 주어 그 맛이 아주 매력적이다. 이 외에도 전복, 한치 등 싱싱한 해산물과 흑돼지를 함께 구워 먹을 수 있다. 예약이 가능하며, 넓은 규모의 좌석을 구비하고 있어 단체 모임 및 회식을 하기에도 좋다.",Unknown,064-724-0228,11:00~22:40 (마지막 주문 22:10),제주흑돼지,전복흑돼지세트 / 생오겹 / 김치찌개 등,가능,연중무휴,Unknown,모든 카드 사용 가능,Unknown,50,110,FD,음식,FD01,한식,FD010100,관광식당,0,100,20,10,10,0,90,60,120,observed,0.899,1.0,0.4512,0.816,blend,"제주 향토음식,고기·구이,해산물 요리,한식"
2903532,39,음식점,돌담너머바다,제주특별자치도 제주시 테우해안로 44-1,63074,126.4398055121,33.4957461292,"돌담너머바다는 내도 알작지 해변 앞에 있다. 현무암치킨프리또는 제주 현무암을 닮은 순살치킨으로 매콤한 토마토커리 소스와 함께 제공된다. 전복게우크림리조또도 인기 메뉴로 전복 내장으로 만든 크림리조또 위에 방긋 웃는 단호박이 토핑되어 나온다. 수제 한라봉 맥주와 수제청 에이드를 곁들일 수 있으며 식사를 즐기며 제주 바다를 조망할 수 있다. 주변 여행지로 이호테우해변, 도두봉, 무지개해안도로 등이 있다. / ※ 소형견(케이지 필수)에 한하여 반려견 동반 가능",Unknown,0507-1402-5527,11:30~22:00 (브레이크타임 15:30~17:30 / 라스트오더 21:30),현무암치킨프리또,한국식 까르보나라 파스타 / 알작지문어스파게티 / 현무암닭강정 / 전복게우리조또 등,가능 / 요금 (무료),설·추석 연휴,Unknown,Unknown,Unknown,50,110,FD,음식,FD02,외국식,FD020300,서양식,70,90,80,10,10,0,60,45,75,category,0.7706,,0.0,0.7706,category,"제주 향토음식,해산물 요리,양식·세계음식"
820822,39,음식점,돌하르방식당,제주특별자치도 제주시 한림읍 한림로 300,63011,126.239731030268,33.3901712730352,"돌하르방 식당은 한림공원 재암 민속마을 내 초가 건물을 이용한 제주 전통 민속풍의 식당으로써 제주 전통의 담백한 음식을 전문으로 하는 음식점이다. 제주 흑돼지 철판구이, 싱싱한 제주 해산물을 넣어 부친 해물 녹두전, 국물이 시원하고 영양가 높은 몸국, 제주 전통 막걸리 등이 유명하다. 150명을 수용할 수 있는 넉넉한 공간이 있어 편리하게 이용할 수 있다.",Unknown,064-796-0001,10:00~17:00 (마지막 주문 16:00),제주흑돼지철판구이,녹두빈대떡 / 몸국 등,가능,연중무휴,Unknown,가능,장애인 편의시설: 장애인용화장실,50,110,FD,음식,FD01,한식,FD010100,관광식당,30,90,60,40,10,0,60,45,75,category,0.816,,0.0,0.816,category,"제주 향토음식,고기·구이,해산물 요리,한식"
135919,39,음식점,돔베돈,제주특별자치도 제주시 관덕로15길 25,63277,126.5266586225,33.5155647604,"예로부터 제주 도민들이 즐겨 먹는 삶은 돼지고기 요리인 ‘돔베고기’는 도마 위에 바로 썬 삶은 돼지고기라는 제주도 말이다. 기름기가 쫙 빠져서 담백한 맛이 일품인 돔베고기는 다이어트에도 좋아 미용에 관심이 많은 젊은 여성들이 더 좋아한다. 제주시 탑동 스위스호텔 뒤편 삼겹살 골목에 이 돔베고기를 전문으로 하는 음식점인 ‘돔베돈’이 있다. 제주도에서 가장 유명한 고기는 뭐니 뭐니 해도 돼지고기인데 일반 도심의 식당들처럼 그냥 구워 먹는 것이 아니라 제주도 전통 방식으로 요리를 하는 것이기에 쉽게 접할 수 있는 음식이 아니다. 돔베고기 외에도 흑돼지구이, 돌솥밥 등도 맛이 좋다.",Unknown,064-753-0008,11:00~23:00,스페셜 돔베세트,돔베세트 / 흑오겹살 / 물냉면 / 볶음밥 / 계란찜 등,가능,연중무휴,남녀개별 / 업소 내부 위치,가능,화장실: 남녀개별 / 업소 내부 위치,50,110,FD,음식,FD01,한식,FD010100,관광식당,0,100,20,40,10,0,45,30,60,blend,0.8767,1.0,0.3297,0.816,blend,"제주 향토음식,고기·구이,한식"
2847804,39,음식점,돗통 제주산방산본점,제주특별자치도 서귀포시 안덕면 사계북로41번길 189,63528,126.2978122567,33.2494544578,"돗통은 제주 사계리 산방산 탄산온천 근처에 위치해있다. 제주어로 '돼지우리'라는 뜻의 돗통은 야외 공간에서 장작불 위에 솥뚜껑을 놓고 돈마호크 오겹살을 직접 구워 먹는 캠핑형 고기 구이집이다. 마치 캠핑에서 고기를 구워 먹는 것처럼 기분을 낼 수 있어 인기 스폿이며, 고기를 처음 굽는 고객들도 어렵지 않도록, 직원들이 구이 방법을 자세히 설명해주고 필요한 경우 도와주기 때문에 누구나 즐겁게 이용할 수 있다. 야외공간만 예약할 수 있으며 실내 공간은 도착 순서대로 이용할 수 있도록 운영하고 있다. 식사 전후로 함께 둘러보기 좋은 인근 명소로는 웅장한 산방산과 산방산 탄산온천, 그리고 자연이 만든 절경인 용머리해안 등이 있어 하루 코스로도 손색없는 여행지를 구성할 수 있다.",Unknown,0507-1401-0090,13:00~22:00 (마지막 주문 21:10),돈마호크와 오겹살 세트,돗통국수 / 칡냉면 / 된장찌개 등,가능,매주 화요일,있음,Unknown,화장실: 있음,50,130,FD,음식,FD01,한식,FD010100,관광식당,50,90,70,0,80,0,60,45,75,category,0.816,,0.0,0.816,category,"고기·구이,한식"
2837142,39,음식점,동광메밀짬뽕,제주특별자치도 서귀포시 신화역사로 581,63524,126.3497119467,33.3105401917,"동광메밀짬뽕은 제주특별자치도 서귀포시 안덕면에 있는 짬뽕 전문점이다. 버스를 이용할 경우 성교동에서 내리면 가깝다. 대표 메뉴는 짬뽕과 짜장인데 밀가루 대신 제주에서 이모작을 하는 메밀을 사용하기 때문에 식감이 독특하고 소화가 잘된다. 짬뽕의 경우 매운 짬뽕과 하얀 짬뽕, 해물짬뽕으로 나뉘고 탕수육은 찹쌀로 튀긴 그릇에 담겨 나와 그릇까지 소스에 적셔서 먹을 수 있다. 짬뽕과 짜장 외에도 냉우동과 해물누룽지탕, 깐풍기, 팔보채가 있다. 관광객은 물론이고 현지인들도 인정하는 소문난 맛집이다. 근처 함께 둘러보기 좋은 여행지로 신화 역사공원, 오설록 티 뮤지엄, 카멜리아힐 등이 있다.",Unknown,064-792-0887,11:00~17:00 (마지막 주문 16:30),메밀 해물짬뽕,탕수육 미니 / 메밀 짜장면 / 메밀 굴짬뽕 등,가능,"매주 수요일, 목요일",Unknown,Unknown,Unknown,50,130,FD,음식,FD02,외국식,FD020100,중식,20,100,20,10,10,0,30,15,45,blend,0.8155,0.75,0.3297,0.8477,blend,"면 요리,중식"
2858485,39,음식점,동도원,제주특별자치도 서귀포시 이어도로 189 (대포동),63543,126.4417916581,33.2392606246,"제주에 위치한 동도원은 15년이 넘는 시간 동안 변함없는 손맛과 정성으로 꾸준히 사랑받아온 맛집이다. 이곳은 단일 정식 메뉴만을 제공하지만, 고등어조림과 옥돔구이, 해물뚝배기가 기본으로 포함되어 상차림이 매우 푸짐하고 만족스럽다. 특히 직접 기르고 재배한 제철 나물을 매일 아침 무치고 깻잎김치, 배추김치, 파김치, 무김치, 갓김치 등 계절과 상황에 따라 다양하게 바뀌는 김치들은 상차림을 더욱 풍성하게 만들어 준다. 각각 따로 먹어도 좋지만, 여러 가지 반찬을 골고루 넣고 비벼 먹으면 또 다른 맛의 조화를 즐길 수 있다. 식당 내부는 정갈하고 가족 단위 손님들을 위한 아이용 의자도 마련되어 있어 남녀노소 누구나 편안하게 식사를 즐길 수 있는 분위기다.",Unknown,064-738-2201,09:00~21:00 (마지막 주문 20:20),고등어 조림과 옥돔 정식,Unknown,가능,연중무휴,있음,가능,화장실: 있음,50,130,FD,음식,FD01,한식,FD010100,관광식당,10,100,20,10,10,0,60,45,75,blend,0.804,0.75,0.1813,0.816,blend,"제주 향토음식,해산물 요리,한식"
2861489,39,음식점,동복뚝배기,제주특별자치도 제주시 구좌읍 동복로 30-2,63347,126.7093335545,33.5532162949,"동복뚝배기는 제주도 동북리에 위치한 향토음식 전문점으로, 제주의 깊은 맛과 풍미를 한자리에서 느낄 수 있는 곳이다. 제주 바다에서 갓 잡은 신선한 생선들을 주재료로 사용하며, 통갈치구이, 고등어조림, 순살갈치조림 등 생선 요리를 주 메뉴로 선보이고 있다. 어판장에서 직접 수매한 신선한 갈치를 통째로 구워내는 ‘통갈치구이 세트’는 이곳의 대표 인기 메뉴로, 큼직하고 두툼한 갈치살을 맛볼 수 있다. 뚝배기세트는 활전복과 성게미역국, 고등어 구이 등의 구성된 동북뚝배기 또 하나의 대표 메뉴이다. 푸짐하고 다양한 사이드 메뉴도 있어 함께 즐길 수 있다. 깔끔하고 정갈한 상차림과 푸짐한 양을 원하는 사람들에게 추천하는 한식집이다.",https://www.instagram.com/jeju.dongbok,064-782-7200,09:00~15:00 (마지막 주문 14:00),통갈치구이세트,순살갈치조림 / 고등어조림 / 뚝배기세트 등,가능,매주 수요일,있음,가능,화장실: 있음,50,110,FD,음식,FD01,한식,FD010100,관광식당,10,100,40,50,10,0,60,45,75,observed,0.8691,0.9,0.6321,0.816,blend,"제주 향토음식,해산물 요리,한식"
599863,39,음식점,동복해녀식당,제주특별자치도 제주시 구좌읍 동복로 5,63347,126.706894961199,33.5534819438594,"사조리조트 앞 동복 해안 도로 입구에 위치한 동복해녀식당은 맑고 푸른 에메랄드빛 바다가 손에 잡힐 듯 바다 가까이 위치해 있다. 아름답고 전망 좋은 풍경과 청결하고 세련된 실내, 제주 동부지역 최고를 지향하는 맛과 친절, 최고의 청결함과 위생, 서비스로 유명한 제주특별자치도가 자랑할 만한 가족 중심형 해산물 요리 전문점이다. 제주 고유 토속 음식 식당으로 별미 회 국수와 갈치, 고등어, 옥돔으로 하는 향토음식 그리고 싱싱한 활어회를 전문으로 하는 유명 음식점이다.",Unknown,064-783-4158,10:00~18:30,광어 회국수,활전복 회덮밥 / 보말 성게미역국 / 제주 갈치조림 등,가능,매주 목요일,Unknown,가능,Unknown,50,110,FD,음식,FD01,한식,FD010100,관광식당,70,90,80,70,10,10,45,30,60,blend,0.7587,0.5,0.1813,0.816,blend,"제주 향토음식,해산물 요리,회·물회·초밥,한식"
2843815,39,음식점,동선제면가,제주특별자치도 서귀포시 남원읍 태위로 3,63611,126.6484646784,33.2719991764,"동선제면가는 제주 서귀포시 위미입구 삼거리에 위치한 전통 국수 전문점으로, 국수를 감각적이고 정갈한 상차림으로 제공하는 곳이다. 이곳의 몰망국수는 제주산 생등뼈 고기와 육수에 모자반을 걸쭉하게 끓여낸 동선제면가의 대표 메뉴이다. 세트메뉴 구성도 잘 되어 있어 돔베고기, 만두 등 혼자 방문해도 부담 없이 다양한 메뉴를 맛볼 수 있으며, 여러 명이 함께 오기에도 좋다. 식당 내부는 심플하면서도 빈티지한 감성이 돋보이는 인테리어로 꾸며져 있어 편안하고 아늑한 분위기 속에서 식사를 즐길 수 있다. 식사 후에는 인근에 위치한 위미항, 공천포 등 제주 남부의 한적하고 아름다운 해안 풍경을 즐길 수 있는 여행지를 함께 둘러보는 것도 추천할 만하다.",https://www.instagram.com/jeju_dongseon,064-764-5555,09:30~16:00 (마지막 주문 15:30),몰망국수,흑돼지 고기국수 / 흑돼지 비빔국수 / 흑돼지 냉국수 등,가능,매주 수요일,있음,Unknown,화장실: 있음,50,130,FD,음식,FD01,한식,FD010100,관광식당,30,90,60,20,10,0,60,45,75,blend,0.8494,1.0,0.1813,0.816,blend,"제주 향토음식,한식,면 요리"
2562475,39,음식점,동해미락,제주특별자치도 서귀포시 칠십리로 133,63596,126.568259360243,33.2436129711259,"제주 서귀포시에 위치한 회 전문점으로 매일 신선한 횟감과 해물을 맛볼 수 있는 곳이다. 마치 뱃머리를 형상화한 듯한 건물이 눈길을 끈다. 1층 60석, 2층 140석이 마련된 대형 음식점으로 각종 모임이나 회식 장소로 좋고, 2층에서 바다를 바라보며 먹는 회 맛이 일품이다. / 주변에 천지연폭포, 이중섭거리가 있어 식사 전후로 관광하기에 좋다.",Unknown,064-733-5921,12:00~22:30 (마지막 주문 21:00),대표 딱새우회,갈치회 / 고등어회 / 알뜰코스 등,가능,연중무휴,Unknown,모든카드 사용가능,Unknown,50,130,FD,음식,FD02,외국식,FD020200,일식,20,90,70,20,10,0,75,60,90,blend,0.7751,0.625,0.3297,0.849,blend,"회·물회·초밥,일식"
2877612,39,음식점,두리둠비,제주특별자치도 서귀포시 중문관광로 16 (색달동) 1층,63534,126.4147019510,33.2567416016,"두리둠비는 제주 서귀포 중문관광단지 입구에 있다. 매일 새벽 두부를 직접 만드는 두부 전문점으로 다양한 순두부 메뉴가 있다. 기본 순두부인 두리둠비 순두부, 제주흑돼지 순두부, 버섯 순두부찌개, 불고기 순두부찌개 등이 있으며 제주흑돼지 두부 삼합, 두부 왕만두 전골 등 푸짐한 요리도 있다. 특히 김치순두부째개와 두부왕만두전골이 든든해 인기가 있고 밑반찬도 맛있다. 아침 8시에 오픈하여 근처 숙박하는 여행자들이 아침밥을 먹기에 좋다.",Unknown,0507-1392-8380,- 08:00~21:00 / - 준비시간 15:00~16:30 / - 마지막 주문 20:00,두리둠비 순두부,제주흑돼지순두부찌개 / 보말순두부 / 바지락 순두부찌개 등,가능,매주 화요일,있음,Unknown,화장실: 있음,50,130,FD,음식,FD01,한식,FD010100,관광식당,10,90,10,10,10,0,60,45,75,observed,0.7674,0.7083,0.4512,0.816,blend,"고기·구이,해산물 요리,한식"
2840856,39,음식점,두모리이수사,제주특별자치도 제주시 한경면 두신로 112,63002,126.1848670034,33.3526162874,"두모리이수사는 제주시 한경면 두모리에 위치한 일식 전문 식당으로, 한경면사무소와 두모리사무소 근처에 자리하고 있다. 조용한 마을 속에 있는 이 식당은 깔끔한 분위기와 합리적인 가격으로 다양한 일식 메뉴를 제공하고 있어 가성비 좋은 맛집으로 알려져 있다. 특히 초밥과 면 요리를 함께 즐길 수 있는 세트 메뉴가 인기이다. 대표 메뉴로는 우동과 초밥세트, 냉모밀과 초밥세트, 돈가스와 초밥세트가 있으며, 회덮밥, 광어회, 모둠회 등 신선한 해산물을 활용한 단품 요리도 함께 즐길 수 있다. 구성에 비해 가격대가 부담스럽지 않아 혼밥손님은 물론 가족 단위 손님에게도 좋은 선택지이다. 근처의 신창풍차해안과 신창리포구를 함께 둘러볼 수 있어, 여유로운 제주 여행의 일정을 구성하기에 알맞다.",Unknown,064-773-0902,10:00~20:00,세트메뉴,회덮밥 / 광어회 / 우동 등,불가능,매주 월요일,Unknown,Unknown,Unknown,50,110,FD,음식,FD02,외국식,FD020200,일식,20,90,20,0,10,0,60,45,75,category,0.849,,0.0,0.849,category,"회·물회·초밥,면 요리,일식"
1882353,39,음식점,둠비정원,제주특별자치도 서귀포시 신중로13번길 20 (강정동),63565,126.507867434617,33.2571437705706,"둠비란 두부의 제주 방언이다. 제주 서귀포시 강정동에 있는 둠비정원은 100% 국내산 콩으로 직접 만든 두부 요리 전문점이다. / 국산 콩을 9시간 이상 불려 두부를 제조한다. 또, 콩을 갈아서 비지와 함께 끓인 다음 비지를 분리하는 전통 방식의 온비지 여과로 두부를 만들어 맛 좋은 두부를 선보인다. 비지를 짤 때 세기를 조절해 콩의 식감이 살아있게 만들었다. 당일 생산 및 당일 판매 원칙으로 물량 소진 시 영업이 종료된다. / 주변 관광지로는 천지연, 정방폭포, 외돌개가 있다.",Unknown,064-739-7787,- 10:30~20:00- 준비시간 15:00~17:00- 마지막 주문 19:30,비지찌개,비지찌개 / 해물순두부 / 두부두루치기 / 두부김치 등,Unknown,매주 일요일,Unknown,Unknown,Unknown,50,130,FD,음식,FD01,한식,FD010100,관광식당,20,90,30,20,10,0,45,30,60,blend,0.8148,0.8125,0.3297,0.816,blend,한식
2863793,39,음식점,듀포레,제주특별자치도 제주시 서해안로 579 (용담삼동),63114,126.5001053072,33.5185584509,"듀포레는 제주 제주시 용담해안도로, 용담포구 근처에 위치한 감성적인 베이커리 카페로, 공항뷰와 오션뷰를 동시에 즐길 수 있는 곳이다. 이곳의 가장 큰 특징은 프랑스의 유명 베이커리 학교를 졸업한 파티시에가 직접 매일 아침 정성스럽게 빵을 굽는다는 점이다. 당일 판매되지 않은 빵은 모두 폐기 처리할 만큼 품질에 대한 자부심이 강하다. 대표 메뉴이자 시그니처 메뉴인 ‘더티 카이막 팡도르’는 독일의 전통 디저트이며, 또 다른 인기 메뉴인 ‘카이막’은 크리미한 터키 현지에서 직접 공수해 정통의 맛을 느낄 수 있다. 고품질의 베이커리와 함께, 커피와 다양한 음료도 준비되어 있어 취향에 맞게 선택할 수 있다. 주변에는 용연계곡과 용두암이 가까이 있어, 관광 중에 잠시 들러 휴식과 맛있는 디저트를 함께 즐기기에 좋은 장소이다.",https://www.instagram.com/douxforet,0507-1386-4515,10:00~21:00,더티 카이막 팡도르,레몬 에이드 / 카이막 세트 / 제주 말차라떼 등,가능,연중무휴,있음,Unknown,화장실: 있음,50,110,FD,음식,FD05,카페/ 찻집,FD050100,카페,60,90,80,20,10,10,75,60,90,observed,0.8895,0.9167,0.6988,0.8263,blend,
2755445,39,음식점,드르쿰다,제주특별자치도 서귀포시 성산읍 섭지코지로25번길 64,63641,126.9191261882,33.4444983695,"드르쿰다 카페는 광치기 해변에서 차로 2분 거리에 위치해 접근성이 좋고 부근에 유명한 관광지들이 밀접해있어 인프라가 좋아 여행 중 들르기 좋은 명소이다. 넓은 부지에 이국적으로 꾸며 놓은 잔디 광장, 돌담으로 만들어놓은 성과 추억을 되살리는 회전목마가 눈길을 끈다. 스튜디오를 연상케 하는 실내공간에서는 인생샷을 찍기 좋고 다양한 테마의 카라반을 예약하여 내부에서 파티, 보드게임을 해보는 것도 추천한다. 낮엔 디즈니, 밤엔 라라랜드 느낌으로 변하는 대형 스튜디오에서 소중한 사람들과 추억을 남기고 성산일출봉 뷰의 프라이빗 한 드르쿰다 해변에서 일광욕도 즐길 수 있다.",https://www.instagram.com/delekoomda,0507-1402-7765,09:00~17:30 (마지막 주문 17:00),제주 천혜향 스무디,제주 한라봉 바닷빛스무디 / 한라봉 홍차 케이크 / 우도 땅콩 크림커피 등,가능,연중무휴,있음,Unknown,화장실: 있음,50,130,FD,음식,FD05,카페/ 찻집,FD050100,카페,70,80,90,20,70,10,60,45,75,observed,0.7286,0.7188,0.9093,0.8263,blend,
404139,39,음식점,등경돌식당,제주특별자치도 서귀포시 성산읍 일출로 279,63643,126.934587033489,33.4626101102991,"등경돌식당은 성산일출봉 초입에 위치한 갈치 요리 전문점이다. 오분작뚝배기, 제주산 통갈치 구이, 갈치조림, 해물전골 등 제주 향토음식을 맛볼 수 있다. 오전 8시부터 운영하기 때문에 성산일출봉 관광 후 아침 식사도 가능하다.",Unknown,064-782-0707,08:00~21:00,오분작뚝배기,통갈치구이 / 고등어조림 / 해물전골 등,가능,연중무휴,Unknown,가능,Unknown,50,130,FD,음식,FD01,한식,FD010100,관광식당,10,90,20,40,10,0,60,45,75,blend,0.804,0.75,0.1813,0.816,blend,"제주 향토음식,해산물 요리,한식"
2904656,39,음식점,딜레탕트,"제주특별자치도 제주시 신북로 144 1층,2층",63331,126.6284354411,33.5351197779,"딜레탕트는 제주시 조천리 대섬 입구 정류장 근처에 있는 브런치 카페이다. 프랑스 가정식 파이 키슈가 대표 메뉴로 제주 식재료를 사용하여 제주 딱새우 로제 키슈, 제주 흑돼지 치즈 키슈 등을 제공하며, 이와 어울리는 제주 청귤 모히또 등 에이드 류와 커피, 맥주, 차를 판매한다. 이 외에도 현무암 스콘, 화산송이 스콘, 한라봉 버터 스콘도 있다. 카페 분위기는 깔끔한 사진 스튜디오 작업실처럼 꾸며져 있고 테라스가 있어 사진 찍기에 좋다. 반려동물과 함께 입장할 수 있고 주변 여행지로 조천항, 연북정 등이 있다. / ※반려동물 동반 가능",https://www.instagram.com/dilettante.jeju,0507-1381-0727,08:00 ~20:00,제주 딱새우 로제 키슈 파이,제주 흑돼지 치즈 키슈 파이 / 키슈 브런치 세트 / 포테이토 갈릭 키슈 파이 등,가능,연중무휴,남녀 구분,Unknown,화장실: 남녀 구분,50,110,FD,음식,FD05,카페/ 찻집,FD050100,카페,20,80,70,10,10,0,75,60,90,blend,0.8578,1.0,0.1813,0.8263,blend,
2726291,39,음식점,떡하니문어떡볶이,제주특별자치도 제주시 구좌읍 행원로9길 9-5,63358,126.80782723931,33.5537724374858,"제주시에 위치한 떡하니문어떡볶이는 2016년 2월 처음으로 문어떡볶이를 개발한 문어떡볶이 원조집이다. 큼지막한 문어 다리가 들어가는 문어 떡볶이를 다 먹은 후에 볶음밥을 비벼 먹는 것이 별미이다. 메뉴는 문어 즉석 떡볶이와 고기 즉석 떡볶이 두 가지로 매운 정도를 선택하고, 추가로 사리나 튀김, 군만두 등을 추가하여 먹을 수 있다.",Unknown,064-782-7566,11:30~16:30,문어떡볶이,고기떡볶이,가능,"매주 목요일, 금요일",Unknown,Unknown,Unknown,50,110,FD,음식,FD03,간이음식,FD030400,김밥 분식,0,100,20,0,30,0,60,45,75,observed,0.7975,0.7917,0.4512,0.8022,blend,"고기·구이,해산물 요리,분식·간편식"
2870602,39,음식점,뚱딴지 애월본점,제주특별자치도 제주시 애월읍 부룡수길 17,63047,126.3546795570,33.4745603930,"제주산 흑돼지를 7일간 교차 숙성해 깊은 풍미와 부드러운 식감을 살려내는 것이 가장 큰 자랑이다. 신선한 해산물과 함께 차려내는 모둠 한상은 여행객은 물론 현지인들에게도 큰 사랑을 받고 있으며, 두툼하게 썰어낸 근고기 역시 고소한 육즙과 쫄깃한 식감으로 꾸준히 인기다. 이곳에서는 샤브식으로 즐기는 특별 메뉴 한라산 불고기도 한 번쯤 경험해 볼 만하다. 한우 불고기와 살아 있는 제주 해산물이 어우러져 색다른 맛을 선사한다. / 저녁 무렵이면 고내리 포구 너머 붉게 물드는 일몰과 함께 식사를 즐길 수 있어 맛과 풍경을 동시에 누릴 수 있는 특별한 시간이 완성된다. 식사 후 포구를 따라 산책하며 제주의 바다를 느긋하게 감상할 수 있는 것도 뚱딴지 애월본점만의 매력이다.",Unknown,0507-1370-2085,11:00~23:00 (마지막 주문 22:30),한라산불고기,숙성흑돼지&해산물모듬 / 숙성흑돼지 근고기 / 제주바다된장찌개 등,가능요금 (무료),연중무휴,Unknown,Unknown,Unknown,50,110,FD,음식,FD01,한식,FD010100,관광식당,60,100,70,0,20,0,60,45,75,blend,0.8267,0.875,0.1813,0.816,blend,"고기·구이,해산물 요리,한식"
2904691,39,음식점,라 플라주,제주특별자치도 제주시 조함해안로 525,63333,126.6690709492,33.5427075869,"라플라주는 제주시 조천읍 함덕 해수욕장 앞에 있는 베이커리 카페이다. 아침 일찍 영업을 시작해 밤늦게까지 운영하는 오션뷰 베이커리 카페로 근처에 숙소를 정한 여행자들이 분위기 있는 조식이나 석식을 할 수 있는 곳이다. 커피, 차, 라테, 에이드류와 함께 다양한 베이커리가 있으며 크로플도 제공한다. 시그니처 메뉴로 함덕 선셋은 아이스티이고 라라딸기라테, 스무디인 서우봉봄이 있다. 우도땅콩잼, 구좌당근잼 등 10여 종의 잼은 직접 맛을 보고 구매할 수 있으며 함덕해수욕장이 바로 앞에 있어 뷰가 무엇보다 좋다. 주변 여행지로 서우봉, 서우봉둘레길, 함덕해수욕장 등이 있다.",Unknown,064-782-9959,09:00~19:00 (마지막 주문 18:40),돌체라떼,헤이즐럿라떼 / 코코넛커피 / 제주말차라떼 등,가능,연중무휴,Unknown,Unknown,Unknown,50,110,FD,음식,FD03,간이음식,FD030100,제과,80,90,90,0,20,30,30,15,45,category,0.85,,0.0,0.85,category,"분식·간편식,양식·세계음식"
2851948,39,음식점,라라카페,제주특별자치도 제주시 애월읍 광령평화10길 13,63064,126.4427450785,33.4544368598,"라라카페는 제주시 애월읍 광령리에 위치한 감성적인 분위기의 카페로, 탁 트인 자연경관과 여유로운 공간이 돋보이는 곳이다. 이곳은 넓고 아름다운 정원을 갖추고 있으며, 멀리 바다까지 조망할 수 있어 방문객들에게 특별한 휴식을 제공한다. 특히 유채꽃밭을 보유하고 있어 봄철에는 노란 유채꽃이 만발한 풍경을 감상할 수 있으며, 사진 찍기 좋은 계절 명소로도 유명하다. 좌석이 넉넉하게 마련되어 있어 혼자 방문하거나 가족, 친구들과 함께해도 편안하게 머무를 수 있다. 카페 곳곳에는 감각적인 포토존이 마련되어 있어 사진을 찍기에도 좋으며, 다양한 메뉴가 준비되어 있어 선택의 폭도 넓다. 커피와 음료는 물론 빙수, 간단한 브런치 메뉴까지 즐길 수 있어 식사와 디저트를 함께 해결할 수 있는 매력적인 공간이다. 근처에는 제주의 역사와 이야기를 품은 항파두리 항몽유적지가 있어 카페 방문 전후로 함께 둘러보기에 좋은 여행 코스로 추천한다.",https://www.instagram.com/jeju_laracafe,0507-1443-9201,10:00~18:00,후르츠크로플,레몬청 / 라라과일빙수 / 핑크라떼 등,가능,연중무휴,있음,Unknown,화장실: 있음,50,110,FD,음식,FD05,카페/ 찻집,FD050100,카페,90,70,90,10,20,0,45,30,60,blend,0.7671,0.5,0.1813,0.8263,blend,
2899746,39,음식점,라임오렌지카페앤플라워,제주특별자치도 서귀포시 칠십리로 330 (토평동) 1층,63599,126.5871089772,33.2464159216,"라임오렌지카페앤플라워는 서귀포시 칼호텔 인근에 있는 디저트 카페이다. 다양한 식물과 아기자기한 소품으로 꾸며진 조용한 공간으로, 잔디마당에는 작은 산책로가 있으며 섶섬이 바라보인다. 내부는 화이트톤과 아치형 파티션으로 꾸며 동화 속 공간을 연상시키며, 편안하고 감성적인 분위기를 자아낸다. 수제 라임청에 에스프레소를 더한 라임커피, 착즙한 생오렌지에 에스프레소를 넣은 오렌지커피, 하귤청과 에스프레소가 어우러진 하귤커피가 시그니처 메뉴이다. 이 밖에도 다양한 커피와 에이드를 즐길 수 있다. 라임오렌지빌이라는 펜션과 함께 운영하고 있으며, 카페 내부의 식물과 소품은 구매도 가능하다.",Unknown,0507-1345-2639,10:00 ~ 21:00,라임커피,오렌지커피 / 하귤커피 / 레몬아메리카노 등,가능,매주 일요일,Unknown,Unknown,Unknown,50,130,FD,음식,FD05,카페/ 찻집,FD050100,카페,70,90,80,10,30,30,60,45,75,category,0.8263,,0.0,0.8263,category,
1405489,39,음식점,라지마할,제주특별자치도 제주시 신광로 43,63124,126.4902735165,33.4882477612,라지마할은 제주도 신제주 제원사거리에 자리 잡고 있는 인도 음식점이다. 라지마할의 의미는 옛날 인도 우리사(ORISSA)주의 인도 수도이자 궁전의 이름이다. 라지마할의 대표적인 음식은 전통 인도 음식인 카레와 난 그리고 탄두리치킨이 가장 인기가 좋으며 현지 인도 주방장이 만든 전통 인도식 다양한 종류의 카레를 맛볼 수 있고 전혀 거부감이 없는 양고기를 맛볼 수 있는 곳이다. 인도 분위기가 물씬 나는 이곳은 입소문으로 언제 가도 사람들의 발길이 끊이지 않는 인기 있는 음식점이다.,https://blog.naver.com/rajmahaljeju,064-749-4924,11:30~23:30,커리세트 A/B,탄두리 치킨 / 치킨 티카 마살라 / 팔락 파니르 등,가능,연중무휴,있음,Unknown,화장실: 있음,50,110,FD,음식,FD02,외국식,FD020400,기타외국식,0,100,40,20,0,0,60,45,75,category,0.8192,,0.0,0.8192,category,양식·세계음식
2853982,39,음식점,라토커피제주,제주특별자치도 제주시 광양10길 20 (이도이동),63207,126.5281672061,33.4987305369,"라토커피제주는 제주시청 근처 조용한 주택가에 위치한 감성 가득한 카페로, 제주 구옥 가정집을 깔끔하게 리모델링해 특별한 분위기를 자아내는 공간이다. 자연광이 가득 들어오는 개방감 있는 분위기에서 여유로운 시간을 보낼 수 있다. 특히 기둥 사이의 가벽을 과감하게 뚫거나, 창틀과 벽돌의 자연스럽게 부서진 부분을 그대로 노출시켜 빈티지하면서도 세련된 매력을 느낄 수 있도록 구성되어 있다. 라토커피제주의 시그니처 메뉴인 ‘넛츠끄레마’는 고소한 견과류의 풍미와 크리미한 에스프레소가 어우러진 독특한 음료로 많은 이들의 사랑을 받고 있다. 이 외에도 다양한 커피와 음료는 물론, 크림브륄레, 약과쿠키 등 감각적인 디저트 메뉴도 마련되어 있어 커피 한 잔과 함께 달콤한 여유를 즐기기에 좋다. 조용한 분위기에서 제주만의 감성을 느끼고 싶은 이들에게 추천할 만한 카페다.",https://www.instagram.com/rato_jeju,0507-1397-4459,11:00~23:00 (마지막 주문 22:00),넛츠끄레마,크림브륄레 / 딥초코 / 약과쿠키 등,불가능,연중무휴,있음,Unknown,화장실: 있음,50,110,FD,음식,FD05,카페/ 찻집,FD050100,카페,30,90,80,10,10,0,45,30,60,blend,0.8578,1.0,0.1813,0.8263,blend,
2910930,39,음식점,래용,제주특별자치도 제주시 우정로 17 제웅1차솔내음빌리지,63070,126.4311637071,33.4912097647,"래용은 제주특별자치도 제주시 외도일동에 위치한 회전초밥 전문점이다. 제주공항과 가까워 여행객들이 방문하기 좋으며, 매일 신선한 생선회를 사용해 다양한 초밥 메뉴를 선보인다. 계절과 재료 상황에 따라 초밥 구성이 조금씩 달라져 매번 새로운 맛을 즐길 수 있다. 접시는 가격별 네 가지 종류로 운영되며, 초밥 외에도 소바, 튀김, 알밥, 장국 등 다양한 일식 메뉴를 함께 맛볼 수 있다. 어린이를 위한 돈가스와 음료 메뉴도 준비되어 있어 가족 단위 방문에도 적합하다. 합리적인 가격의 점심 특선과 초밥 메뉴로 제주 도민들에게도 사랑받는 맛집이며, 인근에는 연대포구와 알작지 등 여행지가 있어 식사 후 둘러보기 좋다.",Unknown,064-712-4434,18:00~22:00,회전초밥,Unknown,불가능,매주 토요일,Unknown,Unknown,Unknown,50,110,FD,음식,FD02,외국식,FD020200,일식,20,90,20,10,20,0,60,45,75,category,0.849,,0.0,0.849,category,"회·물회·초밥,일식"
2877634,39,음식점,랜딩커피,제주특별자치도 서귀포시 신양로122번길 45-1,63641,126.9189153017,33.4355354670,"랜딩커피는 신양섭지해수욕장과 나란히 있다. 인테리어와 아웃테리어가 바다라고 해도 과언이 아닐 정도로 통창과 오션 뷰가 특징이다. 공간은 폭이 좁고 하얀색 벽과 천장, 옅은 색 테이블과 의자를 놓았다. 2층은 바다 조망을 위해 테이블을 일렬로 배치하고 어린이 제한 구역으로 운영 중이다. 시그니처 음료인 아일랜드 티는 붉은 과일을 써서 색감이 드러나고 코코넛밀크가 들어간 카페모카와 장난감같이 생긴 무스케이크 등 사진 찍기 좋은 카페이다. 주변 여행지로 섭지코지가 있다.",https://www.instagram.com/landingcoffee_,0507-1387-0998,11:00~18:00 (마지막 주문 17:30),제주아일랜드티,랜딩코코 / 수제청에이드 / 무스케이크 / 소금빵 등,가능,연중무휴 / ※ 비정기적 휴무가 있으므로 전화 문의 후 방문 요망,있음,Unknown,화장실: 있음,50,130,FD,음식,FD05,카페/ 찻집,FD050100,카페,70,80,90,0,0,0,30,15,45,observed,0.8671,0.9167,0.4512,0.8263,blend,
3478595,39,음식점,레몬뮤지엄,제주특별자치도 서귀포시 남원읍 하례로620번길 41,63608,126.61785145715464,33.2988584963486,"레몬뮤지엄은 제주 서귀포시 남원읍에 위치한 레몬 테마 복합문화공간이다. 이곳은 레몬 농장과 카페, 갤러리를 결합한 시설이다. 직접 재배한 무농약 레몬으로 만든 음료와 디저트를 제공하며, 대표 메뉴로는 레몬 아이스크림, 레몬 무스, 레몬에이드 등이 있다. 레몬 농장 견학이 가능하며, 레몬 수확 및 레몬청 만들기 체험 프로그램을 운영한다. 2층에는 한라산 전망을 감상할 수 있는 테라스가 있고, 카페 내부의 갤러리에서는 다양한 작품을 전시한다. 야외에는 칠면조, 인도 닭 등 동물들을 볼 수 있는 공간이 마련되어 있다.",Unknown,0507-1464-1996,09:30~18:00 (마지막 주문 17:30),제주 무농약 레몬차,제주 찐 레몬 에이드 / 제주 레몬 아이스크림 / 제주 레몬 무스 등,가능,연중무휴,Unknown,Unknown,Unknown,50,130,FD,음식,FD05,카페/ 찻집,FD050100,카페,80,90,80,60,70,20,30,15,45,observed,0.7405,0.7188,0.7981,0.8263,blend,
2870608,39,음식점,로맨틱새우 애월곽지본점,제주특별자치도 제주시 애월읍 곽지1길 12-12 (곽지어촌계펜션),63034,126.3051849634,33.4480465039,"로맨틱새우 애월곽지 본점은 곽지해수욕장 근처에 있는 새우요리 전문점이다. 음료를 제외한 모든 메뉴에 새우가 들어가는 것이 특징으로 대표 메뉴는 매콤한 이태리 수제소스와 새우의 조합인 레드빅뱅 쉬림프와 달걀오므라이스에 생크림 바베큐를 얹은 로맨틱 바베큐 쉬림프가 있다. 이외에도 코코넛 쉬림프와 날치알크림 쉬림프 파스타 등 다양한 새우요리가 준비되어 있어 취향에 맞게 선택할 수 있다. 새우와 어울리는 다양한 음료가 있으며 어린이용 메뉴인 키즈밀도 있다. 단체인원을 위한 큰 테이블도 있고 혼밥하기 좋은 좌석도 마련되어 있다. 깔끔하고 세련된 인테리어가 특징이며, 주변에 함께 둘러보기 좋은 곽지해수욕장, 한담해안산책로 등이 있다.",https://www.instagram.com/romantic_shrimp,0507-1335-1588,11:00~21:00 (마지막 주문 20:15),레드빅뱅쉬림프,로맨틱BBQ쉬림프 / 코코넛쉬림프 / 로맨틱버터갈릭 쉬림프 등,가능,연중무휴,있음,Unknown,화장실: 있음,50,110,FD,음식,FD02,외국식,FD020300,서양식,30,90,60,0,10,0,60,45,75,observed,0.6044,0.4688,0.5507,0.7706,blend,양식·세계음식
3030178,39,음식점,로빙화,제주특별자치도 서귀포시 남원읍 남태해안로 13,63621,126.70926191840505,33.27511663280418,"제주 남원 큰엉해안경승지 앞에 위치해 있는 소나무와 야자수가 빙 둘러싸고 있는 레스토랑이다. 로빙화는 멍청한 얼음꽃이라는 뜻이라고 한다. 겨울에 피어야 할 꽃이 봄에 피고 지며 녹차밭의 양분이 되어 주기에 붙여진 이름이라 한다. 옆모습은 통나무집처럼 생겼고, 입구에는 아기자기한 취향이 느껴지는 소품들과 그림, 사진 등이 꾸며져 있다. 내부는 천장이 높고 2층으로 분리되어 있는데 1층은 펍 분위기로 활기차고 넓은 창은 야자 잎으로 직접 꾸며 이색적이다. 해먹이 설치되어 있는 2층의 조용한 테라스에서 파도 소리를 들을 수 있으며, 작업실에서는 방문객들에게 아트지 한 장에 500원을 지불하면 그림 도구를 사용할 수 있도록 잠시 빌려주기도 한다. 수익금은 유기견 센터에 기부된다고 한다. 브레이크 타임이 없고 프라임 등급의 소고기와 제주산 흑돼지만을 사용한 훌륭한 맛의 수제버거와 자연치즈만으로 만든 푸짐한 크기의 맛있는 피자가 대표 메뉴이며 다양한 음료와 메뉴들이 있다. 브레이크 타임 없이 늦게까지 영업을 하는 곳이어서 늦은 밤에도 이용이 가능하다. 아이 의자도 마련되어 있어 아이와 방문 가능하고 애견 동반이 가능하나 동반이 가능한 장소는 1층 야외 마당이며 견주 동반이 필수이다. 드라이브 명소인 남원큰엉해변도로 시작 지점에 위치하고 있기 때문에 제주 서귀포 동쪽으로 여행 계획을 짤 때 남원큰엉경승지를 산책 전후로 유명한 한반도 사진도 찍고 오기에 좋은 곳 추천한다.",Unknown,0507-1433-1955,10:00~23:00 (마지막 주문 22:30),피자,흑돼지버거 세트 / 주물팬 토마토 오븐 스파게티 / 흑돼지 살사 나초 등,가능요금 (무료),연중무휴,Unknown,Unknown,Unknown,50,130,FD,음식,FD02,외국식,FD020300,서양식,80,90,80,10,30,0,75,60,90,observed,0.8144,0.8333,0.6988,0.7706,blend,"고기·구이,양식·세계음식"
2946085,39,음식점,롤링브루잉,제주특별자치도 제주시 동문로 21-1 (일도일동),63278,126.5291124418,33.5131031405,"롤링브루잉 카페는 제주 공항 근처, 동문시장 근처에 위치해 있어 제주 여행의 시작과 마무리로 좋은 곳이다. 또한 스페셜티 원두만을 사용하여 각 원두의 특성을 살리기 위해 직접 로스팅을 한다. 매장 2층은 전시공간으로 활용하여 커피를 마시며 작은 전사 작품을 구경하는 재미도 느낄 수 있다. 대표 메뉴는 에스프레소이고 그 외에 콜드브루, 라떼, 아이스티, 아이스크림 등의 메뉴가 준비되어 있다. 힙한 느낌의 매장 내부 안에는 고양이가 있는데 이 가게의 마스코트이다. 커피 마니아 이거나, 커피에 집중할 수 있는 카페를 찾는다면 롤링브루잉을 추천한다.",Unknown,010-9312-5222,08:30~18:30,에스프레소,콘쥬케로 / 콘파냐 / 롤링콜드브루 등,불가능,일자별로 상이함※ 자세한 사항은 인스타그램 참조,Unknown,Unknown,Unknown,50,110,FD,음식,FD05,카페/ 찻집,FD050100,카페,10,90,60,20,10,10,45,30,60,blend,0.8218,0.8125,0.3297,0.8263,blend,
2839771,39,음식점,롱로드,제주특별자치도 제주시 한림읍 귀덕3길 44,63024,126.2792179220,33.4416106964,"롱로드는 제주도 서쪽 귀덕리 바닷가에 자리한 아담한 양식 전문점이다. 작고 소박한 외관이 눈에 띄며, 내부는 아기자기한 소품들과 따뜻한 조명이 어우러져 아늑한 분위기를 자아낸다. 이곳의 대표 메뉴는 매일 아침 신선한 재료로 정성껏 만든 수제 쇠고기 함박스테이크로, 촉촉한 식감과 깊은 풍미로 많은 이들의 사랑을 받고 있다. 아보카도 함박스테이크, 일본식 치킨 가라아게, 타코 라이스 등 다양한 양식 메뉴를 맛볼 수 있어 선택의 폭이 넓다. 모든 요리는 주문 즉시 조리되어 신선하고 따뜻한 맛을 유지한다. 롱로드는 평일에는 오후 4시까지 영업하지만, 재료가 조기 소진될 경우 예정보다 일찍 문을 닫을 수도 있어 방문 전 확인이 필요하다. 식사를 마친 후에는 인근의 곽지해수욕장, 한림항 등 제주 서쪽의 아름다운 해변과 관광지를 함께 둘러보기 좋아 여행 코스에 넣기에도 알맞다.",https://www.instagram.com/longroad4073,064-796-4073,- 평일 11:00~16:00 / - 주말 11:00~20:00,비프 수제 함박스테이크,아보카도 함박스테이크 / 타코라이스 / 치킨 가라아게 등,가능,매주 수요일,Unknown,Unknown,Unknown,50,110,FD,음식,FD02,외국식,FD020300,서양식,30,90,50,0,10,0,60,45,75,category,0.7706,,0.0,0.7706,category,양식·세계음식
2837242,39,음식점,리보스코화덕피자,제주특별자치도 제주시 수목원길 27 (연동),63141,126.4878685946,33.4694748009,"리보스코화덕피자는 제주특별자치도 제주시 연동에 있는 화덕피자 맛집이다. 제주공항 근처에 있으며 한라수목원을 가는 길에 있어 찾기도 쉽다. 최초로 향긋한 바다내음이 나는 제주 톳을 이용해 도우를 만들었으며 모든 피자는 톳도우를 사용한다. 대표 메뉴는 해녀톳도우 한라산용암 피자, 해녀톳도우 유채꽃 현무암치킨 피자, 해녀톳도우 루꼴라듬뿍 피자가 있고 한라봉 에이드도 인기가 많다. 아담하고 조용한 매장으로 예약 후 방문을 추천한다. 또한, 브레이크 타임이 없어 언제든 피자를 즐길 수 있다. 주변에 함께 둘러보기 좋은 여행지로 제주 원도심, 한라수목원 등이 있다.",https://www.instagram.com/rebosco_jeju,0507-1448-0906,11:00~21:00 (마지막 주문 20:30),해녀톳도우 한라산용암 피자,해녀톳도우 유채꽃 현무암치킨 피자 / 해녀톳도우 한라수목원고구마피자 / 한라봉 에이드 등,가능,매주 수요일,Unknown,Unknown,Unknown,50,110,FD,음식,FD02,외국식,FD020300,서양식,30,90,40,10,10,0,60,45,75,observed,0.7999,0.8125,0.6988,0.7706,blend,양식·세계음식
2899709,39,음식점,리틀포레스트,제주특별자치도 서귀포시 월평로 15,63562,126.4592955715,33.2448352854,"리틀포레스트는 세귀포시 월평마을회관 근처에 있다. 구옥을 개조한 곳에서 주로 빈티지 그릇과 식재료를 판매한다. 주인장의 감각이 돋보이는 개성있는 빈티지 소품이 많이 있으며 유리그릇, 범랑, 본차이나, 도시락 등 재미있는 그릇이 많다. 자세한 사진 촬영은 할 수 없다. 빈티지한 패브릭, 모티브 뜨개, 조명으로 꾸민 아기자기한 공간으로 여성 방문자 비율이 높다. 주변 여행지로 약천사, 자연치유정원, 월평포구 등이 있다. 반려동물 동반이 가능하다.",https://www.instagram.com/littleforest_jeju,0507-1432-0903,15:00~18:00,Unknown,Unknown,가능,매주 일요일~수요일,Unknown,Unknown,Unknown,50,130,FD,음식,FD05,카페/ 찻집,FD050100,카페,30,60,70,20,20,70,45,30,60,blend,0.7671,0.5,0.1813,0.8263,blend,
2861455,39,음식점,릴로,제주특별자치도 제주시 구좌읍 하도13길 63,63363,126.8928824885,33.5108322806,"릴로는 제주도 구좌읍 하도리에서 프랑스식 건강한 브런치를 선보이는 공간이다. 낮에는 브런치를 판매하고 저녁에는 프랑스어를 가르친다. 인기메뉴로는 수비드 비프 타르틴, 감자수프 등이 있으며 소박하고 아기자기한 인테리어와 차림새가 좋은 건강식으로 남녀노소 모두에게 인기가 많다. 릴로플레이트는 다양한 빵과 크래커가 함께 제공되며 수제청으로 만든 제철 에이드도 있어 더 맛있게 브런치를 즐길 수 있다.",https://www.instagram.com/jeju_lilot,010-6690-4379,09:30~15:00 (마지막 주문 14:30),수비드 비프 타르틴,연어파테 타르틴 / 아보카도 타르틴 / 릴로플레이트 / 아메리카노 등,가능,매주 목요일,있음,Unknown,화장실: 있음,50,110,FD,음식,FD02,외국식,FD020300,서양식,10,90,70,20,20,0,60,45,75,blend,0.8122,1.0,0.1813,0.7706,blend,양식·세계음식
3080468,39,음식점,마노르블랑,제주특별자치도 서귀포시 안덕면 일주서로2100번길 46,63527,126.29498660505223,33.25482361959292,"서귀포 바다가 보이는 산방산을 배경으로 유럽 수국과 장미 그리고 동백으로 꾸며진 2천여 평의 아름다운 정원이 있는 아날로그 감성 뷰맛집 카페이다. 정원 곳곳마다 아기자기한 소품들을 배치해 놓아 다양한 콘셉트의 사진 촬영지로 인기가 높다. 제주 봄꽃 축제, 유럽수국축제가 열리고 특히 8월에 개화하기 시작하는 핑크뮬리정원은 포토스폿으로 잘 알려져 있다. 핑크뮬리 시즌에 시작하는 댑싸리, 팜파스 억새와 능소화 개화도 함께 볼 수 있다. 겨울엔 동백군락 감상도 하고 감귤체험, 한라봉체험도 가능하다. 사계절 내내 꽃이 피는 정원 카페이며 카페 안은 엔틱한 소품들과 가구들로 꾸며져 있어 또 다른 느낌을 받을 수 있다. 마노르블랑 방문할 때 근처 용머리해안과 송악산둘레길도 코스에 넣어 함께 둘러보는 것도 추천한다.",Unknown,0507-1339-1049,09:00~18:30 (마지막 주문 18:00)※ 계절에 따라 변동될 수 있으므로 자세한 사항은 전화 문의 요망,한라봉 감귤 착즙 주스,아메리카노 / 카페라떼 등,가능요금 (무료),연중무휴,Unknown,Unknown,Unknown,50,130,FD,음식,FD05,카페/ 찻집,FD050100,카페,90,50,100,20,60,0,60,45,75,observed,0.8746,0.875,0.9918,0.8263,blend,
2853302,39,음식점,마노커피하우스,제주특별자치도 서귀포시 천제연로188번길 6-6 (중문동),63546,126.4239762659,33.2513867831,"마노커피하우스는 중문관광단지 뒤 주택가에 있다. 로스터리 카페로 스페셜티 커피 전문점이다. 세계 3대 커피 중 하나로 알려진 파나마 에스메랄다 게이샤를 맛볼 수 있는 곳이며 자메이카블루마운틴, 하와이안코나, 예멘모카마타리 등 스페셜티 핸드드립 커피를 맛볼 수 있다. 진지하게 커피를 음미하고자 하는 여행자 사이에 입소문이 난 곳이다. 원두와 드립백으로 구입도 가능하며, 제주산말차쿠키와 함께 즐겨도 좋다. 주차장도 넓은 편이다. 근처 여행지로 베릿내오름, 제주국제평화센터, 대포주상절리 등이 있다.",Unknown,0507-1381-7373,09:00~20:30,파나마 에스메랄다 게이샤 '내추럴' 프라이빗 컬렉션,자메이카 블루마운틴 NO.1 / 하와이안 코나 엑스트라 팬시 / 제주 아일랜드 쿠키 / 제주가 그린 라떼 등,가능,연중무휴,Unknown,Unknown,Unknown,50,130,FD,음식,FD05,카페/ 찻집,FD050100,카페,20,90,40,10,20,20,60,45,75,blend,0.8578,1.0,0.1813,0.8263,blend,
2851992,39,음식점,마니주,제주특별자치도 제주시 광령2길 102,63062,126.428859275341,33.4511727248361,"마니주는 제주도 애월읍에 위치한 횟집이다. 대표 메뉴는 푸짐한 회의 양이 나오는 푸짐회 정식과 통갈치와 전복, 활어회, 초밥, 튀김, 매운탕까지 코스로 한상 가득 맛볼 수 있는 한상차림이다. 한상차림은 계절에 따라 음식이 달라지며, 여기에 나오는 매운탕은 국내산 생선과 뼈를 매일 정성껏 직접 고아 우려낸 육수로 만들어 손님에게 제공한다. 넓은 주차장과 깔끔한 내부 시설을 갖추고 있으며, 단체 및 가족 모임에 적합한 공간이다.",Unknown,064-743-0721,11:30~21:00 (마지막 주문 19:40),마니주 특 회정식,활어회 초밥 / 전복구이 / 갈치튀김 등,가능,매주 수요일,Unknown,가능,Unknown,50,110,FD,음식,FD02,외국식,FD020200,일식,10,100,30,10,10,0,60,45,75,category,0.849,,0.0,0.849,category,"해산물 요리,회·물회·초밥,일식"
1883573,39,음식점,마돈,제주특별자치도 서귀포시 성산읍 섭지코지로 56,63641,126.9218594458,33.4375075193,"마돈은 제주 서귀포시 성산읍 섭지코지 인근에 위치한 제주말고기와 흑돼지 전문점이다. 이곳은 청정 제주 농장의 흑돼지와 푸른 초원에서 자란 건강한 제주마［馬］만을 고집한다. 또한 쌈 채소와 밑반찬을 직접 농사지어 유기농으로 제공하여 믿고 방문할 수 있다. 대표 메뉴는 마사시미, 마구이, 흑돼지 오겹살이다. 주변 관광지로 성산일출봉, 섭지코지, 아쿠아플라넷, 우도 등이 있다.",Unknown,0507-1336-5379,- 10:00~22:00 / - 마지막 주문 21:00,마 사시미,마 육회 / 마 구이 / 마 냉채 등,가능,연중무휴,있음,Unknown,화장실: 있음,50,130,FD,음식,FD01,한식,FD010100,관광식당,20,100,40,20,10,10,60,45,75,category,0.816,,0.0,0.816,category,"제주 향토음식,고기·구이,회·물회·초밥"
2899679,39,음식점,마두천손칼국수,제주특별자치도 제주시 용해로 45,63158,126.5029912907,33.5131340969,"마두천손칼국수는 제주시 용담 2동, 공항 동쪽 성화 마을회관 근처에 있다. 뽕잎 손칼국수 전문점으로 보말 전복 칼국수, 바지락 뽕잎 칼국수, 소고기 뽕잎 칼국수가 있고 계절메뉴로 검은콩 뽕잎 칼국수가 있다. 칼국수를 주문하면 김치, 보리밥, 김가루 등이 제공되고 튀긴 칼국수 면이 올려져 나오는 탕수육도 맛있다. 초록색 면 색깔이 독특하고 매장에서 키우는 앵무새도 인기다. 주변 여행지로 용두암 해안도로, 용연 계곡, 용담공원 등이 있다.",Unknown,0507-1445-9289,10:00~16:00 (마지막 주문 15:20),보말전복 뽕잎칼국수,들깨 뽕잎칼국수 / 닭 뽕잎칼국수 / 찹쌀 등심탕수육 등,가능,설·추석 연휴,있음,Unknown,화장실: 있음,50,110,FD,음식,FD01,한식,FD010100,관광식당,30,90,50,10,10,0,45,30,60,blend,0.8767,1.0,0.3297,0.816,blend,"해산물 요리,한식,면 요리,중식"
2783430,39,음식점,마루나키친,제주특별자치도 제주시 한경면 금등4길 11,63003,126.1958075111,33.3619682017,"제주 구옥의 멋과 세련된 인테리어가 인상적인 한림 맛집 마루나키친은 대표메뉴인 해물모듬장을 1일 30인분 한정 판매하는 것으로도 유명하다. 메뉴는 다양하지 않지만, 제주 딱새우를 할머니께 전수받은 간장 비법으로 만드는 '해물모듬장'과 제주 근해에서 잡은 싱싱한 제주 황게를 치즈향 가득한 크림소스로 요리한 '제주황게파스타', 제주산 돼지고기를 이용해 만든 '마루나돈카츠' 등 메뉴 삼총사만으로도 고객의 만족도가 매우 높다. 제주에서 즐길 수 있는 음식을 가장 제주답게 선보인다는 주인의 마음과 정성이 정갈한 음식과 공간에 그대로 묻어난다.",Unknown,010-4910-0488 / 0507-1372-0488,10:00 ~ 20:30 (브레이크타임 15:00 ~ 17:00) / 20:00 라스트오더,황게크림파스타,소고기 우동 / 마루나돈카츠 / 해물 모듬장 등,가능 (무료),매주 목요일,가능,가능,"화장실: 가능 | 부대시설: 주차장, 화장실",50,110,FD,음식,FD02,외국식,FD020500,퓨전음식,20,90,80,20,20,0,60,45,75,observed,0.8886,0.9062,0.7981,0.8192,blend,"해산물 요리,회·물회·초밥,일식,양식·세계음식"
2860662,39,음식점,마마롱,제주특별자치도 제주시 애월읍 평화로 2783,63062,126.4391926606,33.4521870521,"마마롱은 제주 평화로를 따라가다 보면 제주관광대학교 옆에 위치한 수제 케이크 및 디저트 전문점이다. 정성 가득한 디저트와 감각적인 분위기로 에끌레어, 마카롱, 다양한 수제 케이크 등 눈과 입을 모두 만족시키는 디저트가 매일매일 준비되며, 특히 동물성 생크림을 사용해 하루 생산량만큼만 당일 판매하는 것이 특징이다. 마마롱의 또 다른 매력은 감성적인 인테리어이다. 매장 내부는 고풍스럽고 빈티지한 소품과 아기자기한 디테일로 꾸며져 있으며, 중앙에 위치한 샹들리에가 공간의 분위기를 로맨틱하게 만들어준다. 마마롱은 맛있는 디저트와 감각적인 공간이 어우러진 곳으로, 제주 여행 중 휴식을 원할 때 꼭 들러볼 만한 카페이다.",https://www.instagram.com/mamarron_official,064-747-1074,10:00~18:00,마마롱 케이크,마마롱 에끌레어 / 파운드 케이크 세트 / 제주 구좌 당근 케이크 등,가능,매주 월요일,있음,Unknown,화장실: 있음,50,110,FD,음식,FD05,카페/ 찻집,FD050100,카페,20,100,80,10,10,10,60,45,75,observed,0.8895,0.9167,0.6988,0.8263,blend,
2904827,39,음식점,마음에온,제주특별자치도 제주시 칠성로길 29-1,63277,126.5259753695,33.5146093001,"마음에온은 제주시 일도일동, 칠성로 로드숍 안에 있는 디저트 카페이다. 작은 정원이 있는 한옥카페로 한식 디저트와 음료를 제공한다. 호두 해바라기씨, 땅콩, 대추를 잘게 다져 조청에 버무려 곶감을 채운 호두정과, 치즈 곶감 말이, 약과 등이 있으며, 수제 레몬청을 사용한 칠성라테, 청보리 라테, 에스프레소가 미숫가루에 들어간 꼬수미라테 등 시그니처 음료와 꽃차가 있다. 동문시장과 가까워 쇼핑 전후 쉬어갈 수 있고 주변 여행지로 제주 원도심, 삼성혈, 제주성지 등이 있다. / ※반려동물 동반 가능",http://www.instagram.com/oncafe0707,010-6605-0953,10:00 ~20:00,칠성라떼,"치즈곶감말이, 쫀득쫀득약과, 백향과차, 제주바당커피, 꼬수미라떼 등",불가능,연중무휴,Unknown,Unknown,Unknown,50,110,FD,음식,FD05,카페/ 찻집,FD050100,카페,60,90,70,20,10,20,60,45,75,observed,0.8413,0.85,0.6321,0.8263,blend,
2851674,39,음식점,마틸다,제주특별자치도 제주시 애월읍 고내1길 33,63045,126.3342820347,33.4657311153,"마틸다는 제주 애월읍 고내리에 위치한 감성 가득한 LP 카페로, 애월도서관에서 바닷가 방향에 위치하고 있다. 이곳은 옛날 음악과 영화 OST를 중심으로 다양한 레코드판을 틀어주는 공간으로, 음악을 좋아하는 이들에게 특별한 경험을 선사한다. 손님이 원하는 노래를 신청하면 직접 틀어주기도 해, 편안하게 음악을 감상하는 듯한 아늑한 분위기가 특징이다. 카페 분위기는 너무 시끄럽거나 산만하지 않고, 또 너무 느슨하거나 조용하지도 않아 누구나 편안하게 머무를 수 있는 적당한 밸런스를 유지하고 있다. 밤에는 칵테일 바로 변신하는 마틸다에서 멋진 밤을 보내기에 안성맞춤이다. 따뜻한 조명과 빈티지한 LP판 장식으로 꾸며져 있어 사진 찍기에도 좋은 공간이며, 제주에서 색다른 밤 문화와 감성을 느낄 수 있다.",Unknown,064-799-3629,18:00~01:00 (마지막 주문 00:30),아메리카노,마틸다 커피 / 체리콕 / 딸기라떼 등,가능,매주 화요일,있음,Unknown,화장실: 있음,50,110,FD,음식,FD05,카페/ 찻집,FD050100,카페,10,70,80,20,30,0,75,60,90,observed,0.8277,0.8281,0.7981,0.8263,blend,
2755006,39,음식점,만덕이네,제주특별자치도 서귀포시 표선면 서성일로 16,63624,126.8011014756,33.3933743337,제주 성읍민속마을 근처에 있는 향토음식 전문점 만덕이네는 우승 당시 백종원이 인정한 맛집이다. 과 등 다수의 방송에서 맛집으로 인증된 곳으로 제주 우수레스토랑 인증점 및 향토음식문화대전에서 대상을 받았다. 매콤한 갈치조림과 구수한 접짝뼈국이 있다. 싱싱한 전복과 제주 흑돼지가 들어가는 전복문어흑돼지 두루치기 정식이 인기 메뉴다. 상차림이 푸짐하고 친절해서 서귀포 관광객들의 필수 코스가 되고 있다.,https://www.instagram.com/jeju_manduk,0507-1336-3827,08:00~21:00 (마지막 주문 20:00),갈치조림정식,전복문어흑돼지두루치기 / 접짝뼈국 / 전복뚝배기 / 고등어구이 등,가능,연중무휴,있음,Unknown,화장실: 있음,50,130,FD,음식,FD01,한식,FD010100,관광식당,0,100,20,40,10,0,60,45,75,observed,0.727,0.7159,0.8892,0.816,blend,"제주 향토음식,고기·구이,해산물 요리,한식"
2871956,39,음식점,만복반미 노형 본점,제주특별자치도 제주시 수덕9길 82-4 (노형동),63103,126.4702031482,33.4834035344,"만복반미는 제주 노형성당 근처 주택가 골목에 위치한 반미 샌드위치 전문점이다. 매일 새벽 직접 구워내는 반이용 바게트에 베트남 로컬 소스와 속재료를 넣어 만들어 낸다. 처음에는 푸드트럭 형태로 운영되다가 제주공항과 가까운 노형동에 정식 매장을 오픈하게 되었다. 대표 메뉴는 미트볼 샌드위치, 케밥 샌드위치, 불고기 샌드위치 등이 있다. 이 외에도 소금커피와 베트남 원두를 사용한 코코넛 스무디 같은 음료도 함께 판매하고 있어 샌드위치와 곁들여 즐기기에 좋다. 식당 주변에 이호테우해변과 무지개 해안도로, 그리고 도두봉이 있어 식사 후 함께 둘러보기에 좋은 코스로 추천된다.",https://www.instagram.com/banhmivanphuc_nohyung,0507-1335-2353,10:30~18:00,미트볼샌드위치,케밥샌드위치 / 불고기샌드위치 / 코코넛스무디커피 등,가능,매주 일요일,있음,Unknown,화장실: 있음,50,110,FD,음식,FD02,외국식,FD020400,기타외국식,20,90,20,0,0,0,45,30,60,blend,0.8788,1.0,0.3297,0.8192,blend,양식·세계음식
1883622,39,음식점,만부정,제주특별자치도 제주시 사장길 38,63136,126.4945566049,33.4826040098,만부정은 제주에 위치한 오랜 전통의 복요리 전문점이다. 인근 제주바다의 복어와 매일 선별한 신선한 채소를 사용하여 다양한 코스요리 및 식사메뉴를 고객에게 제공한다. 복요리 외에도 랍스터 코스요리도 준비되어 있어 남녀노소 누구나 부담 없이 즐길 수 있다. 실내 좌석이 넉넉하며 개별룸 시설을 완비하고 있어 각종 모임을 하기에도 손색이 없다. 또한 건물 지하에 전용 주차장 시설을 보유하고 있다.,Unknown,064-743-1119,- 08:00~21:30 / - 준비시간 15:00~17:00 / - 마지막 주문 20:30,참복 복지리,참복 당일바리 / 복불고기 정식 / 복수육정식 등,가능,설·추석 당일,Unknown,가능,Unknown,50,110,FD,음식,FD02,외국식,FD020200,일식,0,100,20,20,0,0,60,45,75,category,0.849,,0.0,0.849,category,"해산물 요리,일식,양식·세계음식"
1883646,39,음식점,만세국수,제주특별자치도 제주시 오라로 152 (오라일동),63191,126.5187959033,33.4941364520,"제주시 오라일동에 있는 만세국수는 제주 종합 경기장 인근에 있는 국수 전문 음식점이다. 제주도 대표 음식 중 하나인 고기국수와 멸치국수, 만세국밥, 찹쌀순대를 제공하며 5월~9월에는 계절메뉴인 콩국수와 냉국수를 제공한다.",Unknown,064-702-7056,09:00 ~ 21:00 (마지막 주문 20:20),고기국수,도가니탕 / 만세국밥 / 찹쌀순대 / 멸치국수 등,가능,연중무휴(전화문의),Unknown,가능,Unknown,50,110,FD,음식,FD01,한식,FD010100,관광식당,0,90,10,20,10,0,45,30,60,blend,0.6706,0.375,0.3297,0.816,blend,"제주 향토음식,한식,면 요리"
2870495,39,음식점,만족한상회 중문점,제주특별자치도 서귀포시 중문상로 58-5 (중문동),63545,126.4267398674,33.2535310345,"만족한상회 중문점은 제주특별자치도 서귀포시 중문동, 중문초등학교 근처의 조용한 주택가에 위치한 갈치요리 전문 맛집이다. 대표 메뉴는 ‘만족한상’으로, 제주산 생물 은갈치를 손질해 뼈를 제거하고 순살로 만들어 조림으로 제공하는 것이 특징이다. 살이 부드럽고 양념이 잘 배어 있어, 남녀노소 누구나 부담 없이 즐길 수 있는 만족한상회의 시그니처 메뉴다. 이 외에도 통갈치 한 마리를 통째로 구워내 촉촉한 속살이 살아 있는 ‘통갈치한상’도 인기 있으며, 단품 메뉴로는 갈치구이, 고등어구이, 제주 황게장 등이 준비되어 있어 원하는 스타일에 맞게 다양하게 조합해 식사를 즐길 수 있다. 10년 이상의 조리 경력의 주방장이 정성스럽게 만든 음식과 깔끔하고 단정한 분위기의 실내 공간이 어우러져 한 끼 식사 이상의 만족감을 주는 식당이다.",http://www.instagram.com/manjok_jeju,0507-1318-1388,10:00~21:00 (마지막 주문 20:00),만족한상,통갈치한상 / 고등어구이 / 제주황게장 등,가능,매주 수요일,있음,Unknown,화장실: 있음,50,130,FD,음식,FD01,한식,FD010100,관광식당,10,100,30,0,0,0,60,45,75,blend,0.8494,1.0,0.1813,0.816,blend,"제주 향토음식,해산물 요리,한식"
2781427,39,음식점,만지식당,제주특별자치도 제주시 애월읍 고내로 13-1,63045,126.3390761161,33.4633147917,"만지식당은 제주 애월읍에 위치한 아늑한 분위기의 작은 식당으로, BBQ 야키소바와 돈카츠정식, 텐자루소바 등 정갈한 일식 메뉴를 선보인다. 메뉴 하나하나 깊은 내공과 정성이 느껴질 만큼 완성도가 높아서 제주 여행을 할 때마다 찾는다는 단골손님이 많다. 특히 돈카츠 정식이 인기 메뉴인데, 제주산 흑돼지 또는 백돼지 등심을 숙성해서 만들어 씹을수록 고소한 풍미가 입맛을 돋운다.",Unknown,0507-1415-1812,"[수요일] / - 11:00~15:00 / - 마지막 주문 14:00 / [금요일~화요일] / - 11:00~20:00 / - 준비시간 15:00~17:00 / - 마지막 주문 14:00, 19:00",돈카츠정식,바비큐 야키소바 / 왕새우튀김우동 등,가능,매주 목요일,Unknown,Unknown,Unknown,50,110,FD,음식,FD02,외국식,FD020200,일식,10,100,30,10,10,0,60,45,75,blend,0.8576,0.875,0.3297,0.849,blend,"고기·구이,면 요리,일식"
2837996,39,음식점,말고기연구소,제주특별자치도 제주시 북성로 43 (삼도이동),63166,126.5201452985,33.5155924319,"말고기연구소는 제주공항 근처 제주 구도심 삼동이동에 있다. 말고기에 대한 좋은 인식을 목표로 하는 말고기전문점으로 매장에는 테이블이 없고, 도시락 테이크아웃 전문점이다. 제주 전통 로컬푸드인 말고기를 재해석하여 아침과 점심에는 초밥과 소시지 등 가벼운 도시락 메뉴와 저녁에는 술과 함께 즐길 수 있는 말고기 요리 메뉴를 제공하고 있다. 말고기 육즙 소시지, 말불고기초밥, 말육회초밥, 말고기 말샤브 등은 말고기를 처음 먹는 사람도 부담 없이 먹을 수 있도록 독자적으로 개발한 메뉴로 제주산 말고기를 사용하고 있다. 근처 함께 둘러보기 좋은 여행지로는 동문재래시장, 탑동공장, 사라봉 등이 있다.",Unknown,0507-1308-8251,10:00~22:00 (마지막 주문 21:00),말고기 육즙 소시지,말불고기 초밥 / 말육회 초밥 / 말고기 말샤브 등,불가능,연중무휴,Unknown,가능,Unknown,50,110,FD,음식,FD01,한식,FD010100,관광식당,0,90,20,40,20,0,30,15,45,observed,0.842,0.8472,0.8347,0.816,blend,"제주 향토음식,고기·구이,회·물회·초밥"
2767628,39,음식점,맛나식당,제주특별자치도 서귀포시 성산읍 동류암로 41,63640,126.916005750279,33.4485364431296,"제주의 관광명소 성산 일출봉으로 가는 길목에 갈치조림이 맛있기로 소문난 맛나식당이 자리하고 있다. 예전에는 갈비 식당을 운영하다가 현재는 사장 겸 주방장을 맡은 제주 토박이 주인 할머니가 갈치조림을 메뉴로 내었다. 1인분을 주문하면 4조각의 오동통한 갈치조림이 나오는데, 가격은 다른 곳의 절반 수준으로 가성비 좋은 갈치 요리를 맛볼 수 있다. 근처 성산포에서 잡은 갈치와 고등어만을 사용하기 때문에 언제나 싱싱한 생선 요리를 만날 수 있다. 갈치는 여름보다 가을부터 봄까지 추울 때가 맛이 좋다고 하니 참고하면 된다.",Unknown,064-782-4771,08:30~14:00,갈치조림,고등어조림,가능,"매주 수요일, 일요일",있음 (남녀 구분),가능,화장실: 있음 (남녀 구분),50,130,FD,음식,FD01,한식,FD010100,관광식당,10,100,20,20,10,0,60,45,75,observed,0.9671,0.975,0.9502,0.816,blend,"제주 향토음식,해산물 요리,한식"
1891943,39,음식점,맛있는 집,제주특별자치도 서귀포시 중앙로 110,63585,126.561137557689,33.2542671760391,"맛있는 집은 제주 서귀포시 동홍동에 있는 향토음식 전문점이다. 다양한 제주 향토음식을 맛볼 수 있는데 특히 각재기국은 이 집의 대표 메뉴이자 인기 메뉴이다. 각재기는 생소할 수 있는데 전갱이, 아지 등으로 불리는 등 푸른 생선과의 여름생선이다. 각재기국은 배추가 듬뿍 들어가 국물이 시원하여 해장음식으로도 안성맞춤이다. 음식 주문 시 정성스럽게 만들어진 다양한 밑반찬이 나온다. 주차공간과 내부 좌석은 협소하지만 제주도민뿐만 아니라 여행객들의 발길이 끊이지 않는 곳이다.",Unknown,064-763-3760,- 월요일~금요일 08:00~19:00- 토요일 08:00~14:00,각재기국,한치물회 / 보말국 / 제육볶음 등,불가능,매주 일요일,Unknown,가능,부대시설: 단체석,50,130,FD,음식,FD01,한식,FD010100,관광식당,0,100,20,40,10,0,60,45,75,category,0.816,,0.0,0.816,category,"제주 향토음식,한식"
2910907,39,음식점,망고하이,제주특별자치도 서귀포시 일주서로 972,63534,126.4068628965,33.2582253738,"망고하이는 서귀포 중문관광단지에 위치한 망고 전문 카페다. 층고가 높은 이국적인 분위기의 공간에서 생망고를 비롯해 애플망고, 골드망고, 코코넛망고 등 다양한 망고 메뉴를 즐길 수 있다. 생망고는 일일 한정 수량으로 판매하며, 망고를 활용한 가공식품과 텀블러 등 다양한 기념품도 함께 판매한다. 야외 테라스에서 여유로운 시간을 보낼 수 있으며, 베릿네오름과 제주국제평화센터, 중문색달해수욕장 등 인근 관광지와 함께 방문하기 좋다.",Unknown,064-738-1051,[평일]- 12:00~21:00- 준비시간 15:00~17:00[주말]- 12:30~21:00※ 주말에는 준비 시간 없이 운영,눈꽃 망고 파르페,프레쉬 생망고 / 골드망고 / 애플망고 등,가능,매주 수요일,Unknown,Unknown,Unknown,50,130,FD,음식,FD05,카페/ 찻집,FD050100,카페,50,90,70,10,20,30,105,75,135,blend,0.8578,1.0,0.1813,0.8263,blend,
2877847,39,음식점,머문,제주특별자치도 제주시 해맞이해안로 460 2층,63358,126.7957815474,33.5556035357,"머문은 제주 월정리해수욕장에 있다. 2층에 있으며 전면 통창 유리를 통해 월정리 바다를 볼 수 있다. 층고 또한 높아 개방감이 좋다. 바람이 불고 만조일 때는 마치 바다에 앉아 있는 듯한 느낌이 드는 카페로 다양한 좌석이 있고 복층형 구조로 되어 있다. 내부에도 조명이 많아 외부와 조도 차이가 크게 나지 않아 사진을 찍을 때 안과 밖이 비교적 모두 선명하게 나온다. 주변 여행지로 코난 해수욕장, 김녕미로공원 등이 있다.",Unknown,070-7585-3519,10:00~20:30 (마지막 주문 19:30),당근 도넛,감자빵 / 구좌당근빵 / 에그타르트 / 패션 라봉에이드 / 아메리카노 등,가능,연중무휴,있음,Unknown,화장실: 있음,50,110,FD,음식,FD05,카페/ 찻집,FD050100,카페,60,70,80,0,0,0,60,45,75,category,0.8263,,0.0,0.8263,category,
2899667,39,음식점,먹돌 제주본점,제주특별자치도 제주시 공항로1길 14 (용담이동) 1층,63164,126.4975003109,33.5038711465,"먹돌 제주본점은 제주시 용담이동, 제주공항 앞에 있다. 고기 국수 맛집으로 TV 먹방 프로그램에 소개되며 더 유명해졌다. 고기 국수 외에 갈비 뼈대가 들어있는 한방 국밥, 뿔소라 문어무침, 제주 암퇘지로 삶은 돔베 고기, 제주산 흑돼지로 부친 육전, 톳한치물회국수 등이 있다. 아침 9시부터 저녁 9시까지 오픈하여 제주공항에 일찍 도착하거나 늦게 출발하는 여행자들이 식사하기 좋다. 양이 푸짐하고 놋그릇에 담아내는 정성도 보기 좋다. 주변 여행지로 무지개해안도로, 이호태우해변 등이 있다.",Unknown,0507-1405-9777,08:00~20:30 (마지막 주문 19:30),제주고기국수,돔베고기 / 먹돌 흑돼지육전 / 뼈대있는 한방국밥 / 제주 비빔국수 등,가능 (무료),연중무휴,남녀 구분,Unknown,화장실: 남녀 구분,50,110,FD,음식,FD01,한식,FD010100,관광식당,20,90,20,10,10,0,60,45,75,category,0.816,,0.0,0.816,category,"제주 향토음식,고기·구이,해산물 요리,회·물회·초밥,한식,면 요리"
2870937,39,음식점,메콩스카이,제주특별자치도 제주시 연오로 35 (오라삼동),63145,126.5020363394,33.4901477379,"메콩스카이는 제주특별자치도청 인근에 위치한 베트남 음식점이다. 메콩스카이의 쌀국수 육수는 각종 야채와 한약재가 들어간다. 사골과 학본 노계는 15시간 이상을 고아내고, 그 육수에 고기를 3시간 이상 삶아 만든다. 일반 음식점에서 사용하는 농축액이나 스파이스 믹스, 미원 등을 사용하지 않고, 천연재료를 이용하여 만들기 때문에 진한 국물과 맛을 느낄 수 있다. 면은 밀가루가 전혀 들어가지 않은 쌀가루로 소화가 잘되고 국물과 잘 어울린다. 메뉴로는 진하게 우려낸 육수로 만든 소고기 쌀국수와 소꼬리쌀국수가 있으며, 비빔쌀국수와 같이 곁들여 먹기 좋은 분짜도 있다. 국물 쌀국수는 면과 육수 추가가 가능하며, 나시고랭, 튀김만두, 월남쌈, 스페셜 롤, 파인애플 볶음밥 등으로 다채롭게 베트남 음식을 즐길 수 있다. 매장에서 직접 구운 반미빵은 당일 구운 빵으로 한정 판매이다.",https://www.instagram.com/mekongsky,064-711-5403,10:30~21:00 (마지막 주문 20:30),소고기쌀국수,비빔쌀국수 / 분짜 / 튀김만두 등,가능,매주 수요일,있음,가능,화장실: 있음,50,110,FD,음식,FD02,외국식,FD020400,기타외국식,10,100,20,30,10,10,45,30,60,blend,0.852,1.0,0.1813,0.8192,blend,"면 요리,양식·세계음식"
2792522,39,음식점,면뽑는선생 만두빚는아내,제주특별자치도 제주시 한림읍 일주서로 5608 1층,63026,126.27762467046958,33.42757969913289,"제주시 한림읍에 있는 면뽑는선생만두빚는아내는 제주산 한우 양지와 아롱사태만 사용한 수육, 그리고 제주산 돼지고기로 빚은 만두를 사용하는 만두전골 전문점이다. 만두 위에 고기, 버섯 등이 올라간 한우수육버섯만두전골이 인기 메뉴다. 또 다른 메뉴로는 손만둣국, 한우사골만둣국 등이 있다. 전골 위에 올라간 수육은 질기지 않고 부드러우며 만두 역시 직접 빚은 손만두로 감칠맛이 느껴진다. 만두를 다 먹은 후에는 직접 뽑은 생면을 넣어 먹는데 쫄깃한 식감이 일품이다.",Unknown,0507-1373-4562,- 10:30~21:00- 준비 시간 16:00~17:00- 마지막 주문 19:50,한우수육만두전골,손만둣국 / 사골만둣국 / 떡만둣국 등,가능요금 (무료),매주 수요일,Unknown,Unknown,Unknown,50,110,FD,음식,FD01,한식,FD010100,관광식당,0,100,20,0,10,0,60,45,75,category,0.816,,0.0,0.816,category,"한식,면 요리"
2858577,39,음식점,명랑스낵,제주특별자치도 제주시 한림읍 한림로 585,63032,126.2587593151,33.4092250708,"제주 명랑스낵은 제주시 한림항 근처에 위치한 감성 가득한 분식 맛집으로, 바다 건너 비양도를 바라보며 떡볶이와 튀김을 즐길 수 있는 곳이다. 분식에 진심인 사장님이 직접 만든 쫄깃한 밀떡 떡볶이가 대표 메뉴이며 특히 매콤달콤한 기본 떡볶이 외에도 또 하나의 인기 메뉴인 짜장 떡볶이에는 당면 사리를 추가해 더욱 풍성하게 즐길 수 있다. 일반적인 튀김 외에도 제주에서만 맛볼 수 있는 한치튀김과 흑돼지튀김 같은 특색 있는 메뉴들이 준비되어 있어 많은 손님들이 이를 맛보기 위해 방문한다. 매장에서는 반려동물 동반이 가능해 반려견과 함께 들르기에도 좋으며, 바다를 배경으로 간편하게 포장해가는 손님들도 많다. 감성적인 분위기 속에서 간단하지만 정성 가득한 한 끼를 즐기기에 제격이다.",https://www.instagram.com/cheerful_snack,064-796-4544,11:30~18:00 (마지막 주문 17:30),떡볶이,짜장떡볶이 / 한치튀김 / 흑돼지튀김 등,가능,연중무휴,있음,Unknown,화장실: 있음,50,110,FD,음식,FD03,간이음식,FD030400,김밥 분식,40,90,80,0,20,10,30,15,45,observed,0.7735,0.75,0.5507,0.8022,blend,"제주 향토음식,분식·간편식"
1891955,39,음식점,명문가시리식당,제주특별자치도 서귀포시 표선면 중산간동로 5218,63623,126.7707355863,33.3528672076,"명문가시리식당은 저렴한 가격에 부담 없이 식사가 가능한 곳이다. 돼지고기를 삶은 육수에 몸(모자반)이라는 바다의 해초, 메밀가루가 어우러진 몸국, 돼지 내장으로 만드는 토속순대, 흑돼지 등 다양한 메뉴를 제공하며, 비싼 흑돼지가 부담되는 경우 흑돼지와 무채, 파 등을 넣어 불판에 익혀먹는 두루치기를 저렴한 가격에 즐기는 것도 좋다. 보말미역국의 경우 해녀가 직접 채취한 보말을 사용하여 제공한다.",Unknown,064-787-1121,09:00~21:00,몸국,보말국 / 몸순대국 / 고기국수 등,가능,연중무휴,Unknown,Unknown,Unknown,50,130,FD,음식,FD01,한식,FD010100,관광식당,0,100,20,40,10,0,60,45,75,category,0.816,,0.0,0.816,category,"제주 향토음식,고기·구이,한식,면 요리"
404141,39,음식점,명원가든,제주특별자치도 서귀포시 성산읍 성산등용로 8,63643,126.933664848513,33.4646876314932,"서귀포시에 위치한 명원가든은 화려한 도시의 식당과는 비교되지만 나름대로 특색 있는 인테리어가 제주도라는 단어와 잘 어울려서 정갈한 분위기를 자아낸다. 음식 맛 또한 주인장의 깔끔한 손맛을 담아내고 있다. 이 집의 주 메뉴는 제주의 음식인 옥돔구이와 갈치조림이다. 이외에도 오분작돌솥밥, 전복뚝배기, 갈치구이 등이 준비되어 있다.",Unknown,064-784-1900,08:00~21:00,갈치조림,옥돔구이 / 오분작돌솥밥 / 전복뚝배기 등,가능,연중무휴,Unknown,가능,Unknown,50,130,FD,음식,FD01,한식,FD010100,관광식당,10,90,50,40,10,0,60,45,75,category,0.816,,0.0,0.816,category,"제주 향토음식,해산물 요리,한식"
2845288,39,음식점,모노클제주,제주특별자치도 서귀포시 남원읍 태위로360번길 30-8,63610,126.6845504210,33.2729274271,"모노클제주는 제주특별자치도 서귀포시 남원읍 위미리에 있는 베이커리 카페다. 넓은 잔디 정원에 파라솔이 있는 테이블을 설치해 어린이들이 뛰어놀기 좋고 반려견 입장도 가능하다. 카페 건물은 빨간 벽돌을 올려 빈티지한 창고형 스타일이지만 내부는 현대식 인테리어로 개성 있는 좌석을 배치했다. 포토존이 곳곳에 숨어 있어 사진찍기에도 좋다. 단호박 치즈케이크, 말차로쉐파운드, 클래식 스콘 등 다양한 디저트 메뉴들을 판매하고 있으며 홀케이크나 홀파운드도 예약 주문이 가능하다. 커피나 음료와 즐길 수 있는 곳으로 주변에 함께 둘러보기 좋은 여행지로 큰엉해안경승지가 있으며 주변 도로는 겨울철에 동백, 봄에는 벚꽃이 유명하다.",http://www.instagram.com/monocle_jeju,0507-1314-0360,10:00~18:30 (18:00 라스트오더),홀케이크,홀파운드 / 클래식 뉴욕 치즈케이크 / 제주 애월읍 단호박케이크 등,불가능,연중무휴,Unknown,Unknown,Unknown,50,130,FD,음식,FD05,카페/ 찻집,FD050100,카페,60,80,70,0,30,20,60,45,75,category,0.8263,,0.0,0.8263,category,
2851643,39,음식점,모뉴에트,제주특별자치도 제주시 종달동길 23,63364,126.9022876754,33.4914873493,"모뉴에트는 제주 구좌읍 종달리에 있다. 내부에 적힌 ‘음악을 사랑하는 아빠가 만든 공간’이라는 문구처럼 다양한 음반, CD, 카세트테이프가 있다. 대표 메뉴는 카넬레에 럼주 대신 한라산소주를 넣어 만든 한라산 카넬레로 겉은 바삭, 속은 촉촉하다. 이곳은 여행자들에게 인기가 좋아 테이블 예약제로 운영하고 있으며 준비한 카넬레 소진 시 조기 마감할 수 있다. 마감 일정은 인스타그램으로 확인할 수 있다. 근처에 지미봉, 하도 해수욕장, 두산봉 등이 있어 연계 관광이 수월하다.",https://www.instagram.com/monuet_jeju,010-5746-5316,11:00~19:00 (라스트오더 18:15),한라산까눌레,모뉴에트라테 / 아메리카노 / 천혜향 풋귤 에이드 등,가능,매주 수요일,Unknown,Unknown,Unknown,50,110,FD,음식,FD05,카페/ 찻집,FD050100,카페,20,80,70,20,10,0,60,45,75,observed,0.8403,0.8438,0.7981,0.8263,blend,
1966821,39,음식점,모드락572,제주특별자치도 서귀포시 표선면 가시로 572,63623,126.7737630658,33.3544670791,"제주 서귀포시 표선면 가시리에 있는 갤러리 카페 모드락 572는 따라비 오름 근처에 있는 갤러리 카페이다. 여러 나라의 커피를 맛볼 수 있으며, 원두를 따로 판매한다. 카페 내부는 빈티지스러운 인테리어로 아기자기하게 꾸며져 있어 아늑한 분위기를 선사한다. 원두는 가게에서 직접 로스팅 하며 핸드드립, 에스프레소, 더치커피, 밀크티, 허브티 등 다양한 종류의 음료를 맛볼 수 있다. 음료 이외에도 파스타와 단호박 수프, 베이글 등의 음식도 준비되어 있다.",Unknown,064-787-5827,※ 자세한 사항은 전화문의 요망,아메리카노,카페라떼 / 홍차라떼 / 에스프레소 등,가능,※ 자세한 사항은 전화문의 요망,Unknown,가능,Unknown,50,130,FD,음식,FD05,카페/ 찻집,FD050100,카페,20,90,80,20,10,30,60,45,75,category,0.8263,,0.0,0.8263,category,
2854015,39,음식점,모들한상,제주특별자치도 제주시 애월읍 하가로 180,63036,126.3469894950,33.4553769070,"모들한상은 제주 애월읍 하가리에 위치한 감성 맛집으로, 연화지 바로 앞에 자리하고 있어 아름다운 풍경과 함께 여유로운 식사를 즐길 수 있는 곳이다. ‘늘 함께하는 행복한 한상’을 모토로, 제주의 로컬 식재료를 활용해 건강한 퓨전 양식을 선보이고 있다. 이곳의 인기 메뉴인 ‘모들돈가스’는 설탕을 넣지 않고 만든 특제 소스로 맛을 내 깔끔한 맛을 자랑하며, 재료 본연의 맛을 살린다. 또한 제주산 고사리와 보말을 넣은 오일 파스타는 제주 향토 식재료의 조화를 잘 보여주며, 새우살, 소라살, 병아리콩, 가지 등이 듬뿍 들어간 건강한 카레 역시 색다른 매력으로 방문객들의 입맛을 사로잡는다. 모든 메뉴는 자극적이지 않고 정갈한 맛으로 구성되어 있어 남녀노소 누구나 편하게 즐길 수 있다.",https://www.instagram.com/modle_hansang,0507-1431-3504,11:00~19:00 (준비시간 15:30~17:00),모들 돈가스,고사리 보말 파스타 / 모들해물가지커리 / 오므라이스 등,가능,매주 수요일,있음,Unknown,화장실: 있음,50,110,FD,음식,FD02,외국식,FD020300,서양식,70,90,70,40,10,0,60,45,75,observed,0.726,0.7,0.6321,0.7706,blend,"제주 향토음식,양식·세계음식"
2863660,39,음식점,모래비 커피로스터스 앤 베이커리,제주특별자치도 제주시 구좌읍 해맞이해안로 462,63358,126.7962342877,33.5555396610,"모래비 커피로스터스 앤 베이커리 카페는 제주 제주시 구좌읍 월정해수욕장 인근에 자리한 감성적인 오션뷰 카페로 ‘모래비’라는 이름은 월정리 특유의 강한 바람이 불 때 모래가 비처럼 흩날리는 모습을 의미한다. 이곳은 특히 다양한 종류의 핸드드립 커피와 매일굽는 신선한 베이커리가 대표 메뉴로, 커피 애호가들과 빵을 좋아하는 이들에게 인기를 끌고 있다. 그 외에도 에이드, 주스, 스무디 등 다양한 음료가 준비되어 있어 기호에 따라 선택할 수 있는 폭이 넓다. 푸른 바다 풍경은 이곳의 또 다른 매력으로, 여유로운 분위기 속에서 진정한 힐링을 선사한다. 근처에는 코난 해변, 만장굴, 김녕해수욕장 등 함께 둘러보기 좋은 명소들이 위치해 있어, 여행 중에 들르기 좋은 카페이다.",https://www.instagram.com/cafe_moraebi_jeju,064-782-2306,09:00~18:00,핸드드립커피,매일굽는베이커리 / 스페셜티 커피 / 플랫화이트 등,가능,연중무휴,있음,Unknown,화장실: 있음,50,110,FD,음식,FD05,카페/ 찻집,FD050100,카페,80,90,80,0,10,0,90,60,120,observed,0.7731,0.7083,0.4512,0.8263,blend,
2818722,39,음식점,모루쿠다,제주특별자치도 서귀포시 태평로431번길 32 1층,63595,126.566170559155,33.2482985049234,"모루쿠다는 신선한 제주산 재료로 특색 있는 음식을 제공하는 식당이다. 서귀포 매일올레시장 도보 2분, 정방폭포 인근에 위치한 모루쿠다는 / 제주에서 나오는 다양한 산해진미를 한 자리에서 맛볼 수 있는 곳으로, 다양한 제주 해산물 요리를 즐길 수 있는 곳이다. / 흑돼지 보쌈 및 해산물, 채소 찜이 제공되는 육합과 전복장 덮밥 등의 메뉴가 있다. 식사와 함께 술을 즐길 수 있어서 가족 및 연인들의 모임 장소로 좋다.",Unknown,0507-1364-1477,12:00~23:00,모루쿠다 육합,모루쿠다 육합 / 해산물 라멘 / 전복 돌문어장 비빔덮밥 등,가능,Unknown,Unknown,가능,Unknown,50,130,FD,음식,FD02,외국식,FD020200,일식,20,90,30,10,10,20,135,105,165,observed,0.8805,0.9062,0.5507,0.849,blend,"해산물 요리,한식,면 요리,일식"
2781324,39,음식점,모슬포한라전복 본점,제주특별자치도 서귀포시 대정읍 대한로 33,63506,126.2452033549,33.2305112828,"서귀포시 대정읍에 있는 전복 전문요리점이다. 생산자가 직접 판매하는 전복직매장으로 저렴한 가격에 다양한 전복 요리를 만날 수 있어 관광객들은 물론 현지인들이 즐겨 찾는다. 가장 인기 있는 메뉴는 고소한 전복을 가득 올린 전복 돌솥밥이다. 마가린과 간장 소스를 함께 비벼 먹으면 고소한 버터 향과 야들야들한 전복의 식감이 일품이다. 밥을 덜어낸 돌솥에는 뜨거운 물을 부으면 구수한 숭늉이 되어 식사 후 입가심하기 좋다. 푸짐한 해산물이 들어간 전복뚝배기와 전복물회, 전복죽 등 여러 메뉴가 있으니 입맛대로 즐기면 된다.",Unknown,064-792-1313,- 08:30~20:00 / - 마지막 주문 19:30,전복뚝배기,전복죽 / 전복돌솥밥 / 전복물회 등,가능,매주 목요일,있음,Unknown,화장실: 있음,50,130,FD,음식,FD01,한식,FD010100,관광식당,0,100,20,10,10,20,45,30,60,blend,0.7736,0.6875,0.3297,0.816,blend,"제주 향토음식,해산물 요리,회·물회·초밥,한식"
3492149,39,음식점,모아시 (MOASI),제주특별자치도 서귀포시 대정읍 무릉중앙로24번길 16,63501,126.19915947894222,33.27084661663679,"제주특별자치도 서귀포시에 위치한 모아시는 ‘끝없이 넓게 펼쳐진’이라는 의미의 무릉(無量)과 안식처를 뜻하는 오아시스(Oasis)를 담은 카페이다. 단단하고 거친 바위의 질감이 두드러지는 외벽에서 감각적인 분위기가 느껴지며, 사선 형태로 옥상이 이루어져 있어 건축물이 독특한 매력을 뽐낸다. 특별한 건축물 구조를 활용하여 경사로로 이루어진 루프탑이 조성되어 있다. 오솔길 형태로 이루어진 루프탑에서는 제주 서쪽의 탁 트인 풍경을 파노라마 뷰로 감상하며 시원한 바람을 느낄 수 있다. 중정에는 연못이 있어 통창 너머로 스며드는 따뜻한 햇살과 함께 여유로운 커피 한 잔을 마실 수 있다. 모아시는 안락한 공간을 제공하며 제주 자연 속에서 여유를 즐길 수 있는 휴식처로 자리 잡았다.",Unknown,064-794-9995,11:00~18:00 (미자막 주문 17:30),피스타로쉐,아메로아시 / 스페셜티 / 까눌레 등,가능,연중 무휴,Unknown,Unknown,Unknown,50,130,FD,음식,FD05,카페/ 찻집,FD050100,카페,70,70,90,10,40,0,60,45,75,category,0.8263,,0.0,0.8263,category,
1861360,39,음식점,모이세해장국,제주특별자치도 제주시 연북로 221,63145,126.5051390387,33.4817126104,계란을 풀어먹으면 더 맛있는 해장국 맛집이다. 대표메뉴는 해장국이다. 제주특별자치도 제주시에 있는 한식전문점이다. 야들야들한 고기가 푸짐하게 들어가 건더기를 건져 먹는 재미가 쏠쏠한 모이세해장국은 날달걀을 터뜨려도 빨갛고 걸죽한 국물이 일품이다. 또한 이 집 내장탕에는 두부가 들어가있다는게 특징이며 느끼하지 않고 감칠맛나는 국물이 자꾸만 손이 가게 한다. / (출처 : 제주 문화관광 홈페이지),Unknown,064-746-5128,06:00~16:00,모이세해장국,내장탕 / 육개장 / 순두부 등,가능,연중무휴,Unknown,가능,Unknown,50,110,FD,음식,FD01,한식,FD010100,관광식당,0,100,20,10,10,0,60,45,75,category,0.816,,0.0,0.816,category,한식
2873708,39,음식점,모카다방,제주특별자치도 서귀포시 남원읍 태신해안로 125,63617,126.7613961079,33.2921987516,"모카다방은 제주 올레길 4코스인 덕돌포구 근처에 자리한 감성 카페로 커피 광고에도 등장한 곳이다. 외관은 눈에 띄는 경쾌한 노란색으로 꾸며져 있으며, 내부는 복고풍 감성을 살린 다양한 소품들로 꾸며져 있다. 레트로한 유리컵과 음료수병, 오래된 타자기, 브라운관 텔레비전 등의 아이템들이 곳곳에 자리하고 있다. 이곳에서는 유기농 밀가루와 설탕을 사용해 직접 구운 건강한 빵과 초콜릿도 판매하며, 신선하고 산미좋은 스페셜티 커피를 함께 즐길 수 있다. 주변에는 덕돌포구와 남원큰엉해변이 가까이 있어, 커피 한잔 후 산책이나 관광 코스로도 방문할 수 있다.",Unknown,0507-1492-8915,10:00~19:00 (마지막 주문 18:30),커피,아이스초코 / 가파도 청보리 미숫가루 / 유기농 빵 등,가능,※ 휴무의 경우 공식 인스타그램 참조,있음,Unknown,화장실: 있음,50,130,FD,음식,FD05,카페/ 찻집,FD050100,카페,60,80,80,20,30,10,60,45,75,category,0.8263,,0.0,0.8263,category,
2871879,39,음식점,모해통갈치화덕구이,제주특별자치도 서귀포시 성산읍 일출로 267,63643,126.9337411898,33.4618078051,"모해통갈치화덕구이는 제주 동부에 위치한 성산일출해양도립공원 입구에 자리한 갈치구이 전문점으로, 신선한 통갈치를 화덕에 구워내는 방식으로 갈치요리를 제공하고 있다. 갈치화덕구이세트는 통갈치 화덕구이를 중심으로, 갈치조림과 제주 흑돼지 화로구이까지 곁들여져 푸짐한 구성을 자랑한다. 이 세트에는 10여 가지의 정갈한 밑반찬도 함께 한 상에 차려져 제공되어 든든한 한끼 식사가 가능하다. 또한 문어 통갈치조림은 은갈치와 문어, 전복, 꽃게를 함께 즐길 수 있다. 갈치조림은 1인분으로도 제공되어 혼자 여행하는 이들도 맛볼 수 있고, 단품 식사 메뉴도 다양하게 준비되어 있다. 식사를 마친 후에는 인근의 성산일출봉, 광치기해변 등 제주 관광지를 함께 둘러보기에 좋다.",https://www.instagram.com/jeju_mohae,064-784-2024,11:00~21:00 (마지막 주문 20:20),통갈치화덕구이세트,문어통갈치조림 / 흑돼지화덕구이 / 통갈치구이 등,가능,매주 화요일,있음,Unknown,화장실: 있음,50,130,FD,음식,FD01,한식,FD010100,관광식당,20,100,30,0,10,0,60,45,75,observed,0.7968,0.7812,0.5507,0.816,blend,"제주 향토음식,고기·구이,해산물 요리,한식"
3303893,39,음식점,목장카페 밭디,제주특별자치도 서귀포시 표선면 번영로 2486,63624,126.7722162922663,33.40790001470019,"밭디는 제주도 방언으로 밭에 라는 뜻이다. 목장카페 밭디는 목장과 카페를 함께 운영하는 곳으로 다양한 체험을 즐길 수 있다. 카페는 아늑한 내부와 아치형 창문을 통해 보이는 목장 전경이 아름답다. 제주도에서 나는 재료를 사용하며 대표 메뉴는 우유아이스크림을 듬뿍 얹은 목장아이스크림라테이다. 체험은 목장에서 진행하며 승마체험, 이색자전거 체험, 말먹이 주기 체험을 할 수 있다. 목장을 크게 한 바퀴 둘러싼 산책로는 바닥에 화산 송이가 깔려 있어서 가볍게 산책하기 좋다.",Unknown,0507-1371-6019,09:00~18:00 (마지막 주문 17:30),목장아이스크림라떼,제주호지차크림라떼 / 아이스크림딸기라떼 / 바스크치즈케이크 등,가능요금 (무료),매주 수요일,Unknown,Unknown,Unknown,50,130,FD,음식,FD05,카페/ 찻집,FD050100,카페,80,80,80,20,80,10,90,60,120,observed,0.8876,0.8897,0.9666,0.8263,blend,
2774895,39,음식점,목장카페드르쿰다,제주특별자치도 서귀포시 표선면 번영로 2454,63624,126.7698788286,33.4088221258,"제주 속의 또 다른 제주를 느낄 수 있는 목장 카페 드르쿰다는 제주도의 넓은 들판을 바라보며 커피를 마실 수 있는 탁 트인 실내공간과 승마와 카트, 동물 먹이 주기 체험 등을 모두 한 곳에서 할 수 있는 올인원 카페이다. 실외에는 넓고 푸른 초원 위에 다양한 소품들이 있어서 구석구석이 포토존으로, 어디서 사진을 찍던 멋진 인생 사진을 찍을 수 있다. 또한 세상에 하나뿐인 자전거를 마음껏 탈 수 있는 공간도 마련되어 있다. 36개월 아이가 탈 수 있는 체험 승마부터 성인을 위한 장거리 승마까지 준비되어 있어 남녀노소 즐길 거리, 먹을거리가 가득하다.",Unknown,064-787-5220,- 09:00~18:00 / - 마지막 주문 17:50,아이스 흑당보리 우유,제주 화산송이 말차라떼 / 아메리카노 / 카페라떼 등,가능,연중무휴,있음,Unknown,화장실: 있음,50,130,FD,음식,FD05,카페/ 찻집,FD050100,카페,70,80,90,0,90,0,60,45,75,observed,0.8172,0.8167,0.9502,0.8263,blend,
2845297,39,음식점,목화휴게소,제주특별자치도 서귀포시 성산읍 해맞이해안로 2526,63638,126.9016935056,33.4818106314,"목화휴게소는 성산에서 세화방면 올레1코스 바닷가에 위치한 곳이다. 몇 년 전 예능 프로그램 출연자가 이곳에서 맥주와 오징어를 먹는 모습이 방영되면서 입소문을 타게되었다. 손님 대부분이 준치(반건조오징어)를 구워 길거리에 앉아 먹는다. 바닷가에 널어 말리던 오징어를 걷어 돌 위에서 살짝 구워주는데 우도 바다를 감상하며 먹는 맛이 있다. 추가로 반건조오징어와 어울리는 음료로 믹스커피를 비롯한 편의점 음료와 주류, 컵라면 등을 사 먹을 수도 있다. 주변에 함께 둘러보기 좋은 여행지로 세화바다, 말미오름(두산봉), 종달리, 지미봉 등이 있다.",Unknown,064-782-2077,11:30~18:00,반건조오징어구이,원두커피 / 믹스커피 / 컵라면 등,가능,매주 수요일,있음,Unknown,화장실: 있음,50,130,FD,음식,FD01,한식,FD010100,관광식당,80,80,70,10,40,20,30,15,45,observed,0.7371,0.7273,0.8892,0.816,blend,"해산물 요리,한식"
2805243,39,음식점,몰래물밥상,제주특별자치도 제주시 도두항서길 (65),63113,126.463696495422,33.5041559983384,"서울과 제주도 5성급 호텔 마스터 셰프 출신의 20여년 특급호텔 경력의 기능장이 만드는 활우럭조림, 제주은갈치조림 전문 식당이다. 톳밥과 함께 직접 만들어 짜지 않은 간장게장, 바삭한 멜튀김 등의 다양한 밑반찬이 나온다. 생김에 두부, 무, 시래기 등을 밥과 함께 싸먹는것이 별미이다.",Unknown,064-711-8919,11:00~21:00브레이크타임 15:30~17:00,활우럭조림 밥상 / 제주은갈치조림 밥상,활우럭전복새우조림 밥상 / 제주은갈치전복새우조림 밥상 / 활우럭전복새우조림&활우럭탕수 밥상 등,가능(무료),매주 일요일,Unknown,Unknown,Unknown,50,110,FD,음식,FD01,한식,FD010100,관광식당,0,100,20,10,0,0,60,45,75,blend,0.804,0.75,0.1813,0.816,blend,"제주 향토음식,해산물 요리,한식"
3543626,39,음식점,몽라브,"제주특별자치도 제주시 오등6길 55 (오등동) 제1, 2동 1층",63240,126.52760640895447,33.46679448043981,"몽라브는 제주국제공항에서 자동차로 약 15분 거리에 있는 7,500평 규모의 제주시내 도심 속 농장 카페이다. 하우스에서는 GAP 및 무농약 인증을 받은 무화과를, 노지에서는 감귤을 재배하며 제철에 맞추어 무화과 따기와 감귤 따기 체험을 운영한다. 카페는 본관, 별관, 체험관으로 구성되어 있으며 무화과와 감귤을 활용한 음료, 디저트, 제품을 판매한다. 대표 메뉴인 무화과 아이스크림은 직접 수확한 무화과와 상하목장 우유로 만든 프리미엄 소프트아이스크림으로 인기를 얻고 있다. 이 외에도 무화과 스무디, 무화과 밀크티, 무화과 그릭요거트, 무화과 파르페 등 음료와 무화과 컵케이크, 잼, 크림치즈 등 다양한 상품을 제공한다. 또한 농장에서 실제로 함께하는 가족들을 모티브로 한 몽라브 자체 캐릭터 굿즈도 판매한다. 온라인과 오프라인(매장) 판매를 통해 대표 무화과 브랜드로 자리매김하고 있으며, 네이버 실시간 푸드 코너 인기 순위 1위를 달성한 바 있다. 더불어 5성급 호텔과의 제휴 체험 프로그램 진행, 'KBS1 6시 내고향' 출연(2025.07.23) 등 다양한 활동을 이어가고 있으며, 현재 농촌융복합산업 예비 인증 업체로서 자연 친화적인 치유 농장 조성을 통해 힐링 공간으로 발전해 나가고 있다.",Unknown,0507-1390-7055,10:00~18:00,무화과 아이스크림,무화과 그릭요거트 / 무화과 요거트스무디 / 너무화과나 컵케이크 등,가능,연중무휴,Unknown,Unknown,Unknown,50,110,FD,음식,FD05,카페/ 찻집,FD050100,카페,70,90,70,20,80,50,60,45,75,category,0.8263,,0.0,0.8263,category,
1892305,39,음식점,몽생이,제주특별자치도 제주시 한경면 녹차분재로 628,63005,126.2605082705,33.3246538979,"제주시 한경면 저지리에 위치한 말고기 전문점이다. 말고기 구이, 샤부샤부, 육회, 내장탕 등 맛있다고 소문이 자자한 곳으로 제주산 말고기를 사용해 맛이 일품이다. 그뿐만 아니라 식당 근처에 ‘생각하는 정원, 5월의 꽃, 유리의 성, 오설록 티 뮤지엄, 올레길(14-1코스)’ 이 근접해있어 관광코스로도 적합하다.",www.instagram.com/jeju_mongseng2,064-772-3886,06:00~15:00,소머리해장국,소머리수육 / 김치찌개 / 말내장탕 등,가능,비정기적 휴무,Unknown,가능,Unknown,50,110,FD,음식,FD01,한식,FD010100,관광식당,20,100,20,0,0,0,60,45,75,category,0.816,,0.0,0.816,category,"제주 향토음식,고기·구이,한식"
2809900,39,음식점,묘한식당,제주특별자치도 제주시 녹차분재로 601,63005,126.262127681162,33.3226211550477,"묘한식당은 제주 한경면에 위치한 음식점으로 돈가스와 파스타를 판매한다. 메뉴는 흑돼지돔베카츠, 크림빠네, 뽀모도로, 칠리딱새우 등 다양한 요리가 있다. 흑돼지돔베카츠는 제주산 흑돼지 안심으로 만들어 부드럽다. 또한 묘한식당의 특제 칠리소스와 여러 종류의 새우로 맛을 낸 매콤한 칠리딱새우 파스타가 인기 메뉴이다. 내부는 깔끔하고 정돈된 느낌을 주고 테이블이 여유롭게 배치되어 있어 편하게 식사를 즐길 수 있다.",Unknown,064-772-4466,11:00~20:00 (브레이크 타임 15:00~17:00),흑돼지돔베카츠,뽀모도로 파스타 / 뽀모도로 / 크림빠네파스타 / 칠리딱새우덮밥 / 감바스 등,가능요금 (무료),매주 수요일,있음,가능,화장실: 있음,50,110,FD,음식,FD02,외국식,FD020300,서양식,0,100,20,0,0,0,45,30,60,blend,0.8122,1.0,0.1813,0.7706,blend,"제주 향토음식,고기·구이,해산물 요리,양식·세계음식"
2899623,39,음식점,무거버거,제주특별자치도 제주시 조천읍 조함해안로 356,63332,126.6551050241,33.5492186441,"무거버거는 제주시 조천읍 신흥리 복지회관 근처에 있는 수제버거 전문점이다. ‘자연과 가까운 버거를 만듭니다’라는 슬로건 아래 당근이랑 시금치로 물들인 번을 사용해 경쾌한 색감을 제공한다. 냉장 등심과 목심을 매일 아침 갈아 일정 비율로 배합하고 믹싱하여 110g의 패티를 만든다. 돌담 안의 매장은 심플하고 모던하며 내부에서는 햄버거를 먹으며 바다를 즐길 수 있다. 주변 여행지로 함덕해수욕장, 서우봉, 조천만세동산 등이 있다.",http://www.instagram.com/mooger__burger,0507-1319-5076,10:00~20:00 (마지막 주문 19:00),당근버거,마늘버거 / 시금치버거 / 스파이시 치킨버거 / 더블 당근버거 등,가능,연중무휴,있음,Unknown,화장실: 있음,50,110,FD,음식,FD03,간이음식,FD030200,"피자, 햄버거, 샌드위치 및 유사음식",40,90,60,0,0,0,60,45,75,observed,0.8058,0.8125,0.6988,0.7903,blend,"분식·간편식,양식·세계음식"
2830204,39,음식점,무로이,제주특별자치도 서귀포시 동광본동로 21,63523,126.3368020179,33.3078014028,"제주에 위치한 카페 무로이는 ‘안개가 몹시 짙게 끼거나, 오랫동안 끼는’라는 의미이다. 블랙톤의 외관은 마치 미술관에 온듯한 느낌을 준다. 카페로 들어서면 초록색의 정원을 담은 공간이 나오며, 내부는 노출콘크리트 벽으로 공간을 구분하고 전통적인 항아리 장식도 오묘한 조화를 이룬다. 모든 좌석이 창을 향해 나 있고, 창밖으로 아름다운 정원을 감상할 수 있다. 무로이의 시그니처 메뉴는 부드러운 시그니처 크림라떼, 시그니처 크림과 콜드브루의 조합인 크림브루 등의 음료가 있다. 또 미니 항아리 안에 티라미수가 담겨 있는 항아리 티라미수, 부드러운 크림치즈를 넣어 만든 시그니처 레어치즈케이크 등의 이색적인 디저트도 있다.",https://www.instagram.com/_muroi,0507-1412-0008,10:30~19:00 (마지막 주문 18:30),크림라떼,크림블루 / 항아리 티라미수 / 무로이 등,가능,연중무휴,있음,가능,화장실: 있음,50,130,FD,음식,FD05,카페/ 찻집,FD050100,카페,80,90,90,20,10,0,60,45,75,observed,0.7854,0.7833,0.9502,0.8263,blend,
1892321,39,음식점,무인카페 산책,제주특별자치도 제주시 애월읍 고내로7길 49,63045,126.3369206678,33.4668838075,"애월읍 고내리 고내포구 앞에 있는 작은 무인카페이다. 카페 인근의 고내포구는 올레 15코스의 마지막 지점이자 16코스의 시작점이다. 무인카페 산책은 가게에 주인이 없는 카페로써, 자유롭게 카페를 이용하고 이용료를 지불하고 가면 된다. 이곳에 비치된 각종 차는 전부 유기농으로 준비되어 있고, 커피 또한 공정무역으로 거래된 유기농 커피만을 사용하고 있다.",Unknown,064-740-6000,08:00~20:00,페퍼민트,레몬그라스 / 캐모마일 / 메밀차 등,가능,연중무휴,있음,없음,화장실: 있음,50,110,FD,음식,FD05,카페/ 찻집,FD050100,카페,60,80,50,20,30,0,60,45,75,category,0.8263,,0.0,0.8263,category,
2788882,39,음식점,문개항아리 조천본점,제주특별자치도 제주시 조천읍 조함해안로 217-1,63332,126.6440031125,33.5535346551,"문어 해루질 달인으로 유명한 주인이 운영하는 해물라면 전문점으로 제주 문어라면, 한치라면, 한치튀김, 문어튀김이 유명하다. 제주도 문어철이 되면 주인장이 직접 매일 밤바다에 나가 직접 잡아 오는 문어로 조리를 하고 문어 철이 아닐 때는 국내산 중에서도 고품질의 문어를 사용한다. 새우 외 식사에 제공되는 모든 식재료는 제주산이다. 조천 바닷가에 위치해 풍광이 좋고 식후 디저트로 한라봉 아이스크림을 판매한다.",Unknown,0507-1389-4775,09:30 ~ 19:50 (브레이크 타임 15:00 ~ 16:00) / 18:50 라스트오더,우삼겹 통해물칼국수,우삼겹 통해물라면 / 문어라면 / 한치튀김 등,가능,연중무휴,Unknown,없음,Unknown,50,110,FD,음식,FD01,한식,FD010100,관광식당,60,100,60,20,10,10,60,45,75,observed,0.7452,0.6875,0.5507,0.816,blend,"해산물 요리,한식,면 요리"
2858612,39,음식점,문쏘 제주협재점,제주특별자치도 제주시 한림상로 15-5,63012,126.2569178869,33.4057282066,"문쏘는 옹포리포구 인근에 위치한 퓨전 일식당이다. 일본군관사를 개조하여 방마다 각기 다른 테마로 꾸며져 있다. 문쏘는 아시아의 미슐랭이라고 불리는 ‘미식림’ 100선에 들었으며, 제주 로컬 식재료를 이용해 차려내는 파인다이닝을 맛볼 수 있다. 제주산 황게가 통째로 올라간 황게카레가 시그니처 메뉴이며, 제주 흑돼지와 고등어로 요리한 로컬 푸드들도 맛볼 수 있다. 또 이곳은 반려동물 동반실이 따로 마련되어 있는 반려동물 동반이 가능한 식당이다.",https://www.instagram.com/moonsso1942,064-796-4055,10:30~20:00 / 브레이크타임 16:00~17:00 / 라스트오더 19:10,황게카레,황게카레 / 흑돼지갈비밥 / 에그인헤븐 / 에그인헬 / 고등어밥 외,가능(옹포리 무료주차장),매주 수요일,있음(남/녀 구분),가능,화장실: 있음(남/녀 구분),50,110,FD,음식,FD02,외국식,FD020200,일식,20,100,80,30,10,0,60,45,75,category,0.849,,0.0,0.849,category,"제주 향토음식,고기·구이,해산물 요리,한식,일식,양식·세계음식"
2843867,39,음식점,문치비,제주특별자치도 서귀포시 신서로32번길 14 (강정동),63566,126.5060330058,33.2528934686,"문치비는 제주 서귀포버스터미널 근처 강정지구 아파트 단지 내에 위치한 고기구이 전문점으로, 우수한 품질의 고기로 현지 주민은 물론 관광객들에게도 소문난 맛집이다. 이곳의 고기는 선별한 돼지고기를 사용하며, 숯불에 직접 구워 더욱 깊고 풍부한 풍미를 자랑한다. 특히 고기를 찍어 먹는 양념장이 이곳만의 특별한 매력을 더해준다. 제주 향토 양념인 멜젓을 기본으로, 소금과 고추냉이도 함께 제공되어 취향에 따라 다양하게 즐길 수 있다. 사이드 메뉴로 제공되는 김치찌개에도 큼직하게 썬 고기가 푸짐하게 들어 있어 고기구이와 함께 든든한 한 끼 식사를 완성해준다. 식당 내부는 넓고 여유 있어 쾌적하게 식사할 수 있다. 가족 단위나 단체 손님도 편안하게 이용할 수 있다. 주변에는 제주월드컵경기장, 법환포구 등 함께 들러보기 좋은 관광지가 있어 여행 중 식사 장소로도 좋다.",https://www.instagram.com/m__chibee,064-739-2560,11:30 ~24:00 (마지막 주문 22:30),두툼 흑돼지 근고기,두툼 백돼지 근고기 / 통 항정살 / 통 갈매기살 등,가능,연중무휴,있음,Unknown,화장실: 있음,50,130,FD,음식,FD01,한식,FD010100,관광식당,0,90,20,0,10,0,60,45,75,blend,0.8767,1.0,0.3297,0.816,blend,"고기·구이,한식"
2831622,39,음식점,미쁜제과,제주특별자치도 서귀포시 도원남로 16,63500,126.1801414853,33.2691643300,"제주도 서귀포 신도포구 근처에 있는 미쁜제과는 '믿음직스럽다'는 뜻의 순우리말 '미쁘다'에서 이름을 따온 한옥 베이커리 카페이다. 소금빵, 옛날팥방, 마약빵이 대표 메뉴이며 음료와 케이크류도 다양하다. 카페 뒤편은 작은 연못, 분수, 정자, 소철, 배롱나무 등으로 정원을 꾸몄고, 그네와 널뛰기 같은 놀이도 있는 자연과 전통이 어우러진 독특한 분위기를 자랑한다. 레트로한 감성과 볼거리, 즐길 거리를 제공하며 좌식, 의자 등 기호에 따라 자리 선택도 가능하다. 미쁜제과는 제주 여행 중 자연과 전통, 맛있는 빵과 음료를 동시에 즐길 수 있는 장소로, 가족 단위 관광객부터 연인까지 모두에게 추천할 만한 명소이다.",Unknown,070-8822-9212,09:00~20:00 (마지막 주문 19:30),미쁜크림커피,쑥쑥라떼 / 오리지널 밀크티 / 에스프레소 등,가능,연중무휴,Unknown,Unknown,Unknown,50,130,FD,음식,FD05,카페/ 찻집,FD050100,카페,70,90,80,60,50,20,60,45,75,observed,0.816,0.8158,0.9776,0.8263,blend,
2758924,39,음식점,미스칠,제주특별자치도 제주시 일주서로 7831 (연동),63116,126.4833684316,33.4939470207,"돔베고기와 전복요리를 전문으로 하는 미스칠은 조림, 솥밥, 구이를 포함하여 다양하고 신선한 요리를 제공해 제주만의 특색 있는 향토의 맛을 느낄 수 있다. 메뉴 구성에 따라 미스칠 특선, 한상차림, 뚝배기 정식으로 선택할 수 있다. 아늑하고 깔끔한 실내 분위기는 제주를 느끼기에 더할 나위 없이 편안한 느낌을 준다. 한상차림 메뉴는 제주에서 꼭 먹어야 하는 것들로만 구성되어 있어 퀄리티 높은 제주 음식을 다양하게 맛보기에 안성맞춤이다. 공항에서도 가까워 접근성도 좋은 이곳은 관광객뿐만 아니라 현지 도민들에게도 이미 잘 알려져 있는 제주시 연동을 대표하는 맛집이다.",Unknown,0507-1446-8011,08:00~16:30 (마지막 주문 15:30),돔베정식,미스칠특선 / 전복뚝배기정식 / 돌솥정식 등,가능,매주 수요일,있음,Unknown,화장실: 있음,50,110,FD,음식,FD01,한식,FD010100,관광식당,0,100,50,40,0,0,60,45,75,observed,0.805,0.7917,0.4512,0.816,blend,"제주 향토음식,고기·구이,해산물 요리,한식"
4033076,39,음식점,미스터밀크 송당점,제주특별자치도 제주시 구좌읍 비자림로 1195 1층,63355,126.732793923897,33.4354388577167,"미스터밀크는 제주 성이시돌 목장의 프리미엄 유기농 원유를 사용하여 신선하고 건강한 유제품(우유, 요거트, 젤라또, 치즈 등)과 다양한 유제품을 제공하는 브랜드다. 미스터밀크는 목장에서 직접 생산한 우유의 깊고 진한 맛을 느낄 수 있는 것이 특징이다. 송당점은 제주의 아름다운 자연 속에서 목장 감성을 경험할 수 있는 공간이다. 제주도 성이시돌 목장에서 사계절 방목하며 유기농 목초를 먹여 키우는 젖소의 원유만을 사용하여 신선하고 건강한 유제품으로 만든 다양한 메뉴를 선보인다.",Unknown,064-784-3002,09:00~19:00,제주산 우유 아이스크림,제주산 우유아이스크림 라떼 / 딸기우유쉐이크 / 유기농 그릭 요거트 등,가능,연중무휴,Unknown,Unknown,Unknown,50,110,FD,음식,FD05,카페/ 찻집,FD050100,카페,50,90,60,10,10,20,60,45,75,category,0.8263,,0.0,0.8263,category,
2836873,39,음식점,미스틱3도,제주특별자치도 제주시 1100로 2894-49 (노형동),63079,126.4873801880,33.4500241681,"미스틱3도는 제주시 노형동 신비의 도로 옆에 있다. 한라산이 보이는 가드닝 카페로 겨울 동백, 봄 벚꽃, 가을 핑크뮬리 등 다양한 꽃과 나무를 감상할 수 있다. 계절별로 시즌 음료를 선보이며, 제주 제철 식재료들을 이용해 더욱 신선하고 특별한 고 퀄리티 베이커리들과 음료들은 방문객들에게 만족감을 준다. 카페 내부는 세련된 디자인과 아늑한 분위기로 꾸며져 있어 편안한 휴식을 취하기에 안성맞춤이다. 정원 곳곳에는 동물친구들도 있어 교감을 위한 당근주기 체험도 준비되어 있어 아이와 함께 방문해도 좋다. 1월, 2월에는 동백꽃이 만개해 정원을 산책하며 제주의 겨울을 즐길 수 도 있다.",https://www.instagram.com/mystic3_cafe,064-743-2905,08:30~19:00 (마지막 주문 18:30),녹차 새순 한라봉 아이스티,구좌 당근주스 / 수제 그래놀라 요거트 / 쇼트케이크 등,가능,연중무휴,Unknown,Unknown,Unknown,50,110,FD,음식,FD05,카페/ 찻집,FD050100,카페,80,70,80,0,50,10,75,60,90,observed,0.8187,0.8125,0.5507,0.8263,blend,
2838059,39,음식점,미엘드세화,제주특별자치도 제주시 구좌읍 해맞이해안로 1464,63361,126.8618543076,33.5245497062,"미엘드세화는 제주특별자치도 제주시 구좌읍 세화리의 조용한 시골 마을, 바닷가 근처에 자리 잡은 감성적인 디저트 카페이다. 세화 항구와 세화해수욕장 바로 앞에 위치해 있어, 푸른 바다를 바라보며 여유롭게 커피와 디저트를 즐길 수 있는 것이 큰 매력이다. 이곳의 대표 메뉴는 꿀을 넣고 부드러운 생크림을 올린 미엘 커피로 특유의 달콤하고 고소한 맛이 인기를 끌고 있다. 또한 신선한 당근을 활용한 당근 주스와 당근 케이크도 건강한 맛으로 많은 사랑을 받고 있다. 계절마다 제철 과일로 만든 디저트와 케이크 메뉴가 바뀌는데, 여름에는 망고 케이크와 수박 주스, 가을에는 무화과 케이크, 초당 옥수수를 활용한 다채로운 메뉴가 준비된다. 인근에는 해녀박물관, 숨비소리길, 비자림 같은 관광 명소도 가까워 연계 코스로 방문하기에 좋다.",Unknown,064-782-6070,10:00~18:00,당근주스,당근케이크 / 미엘커피 / 제주애플망고빙수 등,불가능,매주 수요일,Unknown,Unknown,Unknown,50,110,FD,음식,FD05,카페/ 찻집,FD050100,카페,70,90,80,20,20,0,60,45,75,observed,0.7623,0.725,0.6321,0.8263,blend,
2840469,39,음식점,미친부엌,제주특별자치도 제주시 탑동로 15 (삼도이동),63166,126.5231672257,33.5170284317,"미친부엌은 제주특별자치도 제주시 탑동사거리에 위치한 감각적인 일식 주점이다. 사시미, 튀김, 짬뽕 나베, 숯불구이, 짚불구이 등 다양한 일식 메뉴를 선보이며, 전통과 퓨전이 어우러진 독특한 맛으로 많은 이들의 사랑을 받고 있다. 모든 요리는 수제로 정성스럽게 준비되며, 주문과 동시에 조리에 들어가는 시스템으로 신선한 맛을 자랑한다. 특히 실시간으로 조리 과정을 볼 수 있는 오픈형 주방은 보는 재미까지 더해준다. 다양한 퓨전 스타일의 일식 메뉴는 술과 함께 즐기기에 제격이다. 인근에는 탑동광장, 관덕정, 제주 원도심, 칠성로 등 여행지가 가까이 있어, 식사 전후로 둘러보기에도 좋다.",Unknown,064-721-6382,17:30~24:00 (마지막 주문 23:00),제주 고등어초회,제주 고등어김초밥 / 후토마키 / 공오빠 크림짬뽕 등,불가능,매주 월요일,있음,Unknown,화장실: 있음,50,110,FD,음식,FD02,외국식,FD020200,일식,10,100,60,20,20,0,60,45,75,observed,0.739,0.675,0.6321,0.849,blend,"회·물회·초밥,일식,양식·세계음식"
1404293,39,음식점,바그다드,제주특별자치도 제주시 관덕로8길 34,63169,126.5232423720,33.5103069552,"제주시 이도2동 시청 근처에 위치한 인도요리 레스토랑이다. 정통 인도요리 경력을 가지고 있는 요리사가 있어 현지에서 맛볼 수 있는 최상의 음식들을 제공하며, 한국인들의 입맛에도 잘 맞아 많은 이들의 발길이 끊이지 않고 있다. 특히 인기 있는 메뉴로는 전통 빵인 난, 신선한 토마토와 크림, 치즈로 만든 연한 치킨 마크니, 탄두리치킨 등이 있다. 카레와 함께 인도 전통빵인 난과 힘께 곁들여 먹는 것을 추천한다.",Unknown,064-757-8182,- 11:00~22:30 / - 준비시간 15:00~17:00 / - 마지막 주문 22:00,탄두리치킨,치킨 마크니 / 치킨마살라 / 램마살라 / 팔락 파니르 / 파니르 버터 마살라 등,가능,연중무휴,남녀개별 화장실 / 업소내 위치,가능,화장실: 남녀개별 화장실 / 업소내 위치,50,110,FD,음식,FD02,외국식,FD020400,기타외국식,0,100,20,20,10,0,60,45,75,blend,0.8067,0.75,0.1813,0.8192,blend,양식·세계음식
1984133,39,음식점,바다는안보여요,제주특별자치도 제주시 구좌읍 종달로5길 31-1,63364,126.89943372691202,33.49337385481413,제주시에 위치한 바다는안보여요는 종달리 마을에 들어서며 가장 먼저 만나는 카페이다. 외관은 파란 지붕의 아기자기한 느낌이 들고 내부는 아늑하고 소박한 분위기를 낸다. 다양한 소품들이 있어 구경하는 재미도 있다. 카페에서는 구좌읍에서 키운 당근으로 만든 당근주스와 이외에 다양한 음료와 간단한 식사류가 준비되어 있다. 카페 내에 소설책과 만화책이 구비되어 있어 커피와 함께 즐기기 좋다. 자그마한 개인 카페로 한 팀당 세 시간 이용이라는 제한이 있으며 개인 작업이나 회의를 위한 카페 이용은 어려우니 이 점 참고 바란다.,Unknown,0502-1922-4374,10:00~22:00 (준비시간 19:00~20:00),당근주스,아메리카노 / 청귤차 / 쑥라떼 등,가능요금 (무료),연중무휴,Unknown,Unknown,Unknown,50,110,FD,음식,FD05,카페/ 찻집,FD050100,카페,20,80,70,10,20,10,60,45,75,blend,0.8125,0.75,0.1813,0.8263,blend,
2843885,39,음식점,바다다,제주특별자치도 서귀포시 대포로 148-15,63544,126.4366310264,33.2378551429,"바다다는 서귀포시 중문관광지 근처 대포로에 있는 카페이다. 중문 바다를 한눈에 볼 수 있으며 바다를 향해 앉아 논알콜 라임 모히또, 한라 스프링 등 에이드와 아메리카노, 바닐라라떼 등 다양한 종류의 커피와 블루문, 제주위트에일 맥주, 스텔라, 하이네켄 생맥주를 즐길 수 있다. 카페 건물은 노출 콘크리트와 통유리 문으로 개방감이 좋아 야외공간과 자연스럽게 연결되며 해송이 그늘을 만들어 준다. 근처 여행지로 대포주상절리, ICC 제주국제컨벤션센터 면세점, 아프리카박물관 등이 있다.",https://www.instagram.com/vadada.jeju/#,0507-1440-2893,11:00~01:00 (마지막 주문 00:30),라힘모히또,한라스프링 / 자몽에이드 / 한라봉 감귤주스 / 아메리카노 / 제주 대정마늘 파스타 등,가능,연중무휴,있음,Unknown,화장실: 있음,50,130,FD,음식,FD05,카페/ 찻집,FD050100,카페,70,90,80,10,10,10,60,45,75,category,0.8263,,0.0,0.8263,category,
2763767,39,음식점,바다를본돼지,제주특별자치도 제주시 한경면 판포1길 16,63003,126.1979322434,33.3656706031,비양도가 보이는 바다 경치를 감상하며 제주 흑돼지와 해산물을 함께 먹을 수 있는 바다를본돼지는 판포포구 근처에 위치해 있다. 식당 내부는 넓고 바다를 향해 폴딩도어가 있어 시원한 개방감을 준다. 대표 메뉴인 흑돼지구이를 고사리에 싸서 멜젓에 콕 찍어 먹으면 맛이 일품이다. 또한 돌솥밥에는 비벼 먹을 수 있는 전복 내장 소스가 함께 나와 인기가 좋다. 가성비 좋은 점심특선을 선호하는 손님도 많지만 저녁에 방문하여 붉은 석양을 보며 먹어도 좋다.,https://www.instagram.com/badabon_jeju,0507-1385-5536,- 12:00~22:00 / - 마지막 주문 21:00,흑돼지,열무비빔국수 / 동치미 열무국수 / 흑오겹살 등,가능,연중무휴,있음,Unknown,화장실: 있음,50,110,FD,음식,FD01,한식,FD010100,관광식당,60,100,80,0,0,0,90,60,120,observed,0.8652,0.875,0.8347,0.816,blend,"고기·구이,해산물 요리,한식"
2809970,39,음식점,바다밥상,제주특별자치도 서귀포시 천지연로 16,63596,126.564643068488,33.2418631165543,"바다밥상은 제주도만의 특색을 느낄 수 있는 맛집이다. 지역주민들 사이에서도 갈치조림 맛집으로 유명하며, 갈치조림 뿐만 아니라 갈치구이, 고등어구이, 우럭매운탕 등 생선요리가 일품이다. 제철에 나는 식재료로 만든 밑반찬은 더욱 푸짐하고 건강한 밥상을 만든다.",Unknown,064-732-3385,"10:00 - 20:00 (브레이크타임 13:50 - 17:00)라스트오더 12:50, 19:00",갈치조림,갈치조림 / 갈치구이 / 고등어구이 / 우럭매운탕 / 객주리조림 등,가능,매주 일요일,Unknown,Unknown,Unknown,50,130,FD,음식,FD01,한식,FD010100,관광식당,0,100,20,20,0,0,45,30,60,blend,0.8494,1.0,0.1813,0.816,blend,"제주 향토음식,해산물 요리,한식"
2861425,39,음식점,바다보는날,제주특별자치도 제주시 애월해안로 722,63049,126.3780111538,33.4839603437,"조각가 해물라면 바다보는날 애월해안도로점은 구엄포구 근처에 있다. 유명 셰프가 인정한 맛집으로 알려져 있으며 해물듬뿍라면, 통문어와 전복이 들어있는 문어전복라면, 한치 한 마리가 들어 있는 통한치해물라면 등 푸짐한 해물이 가득하여 여행자들의 인증샷 맛집이기도 하다. 이 밖에 수제 돈가스와 추억의 도시락, 한치튀김도 맛볼 수 있다. 매장 내부에 소품샵도 운영하고 있으며 한라봉 아이스크림도 판매하고 있다.",Unknown,064-748-7411,10:30~16:00 (라스트오더 15:30),해물듬뿍라면,문어전복라면 / 전복해물라면 / 통한치해물라면 / 한치튀김 / 수제돈가스 외,있음,매주 월요일,Unknown,Unknown,Unknown,50,110,FD,음식,FD03,간이음식,FD030400,김밥 분식,10,100,60,0,10,20,60,45,75,observed,0.7786,0.75,0.4512,0.8022,blend,"해산물 요리,면 요리,분식·간편식"
2763771,39,음식점,바다속고등어쌈밥,제주특별자치도 제주시 애월읍 일주서로 7089,63053,126.4067836428,33.4842996510,"바다속고등어쌈밥은 든든하고 맛있는 식사를 할 수 있는 제주 애월에 위치한 고등어 쌈밥 맛집이다. 넓은 주차장을 갖추고 있어 편안하게 주차할 수 있고, 아침 일찍부터 밤 늦게까지 브레이크 타임 없이 운영해 언제든지 찾아가도 식사를 할 수 있는 곳이다. 잘 익은 묵은지와 어우러져 깊고 진한 맛을 머금은 고등어를 신선한 쌈에 싸 먹으면 밥도둑이 따로 없다. 제주도와 인근 지역의 특산 막걸리와 기념품도 함께 판매하고 있으며 바다속고등어쌈밥에서 직접 담그는 간장게장도 따로 구입이 가능하다.",Unknown,064-745-6466,08:00 ~ 21:00 / (라스트오더 20:15),고등어쌈밥,흑돼지두루치기쌈밥 / 전복뚝배기 / 고등어구이 등,가능,연중무휴,가능 (남녀 구분),가능,"부대시설: 단체석, 무선인터넷, 주차장, 화장실 | 화장실: 가능 (남녀 구분)",50,110,FD,음식,FD01,한식,FD010100,관광식당,0,100,20,0,10,30,30,15,45,observed,0.7876,0.7841,0.8892,0.816,blend,"제주 향토음식,해산물 요리,한식"
2755870,39,음식점,바다위에코끼리,제주특별자치도 제주시 한림읍 협재1길 27-6,63011,126.2429414999,33.3978677462,"코끼리를 닮은 비양도가 보여 ‘바다 위에 코끼리’라는 이름을 가진 카페이다. 푸르고 푸른 협재 바다를 바라보며 생각 정리를 하기 좋은 곳이다. 크로플에 아이스크림 또는 제주말차라테와 당근케이크를 주문하고 창 넓은 곳에 앉아서 지금까지 내가 걸어온 길, 앞으로 내가 나아가야 할 길 등 잔잔한 바다가 전해주는 마음의 소리를 듣기 좋은 곳이다. 제주에서만 살 수 있는 기프트 샵도 같이 있어서 귀엽고 아기자기한 물품들을 사기 좋다. 협재 해수욕장 근처 한적하면서도 감성적인 카페를 찾는다면 적극적으로 추천한다.",https://www.instagram.com/jeju_baco,070-4324-1694,10:00~18:00,바코모카,땅콩크림라테 / 제주말차라테 / 아메리카노 / 티 / 수제당근케이크 외,가능,인스타그램에 공지,가능 (남녀구분),가능,화장실: 가능 (남녀구분) | 부대시설: 포토존,50,110,FD,음식,FD05,카페/ 찻집,FD050100,카페,70,70,80,0,10,40,60,45,75,category,0.8263,,0.0,0.8263,category,
1895793,39,음식점,바다잔치,제주특별자치도 제주시 탑동로 79,63167,126.516869015496,33.5176969388984,"제주시에 위치한 바다잔치는 생선구이, 생선조림, 생선회를 메뉴로 한다. 대표 메뉴는 갈치조림이며, 고등어조림, 전복구이, 고등어구이, 옥돔구이, 전복죽을 판매한다. 제주 공항에서 7분 거리, 용두암에서 3분 거리에 위치하여 접근성이 좋다. 건강하고 담백한 요리이기 때문에 부모님이나 가족과 함께 방문하기에도 적합하다.",Unknown,064-702-8989,09:00~21:00,갈치조림,고등어조림 / 쥐치조림 / 전복회 등,가능,연중무휴,Unknown,Unknown,Unknown,50,110,FD,음식,FD01,한식,FD010100,관광식당,0,80,10,0,0,0,60,45,75,category,0.816,,0.0,0.816,category,"제주 향토음식,해산물 요리,회·물회·초밥,한식"
4002730,39,음식점,바다풍경 정육식당,제주특별자치도 제주시 서해안로 654 (용담삼동),63151,126.506844520896,33.5161742212317,"제주 오션뷰식당 바다풍경 정육식당은 제주시에 위치한 정육식당으로, 제주 바다를 가까이에서 바라보며 제주 흑돼지를 즐길 수 있는 곳이다. 제주공항에서 차로 5분 거리에 있어 접근성이 뛰어나 제주공항맛집으로도 많이 찾는다. 1층과 2층 전 좌석이 바다를 향해 배치되어 있어 데이트, 가족 외식, 단체 모임까지 모두 잘 어울리며, 넓은 좌석과 유아의자, 아기메뉴도 준비되어 있다. / 오션뷰와 함께 즐기는 고기 식사로 제주흑돼지맛집, 대표적인 오션뷰식당, 여행 동선에 좋은 제주공항맛집, 만족도 높은 제주흑돼지맛집으로 꾸준히 방문객이 이어진다.",Unknown,0507-1476-7856,10:40~21:50 (마지막 주문 21:20),제주산 흑돼지 쫀득살,제주산 한돈 흑돼지 바다세트 / 흑돼지 오겹살 / 제주산 한돈 한우 풍경세트 등,가능,연중무휴,Unknown,Unknown,Unknown,50,110,FD,음식,FD01,한식,FD010100,관광식당,30,100,80,0,20,0,60,45,75,category,0.816,,0.0,0.816,category,고기·구이
1964460,39,음식점,바당국수,제주특별자치도 서귀포시 중앙로48번길 43,63590,126.565659448919,33.2503565911511,"제주 서귀포시에 위치한 바당국수는 고기국수를 전문으로 판매하고 있는 곳이다. 국수 바다가 바당국수로 명칭을 변경하며 확장 오픈하였다. 고기 국수를 대표 메뉴로 하며 그 밖에도 돼지국밥, 돔베고기 등 제주도 특색 메뉴가 준비되어 있다. 가게 내부는 쾌적하며 좌석도 넉넉하여 가족단위 손님들에게도 적합하다. 제주 올레시장과 인접하고 있으며 주차 시설도 보유하고 있어 접근성 또한 좋다.",Unknown,064-733-9259,09:00~23:00,고기국수,국밥 / 돔베고기 등,가능,매주 화요일,Unknown,가능,Unknown,50,130,FD,음식,FD01,한식,FD010100,관광식당,0,100,20,30,10,20,60,45,75,blend,0.8494,1.0,0.1813,0.816,blend,"제주 향토음식,한식,면 요리"
2870619,39,음식점,바당한그릇,제주특별자치도 제주시 애월읍 애월해안로 552-3,63047,126.3624376332,33.4784329318,"바당한그릇은 애월해안도로를 달리다 만나는 애월 돌고래전망대 인근에 위치한 해산물 요리 전문점이다. 애월해안로에 위치해 있어 전망 좋으며, 바다를 보며 해산물 요리를 맛볼 수 있다. 수족관이 있어서 싱싱한 활어와 전복, 해물을 관리하며, 제주도 특산물과 제주도 채소를 사용하여 음식을 만든다. 바당한그릇의 대표메뉴는 제철활어와 활전복, 돌문어, 딱새우가 있는 바당 특 물회이다. 제주해녀가 잡은 제주성게와 톳이 들어간 미역국도 인기가 많으며, 성게비빔밥도 맛있다. 또, 사시미해물모둠과 특물회, 새우튀김을 먹을 수 있는 세트와 매콤한 제주해물볶음과 특물회, 새우튀김을 먹을 수 있는 세트 메뉴도 준비되어 있어 든든한 한끼 식사가 가능하다.",https://www.instagram.com/badang_dishes_,0507-1323-8022,10:00~20:00 (마지막 주문 19:00),바당 특 물회,활어 물회 / 제주해물볶음 / 보말 미역국 등,가능,매주 수요일,있음,가능,화장실: 있음,50,110,FD,음식,FD01,한식,FD010100,관광식당,60,90,70,40,10,10,60,45,75,observed,0.6546,0.4583,0.4512,0.816,blend,"제주 향토음식,해산물 요리,회·물회·초밥,한식"
2836891,39,음식점,바람벽에흰당나귀,제주특별자치도 제주시 구좌읍 동복로 11,63347,126.7076142444,33.5538828606,"바람벽에 흰당나귀는 제주특별자치도 제주시 구좌읍에 위치한 독특한 감성 카페이다. 이곳은 제주도의 자연과 예술이 어우러진 공간으로, 바람벽을 따라 흰당나귀 조형물이 설치되어 있어 방문객들에게 신비로운 분위기를 선사한다. 카페 내부는 따뜻한 조명과 아기자기한 소품들로 꾸며져 있어 편안하고 아늑한 분위기를 자아낸다. 다양한 음료와 디저트 메뉴는 이곳의 대표적인 매력 중 하나로, 방문객들에게 특별한 경험을 제공한다. 카페 주변에는 제주도의 아름다운 자연 경관이 펼쳐져 있어 산책이나 사진 촬영을 즐기기에 좋다. 바람벽에 흰당나귀는 예술과 자연이 어우러진 공간으로, 제주 여행 중 여유로운 시간을 보내기에 좋은 장소이다.",Unknown,064-782-8611,10:00~19:00 (마지막 주문 18:30),말차빙수,우유팥빙수 / 바닐라빈라떼 / 말차썸머라떼 등,가능,연중무휴,있음,Unknown,화장실: 있음,50,110,FD,음식,FD05,카페/ 찻집,FD050100,카페,70,80,90,40,20,0,60,45,75,blend,0.8578,1.0,0.1813,0.8263,blend,
2851007,39,음식점,바램목장&카페,제주특별자치도 서귀포시 신화역사로 611,63524,126.3525866828,33.3111818331,"바람목장&카페는 서귀포 동광육거리 근처 양잠단지 방향에 있다. 양목장 테마 카페로 어린이와 함께 가기 좋다. 창문을 통해 넓은 정원에 놀고 있는 양들을 볼 수 있고, 양 먹이를 따로 구매해 먹이 주기 체험도 할 수 있다. 양목장인 만큼 비가 오면 휴무이며 인스타그램을 통해 공지한다. 한라봉차, 청귤차 등 제주 식재료를 이용한 음료가 있으며, 사이드메뉴로 베이글과 쿠키세트 등을 판매한다. 근처 여행지로 헬로키티아일랜드, 제주신화월드 등이 있다. / ※ 반려동물 동반 불가",https://www.instagram.com/baalamb_jeju,010-2098-6627,10:00~17:00 (라스트오더 16:40),한라봉차,초코라떼 / 아메리카노 / 캐모마일 / 베이글 등,가능,매주 월요일 / ※ 우천 시 휴무,Unknown,Unknown,Unknown,50,130,FD,음식,FD05,카페/ 찻집,FD050100,카페,70,60,70,10,70,10,60,45,75,blend,0.8218,0.8125,0.3297,0.8263,blend,
2902737,39,음식점,바움하우스,제주특별자치도 제주시 서해안로 448 1층,63114,126.4875064221,33.5177194543,"바움 하우스는 제주시 용담해안도로 어영공원 앞에 있는 디저트 카페다. 글루텐 프리 100% 우리쌀과 제주 감귤란을 사용하여 직접 생산하는 수제 디저트 맛집으로 다양한 바움쿠헨이 대표 메뉴 이다. 이와함께 타르트, 케이크류가 있으며 대귤대귤라떼, 제주녹차라떼 한라봉요거트 등 제주 식재료를 사용한 음료도 맛볼 수 있다. 통창을 통해 제주 북쪽 바다와 해안도로 풍경을 볼 수 있고 주변 여행지로 용연, 무지개 해안도로, 도두봉 등이 있다.",https://blog.naver.com/jeju_baumhaus,0507-1384-8857,09:30~21:00,링 바움쿠헨,대귤대귤빙수 / 용담앞바다밀크스무디 / 제주한라봉요거트스무디 등,가능,연중무휴,있음,Unknown,화장실: 있음,50,110,FD,음식,FD01,한식,FD010100,관광식당,60,90,80,0,10,10,60,45,75,category,0.816,,0.0,0.816,category,양식·세계음식
2876488,39,음식점,바타타식탁,제주특별자치도 서귀포시 표선면 표선동서로264번길 22,63629,126.8359360817,33.3271655353,"바타타식탁은 제주도 표선해수욕장 앞에 위치한 해산물 요리 전문 음식점으로, 제주산 해산물을 활용한 다양한 메뉴가 있다. 오랜 경력을 지닌 셰프가 직접 운영하며, 제주산 자연산 딱새우를 주재료로 한 다양한 요리를 선보인다. 대표 메뉴인 ‘바타타 회 세트’는 제주 자연산 딱새우회를 기본으로, 딱새우 회 초밥 또는 순살 제주 은갈치, 순살 딱새우조림과 머리라면 중에서 선택할 수 있는 구성으로 되어 있어 취향에 따라 다양한 조합이 가능하다. 이 외에도 매콤한 맛이 특징인 마라 딱새우, 제주 자연산 딱새우 찜 등 딱새우를 활용한 다채로운 요리가 준비되어 있다. 소규모 모임이나 단체 예약도 가능하고 간단한 식사를 하기에도 좋다.",Unknown,0507-1311-3041,12:00~22:00 (마지막 주문 21:00),바타타 회 세트,제주 자연산 딱새우 회 / 딱새우 소고기 전골 / 마라 딱새우 등,가능,매주 화요일,있음,Unknown,화장실: 있음,50,130,FD,음식,FD01,한식,FD010100,관광식당,20,90,20,0,10,0,60,45,75,category,0.816,,0.0,0.816,category,"해산물 요리,회·물회·초밥,한식"
2899605,39,음식점,반디파스타,제주특별자치도 제주시 조함해안로 528 3층,63333,126.669212607777,33.5424881703155,"반디 파스타는 제주시 조천읍 함덕해수욕장 앞에 있는 파스타 전문점이다. 주로 해산물을 이용한 파스타를 제공하고 있으며 아름다운 함덕해수욕장을 보며 식사를 즐길 수 있다. 대표 메뉴는 전복트러플오일파스타, 해산물크림파스타, 해산물로제파스타, 해산물토마토파스타, 전복크림 리조또 등이고 창가 자리의 경우 미리 예약을 할 수 있다. 준비시간 없이 연중무휴로 운영하고 제주에서 비교적 늦게까지 운영하는 레스토랑이며 예스키즈존으로 운영 중이다. 주변 여행지로 함덕해수욕장, 서우봉 등이 있다.",Unknown,0507-1384-0615,- 10:00~21:00- 마지막 주문 20:00,돌문어 오일 파스타,그린 샐러드 / 리코타치즈 샐러드 / 전복 알부로 등,가능,연중무휴,Unknown,Unknown,Unknown,50,110,FD,음식,FD02,외국식,FD020300,서양식,60,90,70,0,10,0,60,45,75,observed,0.8797,0.9688,0.5507,0.7706,blend,"해산물 요리,양식·세계음식"
2863775,39,음식점,반양,제주특별자치도 서귀포시 대정읍 중산간서로 2985,63501,126.2261788847,33.2812303818,"제주 서귀포시에 위치한 ‘반양’은 정통 태국 음식을 선보이는 태국 음식 전문점으로, 이름부터 따뜻한 의미를 담고 있다. ‘반’은 태국어로 ‘집’을 뜻하며, ‘양’은 이 식당의 주인 성씨를 더해 만든 이름이다. 매장은 넓고 쾌적하며, 전반적인 인테리어는 붉은 벽돌 벽과 싱그러운 식물, 유니크한 타일 장식, 라탄 소재의 의자와 조명 등으로 꾸며져 있어 태국 현지 음식점에 와 있는 듯한 느낌을 준다. 노점 수레 모양의 셀프바는 현지의 노점 문화를 떠올리게 해 이국적인 분위기를 한층 더해준다. 테이블마다 땅콩, 태국식 향신료, 다양한 양념들이 비치되어 있어 개인의 취향에 따라 맛을 조절할 수 있다. 메뉴는 팟타이, 똠얌꿍, 그리고 텃만꿍 등 다양하며, 현지의 맛을 느낄 수 있다.",Unknown,070-8883-8545,11:00~15:00,텃만꿍,카이팔로 / 굴소스 볶음면 / 타마린 치킨 등,가능,매주 목요일,있음,가능,화장실: 있음,50,130,FD,음식,FD02,외국식,FD020400,기타외국식,10,100,80,40,10,0,60,45,75,category,0.8192,,0.0,0.8192,category,양식·세계음식
2871934,39,음식점,배셰프,제주특별자치도 제주시 구산로 3 (아라일동),63236,126.5362973823,33.4843433703,"배셰프는 제주시 아라일동에 위치한 중식당이다. 관광지 짬뽕집이 아닌 정통 중화요리 전문점으로 도민들이 자주 찾는 곳이다. 대표 메뉴는 깐풍새우와 유산슬로 깐풍새우는 새콤달콤한 마을소스로 버무리고 겉바속촉하여 인기있는 메뉴이다. 유산슬은 해삼채와 야채를 굴소스로 맛을 내 담백하게 즐길 수 있다. 이외에도 양장피, 짜장면, 짬뽕 등 다양한 중화요리가 준비되어 있어 취향에 맞게 선택하여 먹을 수 있다. 유산슬과 중새우 고추잡채와 짜장면이 함께 나오는 런치세트도 있어 가성비 좋게 점심을 즐길 수 있다. 주변에 함께 둘러보기 좋은 여행지로 민오름, 한라수목원 등이 있다.",Unknown,064-755-1253,10:30 ~21:00 (마지막 주문 20:20),깐풍새우,유산슬 / 양장피 / 차돌짬뽕 등,가능,매주 일요일,있음,Unknown,화장실: 있음,50,110,FD,음식,FD02,외국식,FD020100,중식,20,90,20,20,10,0,45,30,60,category,0.8477,,0.0,0.8477,category,중식
3546746,39,음식점,백가네제주한상 함덕본점,"제주특별자치도 제주시 조천읍 함덕로 40 1층 102호, 103호",63333,126.67113275161599,33.54239550146812,"제주시 함덕리에 위치한 백가네제주한상 함덕본점은 갈치를 이용한 요리가 메인이다. 수많은 갈치 중에서도 가장 신선하고 살이 오른 최상급 갈치만을 고집한다. 백가네의 대표 메뉴인 통갈치구이는 섬세한 불 조절로 겉은 바삭하고 속은 촉촉하게 구워진 갈치는 고소한 풍미를 자랑하며, 손님들이 편하게 드실 수 있도록 능숙하게 뼈를 발라주는 서비스도 있다. 또한, 진하고 칼칼한 양념이 갈치살 깊숙이 스며든 갈치조림은 부드러운 식감과 매콤 달콤한 맛을 잘 느낄 수 있다.",Unknown,0507-1479-9966,07:30~22:00 (마지막 주문 21:00),통갈치구이,순살갈치조림 / 갈치구이 / 전복죽 등,가능,연중무휴,Unknown,Unknown,Unknown,50,110,FD,음식,FD01,한식,FD010100,관광식당,0,100,20,0,10,0,60,45,75,blend,0.7587,0.5,0.1813,0.816,blend,"제주 향토음식,해산물 요리,한식"
1984236,39,음식점,백기해녀의집,제주특별자치도 서귀포시 성산읍 일출로 88-19,63641,126.9223591149,33.4499867050,"백기해녀의 집은 광치기해변과 성산일출봉을 바라보며 맛있는 식사가 가능한 해산물 요리 전문점이다. 섭지코지에서 성산일출봉 가는 길가에 위치하고 있으며, 어촌계 직영으로 해녀분이 당번제로 운영하고 있는 곳이다. 성게, 해삼 등 해산물과 성게해삼물회, 성게칼국수 등 식사류를 제공한다. 가장 인기 있는 메뉴는 해산물 모둠이다. 전복, 소라, 멍게 가 한 접시에 나오는데 해녀분이 당일날 잡은 해산물들이어서 더욱 신선하다. 그리고 해산물만 주문해도 김치, 단호박, 나물무침 등의 밑반찬도 같이 나와 든든하게 식사를 할 수 있다.",Unknown,064-782-0673,- 07:30~17:00 / - 준비시간 15:00~15:30 / - 마지막 주문 16:30,성게회,성게미역국 / 성게칼국수 / 전복회 / 모듬해산물 등,가능 / 요금 (무료),연중무휴,Unknown,가능,Unknown,50,130,FD,음식,FD01,한식,FD010100,관광식당,40,90,70,40,20,10,60,45,75,category,0.816,,0.0,0.816,category,"제주 향토음식,해산물 요리,회·물회·초밥,한식,면 요리"
2805415,39,음식점,백록집,제주특별자치도 제주시 조천읍 함덕로 24,63333,126.6727147762,33.5417447548,"제주의 노포로 알려진 백록집은 신선하고 질 좋은 해산물을 식사로도, 가벼운 반주와 함께 즐기기에도 좋은 곳이다. 해산물의 신선도가 뛰어나 현지인뿐 아니라 관광객들에게도 꾸준히 방문하고 있다. 대표 메뉴인 고등어회, 딱새우회, 모둠회는 재료 본연의 맛을 가장 잘 느낄 수 있으며, 이 외에도 색다른 별미로 한치떡볶이, 뼈없는 갈치튀김 등이 있어 해산물을 다양하게 맛보려는 이들에게 좋은 선택이 된다. 가게는 전체적으로 레트로한 감성이 물씬 풍겨 옛 정취를 느끼게 해주며, 야외석에서 식사할 경우 더 탁 트인 개방감과 제주 분위기를 함께 즐길 수 있다.",https://instagram.com/100greenhome_jeju,0507-1385-6013,17:00~23:00 (마지막 주문 22:00),모둠회,고등어회 / 한치 떡볶이 / 갈치튀김 등,가능,연중무휴,있음,가능,화장실: 있음,50,110,FD,음식,FD01,한식,FD010100,관광식당,40,100,70,40,20,10,90,60,120,observed,0.7957,0.7917,0.8347,0.816,blend,"해산물 요리,회·물회·초밥"
2767704,39,음식점,백리향,제주특별자치도 제주시 조천읍 신북로 244,63331,126.638426708699,33.5369855363059,"제주의 동부에 자리한 함덕 해수욕장 근처에 가성비 좋은 백반집, 백리향이 있다. 가정식 백반집으로, 갈치구이와 옥돔구이 메뉴도 만나볼 수 있다. 정식 메뉴에는 된장찌개와 제육볶음, 생선구이 등이 함께 나온다. 가정식 백반답게 주인장만의 정겨운 손맛이 느껴지는 메뉴들이다. 저렴한 가격에 푸짐한 한 상이 차려져 현지 도민들이 많이 찾는다. 주차장은 따로 마련되어 있지 않으며, 근처 마트의 주차장을 이용하거나, 골목 혹은 공용 주차장을 이용하면 된다.",Unknown,0507-1394-9600,08:30~20:00 (마지막 주문 19:20),고등어정식,갈치구이 / 돼지김치찌개 / 우삼겹된장찌개 등,가능,연중무휴,있음 (남녀 구분),가능,화장실: 있음 (남녀 구분),50,110,FD,음식,FD01,한식,FD010100,관광식당,10,90,20,20,10,0,60,45,75,blend,0.804,0.75,0.1813,0.816,blend,"해산물 요리,한식"
2871897,39,음식점,뱅인타코 제주본점,제주특별자치도 서귀포시 대정읍 에듀시티로 74 (라온프라이빗에듀),63644,126.2826099295,33.2886026732,"서귀포시 안덕면 구억리에 위치한 뱅인타코는 제주 영어교육도시 아파트 단지 내에 자리한 멕시코 음식 전문점이다. 깔끔하고 캐주얼한 분위기를 갖춘 이곳은 도민들이 자주 찾는 곳이다. 이 식당의 대표 메뉴는 타코와 퀘사디아이다. 타코는 손바닥만 한 크기의 또띠아 두 개로 제공된다. 새우 타코에는 새우와 함께 과카몰리가 기본으로 들어가 있다. 주요 메뉴 외에도 뱅인나초, 볼, 부리또, 다양한 종류의 칩스 메뉴 등 다양한 사이드와 식사 메뉴가 준비되어 있어 취향에 따라 선택할 수 있다. 음료 메뉴 또한 다양하게 구성되어 있다. 탄산음료, 주스, 티 종류는 물론 맥주와 와인도 구비되어 있어 식사와 함께 가볍게 곁들이기에 좋다. 식당 주변에 오설록 티뮤지엄과 제주곶자왈도립공원 등의 관광지가 있어 함께 둘러보기 좋다.",Unknown,064-794-7949,11:00~22:30 (마지막 주문 22:00),타코,퀘사디아 / 뱅인나초 / 부리또 등,가능,매주 월요일,있음,Unknown,화장실: 있음,50,130,FD,음식,FD02,외국식,FD020300,서양식,20,90,40,10,10,0,60,45,75,category,0.7706,,0.0,0.7706,category,양식·세계음식
2792533,39,음식점,버드나무집,제주특별자치도 제주시 조천읍 신북로 540,63333,126.6673958034,33.5413197163,"함덕해수욕장 근처에 있는 버드나무집은 손칼국수로 유명한 맛집이다. 메뉴는 해물손칼국수, 매생이손칼국수, 들깨칼국수가 있으며, 한 테이블당 한 메뉴로 통일하여 주문을 받고 있다. 이곳의 특징은 손으로 반죽한 얇고 넓은 칼국수 면과 싱싱한 해물로 우려낸 육수다. 시원하고 깔끔한 국물 덕분에 해장하기 위해 찾아오는 단골들이 많다. 청양고추가 들어간 다진 양념으로 맵기도 조절할 수 있어 얼큰하게 즐기고 싶다면 요청하면 된다. 브레이크 타임은 3시부터 5시다.",Unknown,064-782-9992,10:00 ~ 20:30 (브레이크타임 15:00 ~ 17:00),해물손칼국수,매생이굴손칼국수 / 들깨손칼국수,불가능,매주 목요일,가능 (남녀구분),가능,"부대시설: 주차장, 화장실, 무선인터넷 | 화장실: 가능 (남녀구분)",50,110,FD,음식,FD01,한식,FD010100,관광식당,10,90,20,0,0,0,60,45,75,blend,0.8494,1.0,0.1813,0.816,blend,"한식,면 요리"
1896087,39,음식점,범섬앞어촌계횟집,제주특별자치도 서귀포시 막숙포로 61 (법환동),63573,126.5150881596,33.2358010530,"범섬앞어촌계횟집은 어촌계에서 운영하는 횟집이다. 해녀들이 직접 잡은 해산물과 서귀포 앞바다에서 잡은 자연산 활어를 저렴한 가격에 제공한다. 제주도에 가면 맛봐야 할 모든 음식을 풀코스로 제공하고 있다. 모든 회 메뉴 주문 시 제주산 통갈치구이, 전복죽, 뿔소라, 전복회, 딱새우, 멍게, 메인회, 매운탕 등 20가지 이상이 나온다. 매장 내부에 탁 트인 오션뷰를 바라보며 식사를 할 수 있으며, 식당 전용 넓은 주차장을 보유하고 있어 편리하게 이용할 수 있다.",Unknown,064-739-1674,[화요일~일요일] / - 11:00~22:00 / - 준비시간 15:00~16:00 / [월요일] / - 17:00~22:00,모듬스페,참돔 / 벵에돔 / 능성어 등,가능 / 요금 (무료),연중무휴,있음,가능,화장실: 있음,50,130,FD,음식,FD01,한식,FD010100,관광식당,20,100,60,20,10,10,60,45,75,blend,0.804,0.75,0.1813,0.816,blend,"해산물 요리,회·물회·초밥,한식"
2859187,39,음식점,벙커하우스,제주특별자치도 서귀포시 막숙포로41번길 66 (법환동),63573,126.5192349174,33.2404894900,"벙커하우스는 제주 서귀포시 법환포구 인근, 범섬이 한눈에 내려다보이는 바닷가에 위치한 감성적인 카페이다. 벙커하우스는 이름 그대로 전체 건물이 반원형 벙커 형태로 독특하게 설계되어 있으며, 외관부터 내부까지 시선을 사로잡는 독특한 분위기를 자랑한다. 넓고 탁 트인 실내 공간은 유리창을 통해 제주의 푸른 바다를 마주하며 여유로운 시간을 보낼 수 있도록 구성되어 있다. 이곳의 인기 메뉴로는 고소하고 달콤한 풍미가 일품인 벙커 크림 땅콩라떼, 부드럽고 진한 크림 바닐라라떼, 상큼함이 살아있는 수제 블루베리라떼 등이 있으며, 그 외에도 다양한 커피와 음료 메뉴가 준비되어 있다. 카페 외부와 내부 모두 바다를 배경으로 한 멋진 풍경이 펼쳐지기 때문에 사진을 남기는 사람들이 많다. 바다와 어우러진 독특한 공간과 분위기, 감성적인 메뉴가 어우러진 벙커하우스는 쉼과 감성을 함께 선사하는 카페이다.",Unknown,0507-1358-0803,09:00~21:00,벙커 크림 땅콩라떼,벙커 크림 바닐라라떼 / 수제 블루베리라떼 / 핑크 자몽 스무디 등,가능,연중무휴,있음,Unknown,화장실: 있음,50,130,FD,음식,FD05,카페/ 찻집,FD050100,카페,80,90,90,0,10,0,90,60,120,observed,0.8571,0.875,0.6321,0.8263,blend,
2860731,39,음식점,베메로 (BAKE MAKE ROAST),제주특별자치도 서귀포시 중문관광로72번길 29-9 신우성타운 라동,63535,126.4111246414,33.2496534392,베메로는 중문관광단지 내 롯데호텔 버스정류장 옆에 있다. 카페세렌디에서 베이크(Bake) 메이크(Make) 로스트(Roast) 라는 의미를 담아 새롭게 베메로로 바뀌었으며 이름에 나와 있는 것처럼 베이커리 카페이자 로스터리 카페이다. 커피는 매장에서 직접 로스팅하며 핸드드립과 에스프레소를 즐길 수 있고 베이커리 파트에서는 베이글이 주메뉴다. 이른 시간에 오픈하므로 관광단지 내 숙박하는 여행자들이 아침 식사하기 좋다.,https://www.instagram.com/ba.ma.ro_jeju,064-738-7832,08:00~17:00,베메로플레이트,리코타치즈 과일 샐러드 / 두부 아보카도 샐러드 / 트러플 양송이 스프와 베이글 등,가능,연중무휴,있음,Unknown,화장실: 있음,50,130,FD,음식,FD05,카페/ 찻집,FD050100,카페,0,90,30,0,10,0,60,45,75,observed,0.8899,0.9107,0.7534,0.8263,blend,
2899599,39,음식점,베카신,제주특별자치도 제주시 우진오름길 144 1층,63341,126.7102243865,33.4649816279,"베카신은 제주시 조천읍 선흘리, 우진제비오름 산책로 입구에 있는 베이커리 전문점이다. 케이크 맛집으로 유명하며 구움 과자, 빵, 파이 등 모양새도 예쁜 빵들을 판매한다. 이와 함께 아트북, 와인, 수입 식료품, 그로서리, 그릇, 인센스 등을 판매하고 가끔 원데이 클래스도 운영한다. 빵지 순례 맛집으로 소문이 나서 일찍 소진되는 편으로 오픈런을 추천한다. 주변 여행지로 거문오름, 제주교래자연휴양림, 에코랜드 등이 있다.",https://www.instagram.com/becassine_jeju,0507-1392-8929,11:00~19:00 / ※ 단축 영업을 할 때가 있으니 홈페이지 참조 및 전화 문의 요망,갸또케이크,바닐라 까눌레 / 바닐라 휘낭시에 / 말차&레드빈 브라우니 등,가능,연중무휴,있음,Unknown,화장실: 있음,50,110,FD,음식,FD03,간이음식,FD030100,제과,40,90,60,20,40,50,45,30,60,blend,0.8582,0.875,0.3297,0.85,blend,양식·세계음식
2850113,39,음식점,베케,제주특별자치도 서귀포시 효돈로 54 (신효동),63605,126.6049853373,33.2619829233,"베케는 서귀포 효돈동 월라봉 아래에 있다. 회색빛 노출 콘크리트 건물과 초록의 정원이 조화를 이루는 카페로 전면 유리창을 통해 정원을 감상하게 꾸며져 있다. 외부 공간에는 군데군데 커피를 마실 수 있는 테이블이 마련되어 있고, 산책하며 사진 찍을 만한 포토존도 잘 꾸며져 있다. / 베케는 쟁기로 농사짓던 시절 밭을 일구다 나온 돌을 쌓아놓은 돌무더기를 뜻하는 제주어이다. 주차장이 넓어 자동차 이용 시 주차가 편하다. 근처 여행지로 쇠소깍이 있다.",Unknown,064-732-3828,09:30~17:30,돌담슈페너,차콩크림라떼 / 베케브리즈 / 아메리카노 / 카푸치노 / 바닐라라떼 등,가능,화요일,Unknown,Unknown,Unknown,50,130,FD,음식,FD05,카페/ 찻집,FD050100,카페,80,70,80,30,40,10,60,45,75,category,0.8263,,0.0,0.8263,category,
2854041,39,음식점,별돈별 정원본점,제주특별자치도 제주시 한경면 고산로8길 21-15,63008,126.1800961663,33.3088766061,"별돈별은 제주 한경면 고산초등학교 근처에 자리 잡은 매력적인 흑돼지 전문 식당으로, 신선한 재료와 아름다운 풍경이 조화를 이루는 곳이다. 이곳의 대표 메뉴는 ‘물결 흑돼지 오겹살’로, 제주산 흑돼지를 연탄불에 은은하게 구워내 육즙을 가득 머금은 부드럽고 깊은 맛이 일품이다. 적당한 두께감과 촉촉한 식감이 조화를 이루어 많은 미식가들의 사랑을 받고 있다. 넓고 아늑한 정원이 마련되어 있어 식사 전후로 산책을 즐기기에도 좋고, 특히 해 질 무렵 붉게 물드는 노을 풍경은 사진 찍기 좋은 명소로 유명하다. 인근에는 당산봉, 자구내포구, 수월봉, 엉알해안 같은 아름다운 제주 명소들이 위치해 있어 식사 전후로 여행 코스로 연계하기에도 안성맞춤이다.",https://www.instagram.com/byuldonbyul,0507-1371-5895,12:00~22:30 (준비시간 15:00~16:30),물결 흑돼지 오겹살,흑돼지 특수부위 / 흑돼지 묵은지 김치찌개 / 계란찜 등,가능,매주 화요일,있음,Unknown,화장실: 있음,50,110,FD,음식,FD01,한식,FD010100,관광식당,70,100,80,0,20,0,60,45,75,observed,0.8087,0.8083,0.9502,0.816,blend,"고기·구이,한식"
2892239,39,음식점,볕이드는곳벧디,제주특별자치도 제주시 은수길 65,63141,126.4871991809,33.4706857673,"볕이드는곳벧디는 제주시 한라수목원 근처에 있다. '벧디'는 볕이 잘 드는 곳이라는 뜻의 제주말로 오후 3시에서 5시 사이에 볕이 잘 드는 카페이다. 반려견 벧디와 버터가 있으며 정원에는 나무와 포토존이 있고 이를 실내에서 바라볼 수 있다. 다양한 브런치 메뉴와 케이크류, 커피, 에이드를 판매하며 반려견 동반이 가능하고 수목원길야시장을 함께 운영하고 있다. 주변 여행지로 한라수목원, 무지개 해안도로, 도두봉 등이 있다.",Unknown,0507-877-3634,10:00~22:00 (라스트 오더 21:50),아이스크림라떼,벧디 브런치 플레이트 / 새우 칠리 오일 파스타 / 아메리카노 / 레몬차 / 한라봉차 등,가능 / 요금 (무료),연중무휴,있음,Unknown,화장실: 있음,50,110,FD,음식,FD05,카페/ 찻집,FD050100,카페,70,80,70,10,30,30,30,15,45,blend,0.8836,1.0,0.3297,0.8263,blend,
4075750,39,음식점,보말칼국수 해월정,제주특별자치도 제주시 구좌읍 해맞이해안로 2340,63364,126.9096327910,33.4922552414,"제주올레길 21코스 종달리 해안도로 변에서 이른 아침부터 해녀가 채취한 보말로 끓여낸 칼국수 한 그릇을 창밖 바다 풍경과 함께 즐길 수 있는 제주의 향토 음식 명소다. 보말칼국수 해월정은 먹보말과 수두리보말 두 종류의 보말을 사용해 진하게 우려낸 육수에 쫄깃한 칼국수 면과 싱싱한 성게를 더한 성게보말칼국수·성게보말죽이 대표 메뉴다. 기본 반찬은 정갈하게 세팅되어 있고 부족한 찬은 셀프바에서 자유롭게 이용할 수 있다. 칼국수를 다 먹은 뒤 남은 육수에 죽볶음을 추가하는 것이 이 집만의 방식으로, 김가루와 깨를 올려 고소한 풍미가 살아난 죽볶음은 죽과 볶음밥의 중간쯤 되는 이집의 별미 메뉴다. 인근 종달항에서 우도행 배를 탈 수 있어 우도 방문 전후로 들르기 좋으며, 제주올레길 21코스 산책과 연계해 방문하기 좋다.",Unknown,0507-1366-5664,08:00~20:00 (마지막 주문 19:30),보말칼국수,성게미역국 / 성게보말죽 / 톳부추전 등,가능,연중무휴,Unknown,Unknown,Unknown,50,110,FD,음식,FD01,한식,FD010100,관광식당,70,100,70,40,30,0,60,45,75,observed,0.7663,0.75,0.7534,0.816,blend,"제주 향토음식,한식,면 요리"
134977,39,음식점,보영반점,제주특별자치도 제주시 한림읍 한림로 692-1,63030,126.265172514177,33.4165463810277,보영은 제주특별자치도 제주시 한림읍에 위치하고 있다. 정통 중국요리 전문점으로 음식 하나하나에 정성을 다하고 있는 곳으로 각종 중국요리를 맛볼 수 있는 곳이다. 특히 짜지 않고 담백한 짬뽕과 짜장으로 제주도민은 물론이고 전국 각지에서 여행객들이 방문하고 있다. 매장 내부는 넓고 좌석수가 많아 단체 모임이나 회식 장소로 적합한 식당이다.,Unknown,064-796-2042,11:00~19:30,고추짬뽕,짜장면 / 양장피 / 잡채밥 등,가능,"매월 둘째, 넷째 목요일",Unknown,가능,Unknown,50,110,FD,음식,FD02,외국식,FD020100,중식,0,90,20,0,0,0,45,30,60,blend,0.8753,1.0,0.1813,0.8477,blend,중식
2758837,39,음식점,복자씨연탄구이,제주특별자치도 서귀포시 성산읍 해맞이해안로 2764,63639,126.9197672298,33.4692039841,복자씨 연탄구이는 탁 트인 제주 바다를 감상하며 제주 근고기를 맛볼 수 있는 식당이다. 대표 메뉴인 흑돼지 근고기는 목살과 오겹살을 섞어 600g 기준으로 제공되며 직원들이 연탄불에 직접 구워주니 어떻게 구우면 맛있을지 고민할 필요가 없다. 육즙 가득 쫀득쫀득 탱탱하게 구워진 고기를 다 먹을 즈음 입가심으로 먹을 수 있는 김치찌개에도 돼지고기가 듬뿍 들어간다. 새콤하고 시원한 열무김치 국수는 입안의 기름기를 산뜻하게 씻어준다. 2층의 고객 전용 무료카페에서는 식사 후 커피 한잔 마시기에도 좋고 웨이팅이 있을 때 편하게 앉아서 기다리기에도 좋은 공간이다.,https://www.instagram.com/bogjassi_y,064-782-7330,12:00~22:00,흑돼지 근고기,김치찌개 / 열무국수 / 백돼지 근고기 등,가능,연중무휴,있음,Unknown,화장실: 있음,50,130,FD,음식,FD01,한식,FD010100,관광식당,60,100,70,0,20,0,60,45,75,observed,0.799,0.7917,0.6988,0.816,blend,"고기·구이,한식,면 요리"
1896649,39,음식점,본가 1호점,제주특별자치도 제주시 도남로 101,63221,126.528546311951,33.4912113226067,"제주시 도남동에 있는 대패삼겹살 전문점 본가 1호점은 대패삼겹살, 감자탕, 해장국을 주메뉴로 한다. 제주산 암퇘지만을 사용하여 제공하며, 직거래 유통으로 재료를 저렴하게 구입하여 음식 가격 또한 저렴하다. 점심에는 돈두루치기도 맛볼 수 있다.",Unknown,064-724-8588,09:00~22:00 (준비 시간 14:00~17:00),대패삼겹살,돈두루치기 / 순두부해장국 / 뼈해장국 등,가능,매월 둘째 일요일,Unknown,가능,Unknown,50,110,FD,음식,FD01,한식,FD010100,관광식당,0,90,20,0,10,10,60,45,75,category,0.816,,0.0,0.816,category,"고기·구이,한식"
4002932,39,음식점,볼고롱짬뽕,제주특별자치도 서귀포시 서호로 40-1 (서호동),63569,126.522831174436,33.2576235257242,"서귀포짬뽕맛집 볼고롱짬뽕은 20년 경력의 중식 셰프가 직접 조리하는 서귀포 중식집이다. 이곳은 일반 중식면이 아닌 시금치를 넣어 직접 뽑는 시금치 생면으로 요리하는 것이 특징이다. 짬뽕 국물은 사골육수와 해물육수를 함께 배합해 만들어 깊은 맛을 내며, 매운맛 조절이 가능해 남녀노소 누구나 편하게 즐길 수 있어 제주 짬뽕 맛집으로도 잘 알려져 있다. 또한 오픈키친으로 직접 조리 과정을 확인할 수 있으며, 내부에는 프라이빗 룸이 마련되어 있어 가족 외식이나 소규모 모임 등 조용한 식사 자리에 적합하다. 바삭한 식감으로 인기인 탕수육 맛집으로 찾는 방문객도 많다. 서귀포 지역에서 개성 있는 면과 깊은 국물 맛의 서귀포 짬뽕을 찾거나, 믿고 방문할 수 있는 제주 짬뽕 맛집, 만족도 높은 탕수육 맛집을 찾는다면 부담 없이 선택하기 좋은 곳이다.",Unknown,0507-1391-8333,[평일]- 11:00~20:50- 준비시간 14:50~17:30- 마지막 주문 19:50[주말]- 11:00~20:50- 마지막 주문 19:50,볼고롱 해물짬뽕,흑돼지 짜장면 / 볼고롱우육짬뽕 / 흑돼지탕수육 등,가능,매주 수요일,Unknown,Unknown,Unknown,50,130,FD,음식,FD02,외국식,FD020100,중식,0,100,20,0,20,0,45,30,60,category,0.8477,,0.0,0.8477,category,"면 요리,중식"
2851090,39,음식점,볼스카페,제주특별자치도 서귀포시 일주서로 626 (회수동),63540,126.4424940592,33.2534285165,"볼스카페는 제주 서귀포시 중문동, 중문고등학교 근처에 위치한 감성적인 카페로, 제주도의 오래된 귤 창고를 개조해 만든 독특한 공간이다. 겉에서 보면 빈티지한 외관이 눈길을 끌고, 카페 앞쪽에는 넓은 공터가 펼쳐져 있어 탁 트인 개방감을 느낄 수 있다. 내부로 들어서면 높은 천장에서 자연광이 부드럽게 쏟아져 들어오며, 실내 곳곳에 배치된 다양한 식물들과 플랜테리어 요소들이 어우러져 따뜻하고 생기 있는 분위기를 자아낸다. 이색적인 분위기의 인테리어와 조화로운 색감 덕분에 사진 찍기에도 좋다. 볼스카페의 메뉴는 하늘색 민트라떼 위에 크림이 올라간 볼스라떼와 그 외에도 진한 풍미의 제주 그린티 라떼, 향긋한 얼그레이 밀크티, 제주 제철 과일로 만든 생과일 주스, 무더운 날씨에 잘 어울리는 빙수 등 다양한 음료와 디저트가 준비되어 있어 입맛에 따라 골라 즐길 수 있다.",https://www.instagram.com/Volsproduction_official,0507-1426-1981,10:00~19:00 (마지막 주문 18:40),볼스라떼,그린티라테 / 얼그레이 밀크티 / 제철 생과일 음료 등,가능,연중무휴,있음,Unknown,화장실: 있음,50,130,FD,음식,FD05,카페/ 찻집,FD050100,카페,60,80,80,20,10,10,45,30,60,blend,0.8424,0.875,0.3297,0.8263,blend,
3080165,39,음식점,봄날,제주특별자치도 제주시 애월읍 애월로1길 25,63043,126.3096740754,33.4624526957,"봄날은 애월 한담해변에 가장 먼저 생긴 카페로, 한라봉 음료와 바다와 닿을 듯한 이곳만의 뷰, 카페 전체가 포토존처럼 느껴지는 인테리어로 유명하다. 많은 관광객이 찾는 한담해변의 명소로 선주문 후입장 시스템으로 운영한다. 대표 메뉴는 한라봉에이드와 제주감귤밀크티이다. 제주의 카페답게 한라봉과 천혜향으로 만든 음료가 가장 인기가 많고 매장에서 정성스럽게 로스팅한 생두로 내린 오늘의 스페셜티 커피도 있다. 주문 후 카페 건물 안 테이블이나 테라스, 바다 옆 테이블 등에서 커피를 마실 수 있다. 탁 트인 바다를 배경으로 알록달록한 벽화 페인팅과 아기자기한 소품들을 구경하며 음료를 마시고 힐링할 수 있다. 카페 손님들이 구입할 수 있는 제주의 기념품 가게도 같이 운영하고 있다.",Unknown,0507-1494-4999,09:00~21:30 (마지막 주문 21:00),제주감귤아아이스티,제주감귤밀크티 / 콜드브루 / 한라봉차 등,가능,연중무휴,Unknown,Unknown,Unknown,50,110,FD,음식,FD05,카페/ 찻집,FD050100,카페,70,90,90,20,20,30,60,45,75,category,0.8263,,0.0,0.8263,category,
2852023,39,음식점,봉성식당,제주특별자치도 제주시 봉성로 66,63039,126.3126266402,33.4187193119,"봉성식당은 제주시 애월읍 봉성리 어도초등학교 근처에 있는 돼지고기 구이집이다. 수많은 연예인들이 다녀갔고 축구 스타 손흥민 선수도 먹고 갈 만큼 유명한 맛집이다, 고기는 흑돼지와 백돼지의 목살과 오겹살을 판매하고 제주산 생고사리와 함께 구워 먹는 것이 별미다. 고사리는 추가 시 별도의 요금을 받는다. 얼음 띄워 나오는 열무국수와 얼큰한 김치찌개도 맛있다. 근처 여행지로 곽지해수욕장이 있다.",Unknown,064-799-0011,11:00 ~ 22:00 (브레이크 타임15:00~16:30 / 라스트 오더 20:30),제주산 흑돼지 목살,열무국수 / 제주산 백돼지 목살 / 오겹살 / 김치찌개 등,가능 / 요금 (무료),매주 일요일,남녀 구분,Unknown,화장실: 남녀 구분,50,110,FD,음식,FD01,한식,FD010100,관광식당,20,100,20,10,10,0,60,45,75,observed,0.8802,0.9583,0.4512,0.816,blend,"제주 향토음식,고기·구이,한식,면 요리"
2756099,39,음식점,봉순이네흑돼지,제주특별자치도 서귀포시 대정읍 영어도시로 64,63519,126.2795632114,33.2778093738,"제주 서귀포에 위치한 봉순이네 흑돼지는 개방된 넓은 정원의 야외 테이블들 옆으로 싱그러운 귤나무들이 있어 초록 가득한 분위기에서 식사를 즐길 수 있는 것이 특징이다. 맛은 물론 친절한 서비스에 분위기까지 삼박자 모두 갖춘 봉순이네 흑돼지구이는 실제 맛본 후 고개가 절로 끄덕여지는 맛 덕분에 재방문하는 손님들이 많으며 찌개 맛도 훌륭해 함께 사랑받는 메뉴이다. 나영석 PD의 단골 음식점으로 유명해 대기시간이 긴 편이니 예약하고 방문하는 것을 추천한다. 주변 관광지로는 제주 곶자왈과 카멜리아힐, 오설록티뮤지엄 등이 있다.",https://www.facebook.com/imf0013,064-792-2030,11:30~22:30,흑돼지모듬한판,흑돼지한근 / 갈매기살 / 흑돼지김치찌개 / 후식냉면 등,가능 / 요금 (무료),연중무휴,있음 (남녀구분),가능,"부대시설: 단체석, 아기의자, 무선 인터넷 | 화장실: 있음 (남녀구분)",50,130,FD,음식,FD01,한식,FD010100,관광식당,70,100,70,10,10,0,60,45,75,observed,0.7699,0.75,0.6988,0.816,blend,"고기·구이,한식,면 요리"
2871913,39,음식점,봉주르마담,제주특별자치도 서귀포시 대청로 33 (강정동),63559,126.5033360199,33.2527962138,"봉주르마담은 제주 월드컵경기장 근처 주택가에 자리 잡고 있는 프랑스 스타일의 베이커리다. 유기농 밀가루, 유기농 생크림, 유기농 버터 등의 재료만을 사용해 건강하고 깊은 풍미의 빵을 만든다. 이곳의 대표 메뉴로는 밀푀유 앙버터, 앙버터 프레즐, 빵스위스, 그리고 촉촉한 포르투갈식 에그타르트가 있다. 다양한 빵 외에도 마담치즈케이크, 당근케이크와 같은 디저트류도 준비되어 있다. 또한 카페라떼, 바닐라빈 라떼 등 커피 음료도 함께 판매하고 있어 빵과 디저트, 음료를 한 번에 즐길 수 있는 점이 큰 매력이다. 워낙 종류가 다양해 개인의 취향에 맞게 골라 즐길 수 있다.",https://www.instagram.com/bonjour_madame_jeju,0507-1440-2900,09:00~21:00,뺑스위스,앙버터 프레즐 / 밀푀유 앙버터 / 포르투갈 에그타르트 등,불가능,연중무휴,있음,Unknown,화장실: 있음,50,130,FD,음식,FD03,간이음식,FD030100,제과,10,100,40,0,10,20,30,15,45,category,0.85,,0.0,0.85,category,양식·세계음식
2758848,39,음식점,부두식당 / (주)부두식당,제주특별자치도 서귀포시 대정읍 하모항구로 62,63506,126.2510586602,33.2188543277,"식당 대표가 직접 운영하는 배에서 잡아 올린 싱싱한 생선회와 해산물들을 푸짐하게 먹을 수 있는 모슬포항의 대표 향토 음식 전문점이다. 45년 전통의 대물림 맛집으로 현지에서도 유명하고, 각종 전파를 타 유명인들에게도 인기가 있다. 주메뉴는 대방어 회이며 고등어, 다금바리, 줄돔, 참돔, 잡어 등을 회로 즐길 수 있다. 그 외에도 여러 스페셜과 세트 메뉴는 회뿐만 아니라 튀김, 구이, 탕 등 바다를 느낄 수 있는 다양한 맛을 즐길 수 있어 제주를 맛보고 싶은 관광객에게 손꼽히는 식당 중 한 곳이다. 점심에는 미역국, 갈칫국, 회덮밥 등의 단품 메뉴도 맛볼 수 있어 가벼운 식사를 즐기고 싶은 사람들이 찾기에도 좋다.",Unknown,064-794-1223,10:00 ~ 22:00,특대방어회,부두식당 제철 모둠회 / 회덮밥 / 성게미역국 / 은갈치 조림 / 왕갈치 구이 등,가능,연중무휴,Unknown,가능,"부대시설: 단체석, 주차장, 화장실, 무선 인터넷",50,130,FD,음식,FD01,한식,FD010100,관광식당,20,100,40,60,10,0,60,45,75,blend,0.804,0.75,0.1813,0.816,blend,"제주 향토음식,해산물 요리,회·물회·초밥,한식"
3444948,39,음식점,부부요리단,제주특별자치도 서귀포시 월드컵로 63 (법환동) 1층,63572,126.5059832166,33.2437000371,"부부요리단은 제주특별자치도 서귀포시 월드컵로 63에 위치한 일식 전문점이다. / 이곳은 롯데호텔 일식당 출신의 셰프 부부가 운영하는 곳으로, 일본 가정식 요리를 선보인다. / 대표 메뉴로는 삼단 정식과 장어덮밥이 있으며, 삼단 정식은 다양한 반찬과 일본식 영양밥인 고모쿠고항으로 구성되어 있다. / 또한, 부드러운 차완무시와 꽃게 된장국 등도 제공되어 정갈한 일본 가정식의 맛을 느낄 수 있다. / 예약제로 운영되므로 방문 전 예약이 필요하다.",Unknown,0507-1340-2383,11:00 - 21:00 (15:00 - 17:00 브레이크타임),"장어덮밥, 갑오징어 흑돼지",Unknown,주차 가능,매주 화요일 휴,Unknown,가능,Unknown,50,130,FD,음식,FD01,한식,FD010100,관광식당,0,90,10,10,0,0,60,45,75,blend,0.8267,0.875,0.1813,0.816,blend,"고기·구이,일식"
2899586,39,음식점,부온,제주특별자치도 제주시 구남동2길 26,63232,126.5352862427,33.4894650097,"부온은 소바, 연어, 튀김을 메인으로 하는 일식당이다. 가쓰오부시와 간장류들로 48시간 동안 끓여내는 육수와 매일 아침 작업하는 생연어, 그리고 주문과 동시에 바로 조리된다. 슬로우 푸드를 지향하여 20분쯤 느긋하게 기다리는 것을 각오해야 하지만 맛집으로 소문나 있다. 튀김류는 주문이 밀릴 시 20~30분 정도 소요된다. 겨울의 대표메뉴는 싱상한 국내산 굴이 들어간 굴이 들어간 온소바이다. 기본 냉소바 위에 연어 5점이 올라간 연어 소바, 유부가 올려진 깔끔한 유부 소바, 항정살 돼지고기와 대파, 마늘을 특제 소스에 볶아내 불맛이 가득한 대파항성살소바, 부온의 노하우로 싱싱하고 야들야들한 연어가 올려진 연어덮밥 등의 다양한 메뉴가 있다.",https://www.instagram.com/buon_jeju,0507-1402-8931,- 11:00~21:00 / - 준비시간 15:00~17:00 / - 마지막 주문 20:30,제주 은갈치 덮밥,냉소바 / 연어소바 / 아나고텐동 / 대파항정살소바 등,가능,연중무휴,있음,Unknown,화장실: 있음,50,110,FD,음식,FD02,외국식,FD020200,일식,0,100,20,0,10,0,60,45,75,category,0.849,,0.0,0.849,category,"면 요리,일식,양식·세계음식"
2847894,39,음식점,부촌,제주특별자치도 서귀포시 동류암로 33,63640,126.9169512735,33.4489783952,"부촌 식당은 제주 성산 광치기해변 근처에 있다. 구옥을 개조하여 운영하는 식당으로 갈치조림이나 고등어구이를 1인 메뉴로 주문할 수 있어 올레꾼이나 혼자 여행자들에게 인기가 많으며, 6~8가지 가정식 밑반찬과 함께 상차림이 푸짐하여 가족 여행자들도 많이 찾는 가성비 식당이다. 근처 여행지로 성산일출봉 광치기해변, 섭지코지 등이 있다.",Unknown,064-784-0149,10:30~21:00 (브레이크타임 15:00~17:00 / 라스트오더 20:00),갈치조림정식,갈치조림정식 / 고등어구이 등,가능 (식당 옆 공영주차장),매주 목요일,Unknown,Unknown,Unknown,50,130,FD,음식,FD01,한식,FD010100,관광식당,30,90,50,10,10,0,60,45,75,observed,0.7743,0.75,0.6321,0.816,blend,"제주 향토음식,해산물 요리,한식"
2859090,39,음식점,뷰스트,제주특별자치도 서귀포시 안덕면 형제해안로 30,63528,126.3034900221,33.2278069374,"뷰스트는 형제 해안도로 사계 해변 앞에 위치해 있다. 바다 쪽 액자창이 유명한 오션뷰 카페로 View the Best를 축약한 말 뜻처럼 아름다운 전망을 자랑한다. 바다가 보이는 창문은 곧 포토존이고, 이를 통해 제주 남쪽 바다, 형제섬이 보인다. 뷰스트의 대표 메뉴는 화산송이 라떼로 제주산 무농약 딸기로 만든 수제 딸기청과 크림이 듬뿍 들어가 고소하고 달콤하가. 이외에도 커피와 에이드 등 다양한 음료가 준비되어 있어 취향에 따라 고를 수 있다. 내부에는 편리한 좌석 제공을 위해 단체석의 예약도 받고 있다. 주변에 함께 둘러보기 좋은 여행지로는 산방산, 송악산, 사계해변, 용머리해안 등이 있다.",http://www.instagram.com/viewst.jeju,0507-1356-9272,10:00~21:00,화산송이라떼,모히또에이드 / 콜드브루 / 제주말차라떼 등,가능,연중무휴,있음,Unknown,화장실: 있음,50,130,FD,음식,FD05,카페/ 찻집,FD050100,카페,80,90,90,0,10,0,60,45,75,observed,0.8527,0.8594,0.7981,0.8263,blend,
2847876,39,음식점,블루마운틴4255,제주특별자치도 서귀포시 중산간동로 4255,63635,126.8371930884,33.3804763385,"블루마운틴 4255는 제주 삼달리에 위치하고 있다. 넓은 좌석과 다양한 원두, 체험 프로그램이 있는 카페로 커피비누 체험, 바리스타 체험, 족욕 체험 등을 할 수 있다. 복합문화공간을 표방하여 캠핑장, 펜션, 음식점이 함께 있으며 발레교육과 같은 클래스도 운영 중이다. 카페 내부에는 다양한 그라인더, 커피 기구를 둘러볼 수 있고 동쪽 루프탑에서는 동쪽 바다의 풍광을 볼 수 있다.",https://www.instagram.com/bluemountain4255_in_jeju/#,064-782-0428,09:00~18:00,아메리카노,에스프레소 도피오 / 콘파냐 / 카페라떼 / 비엔나커피 등,가능,연중무휴,있음,Unknown,화장실: 있음,50,130,FD,음식,FD05,카페/ 찻집,FD050100,카페,60,70,70,30,80,10,60,45,75,category,0.8263,,0.0,0.8263,category,
2899568,39,음식점,블루메베이글,제주특별자치도 제주시 가령로4길 3,63210,126.5331112664,33.4967419470,"블루메베이글은 제주시 이도이동 주택가에 있는 베이글 전문점이다. 계란, 오일, 버터를 넣지 않고 베이글을 만들어 소화가 잘 되고 알레르기가 있는 사람, 칼로리가 걱정인 사람들이 부담 없이 즐기기 좋다. 제주산 우유를 매일 직접 끓여 수제 크림치즈를 만들고 다양한 베이글 샌드위치도 판매한다. 식약처 인증 위생등급 ‘매우 우수’ 음식점으로 베이글은 인터넷을 통해 주문할 수도 있다. 주변 여행지로 제주도 민속 자연사 박물관 등이 있다.",https://www.instagram.com/blume_bagel,0507-1445-3444,09:00~18:00,소금 베이글,베이컨 콘치즈 베이글 / 갈릭버터 크림치즈 베이글 / 연어 베이글 샌드위치 등,가능,설·추석 연휴 / 휴무 시 인스타그램 별도 공지,있음,Unknown,화장실: 있음,50,110,FD,음식,FD03,간이음식,FD030100,제과,0,90,10,0,0,10,30,15,45,observed,0.7826,0.7656,0.7981,0.85,blend,"분식·간편식,양식·세계음식"
2852038,39,음식점,블루사이공,제주특별자치도 제주시 애월읍 중산간서로 6333,63057,126.4080008181,33.4570443540,"블루사이공은 제주 애월에 위치한 감각적인 베트남 음식 전문점으로, 현지의 생동감 넘치는 길거리 음식을 모티브로 삼아 독창적인 베트남 퓨전 요리를 선보이는 곳이다. 제주 바다와 어우러진 이국적인 분위기 속에서 다양한 베트남 음식을 맛볼 수 있어, 현지인뿐만 아니라 관광객들에게도 꾸준한 인기를 끌고 있다. 대표 인기 메뉴는 '반미'로, 바삭한 바게트 안에 신선한 재료를 풍성하게 채운 이 메뉴는 다시 찾게 될 만큼 매력적이다. 포크반미, 구운야채반미, 치킨반미 등 다양한 종류가 있어 개인의 취향에 맞게 선택할 수 있으며, 각각 특색 있는 소스와 풍미로 차별화된 맛을 자랑한다. 이 외에도 베트남식 쌀국수와 숯불에 구운 돼지고기를 곁들인 베트남식 밥 요리도 인기 있는 메뉴 중 하나이다.",Unknown,064-742-8621,11:30~16:00 (마지막 주문 15:30),포크반미,고추퍼보 / 치킨반미 / 분띳능 등,가능,매주 일요일,있음,가능,화장실: 있음,50,110,FD,음식,FD02,외국식,FD020400,기타외국식,20,90,70,30,10,10,60,45,75,category,0.8192,,0.0,0.8192,category,"면 요리,분식·간편식,양식·세계음식"
2892256,39,음식점,블리스풀,제주특별자치도 제주시 애월읍 산록서로 383 1층,63066,126.4081908825,33.4040863279,"블리스풀은 유수암리 궷물오름 근처에 있다. 반려견 놀이터가 있는 카페로 놀이터의 경우 15㎏기준으로 중소형 견과 대형견 존이 나누어져 있다. 반려견 전용 의자가 있고 견주들을 위한 캠핑 의자, 나무의자, 소파 등 다양한 의자와 테이블과 식음료가 있다. 입장 수칙이 있어 이를 반드시 숙지해야 하며 반려견 목욕실, 비비레이광치료실도 예약하여 이용할 수 있다. 주변 여행지로 궷물오름, 큰녹고메오름, 족은녹고메오름 등이 있다.",https://www.instagram.com/blissful.jeju,0507-1387-8604,- 평일 10:00~18:00 / - 주말 10:00~19:00,아메리카노,카페라떼 / 요거트딸기라떼 / 고구마라떼 등,가능,매주 금요일,있음,Unknown,화장실: 있음,50,110,FD,음식,FD05,카페/ 찻집,FD050100,카페,60,80,40,0,70,0,60,45,75,category,0.8263,,0.0,0.8263,category,
2838079,39,음식점,비마이게스트,제주특별자치도 제주시 한림읍 한림로 406,63011,126.2454968306,33.3979927727,"비마이게스트는 제주도 제주시 한림읍 협재 우체국 인근에 위치한 감성적인 카페 겸 브런치 레스토랑이다. 이곳은 여행자들에게 편리한 위치와 함께 맛있는 커피와 브런치 메뉴로 인기를 끌고 있다. 여름철 대표 메뉴로는 제주산 애플망고를 듬뿍 올린 애플망고빙수와 바삭한 크로플이 있으며, 시원한 디저트로 많은 사랑을 받고 있다. 브런치 메뉴로는 제주 흑돼지를 이용한 폴드포크 샌드위치와 하몽과 까망베르 치즈, 먹물빵이 어우러진 파니니 등 다양한 식사 대용 메뉴를 즐길 수 있다. 특히 디저트로는 부드럽고 폭신한 수플레 팬케이크와 달콤한 프렌치 토스트가 인기 있으며, 커피와 함께 즐기기 좋다. 가게 내부는 화이트와 우드 톤이 조화를 이루는 깔끔하고 따뜻한 분위기로, 아늑한 시간을 보내기에 알맞다. 근처에는 협재해수욕장과 금능해수욕장 같은 아름다운 해변이 있어 식사 후 여유롭게 산책하거나 여행 일정을 함께 구성하기에 좋은 장소이다.",http://www.instagram.com/be_my_guesttttt,064-796-9612,09:30~17:30 (마지막 주문 17:00),제주 애플망고빙수,제주 흑돼지 폴드포크 샌드위치 / 루꼴라 쉬림프 오일파스타 / 딸기 수플레 팬케이크 등,불가능,연중무휴,Unknown,Unknown,Unknown,50,110,FD,음식,FD05,카페/ 찻집,FD050100,카페,60,100,60,0,10,0,60,45,75,observed,0.8703,0.9062,0.5507,0.8263,blend,
2862068,39,음식점,비양놀,제주특별자치도 제주시 한림읍 한림해안로 311,63023,126.2635167927,33.4290090665,"비양놀은 제주시 한림읍 해안로, 평수포구에 자리 잡은 감성적인 오션뷰 카페이다. 일몰 시간에는 붉게 물든 노을이 비양도 너머로 천천히 떨어지며 아름다운 모습으로 이 순간을 사진에 담기 위해 찾는 일몰 명소로도 유명하다. 카페 내부는 모던한 테이블과 의자, 그리고 엔틱한 가구와 그림들이 믹스매치되어 있어 독특한 분위기를 자아낸다. 시원하게 뚫린 중정은 높은 천장과 함께 탁 트인 개방감을 더해주며, 노출 콘크리트와 벽돌로 마감된 벽면, 그리고 나무 데크 바닥이 조화를 이루어 감각적인 인테리어를 완성한다. 카페 주변에는 제주체험마을, 한림항, 비양도, 협재해수욕장 등 제주의 대표 관광지들이 가까이 있어 여행 중 들르기에 좋은 위치에 있다.",Unknown,0507-1328-4962,11:00~20:00 (마지막 주문 19:30),비양놀비엔나,카푸치노 / 초코라떼 / 아메리카노 등,가능,연중무휴,있음,Unknown,화장실: 있음,50,110,FD,음식,FD05,카페/ 찻집,FD050100,카페,80,70,90,10,10,0,45,30,60,blend,0.8424,0.875,0.3297,0.8263,blend,
1861333,39,음식점,비지곶식당,제주특별자치도 제주시 구좌읍 일주동로 3002,63360,126.8420753877,33.5280378892,"‘비지곶식당’은 평대리 사무소 앞에 있으며, 뼈다귀 해장국을 전문으로 하는 음식점이다. 단일 메뉴로 뼈다귀 해장국을 제공하며, 포장도 가능하다. 밑반찬은 콩나물무침과 깍두기, 절임마늘과 고추가 준비된다. 뼈다귀 해장국은 큼직한 뼈에 붙은 살코기의 양이 많고 부드러운 식감을 가졌다. 많은 양의 시래기가 들어 있어 국물은 진하고 시원하면서 담백한 맛이 일품이며, 지역주민뿐만 아니라 관광객들도 줄지어 방문하는 곳이다.",Unknown,064-784-7080,06:00~16:00 / ※ 재료 소진 시 조기 마감,뼈다귀 해장국 (단일 메뉴),Unknown,가능,주말,Unknown,가능,Unknown,50,110,FD,음식,FD01,한식,FD010100,관광식당,0,100,20,10,10,0,60,45,75,category,0.816,,0.0,0.816,category,한식
2829786,39,음식점,비케이브,제주특별자치도 제주시 동백로 122,63340,126.7200169877,33.5083825400,"제주시 선흘리에 위치한 비케이브는 다양한 아이돌의 뮤직비디오와 드라마, 영화 등의 촬영장소가 되었던 카페이다. 7천여 평의 시즌별 넓은 꽃밭과 숲 속의 오두막 아지트, 그네 등으로 예쁜 사진 찍을 수 있는 포토존이 가득한 카페이다. 스냅촬영과 웨딩촬영 장소로도 알려져있다. 손님들의 예쁜사진, 인생사진을 위해 바람개비와 풍선, 화관, 삼각대 등도 준비되어 있다. 메뉴는 직접 양봉한 벌꿀과 꽃가루화분, 상하목장 아이스크림등 건강한 재료로 만드는 아이스크림 라떼와 수제요구르트 등 꿀을 이용한 음료 메뉴가 있어 취향에 맞게 선택해 즐길 수 있다.",https://www.instagram.com/beecave_jeju,0507-1410-8022,10:00~18:00 (마지막 주문 17:00),비케이브 라떼,아포가토 / 벌꿀미숫가루라떼 / 차수국 등,가능,연중무휴,Unknown,Unknown,Unknown,50,110,FD,음식,FD05,카페/ 찻집,FD050100,카페,90,70,100,20,40,10,60,45,75,observed,0.9185,0.9583,0.6988,0.8263,blend,
2904892,39,음식점,빵귿,제주특별자치도 제주시 구남동6길 45-1 1층,63233,126.535134681941,33.4870980184348,"빵귿은 제주시 이도이동, 이도 초등학교 근처 주택가에 있는 빵집이다. 여행자들 사이에 제주의 대표 소금빵 맛집으로 소문난 곳으로 빵지 순례의 명소이기도 하다. 소금빵은 겉은 바삭하고 속은 부드러우면서 버터의 풍미가 느껴져 담백하고 질리지 않는 맛이다. 소금 빵 외에도 바게트와 브리오슈, 치아바타, 식빵 등 다양한 식사 빵과 디저트 빵, 샌드위치류가 준비되어 있다. 오픈과 함께 늘 대기가 있는 편이고 늦은 시간에 방문하면 품절되는 경우가 있다. 주변 여행지로 민오름, 방성문계곡 등이 있다.",Unknown,064-757-0392,10:30~19:00,소금빵,명란바게뜨 / 잠봉뵈르 / 마르게리따샌드위치 등,가능,매주 일요일,Unknown,Unknown,Unknown,50,110,FD,음식,FD03,간이음식,FD030100,제과,20,100,30,0,0,20,30,15,45,category,0.85,,0.0,0.85,category,"분식·간편식,양식·세계음식"
4068781,39,음식점,뽈살집 본점,제주특별자치도 서귀포시 중정로91번길 41 (서귀동),63591,126.562847146656,33.2508287213035,"도축장 직송 꽃돼지의 특수부위만을 당일 손질해 내어주는 서귀포 올레시장 인근의 돼지 특수부위 전문점이다. 뽈살집 본점은 일반 흑돼지 전문점에서 맛보기 어려운 천겹살·비단살·눈썹살·뽈살·꽃살·돈새살 총 6가지 특수부위를 선보이며, 주문 즉시 손질해 내오는 것이 특징이다. 대표 메뉴 모둠 스페셜은 2인 중·3~4인 대로 구성되며, 부위마다 다른 식감과 풍미를 한자리에서 즐길 수 있다. 한국 발효 음식 명인으로 선정된 사장님이 직접 담근 김치와 장아찌를 곁들이면 고기 맛이 한층 살아나며, 수제 소시지·계란찜·감자 등 서비스 메뉴도 넉넉하게 제공된다.",Unknown,064-763-6860,15:00~24:00,Unknown,Unknown,불가능,연중무휴,Unknown,Unknown,Unknown,50,130,FD,음식,FD01,한식,FD010100,관광식당,0,100,20,20,10,0,60,45,75,observed,0.8801,0.8816,0.9776,0.816,blend,"고기·구이,한식"
2902758,39,음식점,뿌리와열매,제주특별자치도 제주시 중산간동로 2255,63355,126.7838706179,33.4718264992,"뿌리와 열매는 제주시 구좌읍 송당 사거리 버스정류장 옆에 있는 브런치 카페이다. 제주산 농산물을 사용한 메뉴를 제공하며 밀가루가 전혀 들어가지 않는 감자 피자와 무농약 당근 100% 착즙 주스와 저온 무압력 추출 더덕 주스 등이 대표 메뉴이다. 신선하고 건강한 비건 브런치 레스토랑으로 알려져 있으며 더덕 효소액, 감귤꽃귤, 귤말랭이 등 친환경 가공식품도 판매한다. 제주 텀블러 대여 프로그램 푸른 컵 제휴업체이며 주변 여행지로 비자림, 아부오름, 안돌오름 등이 있다.",https://www.instagram.com/ppooyeol_injeju,010-6417-3946,10:40~18:20,버섯 바질루꼴라 감자피자세트,새우루꼴라 바질피자&당근주스 / 감귤주스 / 레몬애플민트 에이드 등,가능,매주 화요일,있음,Unknown,화장실: 있음,50,110,FD,음식,FD02,외국식,FD020300,서양식,40,90,50,0,10,20,60,45,75,blend,0.8462,1.0,0.3297,0.7706,blend,양식·세계음식
2902776,39,음식점,쁠랑뜨,제주특별자치도 제주시 1100로 2977-15,63078,126.4855025099,33.4528293831,"쁠랑뜨는 제주시 노형동 1100 도로 도립미술관 앞에 있는 브런치 카페이다. 쁠랑뜨는 불어로 ‘화초, 식물’이란 뜻으로 이름처럼 플랜트 & 플라워 카페를 겸하고 있다. 따스한 인테리어와 자연친화적인 분위기의 카페로 대표 메뉴는 스무디로 쁠랑뜨 클렌즈 스무디, 스무디 보울 등 메뉴가 있다. 그릴 샌드위치 수프 세트, 샐러드 수프세트 등 건강한 브런치를 제공하고 쁠랑뜨 클렌즈 스무디는 구매도 가능하다.",https://www.instagram.com/plante__official,070-8809-5699,10:30~15:30,쁠랑뜨 클렌즈 스무디,스무디볼 / 통밀브레드 (with 바질페스토) / 아메리카노 / 카페라테 / 수제 생과일 차 외,가능,"매주 토요일, 일요일",남녀 구분,Unknown,화장실: 남녀 구분,50,110,FD,음식,FD05,카페/ 찻집,FD050100,카페,60,70,70,0,0,20,60,45,75,category,0.8263,,0.0,0.8263,category,
2847791,39,음식점,사계의시간,제주특별자치도 서귀포시 사계남로 214,63528,126.3089977789,33.2322454224,"사계의시간은 제주 사계항 인근에 위치한 장어덮밥 전문점이다. 하루 50인분만 판매하는 장어덮밥 맛집으로 재료 소진 시에는 영업을 마친다. 메뉴는 장어덮밥과 장어구이, 이 두 가지만 판매한다. 흰밥 위에 달짝지근하게 카라멜 라이징된 양파, 그 위에 부드러운 장어구이가 도시락에 담겨 나오는 메뉴로 여행자에게 인기가 많다.",Unknown,010-4758-2480,09:00~14:00 / ※ 재료 소진 시 마감,장어덮밥,장어구이 / 음료수 등,가능,매주 월요일,있음,Unknown,화장실: 있음,50,130,FD,음식,FD02,외국식,FD020200,일식,0,100,30,0,0,0,30,15,45,observed,0.8795,0.9167,0.4512,0.849,blend,일식
2870910,39,음식점,사랑분식,제주특별자치도 제주시 동문로4길 12 (일도일동),63264,126.5278585879,33.5124928981,"사랑분식은 동문공설시장 내에 자리잡은 분식점이다. 주민 맛집이지만 항상 대기가 있을 정도로 인기있는 곳이다. 대표 메뉴는 사랑식으로 떡볶이 안에 김밥이 들어있는 메뉴이다. 가성비 좋은 맛집으로도 유명하여, 다양하게 주문해 든든하게 먹을 수 있다. 월요일부터 수요일까지는 휴무이고 목요일부터 일요일까지만 영업한다. 재료 소신 시에 조기 마감할 수 있다. 음식에 특별히 멋을 내지 않은 학교 앞 분식집, 시장 음식 맛을 느낄 수 있어 옛날 분식맛을 느끼고 싶은 사람들이 찾는 곳이다. 주변에 함께 둘러보기 좋은 여행지로 관덕정, 제주 원도심 등이 있다.",Unknown,064-757-5058,10:30~19:00,사랑식,떡볶이 / 라볶이 / 김밥 등,가능,"매주 월요일, 화요일, 수요일",Unknown,Unknown,Unknown,50,110,FD,음식,FD03,간이음식,FD030400,김밥 분식,0,100,10,10,10,20,30,15,45,category,0.8022,,0.0,0.8022,category,분식·간편식
2790670,39,음식점,사일리커피,제주특별자치도 서귀포시 대정읍 최남단해안로 412,63513,126.2757874827,33.2001734425,"송악산, 가파도, 마라도, 산방산을 동시에 전망할 수 있는 사일리커피는 제주도 최남단에 있다. 탁 트인 곳에 자리 잡아 제주 바다를 한눈에 담을 수 있어서 한번 와봤던 사람들은 잊지 못하고 다시 찾는 곳이다. 이곳의 시그니처 메뉴 중 하나인 샤벳 에이드와 샤일리 시나브로는 음료에 솜사탕, 레몬 퓌레를 넣으면 색이 변해 이색적인 맛과 재미를 주어 인기가 많다. 커피뿐 아니라 에이드, 라떼, 베이커리 등을 판매하여 아이와 함께 오기도 좋다. 테라스로 나가면 하모 방파제와 검은 현무암을 볼 수 있는 해변이 있어 커피도 마시고 제주 해변도 거닐 수 있다.",https://www.instagram.com/jeju__cyily_cafe,0507-1369-3382,10:00~18:00,사일리 시나브로 티,사일리 커피 / 사일리 바다라떼 / 가파도 청보리미숫가루 등,가능,"매달 둘째, 넷째 월요일",있음,Unknown,화장실: 있음,50,130,FD,음식,FD05,카페/ 찻집,FD050100,카페,80,70,90,0,40,10,60,45,75,category,0.8263,,0.0,0.8263,category,
2481642,39,음식점,사해방흑돼지,제주특별자치도 서귀포시 천제연로 263,63540,126.432727313043,33.2514987875865,"사해방흑돼지는 제주 서귀포시 중문관광단지 내에 위치하였다. 이곳은 청정 흑돼지만 사용하는 흑돼지 전문점이며 단체 300명가량 수용 가능한 깨끗한 실내와 매장 전용 넓은 주차장, 단체룸, 어린이 놀이방까지 갖추어져 있어 단체 모임이나 가족모임에 안성맞춤인 장소이다. 또한 이곳은 직영농장에서 직접 기르는 채소만을 사용하고 있어 신선한 맛을 느낄 수 있다.",Unknown,064-738-4577,10:30~22:00,흑돼지 근고기,백돼지 근고기 / 전복뚝배기 / 활전복 등,가능,연중무휴,Unknown,가능,Unknown,50,130,FD,음식,FD01,한식,FD010100,관광식당,10,100,20,0,10,0,60,45,75,category,0.816,,0.0,0.816,category,"제주 향토음식,고기·구이,해산물 요리,한식"
2851126,39,음식점,산지해장국,제주특별자치도 제주시 임항로 34,63277,126.5285223303,33.5163924761,"산지해장국은 제주항 근처 서부두 수협 맞은편에 있다. 제주식 소고기 선지해장국으로 진하고 얼큰한 소고기 국물에 고기, 선지, 콩나물과 시래기가 푸짐하게 들어있다. 아침 6시에 오픈하여 아침 해장하기 좋은 곳이다. 소문난 맛집인 만큼 재료가 신선하고 내장탕 맛집으로도 유명하다. 근처 여행지로 동문재래시장, 제주 원도심, 제주성지 등이 있다.",Unknown,064-723-4978,06:00~14:30,소고기 해장국,소내장탕,불가능,매주 수요일,있음,Unknown,화장실: 있음,50,110,FD,음식,FD01,한식,FD010100,관광식당,0,100,0,0,0,0,30,15,45,observed,0.8078,0.8068,0.8892,0.816,blend,한식
2905340,39,음식점,살롱드라방,제주특별자치도 제주시 하가로 146-9,63036,126.3490000000,33.4579000000,"살롱드라방은 하가리 연화지 근처에 있다. 팬케이크가 맛있기로 소문난 브런치 카페로 크림치즈애플 토핑 팬케이크가 인기 메뉴이다. 또 다른 인기 메뉴로는 팬케이크 사이에 견과류를 섞은 아이스크림을 넣은 팬또아, 너츠 밀크와 에스프레소가 어울린 라방커피가 있다. 외부는 정성스럽게 꾸민 마당에 테이블이 있고 내부에는 주인이 직접 그린 그림과 깔끔한 화이트톤 실내에 창문으로는 제주 시골의 정취가 느껴진다. 주변 여행지로 고내봉, 고내포구, 하가리 연화지 등이 있다.",Unknown,070-7797-3708,09:30~17:00 (마지막 주문 16:30),홈메이드 그릭요거트,팬또아 / 크림치즈 애플토핑펜케익 / 토스트샐러드 등,가능,매주 일요일~월요일,Unknown,Unknown,Unknown,50,110,FD,음식,FD05,카페/ 찻집,FD050100,카페,50,90,80,10,10,0,60,45,75,blend,0.7671,0.5,0.1813,0.8263,blend,
1865762,39,음식점,삼다도횟집,제주특별자치도 제주시 서해안로 572,63114,126.4993275871,33.5189945013,"삼다도횟집은 제주공항 부근 용두암 해안도로에 자리하고 있으며 자연산 활어회를 제공하는 음식점이다. 이곳은 청청해역의 바닷물로 항시 직수 공급되는 수족관에서 신선한 활어와 해산물을 제공한다. 깨끗한 플랑크톤을 먹고 자란 싱싱한 해산물을 맛볼 수 있어, 바다의 신선함을 그대로 느낄 수 있다. 제주 삼다도횟집은 제주를 방문하는 관광객뿐만 아니라 현지인들에게도 인기가 높은 장소로, 신선한 회와 다양한 해산물 요리를 맛볼 수 있는 최적의 장소이다. 제주공항 근처에서 접근이 용이하여 편리하게 방문할 수 있다.",Unknown,064-711-7085,10:00~22:00,모듬회,해산물모듬 / 생선초밥 / 회덮밥 / 매운탕 등,가능,매주 월요일,Unknown,가능,Unknown,50,110,FD,음식,FD01,한식,FD010100,관광식당,20,100,30,10,10,0,60,45,75,category,0.816,,0.0,0.816,category,"해산물 요리,회·물회·초밥"
2806020,39,음식점,삼다숯불갈비,제주특별자치도 서귀포시 명동로 (43),63595,126.5664511015,33.2477319085163,"삼다숯불갈비는 제주특별자치도 서귀포시에 위치하고 있다. 제주도민들에게 맛집으로 알려진 숯불갈비 전문점이다. 제주산 돼지고기만을 이용한 생갈비와 돼지양념갈비가 대표메뉴이다. 특히 생갈비는 생고기 본연의 고소한 맛을 느낄 수 있으며 멜젓이 함께 제공되어 풍미를 더한다. 이 외에도 흑돼지 오겹살, 가브리살, 된장찌개 등 다양한 메뉴가 준비되어 있다.",Unknown,064-763-0668,17:00~23:00,돼지생갈비,돼지양념갈비 / 흑돼지 오겹살 / 가브리살 / 된장찌개 / 냉면 외,Unknown,Unknown,Unknown,가능,Unknown,50,130,FD,음식,FD01,한식,FD010100,관광식당,0,100,10,10,0,0,60,45,75,category,0.816,,0.0,0.816,category,"고기·구이,한식"
404202,39,음식점,삼대국수회관,제주특별자치도 제주시 삼성로 41,63269,126.5301029645,33.5068657788,"삼대국수회관은 고기국수라는 제주도 만의 특별한 국수를 비롯해서 여름의 별미인 콩국수와 열무국수 등 국수의 여러 가지 맛을 느낄 수 있는 곳이다. 당일 준비한 밀가루 반죽으로 직접 국수를 만들고, 당일에 들여온 신선한 고기만을 사용하여 최고의 국수맛을 볼 수 있는 곳이다. 시원한 국물은 비리지 않고 담백하며, 듬뿍 들어 있는 고기는 하루 종일 배를 든든하게 한다. 또한, 돔베고기라고 하는 수육은 부드러운 제주 돼지의 육질을 그대로 맛볼 수 있다.",www.visitjeju.net,064-759-6645,08:30~01:30,고기국수,비빔국수 / 멸치고기국수 / 스지국수 등,가능,연중무휴,"남녀구별, 식당내부",가능,"화장실: 남녀구별, 식당내부",50,110,FD,음식,FD01,한식,FD010100,관광식당,0,100,20,30,10,0,60,45,75,observed,0.8602,0.8646,0.9093,0.816,blend,"제주 향토음식,고기·구이,한식,면 요리"
2759608,39,음식점,삼무국수,제주특별자치도 제주시 삼무로3길 46-1 (연동),63125,126.4909789569,33.4905891798,제주에 가면 꼭 한번 맛봐야 하는 음식들이 있다. 그중에서도 부담 없는 가격으로 제주만의 맛을 찾는 관광객에게 추천하는 고기국수는 진한 돼지고기 육수에 편육을 올려내는 음식이다. 제주 향토 음식인 고기국수는 마을에서 각종 경조사 때 돼지를 잡고 남은 고기와 면을 국물에 말아 먹은 것에서 유래했다고 한다. 제주공항에서 가까운 삼무국수의 고기국수는 담백하고 깔끔하여 특히 인기가 좋다. 또한 쫄깃한 국수 위에 싱싱하고 도톰한 제철 횟감에 채소를 곁들여 비벼 먹는 회 쟁반 국수도 별미이다.,https://www.instagram.com/jeju_sammoogooksoo,064-711-5656,08:00~22:50,고기국수,돔베고기 / 멸치국수 / 돼지국밥 / 메밀만두 / 순두부찌개 등,가능,Unknown,가능 (남녀 구분),가능,"화장실: 가능 (남녀 구분) | 부대시설: 주차장, 화장실, 단체석, 무선 인터넷",50,110,FD,음식,FD01,한식,FD010100,관광식당,0,100,20,30,0,0,30,15,45,observed,0.8447,0.8448,0.997,0.816,blend,"제주 향토음식,회·물회·초밥,한식,면 요리"
2831941,39,음식점,삼미흑돼지 중문점,제주특별자치도 서귀포시 색달중앙로 33,63534,126.4134575743,33.2585497158,"서귀포시 중문관광단지에 위치한 삼미흑돼지 중문점은 숯불로 구워 먹는 흑돼지의 진한 풍미를 온전히 즐길 수 있는 맛집이다. 제주산 흑돼지를 직화로 구워내어 육즙이 풍부하고 쫄깃한 식감을 자랑한다. 흑돼지 정식에는 오겹살과 목살을 섞어 제공한다. 멜젓(제주식 멸치젓갈)에 생새우와 마늘, 고추를 넣어 끓여서 찍어 먹는 소스가 독특하다. 사이드 메뉴도 다양하여 고기와 함께 다양한 조합으로 식사를 즐길 수 있다. 그 중 전복내장 볶음밥인 게우볶음밥이 별미이다. 넓은 주차 공간과 내부도 깔끔하게 인테리어 되어있으며 단체석도 준비되어 있어 가족 모임이나 단체 모임에도 적합한 장소이다.",Unknown,064-739-9392,10:30~03:00 (마지막 주문 02:00),삼미숙성 흑돼지정식,흑돼지 돈마호크 / 흑돼지 생갈비 / 게우볶음밥 등,가능,연중무휴,있음,Unknown,화장실: 있음,50,130,FD,음식,FD01,한식,FD010100,관광식당,0,100,40,0,40,0,60,45,75,category,0.816,,0.0,0.816,category,"제주 향토음식,고기·구이,한식"
2781431,39,음식점,삼보식당,제주특별자치도 서귀포시 중정로 25 (서귀동),63592,126.5590868593,33.2476448874,"서귀포 시내에 자리하고 있는 삼보식당은 푸짐한 제주식 해물 뚝배기로 인기몰이를 하는 식당이다. 제주 맛의 세 가지 보물이라고 불리는 뚝배기, 자리물회, 옥돔구이 전문점이라 하여 삼보식당이라고 이름 붙였다고 한다. 수요 미식회와 식객 허영만의 백반 기행에도 소개된 맛집으로, 인기 메뉴인 뚝배기는 오분자기와 해물은 물론, 성게알까지 듬뿍 넣어 끓인다.",Unknown,064-762-3620,- 08:00~21:00 / - 마지막 주문 20:00,전복뚝배기,옥돔구이 / 자리물회 / 한치물회 / 전복구이 등,가능,"매달 둘째, 넷째 수요일",있음,Unknown,화장실: 있음,50,130,FD,음식,FD01,한식,FD010100,관광식당,0,100,20,20,10,0,60,45,75,blend,0.8767,1.0,0.3297,0.816,blend,"제주 향토음식,해산물 요리,회·물회·초밥,한식"
1984251,39,음식점,삼복가든,제주특별자치도 제주시 조천읍 비자림로 653,63346,126.676522693967,33.4367033800553,"삼복가든은 제주 미니랜드 인근에 위치한 한식 전문 음식점이다. 백숙, 닭볶음탕, 해물뚝배기, 된장찌개, 뼈다귀해장국, 두루치기 등 다양한 한식 메뉴를 판매하며, 아침식사도 가능하다. 제주식 집밥을 맛볼 수 있다.",Unknown,064-784-8181,08:00~20:00※ 자세한 사항은 전화문의 요망,백숙,도리탕 / 두루치기 / 흑돼지생선구이 등,가능,매주 일요일※ 자세한 사항은 전화문의 요망,Unknown,Unknown,Unknown,50,110,FD,음식,FD01,한식,FD010100,관광식당,0,90,0,0,0,0,60,45,75,category,0.816,,0.0,0.816,category,"제주 향토음식,고기·구이,해산물 요리,한식"
664081,39,음식점,삼성혈해물탕,제주특별자치도 제주시 선덕로5길 20,63122,126.4977255785,33.4912225503,"제주도청 뒤편에 자리 잡고 있는 삼성혈해물탕은 신선한 해산물과 깊고 진한 국물이 특징인 해물탕을 제공한다. 탕에 들어간 다양한 해산물은 풍부한 맛을 더하며, 매콤하면서도 시원한 국물이 입맛을 돋운다. 편안한 분위기의 실내에서 가족, 친구들과 함께 제주에서 맛있는 해물탕을 즐기기에 좋은 장소이다.",Unknown,064-745-3000,10:00~21:00 (마지막 주문 20:00),해물탕,전복회 / 문어숙회 / 전복뚝배기 등,가능 (인근 공영주차장),연중무휴,Unknown,가능,Unknown,50,110,FD,음식,FD01,한식,FD010100,관광식당,10,90,20,0,10,0,60,45,75,blend,0.8494,1.0,0.1813,0.816,blend,"해산물 요리,한식"
2852063,39,음식점,삼일해장국,제주특별자치도 제주시 하귀9길 14,63054,126.4151162206,33.4856662979,"삼일해장국은 제주도 애월읍 하귀 아파트 근처에 있는 해장국 전문점이다. 메뉴는 얼큰한 국물에 시래기와 파, 콩나물, 소고기, 선지가 푸짐한 소고기 해장국과 소간, 허파, 천엽 등이 푸짐한 소 내장탕 두 개뿐이다. 부드러운 고기와 얼큰하고 진한 국물이 손님들의 입맛을 사로잡는다. 근처 여행지로 연대 포구, 내도 알작지 해변 등이 있다.",Unknown,064-747-3136,07:00~13:20,해장국,소내장탕,가능,매주 화요일 / 설·추석 연휴,있음 (남/녀 구분),Unknown,화장실: 있음 (남/녀 구분),50,110,FD,음식,FD01,한식,FD010100,관광식당,10,100,10,0,0,0,60,45,75,category,0.816,,0.0,0.816,category,한식
1984252,39,음식점,새둥지,제주특별자치도 제주시 동광로4길 11,63208,126.531723578656,33.5006436082752,"새둥지는 제주시청 인근에 있는 한식 전문 음식점이다. 새둥지에서는 추어탕, 보쌈, 물회가 대표 요리로 유명하다. 오전에 문을 열어 아침식사로도 좋으며, 함께 제공되는 반찬들도 다양하여 골라먹는 재미가 있다. 부모님과 함께 방문하여 든든한 한끼 식사 하기 좋은 식당이다.",Unknown,064-753-4868,- 월요일~금요일 10:00~21:00- 토요일 10:00~20:00,추어탕,보쌈 / 자리물회 / 한치물회 등,불가능,매주 일요일,Unknown,Unknown,Unknown,50,110,FD,음식,FD01,한식,FD010100,관광식당,0,100,10,0,0,0,60,45,75,category,0.816,,0.0,0.816,category,"회·물회·초밥,한식"
2715354,39,음식점,새빌,제주특별자치도 제주시 애월읍 평화로 1529,63039,126.3636734821,33.3615847697,"제주시에 위치한 카페 새빌은 기존의 리조트를 리모델링한, 유럽의 중세시대 성같은 분위기의 베이커리 카페이다. 새별오름이 바로 눈앞에서 펼쳐지는 제주에서 핫한 카페이며, 대한민국 6대 이색 카페에 선정될 정도로 제주를 방문하는 사람들이 많이 찾고있다. 사계절마다 다른 아름다운 노을과 계절별 다양한 신비의 섬 제주가 선사하는 자연을 함께 경험할 수 있다. 대표 메뉴인 크로아상은 프랑스 현지인들의 입맛도 사로잡았으며, 약 50여가지의 베이커리와 디저트, 그리고 제주의 신선한 과일과 야채로 만든 프리미엄 음료, 새빌만의 커피, 신선한 제주우유와 함께 다양한 먹거리를 제공하고 있다.",www.instagram.com,064-794-0073,09:00~18:30 (마지막 주문 18:00),크루아상 샌드위치,핑크뮬리 쉬폰 / 한라봉 에이드 / 회오리 큐브 등,가능,연중무휴,있음,모든 카드 이용가능,화장실: 있음,50,110,FD,음식,FD05,카페/ 찻집,FD050100,카페,80,90,90,20,10,10,60,45,75,observed,0.7919,0.75,0.4512,0.8263,blend,
2708692,39,음식점,색달해녀의집,제주특별자치도 서귀포시 중문관광로 154-17,63535,126.4156104662,33.2450679043,"서귀포에 위치한 색달해녀의집은 해녀들이 바다에서 갓 건져 올린 싱싱한 해산물을 바로 맛볼 수 있는 곳이다. 돌문어, 쥐치 등 다양한 제철 생선을 즉석에서 손질해 회로 제공하기 때문에 신선함이 뛰어나며, 멍게, 문어, 낙지 같은 해산물도 잡아 온 그대로의 맛을 즐길 수 있다. 게 바로 앞에는 해수욕장을 바라볼 수 있는 야외 테이블이 넓게 마련되어 있어, 탁 트인 바다 풍경을 감상하며 여유롭게 식사를 즐길 수 있다.",Unknown,064-738-6042,10:00~18:00,돌문어,뿔소라 / 전복 / 멍게 등,가능,※ 비정기 휴무로 방문 시 전화문의 요망,Unknown,Unknown,Unknown,50,130,FD,음식,FD02,외국식,FD020500,퓨전음식,60,100,80,20,10,0,60,45,75,category,0.8192,,0.0,0.8192,category,"해산물 요리,회·물회·초밥,양식·세계음식"
404151,39,음식점,생원전복,제주특별자치도 서귀포시 안덕면 산방로 7,63530,126.330759130206,33.2458450530539,제주 지역에서 전복요리 또한 절대 빼놓을 수 없는데 전복요리를 제대로 하는 곳이 바로 생원 전복요리 전문점이다. 남제주의 산방산을 가기 직전 만날 수 있는 화순리에 위치한 생원 전복요리점은 대대로 해녀 집안이었던 전통을 살려 전복요리를 하는 곳으로 지금도 제주 지역에서 채집된 전복만을 사용하는 식당이다. 전복 요리의 대표격인 전복죽은 당연 이곳의 주메뉴이다. 전복의 내장을 갈아 넣고 전복을 푸짐하게 썰어 넣은 노란색의 전복죽은 내륙에서는 먹기 힘든 음식이다. 생원 전복요리집의 별미는 전복 돌솥밥이다.,Unknown,064-792-2109,10:00~21:00 (마지막 주문 20:00),전복회,돈 샤브샤브 / 전복돌솥밥 / 전복구이 등,가능,매주 화요일,Unknown,가능,Unknown,50,130,FD,음식,FD01,한식,FD010100,관광식당,10,100,20,30,10,0,60,45,75,blend,0.8494,1.0,0.1813,0.816,blend,"제주 향토음식,해산물 요리,한식"
3071677,39,음식점,서귀포 제주에인 감귤밭 카페,제주특별자치도 서귀포시 호근서호로 20-14 (호근동),63569,126.5390093115,33.2565638566,"서귀포 제주에인 감귤밭 카페는 제주특별자치도 서귀포시에 있는 감귤밭 카페로, 감귤을 테마로 한 다양한 체험과 포토존을 함께 즐길 수 있는 곳이다. 음료를 주문하면 감귤밭에 입장할 수 있으며, 곳곳에 마련된 포토존에서 제주다운 감성 사진을 남길 수 있다. 감귤밭에는 여름까지 볼 수 있는 하귤나무가 자라고 있으며, 포토존에는 장식용 감귤이 사계절 내내 연출되어 있어 언제 방문해도 감귤밭의 정취를 느낄 수 있다. 카페에서는 한라봉을 활용한 라봉퐁당에이드 등 시그니처 음료를 맛볼 수 있으며, 감귤모자를 비롯한 다양한 감귤 소품도 판매한다. 감귤 따기 체험과 감귤청·청귤청 만들기 체험 프로그램을 운영해 아이들과 함께 특별한 추억을 만들기 좋다. 다만 감귤 따기 체험은 수확 시기에 따라 운영 여부가 달라지므로 방문 전에 체험 가능 여부를 확인하는 것이 좋다.",Unknown,0507-1320-3593,10:00~18:00,생귤탱귤주스,제주에인브런치 / 수제그릭요거트&과일플레이트 / 청귤퐁당에이드 등,가능,매주 일요일,Unknown,Unknown,Unknown,50,130,FD,음식,FD05,카페/ 찻집,FD050100,카페,80,80,90,20,90,40,60,45,75,blend,0.8836,1.0,0.3297,0.8263,blend,
404121,39,음식점,서귀포괸당네,제주특별자치도 서귀포시 칠십리로 123,63596,126.567548327187,33.2430769108982,서귀포에 위치한 서귀포괸당네 식당은 제주산 갈치 요리에 일가견이 있는 음식점이다. 제주산 은갈치로 만들어 내는 갈치조림과 갈치회가 이 집의 대표 메뉴이다. 매콤한 양념의 갈치조림은 큼직한 무에 갖은 양념을 넣어 조림을 하는데 다른 반찬이 필요 없을 정도로 맛이 좋다. 괸당네 갈치회는 하얀 속살에 은빛에서 느껴지는 쫄깃함이 보인다. 관광객에 많이 알려져 성수기에는 반드시 예약은 필수이다. 1층과 2층으로 구비되어 약 150석의 넓은 좌석까지 확보하고 있어 단체 고객까지도 충분히 수용할 수 있어 이용이 편리하다.,Unknown,064-732-3757,08:00 ~ 20:30,통갈치조림,통갈치조림 / 통갈치구이 / 고등어조림 / 고등어구이 외,주차 가능,연중무휴,Unknown,가능,Unknown,50,130,FD,음식,FD01,한식,FD010100,관광식당,0,90,20,0,0,0,60,45,75,blend,0.7587,0.5,0.1813,0.816,blend,"제주 향토음식,해산물 요리,회·물회·초밥,한식"
1823088,39,음식점,서귀포시축협 축산물플라자,제주특별자치도 서귀포시 일주동로 8421,63598,126.588468289905,33.2571978278387,"서귀포시축협 축산물플라자는 제주도민들도 즐겨찾는 한우전문점이다. 서귀포시 축협 조합원이 직접 키우고 출하한 1등급 이상의 한우를 판매하고 있다. 넓은 주차장과 어린이 놀이방 시설을 구비하고 있어 단체 회식이나 모임을 하기에도 좋다. 대표메뉴인 한우모듬 뿐만 아니라 식사류인 불고기전골, 돌솥비빔밥, 한우탕, 갈비탕 등의 메뉴도 준비되어 있다.",Unknown,064-732-1486,11:00~21:00 (마지막 주문 20:00),한우모둠,한우탕 / 갈비탕 등,가능,매주 월요일 / 설·추석 연휴,Unknown,가능,Unknown,50,130,FD,음식,FD01,한식,FD010100,관광식당,0,90,20,0,10,10,60,45,75,category,0.816,,0.0,0.816,category,"고기·구이,한식"
664982,39,음식점,서귀포흑돼지명가,제주특별자치도 서귀포시 태평로 122 (호근동),63571,126.5363506678,33.2440797906,"서귀포흑돼지명가는 50여 년의 전통을 이어오고 있는 제주 향토음식 전문점이다. 제주산 흑돼지 갈비를 비롯해 정식 메뉴, 해물탕, 갈치조림, 된장찌개 등 다양한 메뉴를 선보이고 있다. 화학조미료를 사용하지 않는 것을 원칙으로 하며, 계절에 따라 테라스 공간을 이용할 수 있다. 또한 식사 후 산책을 즐길 수 있는 정원을 갖추고 있어 여유로운 시간을 보내기 좋다.",Unknown,064-739-7347,12:00~22:00,제주흑돼지오겹살,제주흑돼지목살 / 돼지양념갈비 / 돼지생갈비 등,가능,매주 일요일,Unknown,Unknown,Unknown,50,130,FD,음식,FD01,한식,FD010100,관광식당,30,100,20,40,10,0,60,45,75,category,0.816,,0.0,0.816,category,"제주 향토음식,고기·구이,해산물 요리,한식"
2877645,39,음식점,서귀피안 베이커리,제주특별자치도 서귀포시 신양로122번길 17,63641,126.9219749494,33.4352519734,"서귀피안 베이커리는 제주 신양섭지해수욕장에 있다. 제주 동쪽 최대 규모의 카페로 전 좌석 45m 파노라마 오션 뷰를 즐길 수 있다. 크림색과 우드톤, 민트색이 어우러진 유러피안 감성 인테리어에 단체석이 있으며 1층은 바와 레스토랑, 2층은 베이커리 카페, 3층은 서귀피안 라운지로 운영한다. 아침 8시부터 빵이 나오기 시작하여 근처에서 숙박하는 여행자가 아침 식사하기 좋다. 주변 여행지로 섭지코지 등이 있다.",Unknown,0507-1338-8378,08:00~20:00 (마지막 주문 19:15),서귀피넛,서귀피안에이드 / 크로아상 / 명란아보카도 등,가능요금 (무료),연중무휴,Unknown,Unknown,Unknown,50,130,FD,음식,FD05,카페/ 찻집,FD050100,카페,80,70,90,10,10,10,60,45,75,observed,0.8508,0.8508,0.998,0.8263,blend,
2839730,39,음식점,서귀피안 보래드 베이커스,제주특별자치도 서귀포시 보목로64번길 178 (보목동),63599,126.5905508715,33.2444429618,"보래드베이커스는 제주 서귀포시에 위치한 감성적인 분위기의 베이커리 카페로, 서귀항과 문섬이 한눈에 내려다보이는 탁 트인 오션뷰를 자랑한다. 호텔 서귀피안과 함께 운영되고 있어 숙박과 함께 고품질의 커피와 베이커리를 즐길 수 있다. 이곳의 모든 베이커리 메뉴는 당일 생산, 당일 판매를 원칙으로 하여 신선하고 풍미 가득한 맛을 자랑한다. 고급 생커피콩을 직접 선별해 매장에서 로스팅하는 로스터리 카페로, 커피 본연의 깊고 풍부한 향미를 즐기기에 좋다. 세련된 인테리어와 여유로운 공간 구성으로 커피 한 잔의 여유를 즐기기에 제격이며, 인근에는 정방폭포, 외돌개 등 제주 대표 관광지가 가까워 연계 관광 코스로도 안성맞춤이다.",https://www.instagram.com/boraed_bakers,064-735-1450,08:00~18:00 (마지막 주문 17:30),플레인 크로아상,테디 보틀 시리즈 / 플레인 스콘 / 마틸다 케이크 등,가능,연중무휴,Unknown,Unknown,Unknown,50,130,FD,음식,FD05,카페/ 찻집,FD050100,카페,70,90,80,0,20,10,60,45,75,observed,0.9525,0.9844,0.7981,0.8263,blend,
2839783,39,음식점,서서방숯불닭갈비 제주본점,제주특별자치도 제주시 신광로 61 1층,63123,126.4901152327,33.4866479357,"서서방숯불닭갈비는 제주시 호텔이 밀집된 연동에 있다. 초벌구이한 고기를 숯불로 구운 양념 닭갈비, 흑돼지가 메인메뉴이며 닭고기는 제주산 한라 육계만 사용한다. 오너 세프가 제주 토박이로 제주 시내에 본점 포함 3개 지점을 운영하고 있다. 제주공항과 가깝고 차 없는 거리 옆에 있어 주차장은 없다. 근처에 삼무공원, 도두봉, 무지개 해안도로 등이 있다.",Unknown,064-743-7745,11:00~02:00,양념황제모둠,양념황제모둠 / 제주모자반숙성닭갈비 / 제주무항생제친환경닭갈비 / 닭목살 등,불가,연중무휴,Unknown,Unknown,Unknown,50,110,FD,음식,FD01,한식,FD010100,관광식당,20,90,30,20,20,0,60,45,75,blend,0.8494,1.0,0.1813,0.816,blend,"고기·구이,한식"
655543,39,음식점,서울뚝배기,제주특별자치도 제주시 아연로 10,63142,126.496638408926,33.4807037018467,"제주시 연동에 위치한 서울뚝배기는 전복뚝배기, 해물뚝배기, 옥돔구이, 고등어조림, 은갈치조림, 해물탕 등의 한식을 판매하고 있다. 그 중 대표 메뉴는 전복뚝배기와 제주산 은갈치만 사용한 은갈치 조림이다. 이른 아침 제주공항 근처에서 식사할 곳을 찾는다면 방문해 볼 만하다.",Unknown,064-712-4550,06:00~20:00,전복뚝배기,해물뚝배기 / 은갈치조림 / 옥돔구이 등,가능,연중무휴,Unknown,가능,Unknown,50,110,FD,음식,FD01,한식,FD010100,관광식당,0,100,0,20,0,0,60,45,75,category,0.816,,0.0,0.816,category,"제주 향토음식,해산물 요리,한식"
2938592,39,음식점,서작가초밥집,제주특별자치도 서귀포시 태평로 416-1,63596,126.5647985422,33.2448488835,"서작가초밥집은 서귀포에 자리한 작은 일식집으로, 기본에 충실한 음식과 정성스러운 손맛을 느낄 수 있는 곳이다. 초밥에 올라가는 재료는 직접 손질해 사용하며, 우동 육수부터 각종 소스와 튀김까지 하나하나 직접 만들어 제공한다. 기성품이나 반제품 사용을 최소화하고 모든 메뉴에 정성을 담아 완성하는 것이 이곳의 특징이다. 대표 메뉴는 당일 들여온 자연산 생선을 활용한 자연산 초밥과 정택진 초밥이며, 신선한 활어초밥도 많은 사랑을 받고 있다. 바삭하게 튀겨낸 왕새우튀김 역시 인기 메뉴 중 하나로 손꼽힌다. 손이 많이 가고 시간이 오래 걸리더라도 정직한 재료와 정성을 고집하며, 작은 맛의 차이를 알아주는 손님들의 발길이 꾸준히 이어지는 곳이다. 소박하지만 진심이 담긴 한 끼를 즐기고 싶다면 방문해 볼 만한 초밥집이다.",Unknown,070-7736-5728,17:00~22:00 (마지막 주문 21:30),당일바리 자연산 초밥,정택진 초밥 / 모둠사시미 / 서작가 초밥 등,불가능,매주 수요일,Unknown,Unknown,Unknown,50,130,FD,음식,FD02,외국식,FD020200,일식,0,100,10,10,10,0,60,45,75,category,0.849,,0.0,0.849,category,"회·물회·초밥,일식"
2877671,39,음식점,서홍정원,제주특별자치도 서귀포시 솜반천로55번길 12-8,63584,126.5544260403,33.2526164877,"서홍정원은 45년 된 구옥을 개조한 주택형 카페이다. 나카무라출신의 파티시에가 계절디저트와 케이크를 수제로 만들며, 100% 동물성 생크림을 사용한다. 야외 테이블에는 사계절 푸른 나무가 있고 실내는 빛이 잘 드는 창과 다양하고 빈티지한 테이블이 있다. 비밀의 정원 같은 테라스에 앉아 숲을 감상할 수 있다. 시그니처 메뉴로는 아몬드비엔나와 카푸치노번이 있고 브런치 인기메뉴로는 제주흑돼지 미트볼&적채 샐러드, 프렌치토스트 등이 있다.",https://www.instagram.com/cafe_seojeong,064-762-5858,- 카페 09:30~18:00 (마지막 주문 17:25) / - 브런치 09:30~15:00,흑돼지미트볼&적채샐러드,프렌치토스트 / 아몬드비엔나 / 카푸치노번 / 계절디저트 등,가능,연중무휴,있음,Unknown,화장실: 있음,50,130,FD,음식,FD05,카페/ 찻집,FD050100,카페,80,90,90,20,10,0,60,45,75,blend,0.8125,0.75,0.1813,0.8263,blend,
2833409,39,음식점,선이네밥집,제주특별자치도 제주시 조천읍 신북로 262,63331,126.6399665376,33.5381469339,"선이네밥집은 제주에서 집밥 스타일의 한식 백반을 맛볼 수 있는 식당이다. 정식 메뉴에는 된장찌개, 콩나물국, 제육, 갈치, 나물, 계란프라이 등 다양한 반찬이 제공되며, 흑돼지 불고기정식, 김치찌개, 동태찌개, 닭볶음탕 등 다양한 메뉴가 있다. 현지인들에게 인기 있는 가성비 좋은 식당으로 직접 확인하고 고른 신선한 식재료로 식사를 준비하고 있다. 가게 내부는 아담하고 편안한 분위기로 조용하게 식사를 즐길 수 있다.",Unknown,064-727-3450,08:30~21:00※ 재료 소진 시 일시 마감되므로 전화 문의 후 방문 요망,선이네밥 정식,흑돼지불고기정식 / 김치찌개 / 김치닭볶음탕 등,불가능,매주 일요일,Unknown,Unknown,Unknown,50,110,FD,음식,FD01,한식,FD010100,관광식당,10,100,20,20,10,0,60,45,75,blend,0.7942,0.75,0.3297,0.816,blend,"제주 향토음식,고기·구이,한식"
2792535,39,음식점,선흘곶,제주특별자치도 제주시 조천읍 선흘서2길 22,63340,126.6901500792,33.5108928938,"선흘곶은 제주시 조천읍에 있는 한식집이다. 입구를 들어서면 주인장의 손길이 닿은 정겨운 느낌의 내부와 오밀조밀하게 꾸며놓은 넓은 정원이 손님들을 반긴다. 제주에서 나는 식자재로 만든 건강한 쌈밥이 이 집의 주력 메뉴다. 반찬이 풍성하게 차려지고 부드럽고 야들야들한 돔베 고기와 고등어구이, 그리고 쌈 채소가 나온다. 쌈에 고등어와 돔베 고기를 올리고, 양념과 함께 싸서 먹으면 건강한 한 끼 식사를 즐길 수 있다.",Unknown,064-783-5753,- 10:00~18:00 / - 마지막 주문 16:00,쌈밥 정식,Unknown,가능,매주 화요일,있음,Unknown,화장실: 있음,50,110,FD,음식,FD01,한식,FD010100,관광식당,70,90,60,20,10,0,60,45,75,category,0.816,,0.0,0.816,category,"제주 향토음식,고기·구이,해산물 요리,한식"
2850014,39,음식점,선흘방주할머니식당,제주특별자치도 제주시 조천읍 선교로 212,63341,126.7003970128,33.4846070775,"선흘방주할머니식당은 제주시 조천읍 선흘리에 위치해 있으며 제주라프 근처에 자리잡고 있다. 이곳은 아들이 직접 농사지은 콩으로 어머니가 정성스럽게 요리하는 건강한 밥상으로 유명하다. 곰취잎을 만두피로 활용한 삼채곰취만두는 향긋하고 쫄깃한 식감이 독특하다. 또한 제주산 고사리를 넣은 고사리비빔밥, 고소한 맛이 인상적인 검정콩국수 등 건강한 식재료로 구성된 다양한 메뉴가 있어 남녀노소 누구나 만족할 수 있는 식당이다. 이곳은 건강한 한 끼를 원하거나 제주만의 향토 음식을 경험하고 싶은 이들에게 제격이다. 인근에 거문오름과 제주라프, 선녀와 나무꾼 공원이 있어 함께 둘러보기 좋다.",Unknown,064-783-1253,10:00~19:00 (마지막 주문 18:20),검정콩국수,고사리 비빔밥 / 흑돼지보쌈 / 도토리부침개 등,가능,매주 일요일,있음,Unknown,화장실: 있음,50,110,FD,음식,FD01,한식,FD010100,관광식당,20,100,20,60,10,0,60,45,75,observed,0.9323,1.0,0.6321,0.816,blend,"제주 향토음식,한식,면 요리"
2870651,39,음식점,섬소나이 우도본점,제주특별자치도 제주시 우도면 우도해안길 814,63365,126.9576601478,33.5133691617,"섬소나이는 제주시 우도, 하고수동 해수욕장에 있는 퓨전음식점이다. 다양한 짬뽕과 피자가 있고 세트메뉴가 준비되어 있다. 특히 다양한 재료를 넣어 12시간 동안 직접 끓인 해산물 육수를 사용하여 짬뽕의 맛이 깊다. 면과 피자 도우도 톳과 모자반 사용한 톳 도우이다. 당일 직접 만든 면을 사용하고 재료는 당일 소진을 원칙으로 한다. 땡짬은 맑은 짬뽕, 우짬은 빨간짬뽕, 백짬은 크림짬뽕이며 모든 짬뽕의 맵기는 기호에 따라 선택할 수 있다. 식당 안에서도 바다를 바라볼 수 있고 식사 후 우도를 천천히 둘러보는 것도 좋다. 우도에서 든든하고 특별한 한 끼를 원하는 사람들에게 추천한다. 주변에 함께 둘러보기 좋은 여행지로 비양도, 검멀레 해수욕장 등이 있다.",https://www.instagram.com/udo_islandguy,0507-1339-2918,09:00~17:00,우짬,백짬 / 땡짬 / 소섬피자 등,가능,연중무휴 / ※ 배가 뜨지 않는 날 휴무이므로 전화문의 요망,있음,Unknown,화장실: 있음,50,110,FD,음식,FD02,외국식,FD020100,중식,40,90,60,0,10,0,60,45,75,observed,0.9053,0.9167,0.8347,0.8477,blend,"중식,양식·세계음식"
2840487,39,음식점,섭섭이네,제주특별자치도 제주시 구좌읍 중산간동로 2261,63355,126.7843928004,33.4715876451,"섭섭이네는 제주도 구좌읍 송당사거리에 위치한 소박하면서도 감각적인 분위기의 음식점이다. 이곳은 정갈한 맛의 고기국수와 이색적인 퓨전 인도커리를 함께 즐길 수 있는 곳으로, 제주 전통의 맛과 이국적인 풍미가 조화를 이루는 메뉴로 사랑받고 있다. 대표 메뉴인 '흑돼지퐁당 커리'는 토마토, 버터, 우유가 어우러진 진한 퓨전 인도커리에 바삭하게 튀긴 흑돼지 고명이 올라가 깊은 맛을 자랑한다. 함께 인기 있는 '고기국수'는 담백한 국물에 도톰한 돔베고기가 듬뿍 들어 있어 제주식의 정갈한 풍미를 느낄 수 있다. 식당은 제주 전통 돌집을 그대로 활용해 아늑하고 따뜻한 분위기를 자아내며, 내부는 아기자기한 인테리어로 꾸며져 혼밥하기에도 부담 없는 공간이다. 대기 공간에는 셀프 음료대와 무인 판매 음료 코너가 마련되어 있어 기다리는 시간도 편안하게 보낼 수 있다.",https://www.instagram.com/subsub_7979,0507-1315-6813,11:00~16:30 (마지막 주문 16:00),흑돼지퐁당커리,고기국수 / 판모밀 / 흑돼지 마제소바 등,불가능,매주 일요일,있음,가능,화장실: 있음,50,110,FD,음식,FD02,외국식,FD020300,서양식,20,90,60,40,10,10,45,30,60,observed,0.6252,0.5625,0.6988,0.7706,blend,"제주 향토음식,면 요리,양식·세계음식"
1984253,39,음식점,성미가든,제주특별자치도 제주시 조천읍 교래1길 2,63346,126.676867087123,33.4375449543765,"성미가든은 제주 조천읍 고래리에 위치한 샤브샤브와 닭볶음탕 전문점이다. 메뉴로는 샤부샤부, 닭볶음탕 두 가지 메뉴가 있으며, 샤브샤브 메뉴의 경우에는 샤부샤부, 백숙, 녹두죽이 코스로 제공된다. 넓은 실내 공간과 다양한 좌석으로 단체 방문에도 편리하다. 성미가든에서는 기본적으로 샤부샤부 메뉴가 주문이 들어가기 때문에 닭볶음탕을 주문하고자 하는 경우 반드시 미리 말해야 한다.",Unknown,064-783-7092,11:00~20:00,샤브샤브,닭볶음탕,가능,"매월 둘째, 넷째 목요일",Unknown,가능,Unknown,50,110,FD,음식,FD01,한식,FD010100,관광식당,0,100,10,0,10,0,45,30,60,observed,0.7625,0.7188,0.5507,0.816,blend,"고기·구이,한식"
2833201,39,음식점,성산 부뚜막식당,제주특별자치도 서귀포시 성산읍 고성오조로 11,63641,126.9135544343,33.4451287653,"부뚜막식당은 제주 성산일출봉 근처 고성리에 있는 작은 노포이다. 대표 메뉴인 갈치조림을 주문하면 통갈치구이가 기본 서비스로 함께 나온다. 가성비 좋은 가격과 어머니 손맛으로 여행자들 사이에 이름이 알려져 있다. 멸치조림, 콩자반, 나물류 등의 다양한 밑반찬을 곁들인 가정식이 나오고, 아침 일찍 오픈하여 여행자들이 아침 먹기 좋다. 다만 아침 방문 시에는 영업여부를 미리 전화확인하는 것이 좋다. 또한, 인원수에 맞추어 주문할 수 있는 점도 장점이다. 자차를 이용할 경우, 내비게이션에 ‘제주 부뚜막식당’을 검색하면 된다. 근처에 성산일출봉, 우도, 섭지코지 등이 있다.",Unknown,064-782-8941,08:00~20:00 / ※ 아침 방문의 경우 전화문의 요망,갈치조림,성게미역국 / 옥돔구이 / 전복물회 등,가능,연중무휴,Unknown,Unknown,Unknown,50,130,FD,음식,FD01,한식,FD010100,관광식당,20,90,20,40,10,0,60,45,75,observed,0.8533,0.875,0.6321,0.816,blend,"제주 향토음식,해산물 요리,한식"
2833308,39,음식점,성산 타쿠마스시,제주특별자치도 서귀포시 성산읍 섭지코지로 15,63641,126.9185069225,33.4390739586,"제주 섭지코지 근처에 있는 타쿠마는 컨테이너 스시집이다. 날마다 신선한 회를 선별하여 제공하고 있는 모둠 초밥과 모둠 사시미는 매일 구성이 다르게 나온다. 에피타이저로 제공되는 흑돼지 곤약 무침도 이곳만의 고유 메뉴이다. 일식 이외에 제주산 식재료를 이용한 포케와 파스타, 슈토아에를 맛볼 수 있고, 우동, 소바, 구이, 덮밥 등의 메뉴도 있다. 회를 못 먹는 사람들이 주로 택하는 빨간 우동의 경우, 생선 뼈를 우린 진한 육수에 꽃게, 전복, 딱새우 등 해산물이 푸짐하게 들어가 별미이다. 성산일출봉과 섭지코지 사이에 위치해 있어 가족과 함께 또는 연인, 친구와 함께 제주 여행 시 방문하기 좋은 음식점이다.",https://www.instagram.com/takuma__sushi,064-783-4894,12:00~22:30,타쿠마 모듬초밥,제주 고등어초밥 / 일출봉슈토아에 / 된장크림에 빠진 흑돼지 등,가능,매주 화요일,Unknown,Unknown,Unknown,50,130,FD,음식,FD02,외국식,FD020200,일식,20,100,60,10,10,0,60,45,75,category,0.849,,0.0,0.849,category,"고기·구이,해산물 요리,회·물회·초밥,일식,양식·세계음식"
2870955,39,음식점,성산포 자연산 회센타,제주특별자치도 서귀포시 성산읍 한도로 67,63639,126.9154092981,33.4681706940,"성산포 자연산 회센타는 제주 서귀포시 성산고등학교 근처에 위치한 자연산 활어회 전문점이다. 이곳은 제주 지역은 물론 서울 노량진 수산시장 등 전국에 자연산 활어회를 납품하는 곳이다. 합리적인 가격으로 질 좋은 자연산 회를 맛볼 수 있는 가성비 횟집으로 알려져 있으며, 특히 제주 동쪽을 여행하는 관광객들, 골프 여행객들, 그리고 지역 주민들이 많이 찾는 곳이다. 이시가리, 돌돔, 고등어회, 모둠회 등 다양한 종류가 준비되어 있으며, 어시장처럼 바로 건져 회를 떠내는 방식으로 제공된다. 주변에 관광명소인 성산일출봉, 섭지코지, 광치기해변 등이 있어 식사 전후로 함께 둘러보기 좋다.",Unknown,0507-1400-1572,11:00~23:00,모둠회,이시가리 / 돌돔 / 고등어회 등,가능,연중무휴,있음,Unknown,화장실: 있음,50,130,FD,음식,FD01,한식,FD010100,관광식당,10,100,20,0,10,10,60,45,75,category,0.816,,0.0,0.816,category,회·물회·초밥
134980,39,음식점,성산해촌,제주특별자치도 서귀포시 성산읍 일출로 220,63643,126.9300249033,33.4592802468,"성산해촌에서는 창밖으로 성산일출봉이 한눈에 내다보이고 파란 바다가 펼쳐져 있는 경치가 아름다운 집으로 건물 바로 밑이 바다여서 마치 바다 위의 선상에서 식사를 하는 것처럼 느껴질 수도 있다. 식탁이 모두 원목 테이블로 되어 있어 화사한 분위기를 느낄 수 있으며, 바다를 바라보며 식사할 수 있는 곳이다.",www.instagram.com/haechon_jeju,0507-1406-8018,07:00~22:00,통갈치 정식,딱새우 정식 / 갈치조림 / 전복뚝배기 등,가능,연중무휴,있음,Unknown,화장실: 있음,50,130,FD,음식,FD01,한식,FD010100,관광식당,60,80,80,0,0,0,60,45,75,observed,0.7862,0.75,0.4512,0.816,blend,"제주 향토음식,해산물 요리,한식"
2839742,39,음식점,성산흑돼지두루치기 성산일출봉점,제주특별자치도 서귀포시 성산읍 한도로 255,63643,126.9348243278,33.4662128917,"성산 흑돼지 두루치기는 제주도 성산에 위치한 흑돼지 두루치기 전문 로컬 맛집으로, 현지 주민은 물론 관광객들에게도 꾸준한 사랑을 받고 있는 곳이다. 이 식당은 오직 제주산 흑돼지만을 엄선해 사용하는 것이 특징인데, 일반 돼지에 비해 지방이 적당하고 육질이 부드러우며 고소한 풍미가 뛰어나 먹는 이로 하여금 깊은 만족감을 준다. 대표 메뉴인 ‘흑돼지삼합두루치기’는 이곳만의 특수 레시피로 만든 소스를 사용하여 감칠맛을 더하고, 흑돼지 사골을 가마솥에 오랜 시간 푹 끓여낸 진한 육수를 베이스로 하여 더욱 깊고 진한 맛을 자랑한다. 두루치기 외에도 제주에서만 맛볼 수 있는 향토 음식인 몸국과 몸죽도 함께 제공되며, 이는 모자반이라는 바다 식물을 넣어 만들어 건강에도 좋고 속을 편안하게 해준다. 가게 내부는 규모는 크지 않지만 깔끔하게 잘 정돈되어 있어 가족 단위 손님도 불편 없이 식사를 즐길 수 있다.",Unknown,0507-1417-9303,10:30~21:00 (준비시간 15:30~17:00),제주 흑돼지삼합두루치기,자연산 몸국 / 1인 정식 / 제주 흑돼지두루치기 등,가능,"매월 첫째, 셋째 화요일",Unknown,Unknown,Unknown,50,130,FD,음식,FD01,한식,FD010100,관광식당,0,100,20,40,10,0,60,45,75,blend,0.8267,0.875,0.1813,0.816,blend,"제주 향토음식,고기·구이,한식"
404156,39,음식점,성읍칠십리식당,제주특별자치도 서귀포시 표선면 성읍정의현로 74,63624,126.8013682122,33.3893025655,"성읍칠십리식당은 제주 성읍민속마을 인근에 있는 흑돼지고기 음식전문점이다. 불향과 달큰향 향이 스며들도록 감귤나무 장작과 감귤껍질로 흑돼지고기를 초벌구이한다. 흑돼지고기와 함께 구워 먹을 수 있도록 제주 지역의 고사리를 제공하는 것이 특징이다. 이 외에도 제주지 역의 식문화를 반영한 지역의 별미, 꿩감자국수를 판매하고 있다.",Unknown,0507-1438-0935,11:00~20:30 (마지막 주문 20:00),제주흑돼지 오겹살,꿩감자국수 / 칠십리볶음밥 / 제주흑돼지 흑전지 등,가능,연중무휴,있음,Unknown,화장실: 있음,50,130,FD,음식,FD01,한식,FD010100,관광식당,10,90,30,40,20,10,60,45,75,blend,0.8494,1.0,0.1813,0.816,blend,"제주 향토음식,고기·구이,한식,면 요리"
2871931,39,음식점,센트로,제주특별자치도 서귀포시 태평로 449 (서귀동),63595,126.5675833663,33.2466895723,"센트로는 이중섭미술관에서 서귀포중학교 방향으로 가는 길에 위치해 있다. 모든 음식을 직접 만드는 이탈리안 레스토랑으로 뇨끼, 파스타, 조개스튜, 샐러드 등을 맛볼 수 있다. 대표메뉴는 감자뇨끼와 라자냐, 비스크크림파스타 등이 있다. 이 외에도 부채살크림리조또, 비스크오일파스타, 살치살스테이크 등 다양한 메뉴가 준비되어 있어 개인의 취향에 맞게 선택하여 먹을 수 있다. 예약우선제로 운영하며, 전화나 문자로 예약이 가능하다. 가게 맞은편에 전용주차장을 이용할 수 있고 그 옆에 무료주차장이 있어 차량으로도 접근이 용이하다. 주변에 함께 둘러보기 좋은 여행지로 정방폭포, 소남머리, 자구리공원, 이중섭거리 등이 있다.",https://www.instagram.com/centro_jeju,010-2811-7223,09:00~20:00 (마지막 주문 19:00),감자뇨끼,토마토베이컨파스타 / 비스크크림파스타 / 라자냐 등,가능,"매주 월요일, 화요일",있음,Unknown,화장실: 있음,50,130,FD,음식,FD02,외국식,FD020300,서양식,20,90,40,20,10,0,60,45,75,blend,0.6989,0.375,0.1813,0.7706,blend,양식·세계음식
2877734,39,음식점,소규모식탁,제주특별자치도 서귀포시 서광남로115번길 12,63521,126.2989780683,33.2833896168,"소규모식탁은 제주 안덕 서광서리 복지회관 근처에 있다. ‘소규모’의 의미는 소영, 규형, 엄마가 같이 꾸려가는 식탁이라는 뜻으로 소 정식은 건강하고 가볍게 먹을 수 있는 음식으로 최소한의 조리로 만든 캐주얼 브런치 메뉴이고 규 정식은 재미있고 맛있는 퓨전요리, 모 정식은 엄마의 손맛 살린 음식이라는 콘셉트를 따른다. 단품 메뉴로 카레, 샐러드 등이 있다. 주변 여행지로 신화역사공원, 오설록티뮤지엄 등이 있다.",Unknown,0507-1392-0844,[수요일~토요일] / - 11:00~20:00 / - 준비시간 15:00~17:00 / - 마지막 주문 19:30 / [일요일] / - 11:00~15:00 / - 마지막 주문 14:30,소정식,규정식 / 모정식 / 소다워터 등,가능,매주 월요일~화요일,있음,Unknown,화장실: 있음,50,130,FD,음식,FD01,한식,FD010100,관광식당,10,90,30,0,0,0,60,45,75,observed,0.8485,0.875,0.5507,0.816,blend,"한식,양식·세계음식"
2767638,39,음식점,소금바치순이네,제주특별자치도 제주시 구좌읍 해맞이해안로 2196,63364,126.9126503843,33.5036972787,"소금바치 순이네는 종달리 해안로에 자리하고 있는 해산물 요리 전문점이다. 예능 프로그램에도 나와 더욱 유명해진 곳이다. 이 집의 대표 메뉴는 매콤 달콤한 양념에 부드러운 식감의 돌문어를 각종 채소에 무쳐 만든 돌문어 볶음이다. 전복죽, 성게국, 보말국, 갈치조림 등 싱싱한 해산물 메뉴도 다양하다. 바로 앞에는 우도와 일출봉이 보이는 전망대가 있고, 근처에는 종달과 우도를 연결하는 항로가 있어 여객선이 자주 왕래한다. 식사 후 전망로를 따라 산책하기에도 좋다.",Unknown,064-784-1230,09:30~19:30 (마지막 주문 19:00),돌문어볶음,해물탕 / 모둠해산물 / 갈치조림 등,가능,매주 목요일,있음,가능,화장실: 있음,50,110,FD,음식,FD01,한식,FD010100,관광식당,60,90,70,20,40,0,60,45,75,observed,0.8404,0.8417,0.9502,0.816,blend,"제주 향토음식,해산물 요리,한식"
4075756,39,음식점,소농로드,제주특별자치도 제주시 구좌읍 비자림로 2615,63351,126.8344493687,33.5194102288,"제주 구좌읍 당근밭 한가운데, 국가 인증 유기농 당근을 직접 재배해 요리와 음료로 선보이는 팜카페다. 소농로드는 구좌 당근을 활용해 농업의 가치를 감각적으로 풀어내는 로컬 크리에이터 공간으로, 화산회토 토양에서 키운 유기농 당근의 은은한 단맛과 아삭한 식감을 100% 착즙 당근주스·당근케이크·당근레몬소르베·구좌 유기농 당근밭 라떼 등 다채로운 메뉴로 즐길 수 있다. 대표 메뉴 토끼세트는 구좌 당근 약 5개를 통째로 착즙한 유기농 당근주스와 요거트 크림을 곁들인 수제 당근케이크 한 조각으로 구성된다. 예약제 식사 메뉴인 자연주의 당근커리는 하루 전까지 예약이 필요하다. 통창 너머로 돌담과 푸른 당근밭이 펼쳐지는 실내에서는 당근 모티브 아기자기한 기념품도 만날 수 있다. 인근 비자림·세화해변과 연계해 방문하기 좋다.",Unknown,064-782-9106,10:00~17:00 (마지막 주문 16:30),제주 유기농 당근 주스,당근레몬샤베트 / 당근 라떼 / 당근 케이크 등,가능,연중무휴,Unknown,Unknown,Unknown,50,110,FD,음식,FD05,카페/ 찻집,FD050100,카페,70,90,80,30,30,20,75,60,90,blend,0.8578,1.0,0.1813,0.8263,blend,
1828308,39,음식점,소라횟집,제주특별자치도 제주시 구좌읍 해맞이해안로 1240-3,63360,126.8463054731,33.5325096853,"세화5일장 옆에 있는 소라횟집은 물회, 우럭매운탕 등 다양한 메뉴를 제공한다. 원양산 재료를 사용하는 갈치구이, 갈치조림을 제외한 모든 메뉴는 국내산 재료를 사용하여 제공한다.",Unknown,064-784-3545,- 09:00~21:00 / - 준비시간 15:00~17:00 / - 마지막 주문 14:50,활우럭매운탕,활우럭지리 / 활우럭조림 / 회덮밥 등,가능,매주 일요일,Unknown,가능,Unknown,50,110,FD,음식,FD01,한식,FD010100,관광식당,0,90,10,0,0,0,30,15,45,observed,0.8426,0.875,0.4512,0.816,blend,"해산물 요리,회·물회·초밥,한식"
2894478,39,음식점,소리원,제주특별자치도 제주시 연동12길 37,63136,126.4932011692,33.4825012221,"소리원은 제주도민들 사이에서 짬뽕 맛집으로 소문난 중식당이다. 인기메뉴인 삼선고추짬뽕은 얼큰 칼칼한 국물에 야채와 해물이 푸짐하게 들어가 있으며 삼선간짜장은 센 불로 빠르게 볶아내어 신선한 식감이 살아있다. 이외에도 삼선울면, 삼선우동, 새우짬뽕, 깐풍기 등 다양한 중식을 맛볼 수 있다. 새우볶음밥은 새우가 푸짐하게 들어가고 고슬고슬한 밥알이 일품이다. 내부가 깔끔하고 테이블 간격이 넉넉하다.",Unknown,064-747-8322,- 11:00~21:30 / - 준비시간 15:00~17:00 / - 마지막 주문 21:00,삼선고추짬뽕,짜장면 / 짬뽕 / 삼선간짜장 등,불가능,매주 월요일,있음,Unknown,화장실: 있음,50,110,FD,음식,FD02,외국식,FD020100,중식,0,100,20,0,10,0,45,30,60,blend,0.7847,0.5,0.1813,0.8477,blend,중식
2854069,39,음식점,소섬전복,제주특별자치도 제주시 우도면 우도해안길 1158,63365,126.9651070604,33.4988681080,"소섬전복은 제주 우도 검멀레해수욕장에서 우도해안길을 따라 조금만 올라가면 만날 수 있는 전복 요리 전문점이다. 이곳은 청정 제주 바다에서 잡은 국내산 전복만을 사용하여 다양한 전복 요리를 선보이고 있다. 대표 메뉴로는 전복밥, 전복뚝배기, 전복죽, 전복물회 등이 있으며, 각각의 요리는 신선한 전복의 풍미를 최대한 살려 깔끔하고 깊은 맛을 자랑한다. 식사를 하면서는 통유리로 된 넓은 창을 통해 아름다운 우도 바다 풍경을 감상할 수 있어, 맛과 경치를 동시에 즐길 수 있는 점이 큰 장점이다. 우도를 방문하는 여행객들에게 만족도가 높다. 조용한 분위기에서 식사를 즐기며 제주 바다의 매력을 느낄 수 있는 소섬전복은 우도 여행 중 들러볼 만한 곳이다.",https://www.instagram.com/soseomjeonbog,064-782-0062,09:00~20:00 (마지막 주문 18:30),전복죽,전복버터구이 / 전복물회 / 전복성게미역국 등,가능,연중무휴,있음,Unknown,화장실: 있음,50,110,FD,음식,FD01,한식,FD010100,관광식당,60,90,70,0,0,0,45,30,60,observed,0.642,0.5,0.5507,0.816,blend,"제주 향토음식,해산물 요리,회·물회·초밥,한식"
2759610,39,음식점,손맛촌,제주특별자치도 제주시 조천읍 비자림로 661,63346,126.677347603146,33.4373227657493,"손맛촌은 고사리갈치조림과 통갈치구이 전문점으로 모든 수산물과 식재료를 국내산으로 사용한다. 통통한 갈치와 맛있는 양념, 고사리가 어우러진 고사리갈치조림은 가장 인기 있는 메뉴 중 하나이다. 또한 갈치 본연의 맛을 느낄 수 있는 통갈치구이도 맛볼 수 있다. 이 외에도 전복뚝배기, 성게미역국, 전복물회, 한치물회 등 다양한 종류의 한식 메뉴를 맛볼 수 있다. 돌문화공원, 에코랜드, 미니랜드, 산굼부리, 사려니숲길, 절물자연휴양림에서 자동차로 약 5분 거리에 있어 조천을 방문한 관광객의 필수 코스이기도 하다.",Unknown,0507-1447-3386,09:00~20:30 (마지막 주문 19:30),고사리 갈치조림,통갈치구이 / 전복뚝배기 / 성게미역국 등,가능요금 (무료),연중무휴,Unknown,Unknown,Unknown,50,110,FD,음식,FD01,한식,FD010100,관광식당,20,90,20,10,10,0,60,45,75,blend,0.736,0.375,0.1813,0.816,blend,"제주 향토음식,해산물 요리,회·물회·초밥,한식"
2833244,39,음식점,솔동산고기국수,제주특별자치도 서귀포시 부두로 23 (서귀동),63596,126.5652336535,33.2429705005,"솔동산고기국수는 제주 서귀포 이중섭거리 아래쪽에 있는 솔동산 문화의 거리에 있다. 육수의 깊은 맛과 고기의 담백하고 깔끔함을 더욱 살리는 솔동산만의 비법으로 만드는 반반국수, 고기국수, 비빔국수, 해물 국수, 흑돼지 만두, 수육 등을 맛볼 수 있는 국수 전문점이다. 제주도 향토 음식 중 하나인 고기국수를 강하지 않고 깔끔한 맛의 사골 육수로 만들고 두툼한 수육이 함께 올려져 나온다. 제주도 유명 관광지 인근에 있어 여행 일정으로 방문하기 좋으며, 이른 아침 오픈으로 제주도 아침 식사로 좋다, 또한 혼자 오는 여행객을 위한 특별한 메뉴도 준비되어 있어 편하게 방문 할 수 있다.",Unknown,064-733-5353,09:00~17:00 (마지막 주문 16:30),반반국수,고기국수 / 비빔국수 / 고기국밥 등,가능,매주 화요일,Unknown,Unknown,Unknown,50,130,FD,음식,FD01,한식,FD010100,관광식당,0,100,20,20,10,0,45,30,60,blend,0.804,0.75,0.1813,0.816,blend,"제주 향토음식,한식,면 요리"
2499713,39,음식점,송당나무,제주특별자치도 제주시 구좌읍 송당5길 68-140,63355,126.7890922698,33.4769510167,"송당나무는 넓은 정원에서 꽃을 감상할 수 있는 가드닝 카페로 제주시 구좌읍 송당리에 위치해 있다. 강수량이 많은 송당리는 식물이 자라기 좋은 환경으로 귤 농사 대신 조경수 재배를 많이 하는 동네로 알려져 있다. 허브, 야자나무, 선인장 등 온갖 식물이 가득한 온실이나 야외 정원에서 에이드, 커피 등 차 한 잔을 즐기며 여유를 느낄 수 있다. 반려동물 동반이 가능하고 케이지나 전용 가방을 지참할 경우 실내도 입장할 수 있다. 비정기적으로 가드닝 수업을 진행하며 카페 공식 사이트에서 확인할 수 있다.",http://blog.naver.com/songdangnamu,010-9364-2819,10:00~18:00,라떼,아메리카노 / 홍차 / 포트 티라미수 등,가능,연중무휴,있음,가능,화장실: 있음,50,110,FD,음식,FD05,카페/ 찻집,FD050100,카페,90,70,90,20,40,0,60,45,75,category,0.8263,,0.0,0.8263,category,
2860639,39,음식점,송림반점,제주특별자치도 제주시 관덕로 2-1,63168,126.5197592925,33.5124511065,송림반점은 제주 구도심 서문사거리에 위치한 중식당이다. 70년이 넘은 노포로 1950년대에 화교가 처음 오픈했고 이후 세 번의 주인이 바뀌고 1979년부터 지금의 주인이 운영하고 있다. 제주도 내 옛날식 중화요리 도민 맛집이다. 대표메뉴 간짜장은 해산물과 돼지고기가 넉넉하게 들어있고 뒷맛이 칼칼한 것이 특징이다. 제주산 돼지고기를 사용하는 탕수육은 육질이 쫀득하다.,Unknown,064-722-4229,11:30~15:00 (마지막 주문 14:30),간짜장,우동 / 짬뽕 / 볶음밥 / 탕수육 등,가능,매주 일요일,있음,Unknown,화장실: 있음,50,110,FD,음식,FD02,외국식,FD020100,중식,0,100,20,60,10,0,30,15,45,blend,0.7743,0.625,0.3297,0.8477,blend,중식
2850090,39,음식점,쇠소깍 복순이네,제주특별자치도 서귀포시 쇠소깍로 156 (하효동),63600,126.6210730819,33.2509121773,"쇠소깍 복순이네는 제주 서귀포시 쇠소깍로에 위치한 정겨운 분위기의 한식당으로, 바다와 자연을 함께 즐길 수 있는 쇠소깍 인근에 자리해 있어 식사와 여행을 함께 즐기기에 좋은 곳이다. 대표 메뉴인 해물탕은 신선한 해산물이 푸짐하게 들어가 깊고 시원한 국물 맛이 일품이다. 그 외에도 제주 향토 음식인 옥돔구이, 성게 미역국 등 제주 바다의 맛을 제대로 느낄 수 있는 메뉴들이 다양하게 준비되어 있다. 처음에는 현지 주민들 사이에서 알려진 숨은 맛집이었지만, 입소문이 퍼지고 여러 매체에 소개되면서 많은 여행객들이 찾는 인기 식당이 되었다. 아침식사나 혼밥이 가능한 단품 메뉴도 마련되어 있어 누구나 부담 없이 들를 수 있다. 금호리조트에서 가까운 위치에 있어 숙박객들이 찾기에도 좋으며, 식사 후에는 쇠소깍의 맑은 물길을 따라 산책을 할 수 있다.",Unknown,064-767-5008,08:00~21:00,해물탕,전복갈치조림 / 옥돔구이 / 성게미역국 등,가능,연중무휴,있음,Unknown,화장실: 있음,50,130,FD,음식,FD01,한식,FD010100,관광식당,60,90,40,60,40,0,60,45,75,category,0.816,,0.0,0.816,category,"제주 향토음식,해산물 요리,한식"
2941421,39,음식점,수눌음,제주특별자치도 서귀포시 하모항구로 50 수눌음,63506,126.2500422457,33.2181497776,"수눌음은 제주 서귀포시 대정읍에 위치한 횟집이다. 방어축제가 열리는 모슬포항에 위치하여 저렴한 가격에 싱싱하고 맛있는 특방어회와 고등어회를 맛볼 수 있는 곳이다. 외관도 깔끔하고 실내도 깔끔하며 널찍한데도 웨이팅이 있을 정도로 인기있다. 세트메뉴를 시키면 회와 함께 회국수, 생선 조림, 지리탕 등이 함께 나와 가성비가 좋다. 이외에도 회정식과 보말성게국, 고등어구이 등의 메뉴도 준비되어 있어 남녀노소 든든한 한 끼 식사가 가능하다.",Unknown,064-794-0025,- 11:00~21:30- 준비시간 14:30~16:00- 마지막 주문 20:00,모둠회세트,자리보리밥세트 / 고등어세트 / 대방어세트,가능,매주 월요일,Unknown,Unknown,Unknown,50,130,FD,음식,FD01,한식,FD010100,관광식당,10,100,20,0,10,0,60,45,75,blend,0.8561,0.9375,0.3297,0.816,blend,"해산물 요리,회·물회·초밥,한식"
1909258,39,음식점,수다뜰,제주특별자치도 제주시 명림로 164,63313,126.610128052093,33.4720843045889,"제주 농가의 소박한 밥상을 만날 수 있는 곳이다. 해콩 가루를 풀어 넣고 소금을 뿌려 몽글몽글 콩꽃을 피운 콩국과 제주에서만 가능한 심층 용암 해수로 만든 바닷물 손두부가 주메뉴다. 회나 돼지고기구이 등 일품 메뉴를 마주할 때와는 다른 편안함이 있다. 인근에 절물자연휴양림이 있어 편백숲에서의 힐링 체험이 가능하며, 절물오름, 어린이 놀이시설이 갖춰져 있다. 절물자연휴양림에서 에코힐링 체험 후 명도암수다뜰에서의 제주전통음식 체험을 할 수 있다. 가족끼리 편안한 분위기에서 식사할 수 있도록 좌식 테이블이 마련되어 있다.",Unknown,064-723-2722,09:30~18:30,두부생선구이,손두부두루치기 / 콩국수 / 콩국 등,가능,연중무휴,Unknown,가능,Unknown,50,110,FD,음식,FD01,한식,FD010100,관광식당,40,80,20,60,50,0,60,45,75,blend,0.7587,0.5,0.1813,0.816,blend,"한식,면 요리"
2871954,39,음식점,수망다원,제주특별자치도 서귀포시 남원읍 태수로608번길 84,63615,126.7189265562,33.3365903957,"수망다원은 제주 서귀포시 남원읍 수망사거리 인근에 위치한 유기농 차 전문 카페이자 다원이다. 깨끗한 자연환경 속에서 유기농 방식으로 녹차를 재배하고 있으며, 넓게 펼쳐진 녹차밭을 바라보며 차를 즐길 수 있는 공간이다. 신선한 잎녹차를 비롯해 말차, 홍차 등 다양한 차를 맛볼 수 있다. 직접 재배한 유기농 녹차와 홍차가 수망다원의 대표 메뉴이며, 유기농 말차 라떼 역시 또 다른 대표 메뉴이다. 다양한 찻잎도 구매할 수 있다. 차밭은 산책하기 좋을 뿐 아니라 배경도 좋아 사진찍기에도 좋다. 자연 속에서 차 한 잔의 여유를 즐기고 싶은 사람들, 가족 단위 여행객이나 부모님과 함께하는 여행 코스로도 추천한다.",http://www.sumang.kr/kor,0507-1340-3033,10:00~18:00 (마지막 주문 17:30),녹차와 홍차,말차 라떼 / 말차 / 홍차라떼 등,가능,연중무휴,있음,Unknown,화장실: 있음,50,130,FD,음식,FD05,카페/ 찻집,FD050100,카페,90,80,90,20,40,50,60,45,75,observed,0.8671,0.9167,0.4512,0.8263,blend,
2831920,39,음식점,수애기베이커리,제주특별자치도 서귀포시 동일하모로98번길 48-59,63506,126.2442091801,33.2222482902,"제주 서귀포시 대정읍에 위치한 수애기베이커리카페는 오션뷰와 베이커리로 유명한 대형 카페이다. ‘수애기’는 제주 방언으로 돌고래를 의미하며, 카페가 위치한 모슬포항과 동일리포구 일대에서 돌고래를 관찰할 수 있어 이름이 지어졌다. 카페는 원형 구조로 설계되어 있으며, 통유리 창을 통해 탁 트인 바다 전망을 감상할 수 있다. 주요 메뉴로는 아몬드크림라떼, 딸기라떼, 스무디, 에이드 등이 있으며, 직접 구운 소금빵과 포카치아 등 베이커리도 인기 있다. 주차 공간도 넉넉하여 편리하게 방문할 수 있으며, 카페 내부에는 잉어를 볼 수 있는 분수대도 있어 아이들과 함께 방문하기에도 적합하다. 여유로운 분위기를 동시에 즐길 수 있는 장소로 추천한다.",Unknown,064-792-7997,09:00~21:00 (마지막 주문 20:40),아몬드크림라떼,소금빵 / 선셋에이드 / 달팽이빵 등,가능,연중무휴,Unknown,Unknown,Unknown,50,130,FD,음식,FD05,카페/ 찻집,FD050100,카페,60,80,90,0,20,10,45,30,60,blend,0.7671,0.5,0.1813,0.8263,blend,
2873724,39,음식점,수와래베이커리,제주특별자치도 서귀포시 남원읍 태위로 17,63611,126.6498228833,33.2724741457,"제주 서귀포시 위미초등학교 근처 주택가에 자리한 수와래베이커리는 오래된 구옥을 그대로 활용한 빵집이다. 이곳은 커피 메뉴 없이 빵과 약간의 병음료만 판매하는 순수 베이커리로, 테이크아웃만 가능하다. 인기 있는 메뉴는 소금빵으로, 프랑스산 엘르엔비르고메버터와 맥선 유기농 밀가루를 사용하고 가격이 합리적인 편이다. 앙버터 메뉴를 주문하면 치아바타, 소금빵, 바게트 중 원하는 빵을 선택해 취향에 따라 즐길 수 있다. 주변에는 위미항, 공천포, 쇠소깍 등 자연 경관과 관광지들이 가까이 있어 함께 둘러보기 좋다.",https://instagram.com/suwaraebakery,064-805-0006,10:00~17:00,바게트,소금빵 / 앙버터 / 크루아상 등,불가능,"매주 월요일, 화요일",Unknown,Unknown,Unknown,50,130,FD,음식,FD03,간이음식,FD030100,제과,20,90,60,10,10,20,15,15,30,blend,0.8995,1.0,0.3297,0.85,blend,"분식·간편식,양식·세계음식"
1305270,39,음식점,수희식당,제주특별자치도 서귀포시 태평로 377,63595,126.5612617215,33.2453646181,"소박하지만 깔금한 분위기의 수희식당은 제주 서귀포 향토 음식 전문점이다. 적당한 양념으로 신선한 원재료와 맛을 살려 유명해졌다. 특히 전복뚝배기와 갈치조림 요리가 인기이고 시원하고 깔끔한 국물의 해물 뚝배기는 청청한 바다에서 갓 잡은 싱싱한 해물로 끓여 시원하면서도 담백하여 해장국으로도 안성맞춤이다. 계절에 맞춰 제공되는 담백한 맛의 성게물회도 수희식당의 인기 메뉴 중 하나다. 이외에도 옥돔구이, 왕소금을 뿌려 구운 제주 은갈치 구이 등의 메뉴가 준비되어 있다.",Unknown,064-762-0777,08:00~20:30 (마지막 주문 19:40),갈치조림,전복뚝배기 / 성게미역국 / 갈치국 등,가능,연중휴무,있음,Unknown,화장실: 있음,50,130,FD,음식,FD01,한식,FD010100,관광식당,10,100,20,30,10,0,60,45,75,blend,0.7736,0.6875,0.3297,0.816,blend,"제주 향토음식,해산물 요리,회·물회·초밥,한식"
2798036,39,음식점,숙성도 제주본점,"제주특별자치도 제주시 제원길 30 (연동) 2, 3층",63131,126.4888958794,33.4873145093,"숙성도는 100% 제주 흑돼지를 차별화된 기술로 숙성하여 제공하는 돼지고기구이 전문점이다. 이곳은 선별된 정육을 진공으로 포장해 영하 1도의 염수로 보관하는 워터에이징 후, 바람과 온도, 습도를 관리하는 드라이에이징까지 교차로 숙성한다. 또한, 돼지고기 하면 떠오르는 삼겹살 부위가 아니라 비선호 저지방 부위인 등심, 앞다리, 뒷다리 등 기타 부위들을 전문적인 숙성법으로 더 맛있게 맛볼 수 있다는 점이 이 집만의 특징이다.",https://blog.naver.com/songmeat3555,0507-1335-5211,11:30~22:00 (마지막 주문 21:10),교차숙성 흑돼지,숙성 통항정살 / 갈치속젓 볶음밥 / 동치미 열무국수 등,가능,연중무휴,있음,Unknown,화장실: 있음,50,110,FD,음식,FD01,한식,FD010100,관광식당,0,100,20,10,10,0,60,45,75,category,0.816,,0.0,0.816,category,"고기·구이,한식,면 요리"
2894496,39,음식점,순두부엔짬뽕,제주특별자치도 제주시 통물길 30,63071,126.4348421978,33.4894328604,"순두부엔짬뽕은 제주시 외도동 월대천 근처에 있다. 매일 새벽 100% 국내산 콩 만으로 전통 재래방식 손두부를 만드는 집이다. 대표 메뉴는 순두부 짬뽕으로 불맛 나는 국물에 순두부와 숙주가 푸짐하게 올라 있어 얼큰하면서 시원하지만, 오전 10시부터 3시 사이에만 판매한다. 동충하초로 직접 발효하는 냄새 없는 청국장, 모 두부, 두부전골, 매운 순두부찌개, 재래식 순두부 등 건강한 콩 음식을 판매하고 있다. 주변 여행지로 월대천, 내도알작지해변, 이호테우해변 등이 있다.",Unknown,064-745-4499,07:00~20:00,순두부짬뽕,매운순두부찌개 / 재래식순두부 / 두부전골 / 동충하초청국장 등,가능,매주 화요일,남녀구분,Unknown,화장실: 남녀구분,50,110,FD,음식,FD01,한식,FD010100,관광식당,20,100,20,20,10,0,45,30,60,blend,0.7587,0.5,0.1813,0.816,blend,한식
2840505,39,음식점,순아커피,제주특별자치도 제주시 관덕로 32-1 (삼도이동),63168,126.5227367964,33.5131038591,"순아커피는 제주목관아 관덕정 앞에 위치한 카페이다. 이 카페는 신축 건물이 아닌, 옛 일본식 건물을 그대로 보존하여 사용하고 있는 것이 특징이다. 해당 건물은 소유자였던 해당 건물은 과거 일본에 취업하여 재산을 모은 한 제주 할머니가 고향 제주에 대한 그리움을 안고 매입한 것으로, 그녀가 제주를 방문할 때 머물기 위한 공간이었다. 현재는 그 할머니의 이름인 ‘순아’를 그대로 사용하여 ‘순아커피’라는 상호로 운영되고 있다. 이곳에서는 다양한 유기농 차와 음료를 판매하고 있어 건강을 생각하는 이들에게 적합하다. 순아커피는 제주 원도심 여행의 주요 거점 중 하나로, 관덕정, 동문시장, 제주목관아 등과 가까운 거리에 있어 함께 둘러보기 좋다.",Unknown,010-3692-5342,- 평일 09:30~17:30 / - 토요일 11:00~19:00,제주 유기농 녹차,제주 유기농 청차 / 아메리카노 / 드립커피 등,불가능,"매주 일요일, 월요일",Unknown,Unknown,Unknown,50,110,FD,음식,FD05,카페/ 찻집,FD050100,카페,20,80,70,60,10,10,60,45,75,blend,0.8578,1.0,0.1813,0.8263,blend,
1828395,39,음식점,순옥이네명가,제주특별자치도 제주시 도공로 8,63113,126.465018565223,33.5054447582115,"순옥이네 명가는 15년 째 성업 중인 전복물회의 명가다. 해녀가 운영하는 검증된 식당인 데다가 물회는 물론 성게미역국, 해물뚝배기 등 해물의 묵직하면서도 개운한 맛을 찾는 이들로 늘 북적인다. 직접 따온 전복, 성게, 오분작 등의 자연산 해산물요리를 제공한다. 도두동에 위치하여 제주공항과 가깝고 관광객이 많이 찾는 맛집으로 알려져 있다.",Unknown,064-743-4813,09:00~21:00 (마지막 주문 20:30),순옥이네물회,전복물회 / 전복뚝배기 / 모듬해산물 등,가능,연중무휴,Unknown,가능,Unknown,50,110,FD,음식,FD01,한식,FD010100,관광식당,30,100,20,20,0,0,30,15,45,observed,0.7882,0.7812,0.7981,0.816,blend,"제주 향토음식,해산물 요리,회·물회·초밥,한식"
2783376,39,음식점,순천미향 제주산방산본점,제주특별자치도 서귀포시 안덕면 사계남로216번길 24-73,63528,126.3124946210,33.2357006510,"제주 산방산 맛집으로 알려진 순천미향제주산방산 본점은 문어, 전복, 흑돼지를 넣어 만든 제왕삼합이 대표 메뉴이다. 제주 은갈치조림, 은갈치구이, 고등어구이, 전복구이, 전복해물뚝배기, 성게미역국도 있다. 돌냄비에 흑돼지, 전복, 치즈, 돌문어가 크게 들어가 음식이 나오면 푸짐한 양에 눈으로 한번 놀라고 맛으로 반한다는 제주순천미향 제왕삼합은 재료가 신선하고 과일 소스로 만들어 모두 다 좋아할 수 있는 맛이다.",https://www.instagram.com/suncheunmihyang,064-792-2004,- 10:00~20:00 / - 마지막 주문 19:00,제왕삼합,은갈치조림 / 전복구이 / 전복해물뚝배기 등,가능,매주 목요일,있음,Unknown,화장실: 있음,50,130,FD,음식,FD01,한식,FD010100,관광식당,0,100,20,10,0,0,60,45,75,observed,0.7674,0.7083,0.4512,0.816,blend,"제주 향토음식,고기·구이,해산물 요리,한식"
2864269,39,음식점,숲 제주,제주특별자치도 제주시 무근성3길 9 (삼도이동),63167,126.5189482217,33.5137787240,"숲 제주는 제주공항에서 가까운 무근성길에 위치한 감각적인 종합분식 전문점이다. 영국풍 가정집을 연상시키는 따뜻하고 깔끔한 인테리어가 인상적이다. 이곳의 메뉴인 통 우럭튀김은 신선한 우럭 한 마리를 통째로 바삭하게 튀겨낸 뒤, 숲 제주만의 특제 소스를 뿌려 고소하고 담백한 맛을 자랑한다. 비린맛이 나지 않아 생선을 즐기지 않는 이들도 부담 없이 먹을 수 있는 메뉴이다. 또한 방앗간 쌀떡볶이, 제주 통한치튀김, 회오리 오므라이스 등 다양한 메뉴 구성으로 취향에 따라 선택해 먹을 수 있다. 식당 내부는 혼자 방문한 손님부터 가족 단위, 단체 손님까지 모두 편안하게 이용할 수 있도록 자리 배치가 잘 되어 있어 누구에게나 열려 있는 공간이다.",https://www.instagram.com/soop.jeju,0507-1377-3686,11:00~21:00,방앗간 쌀떡볶이,제주통한치튀김 / 경양식 돈가스 / 통 우럭튀김 등,가능,매주 금요일,있음,Unknown,화장실: 있음,50,110,FD,음식,FD02,외국식,FD020500,퓨전음식,0,100,60,0,20,0,60,45,75,category,0.8192,,0.0,0.8192,category,"제주 향토음식,분식·간편식,양식·세계음식"
2845335,39,음식점,쉬어갓,제주특별자치도 서귀포시 성산읍 일주동로 5023,63634,126.8822834985,33.3861208867,"쉬어갓은 제주도 동쪽 성산읍에 위치한 감성 가득한 디저트 카페이다. 이름처럼 여행 중 잠시 쉬어가기 좋은 곳으로, 탁 트인 제주 바다 풍경과 함께 여유로운 시간을 보낼 수 있는 공간이다. 이곳의 시그니처 메뉴는 현지에서 직접 배워 온 튀르키예(터키) 전통 디저트인 '카이막'으로, 꾸덕꾸덕하고 크리미한 식감에 고소한 우유의 신선함이 어우러진 독특한 맛을 자랑한다. 제주에서 나는 식재료를 활용해 만든 특색 있는 음료도 함께 제공되며, 그 외에도 다양한 디저트와 마실 거리가 마련되어 있어 입맛 따라 고를 수 있는 즐거움이 있다. 특히 넓은 잔디 마당과 바다가 어우러진 야외 공간에서 인생샷을 남기고 싶은 이들에게도 인기 있는 장소이다. 조용한 분위기에서 달콤한 디저트와 함께 진정한 휴식을 원한다면, 쉬어갓은 제주 여행 중 꼭 들러볼 만한 매력적인 카페이다.",https://www.instagram.com/she_a_god_,0507-1328-2492,11:00~18:00,카이막,수툴라치 / 카트메르 / 카이막 아이스크림 등,가능,매주 목요일,있음,가능,화장실: 있음,50,130,FD,음식,FD05,카페/ 찻집,FD050100,카페,70,90,80,20,20,10,60,45,75,blend,0.8578,1.0,0.1813,0.8263,blend,
2755879,39,음식점,스마일러,제주특별자치도 제주시 애월읍 상고길 47,63059,126.4158748424,33.4699597157,"아이들과 가기 좋은 동물 카페 스마일러. 마당에는 염소, 돼지, 고양이, 토끼, 앵무새 등이 있고 미끄럼틀도 있어 아이들이 야외에서도 즐겁게 놀 수 있다. 주택을 리모델링한 카페에는 방별로 악어, 거북이, 개구리, 새, 물고기들이 있다. 열대어나 도마뱀 등 희귀 애완동물들 모두 분양할 수 있고 쉽게 키울 수 있도록 풀세팅된 키트도 있어 처음 애완동물을 기르고자 하는 사람도 사장님께 컨설팅을 잘 받아볼 수 있다.",Unknown,070-8285-7558,주중 13:00~18:00 / 주말 11:00~18:00,아메리카노,카라멜마끼야또 / 딸기주스 / 수제레몬차 / 자몽에이드 등,가능 / 요금 (무료),매주 수요일,가능 (남녀구분),가능,"화장실: 가능 (남녀구분) | 부대시설: 단체석, 주차, 무선 인터넷",50,110,FD,음식,FD05,카페/ 찻집,FD050100,카페,40,50,60,0,60,20,60,45,75,category,0.8263,,0.0,0.8263,category,
2843921,39,음식점,스모크하우스인구억,제주특별자치도 서귀포시 대정읍 보성구억로 223,63518,126.2783968021,33.2708184610,"스모크하우스인구억은 서귀포 대정읍 구억리삼거리에 위치해 있는 양식전문점이다. 건물 외부 그라피티가 인상적이며, 내부 역시 옛날 마늘창고를 리모델링하여 이색적인 인테리어를 보여주고 있다. 미국음식점이자 펍으로 미국식 수제버거와 샌드위치, 미국 남부 바베큐의 대표인 폴드포크를 이용한 음식을 판매한다. 곁들이는 생맥주로는 맥파이 생맥주를 제공한다. 햄버거와 샌드위치의 속 재료로 쓰이는 햄, 파스트라미, 패티 등을 직접 만들고, 재료소진 시 영업을 조기 마감한다. 반려동물과 함께 입장할 수 있다. 근처에 오설록티뮤지엄, 신화월드와 제주곶자왈도립공원과 함께 둘러봐도 좋다.",https://www.instagram.com/smokehouseingueok,0507-1480-8218,12:00~21:00 (마지막 주문 20:00),더블쿼터파운드버거,풀드포크샌드위치 / 브리스킷 타코 / 필리치즈스테이크샌드위치 등,가능,매주 월요일,Unknown,Unknown,Unknown,50,130,FD,음식,FD03,간이음식,FD030200,"피자, 햄버거, 샌드위치 및 유사음식",20,90,70,10,20,0,60,45,75,observed,0.7332,0.7,0.6321,0.7903,blend,양식·세계음식
2904931,39,음식점,스물다섯,제주특별자치도 제주시 다랑곶6길 19 대성빌라트,63098,126.480795249931,33.4889802620529,"스물다섯은 제주 남녕고등학교 인근 주택가에 위치한 카페이다. 책과 그림, 소품, 드라이플라워 등 스물다섯 나이를 표현하는 것처럼 아기자기하게 꾸몄다. 대표 메뉴인 스물다섯커피는 라떼 위에 크림과 귀여운 그림이 올려지고, 북극곰라떼의 경우 콜드브루 원액을 얼려 만든 북금곰 모양 얼음에 신선한 우유를 넣은 라떼이다. 카페 한켠에는 생화가 있어 구매할 수도 있다.",Unknown,064-748-3334,11:00~20:00 (마지막 주문 19:40),스물다섯커피,북극곰라떼 / 딸기레몬차 / 땅콩크림크로플 등,불가능,※ 비정기적 휴무로 방문 시 사전 공지 확인,Unknown,Unknown,Unknown,50,110,FD,음식,FD05,카페/ 찻집,FD050100,카페,20,70,80,10,10,10,60,45,75,blend,0.8578,1.0,0.1813,0.8263,blend,
2838100,39,음식점,스시애월,제주특별자치도 제주시 애월읍 장전로 57,63055,126.3842807673,33.4522250681,"스시애월은 제주특별자치도 애월읍에 위치한 일식 오마카세 전문점으로, 애월항 근처 바닷가에 자리하고 있어 아름다운 해안 풍경과 함께 식사를 즐길 수 있는 곳이다. 이곳은 일식 초밥과 회, 소바, 튀김 등으로 구성된 정갈한 코스요리를 제공하며, 전 메뉴는 예약제로만 운영된다. 고급 초밥을 합리적인 가격에 즐길 수 있어 제주에서 가성비 좋은 오마카세 맛집으로 입소문이 나 있다. 조용하고 집중도 높은 식사 분위기를 위해 노키즈 존으로 운영되며, 예약은 전화로만 가능하다. 스시애월 주변에는 한담해변, 고내봉, 고내리포구 등 함께 둘러보기 좋은 여행지가 가까워, 식사 후 가볍게 산책하며 제주의 자연을 느끼기에도 좋다. 조용한 분위기 속에서 고급스러운 일식을 즐기고 싶은 이들에게 추천할 만한 곳이다.",http://www.instagram.com/sushi_aewol,064-799-2008,11:00 ~20:30 / ※ 자세한 사항은 전화문의 요망,사시미 앤 도로초밥세트,Unknown,가능,매주 수요일,Unknown,Unknown,Unknown,50,110,FD,음식,FD02,외국식,FD020200,일식,70,100,70,10,10,0,60,45,75,observed,0.8672,0.875,0.6988,0.849,blend,"회·물회·초밥,일식"
2858942,39,음식점,스테이위드커피,제주특별자치도 제주시 해안마을5길 29 (해안동),63077,126.4557438621,33.4582838623,"스테이위드커피는 제주시 평화로 중산간 쪽 해안초등학교 근처에 있다. 핸드드립 커피전문점으로 세계 각국의 스페셜티 커피를 맛볼 수 있으며, 원두와 드립백 커피를 매장에서 판매하며 인터넷 주문도 할 수 있다. 커피 애호가들의 취향을 만족시킬 수 있는 20여가지 이상의 스페셜티 원두가 준비되어 있다. 스페셜 티를 처음 접하는 사람들도 한가지씩 시향해보면서 나의 커피 취향을 알수있다. 스테이위드커피는 층마다 컨셉이 다른데 1층은 로스팅실에서 풍겨오는 원두볶는 향을 맡으며, 바리스타와 소통할 수 있는 공간이다. 2층에서는 주기적으로 바뀌는 전시회들을 즐기며 은 통창에 비친 제주도의 풍경을 바라볼 수 있고 3층은 조용한 공간에서 커피와 자신의 감각에 집중 할 수 있다.",https://www.staywithcoffee.com,0507-1375-5730,08:30~17:30 (마지막 주문 17:00),핸드드립커피,짐봉뵈르 크로와상 샌드위치 / 리얼 초코 라떼 / 오트 크림 라떼 등,가능,연중무휴,있음,Unknown,화장실: 있음,50,110,FD,음식,FD05,카페/ 찻집,FD050100,카페,60,90,70,40,30,50,60,45,75,blend,0.8836,1.0,0.3297,0.8263,blend,
3037925,39,음식점,스페이스제로,제주특별자치도 제주시 애월읍 천덕로 880-24 에이동 3층,63038,126.366562,33.390063,"스페이스제로는 제주도 애월에 위치한 981파크 메인동 3층에 위치한 카페이다. 파크 건물 중 가장 뷰가 좋은 곳에 위치한 이 공간에서는 서로의 쉼을 배려하기 위한 조용한 공간이라는 규칙만 있다. 곳곳에 늘어진 빈백과 공중에 대롱대롱 매달려 있는 힐링 소파에서 한쪽 벽면의 통창을 통해 보이는 자연을 감상하며 멍 때려도 좋고, 무료로 대여되는 아이패드와 닌텐도로 좋아하는 콘텐츠에 집중해도 좋다. 고소하고 달콤한 풍미의 커피를 즐기거나 우주의 맛과 향을 그대로 담은 스페이스 오디티를 마시며 나만의 ‘쉼’을 완성해 볼 수 있다.",Unknown,064-801-0130,11:00~18:00,스페이스 오디티,아메리카노 / 카페라떼 / 청귤에이드 등,가능요금 (무료),연중무휴,Unknown,Unknown,Unknown,50,110,FD,음식,FD05,카페/ 찻집,FD050100,카페,70,70,80,0,40,0,60,45,75,category,0.8263,,0.0,0.8263,category,
2782843,39,음식점,슬로보트,제주특별자치도 제주시 애월읍 하귀2길 46-16,63053,126.4143856280,33.4901296811,"애월읍에 위치한 슬로 보트는 감귤창고의 형상을 한 아틀리에로 제주의 북쪽 바다 경관과 어울리도록 건축한 멋스러운 카페이다. 천장고가 높은 복층 구조로 되어있는 슬로 보트의 내부는 우드 특유의 따뜻함과 유니크한 인테리어로 꾸며놓아 전체적으로 세련된 분위기다. 카페 입구에 들어서면 제주를 주제로 찍은 사진들과 고양이 사진도 볼 수 있다. 제주에서 전시와 책, 커피를 한곳에서 즐기며 한적하고 조용하게 시간을 보낼 수 있다.",https://www.instagram.com/slowboat_atelier,010-8769-1455,10:00 ~ 19:00,핸드드립커피,유기농 티 / 까눌레 / 뱅쇼 등,가능,연중무휴,가능,가능,"부대시설: 주차장, 화장실 | 화장실: 가능",50,110,FD,음식,FD05,카페/ 찻집,FD050100,카페,60,70,80,30,10,0,105,75,135,observed,0.8531,0.875,0.5507,0.8263,blend,
2765208,39,음식점,슬슬슬로우,제주특별자치도 제주시 구좌읍 덕행로 207,63349,126.793043043946,33.5303943633672,"슬슬슬로우는 한적하고 평화로운 마을인 제주도 구좌읍에 모던과 레트로, 일식과 한식의 독특한 조화를 이루는 퓨전 레스토랑이다. 이곳은 토속적이면서 세련된 외관에 옛날 TV, 라디오 등의 소품으로 레트로한 느낌을 자아낸다. 이곳의 메뉴들은 제주 흑돼지를 도마에 놓고 보쌈처럼 썬 돔베고기를 활용했는데, 돔베 라면은 마치 일본의 라멘을 연상케 한다. 제주답게 해석한 맛과 식감을 자랑한다.",Unknown,010-9261-9284,11:30~19:00 (마지막 주문 18:00),돔베라면,돔베땡초김밥 / 돔베고기 조금 / 돔베라면 등,가능,※ 비정기 휴무로 방문 시 전화문의 요망,가능 (남녀 구분),가능,"화장실: 가능 (남녀 구분) | 부대시설: 주차장, 화장실",50,110,FD,음식,FD01,한식,FD010100,관광식당,20,90,80,20,10,0,30,15,45,observed,0.7298,0.625,0.4512,0.816,blend,"제주 향토음식,고기·구이,한식,면 요리,분식·간편식,일식,양식·세계음식"
2854078,39,음식점,시골길,제주특별자치도 제주시 오복2길 23 (이도이동),63223,126.5363666008,33.4940311883,"제주의 숨은 맛집 중 하나인 시골길은 낙지볶음 전문점으로, 단출하게 낙지볶음과 청국장 두 가지 메뉴만을 선보인다. 특히 이곳의 낙지볶음은 달짝지근하면서도 매콤한 소스 맛이 일품인데, 자극적이지 않으면서도 입맛을 확 당기는 중독적인 맛으로 많은 사람들의 입맛을 사로잡고 있다. 잘 익은 낙지와 각종 채소가 어우러진 볶음 위에 소면이 함께 곁들여져 있어 한 끼 식사로도 손색없을 만큼 든든하다. 처음에는 근처 직장인들 사이에서 입소문이 난 도민 맛집으로 알려졌지만, 점차 푸짐한 양과 뛰어난 가성비로 여행객들 사이에서도 입소문을 타기 시작했다. 제주의 소박한 정취와 함께 제대로 된 한 끼를 즐기고 싶다면, 시골길의 낙지볶음은 꼭 한 번 맛볼 만한 메뉴이다.",Unknown,0507-1368-0566,10:30~20:30,낙지볶음,청국장 / 소면사리 / 공기밥 등,불가능,"매주 토요일, 일요일",있음,Unknown,화장실: 있음,50,110,FD,음식,FD01,한식,FD010100,관광식당,0,100,20,20,0,0,60,45,75,blend,0.804,0.75,0.1813,0.816,blend,"해산물 요리,한식"
2871971,39,음식점,시스터필드,제주특별자치도 서귀포시 월드컵로 8 (강정동),63560,126.5073357581,33.2490216935,"시스터필드는 제주 월드컵경기장 앞에 위치한 베이커리집이다. 유기농 통밀로 오랜 시간 정성 들인 발효종을 사용하며 유기농 밀가루, 유기농 호밀, 유기농 통밀을 사용하고 유화제 보존제 보습제 등 다른 첨가물은 사용하지 않는다. 대표 메뉴인 크루아상은 유기농 밀과 프랑스산 천연 버터로 느리게 발효해 구워낸 결이 살아있는 담백한 맛으로 방문객들에게 인기를 끌고있다. 이외에도 브라우니와 바게트 등 다양한 베이커리가 있어 취향메 맞게 선택해 맛볼 수 있다. 재료소진시 조기 마감할 수 있어 참고하기를 바란다. 주변에 함께 둘러보기 좋은 여행지로 법환포구, 월드컵경기장 등이 있다.",Unknown,064-739-2225,09:00~18:00,크루아상,바게트 / 브라우니 / 치아바타 등,불가능,연중무휴,있음,Unknown,화장실: 있음,50,130,FD,음식,FD03,간이음식,FD030100,제과,20,90,40,0,10,20,15,15,30,blend,0.8995,1.0,0.3297,0.85,blend,"분식·간편식,양식·세계음식"
2810906,39,음식점,식당 마요네즈,제주특별자치도 제주시 다랑곶3길 18 (노형동),63097,126.47866420861264,33.488910946477056,"식당 마요네즈는 제주시 노형동에 위치한 양식 전문점으로, 오픈키친을 통해 신뢰감을 제공하며, 다양한 메뉴로 현지인과 관광객 모두에게 인기가 있다. 대표 메뉴로 등심과 안심 돈카츠, 마요네즈 필라프가 있으며, 그 외 바질페스토 스파게티, 매콤크림 스파게티, 화이트라구 아란치니, 멘치카츠, 크리미 나폴리탄을 선보인다. 매콤크림 스파게티는 깔끔한 매운맛이 특징이고, 멘치카츠는 바삭한 튀김과 부드러운 속살의 조화가 돋보인다. 아늑한 실내와 바 테이블이 마련돼 혼자 식사하기에도 적합하다. / 주변에는 제주 현대미술관, 용두암 해변 등 관광명소가 있어 식사 후 관광을 즐기기 좋다.",Unknown,010-7444-9142,11:00~21:00 (준비시간 15:00~17:00),치즈 함바그 스테이크,마요네즈 필라프 / 코돈부르(치즈 야채 돈카츠) / 매콤 크림 스파게티 등,불가능,매주 일요일,Unknown,Unknown,Unknown,50,110,FD,음식,FD02,외국식,FD020300,서양식,20,90,30,10,10,0,60,45,75,observed,0.7576,0.75,0.6321,0.7706,blend,양식·세계음식
2767694,39,음식점,신설오름,제주특별자치도 제주시 고마로17길 2,63255,126.541578109031,33.5053848808039,"제주 몸국은 돼지고기 삶은 물에 모자반과 미역을 넣어 삶아내고 기호에 따라서 돼지 내장이나 선지를 곁들인 후 메밀가루를 풀어 농도를 조절한 향토 음식이다. 신설오름은 제주에서 유명한 몸국 전문점이며, 공항 근처에 있어 많은 관광객이 찾는 맛집이다. 몸국 외에도 제주 특산 메뉴를 다양하게 만나볼 수 있다. 신설오름의 몸국은 진한 국물에 감자탕과 같이 깊고 진한 맛이 특징이다. 이 밖에도 야들야들한 식감의 돔베고기도 이 집의 인기 메뉴다. 관광객뿐만 아니라 현지 도민의 단골집이기도 하다.",Unknown,064-758-0143,08:00~04:00 (마지막 주문 03:00),고등어구이,돔베고기 / 몸국 / 고기국수 등,불가능,매주 월요일,Unknown,가능,부대시설: 있음 (남녀 구분),50,110,FD,음식,FD01,한식,FD010100,관광식당,0,100,20,40,10,0,30,15,45,observed,0.8864,0.9167,0.6988,0.816,blend,"제주 향토음식,고기·구이,한식,면 요리"
2877751,39,음식점,신왕,제주특별자치도 서귀포시 신양로 112 1층,63641,126.9215622735,33.4364604082,"신왕은 제주도 섭지코지 들어가는 입구에 위치한 중식당이다. 정통중화요리 전문점으로 다양한 식사류와 요리가 있으며 모든 면 요리는 밥으로 대체할 수 있다. 전복 한 마리가 통째로 올라가며 각종 삼선 해물과 함께 불향의 맛을 느낄 수 있는 전복해물짬뽕과 싱싱한 전복, 새우, 갑오징어가 올라가 조화로운 맛을 이루는 전복해물간짜장이 이곳의 시그니처메뉴이다. 또 알과 곤이를 가득 넣고 불향을 입힌 알짬뽕과 제주산 돼지고기를 즉석에서 바로 튀긴 탕수육 등도 인기가 많은 메뉴이다. 별도의 주차장은 없지만 대로변에 주차가 가능하다.",https://blog.naver.com/shinwangjeju,064-784-1711,10:30~21:00,탕수육,유산슬 / 짜장면 / 전복해물간짜장 / 전복해물짬뽕 등,불가능,매주 목요일,있음,Unknown,화장실: 있음,50,130,FD,음식,FD02,외국식,FD020100,중식,0,90,30,10,10,0,45,30,60,blend,0.8979,1.0,0.3297,0.8477,blend,"해산물 요리,중식"
655553,39,음식점,신제주삼보식당,제주특별자치도 제주시 신대로16길 10 (연동),63123,126.4952980592,33.4869190713,"신제주삼보식당은 제주시 연동에 있는 식당으로 2001년 문을 열었다. 가게 이름인 '삼보'는 세 가지 보물이라는 뜻으로, 식당의 대표 메뉴인 자리물회, 옥돔구이, 전복 뚝배기를 가리킨다. 그중 전복 뚝배기는 전복, 닭새우, 바지락, 성게알 등 제주산 식재료를 넣어 조리하며, 해녀들이 직접 잡아 올린 해산물을 사용해 끓여 낸 것이 특징이다.",Unknown,064-749-3620,08:30~20:00,전복뚝배기,자리회무침 / 한치무침 / 성게미역국백반 등,가능,"매월 둘째, 넷째 화요일",Unknown,Unknown,Unknown,50,110,FD,음식,FD01,한식,FD010100,관광식당,0,100,20,20,0,0,60,45,75,category,0.816,,0.0,0.816,category,"제주 향토음식,해산물 요리,회·물회·초밥,한식"
3434327,39,음식점,신창흑돼지두루치기,제주특별자치도 서귀포시 대정읍 동일하모로 182,63507,126.250600357265,33.2258794035974,"신창흑돼지두루치기는 제주산 흑돼지를 사용한 철판 두루치기 요리를 전문으로 하는 식당이다. 철판 두루치기를 주문하면 주방에서 1차 조리를 마친 뒤 나오며 테이블에서 취향에 따라 콩나물과 파채를 추가로 넣어 한 번 더 익혀서 먹을 수 있다. 신선한 제주산 흑돼지를 사용한 두루치기로 유명하며, 두툼하면서도 부드러운 고기 식감과 특제 양념이 어우러져 깊고 진한 맛을 자랑한다. 흑돼지뿐 만 아니라 한치 두루치기, 낙지 두루치기, 주꾸미 두루치기 등 다양한 메뉴를 맛볼 수 있다. 내부는 깔끔한 좌석으로 되어있어 가족과 함께 오기에도 좋다.",Unknown,064-792-2292,10:00~21:30,흑돼지 두루치기,한치 두루치기 / 낙지 두루치기 / 쭈꾸미 두루치기 등,가능,연중무휴,Unknown,Unknown,Unknown,50,130,FD,음식,FD01,한식,FD010100,관광식당,0,100,20,0,40,0,60,45,75,category,0.816,,0.0,0.816,category,"고기·구이,해산물 요리,한식"
2854102,39,음식점,신해바라기,제주특별자치도 제주시 관덕로13길 13 (일도일동),63277,126.5259503799,33.5142426737,"신해바라기는 제주 원도심, 북수구광장 인근에 위치한 순두부 맛집으로, 도민들 사이에서 이미 입소문이 난 중독성 강한 순두부 찌개로 유명하다. 대표 메뉴는 매운 순두부 찌개로, 곱게 으깬 순두부에 다진 고기를 듬뿍 넣어 국물의 양이 적고 진한 맛이 특징이다. 마치 밥에 비벼 먹기 딱 좋은 농도로 졸여진 찌개라 밥도둑이라는 말이 나온다. 맵기 조절이 가능해 매운 음식을 잘 못 먹는 사람도 부담 없이 즐길 수 있으며, 하얀 순두부 메뉴도 따로 준비되어 있어 부드럽고 담백한 맛을 원하는 이들에게도 적합하다. 반찬 역시 다양하고 정갈하게 제공되어 찌개와의 조화가 좋다. 식사를 마친 후에는 제주 원도심, 관덕정, 탑동광장 등 인근 명소를 함께 둘러보는 것도 추천한다.",Unknown,064-757-3277,11:00~21:00 (준비시간 16:00~17:00),순두부,김치찌개 / 참치찌개 / 오뎅김치 등,불가능,연중무휴,있음,Unknown,화장실: 있음,50,110,FD,음식,FD01,한식,FD010100,관광식당,10,100,20,20,10,0,60,45,75,observed,0.7806,0.7794,0.9666,0.816,blend,한식
2852108,39,음식점,심바카레,제주특별자치도 제주시 애월읍 애월로 87-16,63043,126.3168641577,33.4634172083,"심바카레는 제주시 애월읍 금성포구 근처에 위치한 카레 전문점이다. 자극적이지 않고 순한 맛의 일식 카레와 두툼하고 바삭한 돈카츠를 맛볼 수 있다. 대표 메뉴는 돈카츠 카레이며 이 외에도 돈카츠 샌드위치, 돈카츠 카레 우동, 부드러운 계란 카레 등이 준비되어 있다. 가족, 친구, 연인들의 방문도 많지만 편안한 분위기이기 때문에 혼밥을 하기에도 좋다. 관광객들은 물로 현지인들도 자주 찾는 카레 맛집이다. 강아지가 그려진 간판이 독특한데 사인 프런티어에서 선정하는 ‘시민이 뽑은 아름다운 간판’ 최우수작으로 선정된 바 있다. 반려동물 동반도 가능하다.",Unknown,0507-1323-4164,- 10:00~19:00 / - 준비시간 15:00~16:00 / - 점심 마지막 주문 14:30 / 저녁 마지막 주문 18:30,돈카츠 카레,계란 카레 / 돈카츠 카레 우동 / 돈카츠 샌드위치 등,가능,매주 수요일,있음,Unknown,화장실: 있음,50,110,FD,음식,FD02,외국식,FD020200,일식,20,100,40,10,10,0,45,30,60,blend,0.837,0.8125,0.3297,0.849,blend,일식
2863658,39,음식점,싸이공레시피,제주특별자치도 제주시 애월읍 하귀로25길 2,63050,126.4002870893,33.4797111671,"싸이공레시피는 제주 애월에 위치한 베트남 음식 전문점으로, 베트남 현지의 전통 레시피를 그대로 활용해 정통의 맛을 재현하는 곳이다. 이 식당에서는 대표 메뉴인 퍼보(소고기 쌀국수)와 퍼보타이(익히지 않은 소고기가 얹어진 쌀국수), 분보싸오(볶음 쌀국수)를 포함해 다양한 베트남 요리를 선보인다. 신선한 채소, 고기 등으로 구성되어 현지의 맛을 그대로 느낄 수 있다. 식당 내부는 소박하면서도 따뜻한 분위기로 꾸며져 있으며, 테이블과 식기, 조명 등 세세한 요소들이 베트남 현지의 동네 식당을 떠올리게 한다. 베트남 특유의 정겨운 느낌을 제주에서 느낄 수 있다는 점이 이곳만의 매력이다. 식당 뒤편에는 작은 마당이 있어 잠시 쉬어갈 수 있는데, 이 마당은 귤 박스로 아기자기하게 꾸며진 작은 화단이 있어 포토존으로도 인기가 많다.",https://www.instagram.com/ssaigonrecipe,064-748-0420,10:30~19:30 (마지막 주문 19:00),퍼보,퍼보타이 / 분보훼 / 껌승 등,가능,"매주 화요일, 수요일",있음,가능,화장실: 있음,50,110,FD,음식,FD02,외국식,FD020400,기타외국식,20,100,60,40,10,0,60,45,75,blend,0.8067,0.75,0.1813,0.8192,blend,"면 요리,양식·세계음식"
2767814,39,음식점,쌍둥이횟집본점,제주특별자치도 서귀포시 중정로62번길 14 (서귀동),63595,126.562909788944,33.2465958727772,"모둠회 맛집으로 소문난 쌍둥이횟집은 서귀포 매일 시장의 작은 횟집 쌍둥이수산에서 시작해 현재에 이르렀다. 푸짐하고 다양한 밑반찬과 싱싱한 회로 현지인은 물론이고 많은 관광객에게 사랑받고 있다. 밑반찬에는 어린이 손님도 좋아하는 생선구이와 돈가스가 있어서 가족 단위 손님도 많은 편이다. 스페셜 세트 메뉴는 인원 수에 따라 맛볼 수 있는 메뉴 구성으로 되어 있는데, 가격 대비 풍성한 메뉴로 구성되어 제주 해산물을 코스처럼 다양하게 즐기고 싶다면 맛보는 것을 추천한다.",Unknown,064-762-0478,11:00~22:00 (마지막 주문 20:30),모듬회스페셜,다금바리 / 갯돔 / 참돔 등,가능,연중무휴,Unknown,가능,Unknown,50,130,FD,음식,FD01,한식,FD010100,관광식당,0,90,20,20,10,0,60,45,75,observed,0.8238,0.8333,0.4512,0.816,blend,"해산물 요리,회·물회·초밥,한식"
2893743,39,음식점,썬셋클리프,제주특별자치도 제주시 애월로1길 19-8,63043,126.3107175054,33.4618395082,"썬셋클리프는 제주시 애월읍 카페거리 근처에 있는 디저트 카페다. 나무 상자를 쌓아놓은 것 같은 빈티지한 외벽에 내부는 식물과 라탄 제품으로 꾸민 이국적인 감성의 오션뷰 카페이다. 가게 이름처럼 일몰이 아름다운 곳이며 디제이 플레이로 음악을 잘 들려주는 곳이기도 하다. 피자 종류가 유명하고 커피, 에이드, 맥주, 칵테일 등 다양한 음료와 디저트류가 있다. 주변 여행지로 곽지 과물해변, 고내봉, 연화지 등이 있다.",https://www.instagram.com/sunsetcliff.jeju,0507-1398-4040,10:00~22:00,트러플 흑돼지 디트로이트 피자,버진 피나콜라다 / 우도땅콩 슈페너 / 치즈 프렌치프라이 등,가능,연중무휴,있음,Unknown,화장실: 있음,50,110,FD,음식,FD05,카페/ 찻집,FD050100,카페,60,80,80,0,10,0,75,60,90,blend,0.8011,0.75,0.3297,0.8263,blend,
2785883,39,음식점,아날로그사운즈,제주특별자치도 제주시 구좌읍 하도9길 72,63363,126.8903215808,33.5116682578,"제주 동쪽의 조용한 시골 마을 하도리에 있는 카페다. 오리지널 빈티지 스피커와 다양한 목조 가구들 덕분에 편안하면서도 여유로운 분위기를 즐길 수 있다. 구좌 당근을 사용한 당근주스와 당근우유, 당근사과주스 등 신선한 주스가 대표 메뉴다. 당근을 이용한 디저트도 인기다. 당근쿠키와 당근티라미수는 이곳만의 독특한 맛과 식감으로 손님들의 입맛을 사로잡는다. 한라산카푸치노와 우도땅콩아포가토 등 제주의 특징을 내세운 개성 넘치는 메뉴들도 만날 수 있다.",https://www.instagram.com/analogsounds.jeju,0507-1346-8225,12:00~18:00,당근당근주스,한라산카푸치노 / 아메리카노 / 제주 감귤 밀크티 / 당근티라미수 외,가능 / 요금 (무료),매주 수요일,Unknown,없음,Unknown,50,110,FD,음식,FD05,카페/ 찻집,FD050100,카페,40,90,70,10,10,10,60,45,75,category,0.8263,,0.0,0.8263,category,
2851375,39,음식점,아리,제주특별자치도 서귀포시 홍중로 99 (서홍동),63584,126.5554202004,33.2614377519,"아리는 제주 서귀포시 서귀북초등학교 근처에 자리한 인기 일식집으로, 특히 텐동(튀김덮밥)으로 유명하다. 이곳은 맛과 품질이 뛰어나 재방문율이 높으며 제주 강정마을에서 현재의 위치로 이전해 더욱 쾌적한 공간에서 식사를 즐길 수 있다. 아리는 나뭇결이 고스란히 느껴지는 깔끔하고 모던한 인테리어가 돋보이며, 곳곳에 아기자기한 피규어들이 배치되어 있어 아늑하고 따뜻한 분위기를 자아낸다. 텐동은 바삭하게 튀겨진 새우와 야채 튀김이 정성스럽게 올라가 있으며, 살짝 양념된 밥과 톡 터지는 온천계란이 함께 어우러져 부드러우면서도 고소한 맛의 조화를 이룬다. 이외에도 신선한 재료로 만든 초밥 단품 메뉴와 함께 튀김, 온천계란을 추가할 수 있어 취향에 맞게 다양하게 즐길 수 있다.",https://www.instagram.com/ari_jeju,064-739-3183,11:00~20:30 (준비시간 14:30~17:00),아리텐동,에비텐동 / 아나고텐동 / 아리스시 등,불가능,매주 일요일,있음,Unknown,화장실: 있음,50,130,FD,음식,FD02,외국식,FD020200,일식,10,100,60,0,10,10,60,45,75,observed,0.8812,0.9,0.6321,0.849,blend,일식
2840920,39,음식점,아리랑밀면,제주특별자치도 서귀포시 서홍로 29 (서홍동),63570,126.5532067468,33.2505805813,"아리랑밀면은 제주 서귀포시 서홍동, 걸매생태공원 바로 옆에 위치한 밀면 전문점이다. 이곳은 일반 밀면과는 차별화된 맛을 자랑하는데, 메인 메뉴인 한우 밀면에는 국내산 한우 양지를 고명으로 사용하여 깊고 진한 풍미를 더한다. 면은 생면을 사용해 탱글하고 매끄러운 식감을 자랑하며, 특제 양념장과 잘 어우러져 조화로운 맛을 낸다. 육수는 깔끔하면서도 감칠맛이 뛰어나 식사 후에도 부담이 없다. 곁들임 음식으로는 힌돈편육이 인기 메뉴로, 밀면과 잘 어울린다. 인근에는 걸어서 둘러볼 수 있는 걸매생태공원과 아름다운 자연 풍경이 펼쳐진 서귀포 칠십리시공원, 다양한 전시가 열리는 기당미술관 등이 있어 밀면 한 그릇과 함께 소소한 제주 여행의 여유를 느끼기에 안성맞춤이다.",Unknown,0507-1440-0891,07:00~15:00 (마지막 주문 14:30),한우밀면,한우 비빔밀면 / 얼큰 소고기해장국 / 한돈편육 등,가능,매주 일요일,있음,Unknown,화장실: 있음,50,130,FD,음식,FD01,한식,FD010100,관광식당,60,90,30,0,0,0,60,45,75,category,0.816,,0.0,0.816,category,"고기·구이,한식,면 요리"
2899545,39,음식점,아베베베이커리,제주특별자치도 제주시 동문로6길 4 동문시장 12번 게이트 옆,63264,126.5288029453,33.5126845582,"아베베 베이커리는 도민들이 사랑하는 제주 빵집으로 제주시 일도 1동 동문시장 12번 게이트 옆에 있다. 제주 로컬 식재료를 재해석하여 열다섯 가지 내외의 다양한 빵들을 선보이는 곳으로 대표 메뉴는 우도 땅콩 크림 도너츠, 조천 오메기 품은 단팥빵, 산방산 고구마 크림 도너츠, 사려니 크림 왕밤빵 등이다. 빵마다 제주 지명을 넣어 친근감을 높였고 대부분 달콤한 크림빵이 많다. 제주 공항에서 가까워 여행을 마치고 돌아갈 때 동문시장 쇼핑과 함께 빵을 사가는 여행자들이 많다. 포장 전문점이며 주변 여행지로 제주 원도심, 제주성지 등이 있다.",https://www.instagram.com/bakery_abebe,0507-1414-0750,10:00~21:00 (마지막 주문 20:30),시그니쳐 땅콩크림라떼,조천 오메기 품은 단팥빵 / 우도 땅콩 크림 도너츠 / 산방산 고구마 크림 도너츠 등,불가능,연중무휴,있음,Unknown,화장실: 있음,50,110,FD,음식,FD03,간이음식,FD030100,제과,0,100,20,10,10,60,30,15,45,observed,0.8503,0.8503,1.0,0.85,blend,분식·간편식
2765209,39,음식점,아서원,제주특별자치도 서귀포시 칠십리로 699 (하효동),63600,126.6171816748,33.2543617354,"아서원은 효돈동 주민센터 인근에 있는 중식당이다. 제주에서 3대 짬뽕으로 알려져 있으며 예능프로그램에 방송된 곳이다. 대표 메뉴는 진하고 깊은 사골 육수를 이용한 짬뽕으로 오징어, 홍합, 새우, 채소 등의 재료를 불향이 잘 느껴지도록 볶은 뒤 얼큰하게 끓여내 맛이 깊다. 국물 색깔 역시 일반 짬뽕처럼 붉은색이 아닌 주황빛을 띤다. 먹을수록 얼큰한 맛이 올라와 중독성이 강하다. 바삭하게 튀겨낸 돼지고기에 새콤달콤한 소스를 얹은 탕수육 역시 식사에 곁들여 먹기 좋다. 모든 메뉴는 주문과 함께 선불이다.",Unknown,0507-1420-3130,10:00~18:30 (마지막 주문 18:15),짬뽕,짬뽕밥 / 자장면 / 탕수육 등,가능,연중무휴 / ※ 비정기 휴무로 방문 시 전화문의 요망,있음,가능,화장실: 있음,50,130,FD,음식,FD02,외국식,FD020100,중식,0,100,40,10,0,0,45,30,60,category,0.8477,,0.0,0.8477,category,중식
2902911,39,음식점,아일랜드팩토리 풍류,제주특별자치도 제주시 관덕로8길 31,63169,126.5233756881,33.5105485969,"아일랜드 팩토리 풍류는 제주시 이도 1동, 동문시장 근처에 있다. 핸드드립 커피를 제공하는 로스터리 카페로 1층과 3층에 공간이 있다. 대표 메뉴는 록담만설로 더치커피에 사탕수수로 가미하고 수제크림을 올렸다. 풍류모카의 경우 다크 초콜릿과 에스프레소가 어울렸으며 에스프레소의 경우 아일랜드 팩토리 풍류의 하우스 블랜드 '종일'로 제공한다. 구시가의 오래된 건물에서 느껴지는 빈티지한 감성이 있으며 2층에는 의류숍이 있다. 주변 여행지로 관덕정, 제주 원도심 등이 있다.",https://www.instagram.com/pungryu__,0507-1464-1830,11:00~19:00 (마지막 주문 18:30),록담만설,라떼 / 베리베리베리 / 자두소다 / 더치커피 등,가능,연중무휴,있음,Unknown,화장실: 있음,50,110,FD,음식,FD05,카페/ 찻집,FD050100,카페,20,80,70,30,10,20,60,45,75,observed,0.8107,0.7917,0.4512,0.8263,blend,
2851125,39,음식점,아줄레주,제주특별자치도 서귀포시 신풍하동로19번길 59,63636,126.8388016012,33.3665251268,"아줄레주는 제주특별자치도 서귀포시 신풍리 조용한 마을 안에 있다. 제주도의 작은 리스본을 지향하는 아줄레주는 포르투갈어로 타일을 뜻한다. 카페의 입구와 외관을 타일로 꾸몄고, 외부에는 작은 정원이 있으며, 심플한 내부에는 창문마다 테이블을 배치해 바깥 풍경을 볼 수 있게 하였다. 포르투갈 사람들이 즐겨 먹는 에그타르트가 시그니쳐 메뉴이고, 이에 어울리는 커피와 수제청 음료를 판매한다. 근처 여행지로 김영갑갤러리두모악이 있다. / ※ 반려동물 동반 가능(실내 케이지나 가방 필수)",Unknown,010-2542-7278,11:00~19:00,카페라테,바닐라라테 / 카라멜 마끼아또 / 에스프레소 등,가능,매주 화요일,Unknown,Unknown,Unknown,50,130,FD,음식,FD05,카페/ 찻집,FD050100,카페,60,80,80,20,10,10,60,45,75,observed,0.8447,0.8462,0.9257,0.8263,blend,
2755895,39,음식점,아트인명도암,제주특별자치도 제주시 봉개동 290-1,63313,126.6113106873,33.4677297391,"화가 강부언 님이 운영하는 복합문화공간 아트인명도암은 6610㎡에 달하는 넓은 잔디가 있는 마당과 숲으로 이어지는 산책길이 있어 애완동물도 동반 가능한 카페이다. 라이브공연과 그림 전시를 같이 즐길 수 있고 스몰 웨딩 장소로도 탁월한 곳이다. 제주산 수제 생맥주인 맥파이가 있고 천연발효를 통해 만든 치아바타, 마늘 바게트, 깜빠뉴도 명물이다. 건물 외벽에 자리 잡은 작품은 피카소의 를 작가가 직접 파서 만든 것으로 제주의 4·3 평화공원을 생각하며 만든 것으로 드넓은 자연 속에서 역사, 사람, 이야기 등을 생각하기 좋은 곳이다.",Unknown,0507-1451-1259,10:00 ~ 18:00,호두식빵샌드위치,반미바게트 샌드위치 / 크림파스타 / 그린샐러드 등,가능,매주 수요일,있음,Unknown,화장실: 있음,50,110,FD,음식,FD05,카페/ 찻집,FD050100,카페,80,80,80,70,50,10,60,45,75,category,0.8263,,0.0,0.8263,category,
2359168,39,음식점,안거리 밖거리,제주특별자치도 서귀포시 솔동산로 6-1,63596,126.5640615038,33.2442786707,"서귀포 이중섭거리 근처에 위치한 안거리밖거리는 제주 서귀포의 한정식 맛집으로, 정식 메뉴에는 흑돼지 돔베고기, 왕옥돔구이, 계란찜 등이 포함되어 있다. 반찬이 다양하고 정갈하며, 특히 돔베고기는 잡내 없이 부드럽다. 이외에도 비빔밥과 가지튀김 등 다양한 한식 메뉴를 맛볼 수 있다. 푸짐한 데다 깔끔한 맛의 한식을 제공하기 때문에 여행객은 물론, 서귀포 현지인들도 즐겨찾는 식당 중 하나이다. 식사 후 이중섭거리를 방문하여 둘러볼 수 도 있다.",Unknown,064-763-2552,08:30~20:40 (마지막 주문 20:00),정식,비빔밥 / 돔베고기 / 옥돔구이 등,가능,※ 비정기 휴일으로 방문 시 전화문의 요망,있음,모든 카드 사용 가능,화장실: 있음,50,130,FD,음식,FD01,한식,FD010100,관광식당,0,100,20,20,0,0,30,15,45,observed,0.7743,0.75,0.6321,0.816,blend,"제주 향토음식,고기·구이,해산물 요리,한식"
2767589,39,음식점,안녕전복,제주특별자치도 제주시 오일장중길 89-16 (도두일동),63116,126.4759245195,33.4989963433,"제주시 도두동에 위치한 누구나 쉽게 접할 수 있는 신선한 퓨전전복요리를 제공한다. 모든 메뉴엔 활전복만을 사용하며 전복폭탄 전복죽, 아보카도 전복밥, 전복폭탄 물회 인기 메뉴이다. 튿히 전복죽은 신선한 활전복의 내장과 안녕전복만의 배합초 비법으로 끓이기 때문에 죽에 비린 맛이 전혀 없어 어린아이도 잘 먹을 수 있는 메뉴이다. 아보카도전복밥은 안녕전복에만 있는 이색 메뉴로 특별한 맛을 경험할 수 있다. 매장 내부는 넓고 쾌적하며 입식 좌석으로 구성되어 있어 편안한 식사가 가능하다. 또한, 좌석 수가 많아 단체 모임이나 회식 장소, 특별한 식사 장소로도 알맞은 식당이다.",http://www.instagram.com/hi_jeonbok,0507-1340-4716,08:40~19:00 (마지막 주문 18:10),전복죽,안녕 꽃돼지 / 활전복초장비빔밥 / 아보카도전복밥 등,가능,매주 목요일,있음,가능,화장실: 있음,50,110,FD,음식,FD01,한식,FD010100,관광식당,0,90,20,0,0,0,60,45,75,category,0.816,,0.0,0.816,category,"제주 향토음식,해산물 요리,회·물회·초밥,한식"
2792536,39,음식점,안녕협재씨,제주특별자치도 제주시 한림읍 금능길 12,63010,126.2249905356,33.3865992669,"안녕협재씨는 협재해수욕장 근처에 있는 비빔밥 전문점이다. 햇볕이 들어오게 창을 내어 전체적으로 밝은 분위기이며, 직원들도 친절하다. 이곳은 딱새우비빔밥, 돌문어비빔밥, 통전복내장비빔밥, 돔베고기 등의 메뉴를 팔고 있다. 세트메뉴가 있어서 일행이 있다면 가성비 좋게 즐기는 것을 추천한다. 1, 2층 공간이 있는데 2층에는 저 멀리 협재 바다가 보인다. 돌문어 비빔밥은 문어가 통째로 들어가 있어 눈으로 보는 재미도 쏠쏠하다. 기름기가 없는 돔베고기는 묵은지랑 함께 나온다.",https://www.instagram.com/hihyeopjae,0507-1347-0624,- 09:00~16:30 / - 마지막 주문 15:50,딱새우장비빔밥,통전복내장비빔밥 / 돌문어장비빔밥 / 도마한판(수육) 등,가능,연중무휴,있음,Unknown,화장실: 있음,50,110,FD,음식,FD01,한식,FD010100,관광식당,40,90,60,0,0,0,30,15,45,observed,0.754,0.75,0.9392,0.816,blend,"제주 향토음식,해산물 요리,한식"
2853471,39,음식점,안도르,제주특별자치도 제주시 구좌읍 송당리 2148-5,63355,126.7709498938,33.4553586672,"안도르는 제주 송당무끈모루 정류장 근처에 있다. 사진 스폿과 함께 유명해진 카페로 나무 사이 뚫린 공간을 통해 들판과 건너편의 나무, 오름, 하늘을 한 사진 안에 그림처럼 담을 수 있다. 이뿐 아니라 콘크리트 벽을 배경으로 한 커다란 로고, 나무 아래 전신거울 등 포토존이 많다. 당근케이크와 송당건강당근빵을 비롯해 다양한 베이커리류와 돌땅크라떼, 안돌오름 같은 시그니처 메뉴가 있다. 근처 여행지로 안돌오름, 아부오름, 백약이오름 등이 있다.",https://www.instagram.com/andor_jeju_official,0507-1468-5536,10:00 ~ 20:00 (19:30 라스트오더),돌땅크라떼,안돌오름 / 아메리카노 / 카페라떼 / 무화과바게트 등,가능,연중무휴,Unknown,Unknown,Unknown,50,110,FD,음식,FD05,카페/ 찻집,FD050100,카페,70,80,90,0,10,10,60,45,75,observed,0.7158,0.7155,0.997,0.8263,blend,
2911053,39,음식점,알동네집,제주특별자치도 제주시 한경면 연명로 543,63005,126.2673880277,33.3164470445,"알동네집은 제주특별자치도 제주시 한경면 저지리에 위치한 흑돼지 전문점이다. 제주도 흑돼지 자투리구이와 흑돼지 삼겹살 연탄구이를 맛볼 수 있는 곳으로, 자투리고기는 부위별로 나누고 남은 특수 부위를 활용해 구성되어 매번 다른 맛을 즐길 수 있는 것이 특징이다. 합리적인 가격에 푸짐하게 즐길 수 있어 현지인들이 즐겨 찾으며, 돌솥밥과 찌개 세트를 함께 주문하면 더욱 든든한 식사를 할 수 있다. 점심시간에는 식사 메뉴만 이용 가능하며, 제주 흑돼지의 풍미를 느끼고 싶은 여행객들에게도 인기 있는 맛집이다. 인근에는 환상숲 곶자왈공원이 있어 식사 후 함께 둘러보기 좋다.",Unknown,0507-1366-0828,- 11:00 ~ 21:30- 마지막 주문 20:00※ 재료 소진 시 조기 마감,흑돼지오겹살,짜투리고기 / 돌솥밥+김치찌개 / 밀면 등,가능,연중무휴,Unknown,Unknown,Unknown,50,110,FD,음식,FD01,한식,FD010100,관광식당,20,90,20,20,10,0,60,45,75,blend,0.7118,0.5,0.3297,0.816,blend,"고기·구이,한식"
2904955,39,음식점,알엔알(rnr),제주특별자치도 제주시 협재1길 29,63011,126.2432277538,33.3978926513,"알엔알(RNR)은 제주시 협재포구 인근에 위치한 베이커리 카페이다. ‘즐기되 원칙을 지킨다’를 모토로 운영하며, 빈티지한 아메리칸 스타일의 아담한 공간이 특징이다. 바게트와 소금빵, 캄파뉴, 치아바타 등 다양한 베이커리를 선보이며, 재료와 제조 과정에 정성을 들여 빵 본연의 맛을 살리고 있다. 베이커리 메뉴와 함께 다양한 음료도 준비되어 있어 빵과 곁들여 즐기기 좋다. 협재포구와 가까워 제주 서부 여행 중 방문하기에도 좋다.",Unknown,0507-1387-0280,10:00~17:00,바게트,소금빵 / 감귤잠봉뵈르 / 크로와상샌드위치 등,불가능,매주 월요일~수요일,Unknown,Unknown,Unknown,50,110,FD,음식,FD03,간이음식,FD030100,제과,20,90,70,0,10,10,30,15,45,category,0.85,,0.0,0.85,category,"분식·간편식,양식·세계음식"
2859072,39,음식점,앙끄레국수 서귀포본점,제주특별자치도 서귀포시 법환상로2번길 97-18 (법환동),63572,126.5117576314,33.2474636019,"앙끄레국수 서귀포본점은 제주월드컵경기장 인근, 대륜동주민센터 뒤편에 자리 잡고 있는 제주 국수 전문점이다. 이곳은 제주산 돼지고기만을 사용하여 맛을 낸 다양한 국수 요리를 선보이고 있다. 대표 메뉴인 고기국수는 돼지 사골을 12시간 이상 정성껏 푹 고아 깊고 진한 국물 맛을 내며, 여기에 치차즙을 활용한 쫄깃한 면을 더해 건강하고 깔끔한 국수를 제공한다. 고기국수 외에도 매콤한 비빔국수, 성게국수, 바삭하고 고소한 한치부추전 등 다양한 메뉴가 준비되어 있으며, 여러 메뉴를 함께 즐길 수 있도록 구성된 가성비 좋은 세트 메뉴도 마련되어 있다. 또한 어린이용 의자와 같은 편의 시설도 잘 갖추어져 있어 가족 단위 여행객이나 단체 손님이 편하게 이용할 수 있다.",Unknown,0507-1367-3001,09:00~19:30 (마지막 주문 19:00),고기국수,비빔국수 / 수두리 보말국수 / 성게국수 등,가능,"매월 첫째, 셋째, 넷째 수요일",있음,Unknown,화장실: 있음,50,130,FD,음식,FD01,한식,FD010100,관광식당,0,100,20,10,10,0,45,30,60,blend,0.753,0.625,0.3297,0.816,blend,"제주 향토음식,한식,면 요리"
2851880,39,음식점,애월 너와의 첫 여행 감귤창고카페,제주특별자치도 제주시 애월읍 장소로 16,63055,126.3845530010,33.4506585782,"애월 너와의 첫 여행 감귤창고카페는 감귤밭을 지나 제주 애월의 감성과 자연을 가득 담은 공간이다. 옛 감귤창고를 개조한 감성 가득한 인테리어와 제주 자연 그대로의 따뜻한 햇살이 느껴지는 공간이다. 이곳의 메뉴로는 셰프가 직접 조리한 수제 돈까스와 딱새우가 들어가 크림파스타 등 브런치 메뉴를 맛볼 수 있고 수제 감귤 크로플과 프랑스식 디저트, 제주 감귤청과 한라봉을 활용한 에이드와 스무디 등 다양한 디저트도 준비되어 있다. 방문객은 감귤밭에서 사진촬영, 야외 좌석을 무료로 이용할 수 있으며 별도의 체험장에서 여름에는 청귤, 겨울에는 감귤 따기 체험을 할 수 있다.",https://www.instagram.com/first_time.jeju,0507-1448-6891,10:00~19:00,제주 보말 오일파스타,흑돼지 수제 왕돈까스 / 프랑스전통 크로플 / 감귤라떼 등,가능,연중무휴,있음,Unknown,화장실: 있음,50,110,FD,음식,FD05,카페/ 찻집,FD050100,카페,80,80,90,20,80,10,60,45,75,blend,0.8424,0.875,0.3297,0.8263,blend,
2905409,39,음식점,애월 우니담,제주특별자치도 제주시 고내로13길 107 2층,63046,126.3484162796,33.4724995156,"애월 우니담은 제주시 애월읍 고내리포구 인근에 위치한 성게미역국 전문점이다. 탁 트인 통창 너머로 애월 바다를 한눈에 담을 수 있으며, 저녁에는 아름다운 노을 풍경도 감상할 수 있다. 대표 메뉴는 성게덮밥이다. 전복과 옥돔, 장어, 톳 등 신선한 해산물에 미역국과 가마솥밥을 곁들여 한 상 가득 푸짐하게 즐길 수 있다. 음식은 주문과 동시에 조리를 시작해 다소 시간이 소요될 수 있으므로 여유를 두고 방문하는 것이 좋다. 주변에는 고내포구와 고내봉, 하가리연화지 등이 있어 함께 둘러보기 좋다.",Unknown,0507-1361-5433,- 09:00~19:00- 준비시간 15:00~16:00- 마지막 주문 18:00,성게덮밥,성게미역국과 전복가마솥밥 / 성게비빔밥 / 옥돔구이와 전복가마솥밥 등,가능,연중무휴,Unknown,Unknown,Unknown,50,110,FD,음식,FD01,한식,FD010100,관광식당,70,90,80,10,10,0,60,45,75,observed,0.847,0.8571,0.7534,0.816,blend,"제주 향토음식,해산물 요리,한식"
2851717,39,음식점,애월그때그집 제주도 본점,제주특별자치도 제주시 애월읍 애월로15길 24,63043,126.324086825756,33.4660001226054,"흑돼지 김치찌개와 흑돼지 구이로 유명한 제주 맛집이다. 점심특선으로 흑돼지 김치찌개 전골을 주문 시 라면사리와 떡사리, 계란 프라이, 공깃밥이 무한 제공된다. 제주 흑돼지 세트를 주문 시 국내산 양념게장과 고사리, 흑돼지 김치찌개, 흑돼지 수제 소시지, 왕새우 인당 1마리, 계란 프라이 인당 1개가 제공되는데 고사리를 살짝 구워 오겹살과 양념게장 소스에 찍어 먹는 맛은 정말 일품이다.",Unknown,0507-1465-9229,11:00~22:00 (마지막 주문 21:00),명품 숙성 흑돼지,프리미엄 백돼지 / 제주메밀비빔냉면 / 김치찌개 등,가능,연중무휴,Unknown,Unknown,Unknown,50,110,FD,음식,FD01,한식,FD010100,관광식당,0,100,20,0,20,0,60,45,75,observed,0.7797,0.75,0.5507,0.816,blend,"고기·구이,한식"
2862045,39,음식점,애월더선셋,제주특별자치도 제주시 애월읍 일주서로 6111,63034,126.3090427778,33.4562095496,"애월더선셋은 제주시 애월읍, 한담해변산책로 위쪽 일주서로에 위치한 감성 가득한 브런치 카페로, 애월 바다를 한눈에 내려다볼 수 있는 탁 트인 전망이 특징이다. 카페 내부는 물론 외부 테라스와 루프탑까지 어디에 앉아도 바다 풍경이 시야에 들어온다. 애월더선셋은 많은 여행자들에게 포토존 카페로 알려져 있으며, 감성 가득한 사진을 남기기에도 좋은 장소다. 메뉴 또한 인상적인데 대표 시그니처 메뉴인 코코선셋, 선셋슈페너, 애월더선셋파르페는 비주얼부터 눈길을 끌며 눈과 입이 동시에 즐거운 경험을 선사한다. 카페 아래쪽으로는 바다가 보이는 해안 산책로가 이어져 있어 여유롭게 걷는 사람들을 바라보며 잠시 쉬어가기에 좋다. 주변에는 곽지해수욕장, 한담해안산책로(장한철산책로), 연화지 등 함께 둘러보기 좋은 명소도 많다.",http://www.instagram.com/aewol_the_sunset,0507-1403-5943,10:00~19:00 (마지막 주문 18:20),치즈 오믈렛 브런치,코코선셋 / 선셋슈페너 / 애월더선셋파르페 등,가능,연중무휴,있음,Unknown,화장실: 있음,50,110,FD,음식,FD05,카페/ 찻집,FD050100,카페,70,80,90,0,40,0,75,60,90,observed,0.7293,0.6875,0.6988,0.8263,blend,
2864216,39,음식점,애월리순메밀막국수,제주특별자치도 제주시 애월읍 애월해안로 11,63043,126.3163947036,33.4656613963,"제주 애월리순메밀막국수는 애월항 근처에 위치해 있는 자가제면 메밀 막국수 전문점이다. 이곳은 첨가물이 전혀 들어가지 않은 순수 메밀로 만든 막국수를 제공하는 곳으로, 건강하고 담백한 한 끼를 먹을 수 있다. 순 메밀로 직접 뽑은 면은 일반 면보다 쫄깃함은 덜하지만, 구수한 메밀 고유의 향과 부드러운 목넘김이 특징이다. 글루텐이 첨가되지 않아 소화가 잘되고 자극적이지 않아 남녀노소 편안하게 즐길 수 있다. 내부는 전체적으로 깔끔하고 정돈된 분위기를 유지하고 있으며, 넓은 홀과 테이블 배치 덕분에 단체 손님도 여유롭게 방문할 수 있다. 또한 식당 앞에는 넉넉한 주차 공간이 마련되어 있어 차량을 이용한 방문도 매우 편리하다. 인근에는 애월환해장성, 한담해안산책로, 곽지해수욕장 등 함께 둘러보기 좋은 관광지가 위치해 있어 식사 후 제주 자연을 즐기기에도 좋은 위치에 자리하고 있다.",https://www.instagram.com/jeju_aewolnoodle,064-799-4589,10:00~20:00 (마지막 주문 19:30),물막국수,평양냉면 / 비빔막국수 / 들기름막국수 등,가능,연중무휴,있음,Unknown,화장실: 있음,50,110,FD,음식,FD01,한식,FD010100,관광식당,30,90,20,0,0,0,45,30,60,blend,0.8355,0.875,0.3297,0.816,blend,"한식,면 요리"
3065203,39,음식점,애월본카페,제주특별자치도 제주시 애월읍 애월해안로 179,63045,126.3320764177,33.4677831838,"애월항 인근 애월해안로에 있는 애월본카페는 바다가 보이는 자리에서 커피를 마시며 여유를 즐길 수 있는 카페이다. 반려동물과 함께 바다를 배경으로 사진을 찍을 수 있는 포토존이 있다. 2층 건물의 내부는 편안한 좌석과 인테리어로 구성되어 있고, 주전부리와 기념품, 장난감 등을 진열하여 판매하고 있다. 대표 메뉴는 우도땅콩라떼, 수제자몽에이드 등이 있다. 카페 주변에는 애월항, 애월방파제, 애월한담공원, 한담해변, 곽지해수욕장, 제주올레길16코스 등 많은 관광지가 있다.",Unknown,0507-1423-1627,- 09:00~19:00- 마지막 주문 18:30,우도땅콩라떼,수제자몽에이드 / 제주말차라떼 / 아이스아메리카노 등,가능,연중무휴,Unknown,가능,Unknown,50,110,FD,음식,FD05,카페/ 찻집,FD050100,카페,70,80,80,0,20,20,30,15,45,observed,0.7939,0.775,0.6321,0.8263,blend,
4056853,39,음식점,애월전당포,제주특별자치도 제주시 애월읍 애월로 117,63043,126.32006438561,33.4647213162589,"애월전당포는 제주시 애월읍에 위치한 카페다. 이곳은 음료도 즐길 수 있지만, 특이하게 필름을 판매하며 필름카메라 대여도 제공하는 곳이다. 각종 다양한 필름과 카메라는 하나의 즐길거리다. 정기 휴무일에는 무인 대여로 카메라 사용이 가능하다. 음료 메뉴로는 제주에서 난 보리로 만든 제주 보리개역과 핸드드립 커피, 에스프레소 등을 맛볼 수 있다.",Unknown,0507-1331-2534,11:00~17:00,제주 보리개역,핸드드립 / 에스프레소 / 스페셜빈 등,가능,매주 목요일,Unknown,Unknown,Unknown,50,110,FD,음식,FD05,카페/ 찻집,FD050100,카페,10,80,70,10,60,40,60,45,75,category,0.8263,,0.0,0.8263,category,
2780230,39,음식점,애월튀김간,제주특별자치도 제주시 애월읍 애월로 118,63043,126.3197749933,33.4643977009,"애월튀김간은 일식 수제모듬튀김과 달큰한 국물떡볶이 전문점이다. 메뉴는 떡볶이와 다양한 종류의 튀김들로 구성되어 있는데, 특히 혼자 오는 손님들은 위한 1인 한정 메뉴를 제공한다. 떡볶이와 김밥은 물론, 김말이와 새우, 고구마, 깻잎으로 구성된 튀김까지 알차게 채운 한상 세트메뉴다. 대표 메뉴인 떡볶이는 매콤 달콤한 맛으로 어린 시절에 먹던 추억의 맛을 떠올리게 한다. 김밥은 계란말이 김밥으로, 떡볶이와 함께 먹으면 탁월한 조화를 이룬다. 갓 튀겨낸 튀김들도 재료 본연의 맛과 바삭한 식감이 어우러져 입맛을 돋운다.",Unknown,064-799-6351,11:00~20:00,국물떡볶이,수제 모듬튀김 / 고사리김밥 / 유부김밥 등,Unknown,연중무휴,Unknown,Unknown,Unknown,50,110,FD,음식,FD01,한식,FD010100,관광식당,0,90,20,0,10,0,60,45,75,category,0.816,,0.0,0.816,category,"한식,분식·간편식"
2858479,39,음식점,애플망고1947,제주특별자치도 서귀포시 대정읍 신평로 32,63516,126.2575126051,33.2662630814,"애플망고1947은 제주 서귀포시 신평리 마을회관 근처에 자리한 애플망고 전문 카페이다. 아버지의 애플망고 농장을 이어 애플망고 농사를 짓고 있는 주인이 운영하고 있으며, 제주 농부 촌장이 직접 재배한 애플망고를 아낌없이 올려주는 애플망고 빙수가 시그니처이고, 애플망고주스, 애플망고요거트스무디와 함께 대정마농빵도 판매한다. 마농은 제주어로 '마늘'로 대정읍에서 나오는 재료를 사용한다. 제주 중산간의 한가로운 마을 분위기가 있으며, 인근에 위치한 제주곶자왈도립공원을 함께 둘러보는 것도 좋다. 맛, 정성, 제주스러움이 어우러진 애플망고1947은 특별한 디저트 여행지로 꼭 들러볼 만한 장소다.",Unknown,064-732-1947,11:00~19:00,제주애플망고빙수,제주애플망고 생과주스 / 소금빵 / 대정 마농빵 등,가능,연중무휴,있음,Unknown,화장실: 있음,50,130,FD,음식,FD05,카페/ 찻집,FD050100,카페,40,90,60,20,10,10,45,30,60,observed,0.8527,0.8594,0.7981,0.8263,blend,
404216,39,음식점,야자수식당,제주특별자치도 제주시 한림읍 한림로 300,63011,126.23941,33.388388,Unknown,Unknown,Unknown,Unknown,Unknown,Unknown,Unknown,Unknown,Unknown,Unknown,Unknown,50,110,FD,음식,FD01,한식,FD010100,관광식당,0,70,10,0,0,0,60,45,75,category,0.816,,0.0,0.816,category,한식
2840903,39,음식점,양가네 신화월드 본점,제주특별자치도 서귀포시 안덕면 동광로 112,63523,126.3389629754,33.3062571628,"양가네는 제주특별자치도 동광리 농촌체험마을 인근에 위치한 쇠고기 국밥 전문점이다. 이곳은 제주식 해장국을 전문으로 하며, 가게 앞에 걸린 커다란 가마솥이 인상적인 곳이다. 가마솥에서는 한우 사골을 오랜 시간 우려내 깊고 진한 맛의 육수를 끓여내며, 여기에 신선한 재료를 더해 정성스럽게 만든 쇠고기 해장국이 대표 메뉴로 자리 잡고 있다. 양가네는 아침 일찍 문을 열어 지역 주민들과 여행객들이 아침 식사로 즐기기에도 좋다. 여름철에는 냉면과 막국수도 함께 판매하여 다양한 입맛을 만족시킨다. 식당 뒤뜰에는 주인이 정성껏 가꾼 작은 꽃밭이 조성되어 있어 식사 후 산책하듯 둘러보기에 좋다.",Unknown,064-792-6200,06:30~20:00 (마지막 주문 19:30),쇠고기국밥,갈비탕 / 도가니탕 / 돼지갈비찜 등,가능,연중무휴,있음,가능,화장실: 있음,50,130,FD,음식,FD01,한식,FD010100,관광식당,20,90,40,20,10,0,60,45,75,blend,0.7587,0.5,0.1813,0.816,blend,한식
2899528,39,음식점,양가형제,제주특별자치도 제주시 청수동8길 3,63006,126.2539592266,33.3072473859,양가형제 본점은 2016년 3월 26일 시작한 수제버거 전문 브랜드이다. 본점이 위치한 30년이 넘은 청수리 평화동회관은 반딧불이 최대 서식지 청수곶자왈의 마을 한경면 청수리 평화동의 옛 마을회관이며 길종상가와 함께 현대적 쓰임에 맞게 재생시켰다. 양가형제 본점은 미국식 전통 수제버거 레스토랑으로써 제주 수제버거와 크래프트비어를 서비스한다. 매일매일 지역 식자재로 햄버거 빵부터 패티까지 직접 조리하며 다양한 풍미의 유명맥주가 합리적인 가격으로 준비되어 있다. 신선하고 좋은 재료로 미국 전통식 밀크쉐이크를 만들며 제주 양파로 하나씩 튀겨내는 어니언링도 일품이다.,http://yangbrothersburger.kr,0507-1405-7734,- 11:00~19:30 / - 준비시간 15:00~16:00 / - 마지막 주문 18:30,양버거,경버거 / 석버거 / 양새우버거 / 어니언링 등,가능,매주 목요일,있음,Unknown,화장실: 있음,50,110,FD,음식,FD03,간이음식,FD030200,"피자, 햄버거, 샌드위치 및 유사음식",20,100,40,30,10,10,60,45,75,observed,0.7533,0.7083,0.4512,0.7903,blend,양식·세계음식
2791194,39,음식점,어니스트밀크 본점,제주특별자치도 서귀포시 성산읍 중산간동로 3147-7,63630,126.8718968106,33.4504413940,어니스트밀크 본점은 신선한 우유로 만든 아이스크림과 밀크쉐이크가 맛있는 카페이다. 매장 내부는 깔끔하고 사진 찍기 좋은 분위기이다. 건물의 외관은 우유 패키지를 형상화하여 아이들이 좋아하며 매장 내부는 깔끔한 인테리어와 통유리로 된 창으로 성산 일출봉을 볼 수 있다.,Unknown,070-7722-1886,10:00~18:00,아포가토,무무 우유롤케이크 / 말차쉐이크 / 순수 밀크아이스크림 등,가능,연중무휴,Unknown,Unknown,Unknown,50,130,FD,음식,FD05,카페/ 찻집,FD050100,카페,20,90,70,0,10,0,60,45,75,blend,0.7599,0.625,0.3297,0.8263,blend,
3030286,39,음식점,어린왕자감귤밭,제주특별자치도 서귀포시 대정읍 추사로36번길 45-1,63520,126.28183165687958,33.25329704972264,"대정읍 추사로에 위치해 있고 바로 앞에 산방산과 단산이 보이는 3대째 이어져 오는 제주도 귤밭으로 카페는 감귤로 실내 인테리어가 되어 있다. 실내 카페 공간을 나오면 이국적인 정취가 느껴지는 야자나무 밭과 화산송이로 이루어진 길을 따라 곳곳에 해먹 의자, 침대 의자들과 테이블이 넉넉하게 있어 여유롭다. 나무들 사이 곳곳에 다양한 조형물들이 있는 포토존과 아이들이 타고 놀 수 있는 유아용 트랙터, 마차 속 카페와 구석구석 예쁜 길을 찾아다니는 재미도 있어서 아이와 함께한 가족여행지로 인기가 높다. 음료를 주문하면 야외 넓은 공간에서의 동물 먹이 주기 체험도 가능하고 야외 중앙에 있는 화로대에서 마시멜로도 구워 먹을 수 있으며 군고구마 파는 곳도 있어 다양한 경험을 할 수 있는 가성비 높은 이색적인 카페이다. 오후 5시 넘어 일몰이 지기 시작하고 조명이 켜지면 야외의 감성 캠핑장 느낌이 물씬 풍겨나기도 한다.",Unknown,0507-1461-1605,09:30~20:00,한라봉에이드,한라봉스무디 / 청귤에이드 / 청귤스무디 등,가능 요금 (무료),연중무휴,Unknown,Unknown,Unknown,50,130,FD,음식,FD05,카페/ 찻집,FD050100,카페,90,70,90,10,80,10,90,60,120,observed,0.8021,0.7917,0.6988,0.8263,blend,
2870797,39,음식점,어머니의뜻을담다 단지,제주특별자치도 제주시 하귀2길 66 1층,63053,126.41185721493,33.4892763485948,"어머니의 뜻을 담다 단지는 하귀리 해안가에 있다. 제주 구옥의 구조, 툇마루, 댓돌 등 전통가옥의 느낌과 현대식 마감, 입식과 좌식 테이블 등 신구의 조화가 이채롭다. 바다를 향한 큰 창을 통해 바다를 보며 한정식을 맛볼 수 있다. 음식이 유기그릇에 담겨 나와 차림새가 예쁘고 고기완자, 생선조림을 비롯해 전라도 어머니의 손맛 가득한 반찬들이 조화롭다. 생선은 계절마다 변동될 수 있다.",Unknown,0507-1474-0138,11:00~22:00,한우돼지고기완자,병어참조기조림 / 한우육회 / 꽃게무침 등,가능,매주 화요일,Unknown,Unknown,Unknown,50,110,FD,음식,FD01,한식,FD010100,관광식당,60,90,80,60,20,0,60,45,75,category,0.816,,0.0,0.816,category,"고기·구이,해산물 요리,회·물회·초밥,한식"
2871919,39,음식점,어멍이해녀,제주특별자치도 제주시 구좌읍 해맞이해안로 2244,63364,126.9112117082,33.4998782328,"어멍이해녀는 제주 동쪽 종달리 방파제 근처 해안도로를 따라 자리하고 있는 해산물 전문 식당이다. 바닷가 바로 앞에 위치해 있어 식사를 하면서도 탁 트인 바다 전망을 감상할 수 있는 점이 큰 매력이다. 신선한 해산물을 활용한 다양한 요리를 맛볼 수 있는데, 특히 여름철에는 시원한 물회와 회덮밥이 인기 메뉴다. 어멍이해녀의 물회는 전복, 해삼, 생선회 등 다채로운 해산물이 들어가며, 살얼음 소스를 넣어 비벼먹는다. 이 외에도 성게 손칼국수, 회국수 등의 메뉴들이 준비되어 있어 입맛에 따라 골라 먹을 수 있다. 소라, 멍게, 해삼 등은 접시 단위로도 판매해 추가로 즐기기에 좋다. 주변에는 지미봉 오름, 하도해수욕장 등의 관광지가 있어 함께 둘러보기 좋다.",https://www.ok114.co.kr,064-782-3388,09:00~20:30,전복회덮밥,한치물회 / 성게비빔밥 / 섞어물회 등,가능,연중무휴,있음,Unknown,화장실: 있음,50,110,FD,음식,FD01,한식,FD010100,관광식당,70,90,70,0,10,10,60,45,75,observed,0.7862,0.75,0.4512,0.816,blend,"해산물 요리,회·물회·초밥,한식,면 요리"
404209,39,음식점,어장군,제주특별자치도 제주시 신대로 72,63125,126.4962284931,33.4909364471,"제주시 연동에 위치한 어장군은 제주도 지정 향토음식 전문점이다. 어장군의 메뉴로는 돔베고기 세트와 제주바다한상, 괸당한상 등 다양한 한식 메뉴를 제공하고 있다. 제주바다한상에는 제철회를 비롯해 모듬해물과 보말죽, 고등어구이 등이 함께 제공되어 해산물요리를 풍푸하게 즐길 수 있다. 괸당한상에는 돔베고기, 갈치조림, 성게국 등 다양한 조합으로 식사를 즐길 수 있다. 음식의 양도 푸짐하며, 가게 내부도 넓어 쾌적하다. 제주 공항과 5분거리라 접근성도 좋다.",http://eojanggun.fordining.kr,064-744-2258,09:00~21:00 (마지막 주문 20:30),돔베고기 세트,제주바다한상 / 괸당한상 / 우도성게알비빔밥 등,가능,명절연휴,있음,가능,화장실: 있음,50,110,FD,음식,FD01,한식,FD010100,관광식당,10,100,20,30,10,0,60,45,75,category,0.816,,0.0,0.816,category,"제주 향토음식,해산물 요리,회·물회·초밥,한식"
3434326,39,음식점,언덕집국수,제주특별자치도 제주시 애월읍 애월해안로 494,63047,126.35690686805356,33.47839683614086,"제주에 위치한 언덕집국수는 전통 요리 방식으로 정성껏 만든 고기국수를 선보인다. 제주산 돈사골로 36시간 푹 끓인 육수를 사용해 깊고 진한 맛을 내며, 고명으로 올라간 고기는 제주 흑돼지를 수비드 조리해 부드러운 식감을 낸다. 대표메뉴는 고기국수이며 새콤달콤한 비빔국수와 진한 멸치육수가 담백한 멸치국수, 또한 국밥도 있어 밥을 원하는 사람들도 든든한 한 끼를 먹을 수 있다. 부담 없는 가격으로 한 끼를 배불리 먹을 수 있도록 밥을 무한으로 제공하고 있는 가성비 맛집이다. 내부는 깔끔하고 창가자리에서는 바다 뷰를 보며 식사를 즐길 수 있다.",Unknown,0507-1388-3107,08:00~16:00 (마지막 주문 15:00),고기국수,비빔국수 / 멸치국수 / 고기국밥 등,가능,연중무휴,Unknown,Unknown,Unknown,50,110,FD,음식,FD01,한식,FD010100,관광식당,20,100,30,20,10,0,60,45,75,category,0.816,,0.0,0.816,category,"제주 향토음식,고기·구이,한식,면 요리"
4060475,39,음식점,엄마국수,제주특별자치도 서귀포시 천제연로 274 (중문동) A동,63544,126.433913510818,33.2509774072758,"제주 서귀포시에 위치한 엄마국수는 자극적이지 않은 한 끼가 생각날 때 자연스럽게 떠오르는 곳이다. 멸치의 시원함과 고기의 깊은 맛이 어우러진 국물은 담백하면서도 끝까지 편안하다. 과하지 않지만 꼭 필요한 정성과 손맛, 엄마가 차려주던 집밥같은 느낌을 전하려고 한다. 멸치고기국수, 비빔국수, 김밥 등을 맛볼 수 있다.",Unknown,0507-1389-3188,07:00~21:00,멸치고기국수 / 멸치국수 / 엄마김밥 등,Unknown,가능,매주 수요일,Unknown,Unknown,Unknown,50,130,FD,음식,FD01,한식,FD010100,관광식당,0,90,0,0,0,0,60,45,75,category,0.816,,0.0,0.816,category,"제주 향토음식,한식,면 요리,분식·간편식"
2783440,39,음식점,에오마르,제주특별자치도 제주시 선사로8길 13-6 (삼양일동),63314,126.5865781812,33.5257673656,"포르투갈어로 ‘그리고 바다’라는 뜻의 에오마르는 3층 건물 전체를 베이커리 카페로 운영한다. 전 층 엘리베이터로 이동이 가능하여 유모차나 여행 캐리어 출입이 자유로우며 1층은 커피와 베이커리를 주문할 수 있고, 1.5층 소파 좌석, 2층 라운지 테라스, 2.5층 베이커리 랩, 3층~3.5층 카페 라운지, 4층 루프탑으로 구성되어 있다. 삼양해수욕장 입구에 있어 해변으로 접근이 편리하다.",Unknown,0507-1357-2412,- 09:00~21:30 / - 마지막 주문 21:00,아메리카노,카페라떼 / 에스프레소 / 카푸치노 등,가능,Unknown,있음,Unknown,화장실: 있음,50,110,FD,음식,FD05,카페/ 찻집,FD050100,카페,40,90,70,0,20,10,60,45,75,observed,0.8553,0.8611,0.8347,0.8263,blend,
2829949,39,음식점,연돈,제주특별자치도 서귀포시 색달로 10 (색달동),63534,126.4061248696,33.2588912291,"제주도 서귀포에 있는 연돈은, 지난 2018년 SBS [백종원의 골목식당]에서 맛집으로 소개된 후 백종원 대표의 도움으로 기사회생한 돈가스집이다. 소신 있는 오너쉐프의 노력으로 부드럽고 육즙이 살아 있는 바삭한 돈가스, 고급 치즈와 돼지고기가 어우러진 치즈가스 두 가지 대표 메뉴만 판매하고 있다. 매일 100인분 한정판매로 밤새 줄 서는 집으로 유명했지만, 현재는 예약제로 바뀌었다. 여전히 예약은 어렵지만, 좋은 맛을 유지하는 것으로 고객과의 약속을 잘 지켜가고 있다.",https://www.instagram.com/yeondon2014,0507-1386-7060,12:00~21:00 / 라스트오더 19:15,등심까스,등심까스 / 안심까스 / 치즈까스 / 카레라이스 외,있음 (소형 약 20대),연중무휴,Unknown,Unknown,Unknown,50,130,FD,음식,FD02,외국식,FD020200,일식,0,100,20,20,10,0,60,45,75,category,0.849,,0.0,0.849,category,일식
3434312,39,음식점,연리지가든,제주특별자치도 제주시 한경면 두조로 190-20,63002,126.20278243837885,33.34464930657684,"제주도 내 식당 중 유일하게 재래종 흑돼지를 판매하는 식당으로 직접 재래종 흑돼지를 사육하고 있으며 하루에 30인분 정도만 판매하는 것을 원칙으로 한다. 흑돼지를 참숯에 구워내 깊은 풍미를 자랑하며 두툼하게 썬 흑돼지 오겹살과 목살은 쫄깃한 식감으로 현지인과 관광객들의 입맛을 사로잡는다. 반찬 역시 푸짐하게 나와 고기와 함께 다양한 조합으로 식사를 즐길 수 있다. 또한, 넓고 청결한 실내 공간이라 편안한 식사를 할 수 있다. 하루 30인분 즉 30팀의 손님만 받기 때문에 미리 예약 후 방문하는 것을 추천한다.",Unknown,064-796-8700,12:00~20:00※ 방문 전 예약 전화 필수,정육,된장찌개 / 공깃밥 등,가능,매주 수요일·일요일,Unknown,Unknown,Unknown,50,110,FD,음식,FD01,한식,FD010100,관광식당,0,100,20,10,10,0,45,30,60,blend,0.8267,0.875,0.1813,0.816,blend,"고기·구이,한식"
2877937,39,음식점,연미정,제주특별자치도 제주시 세평항로 14,63361,126.8538549990,33.5246662305,"연미정은 세화리 마을회관 근처에 있다. 전복요리 전문점으로 전복돌솥밥, 전복죽, 전복회, 전복구이 등을 판매한다. 기본 찬으로 고등어구이와 호박전이 포함되며 음식마다 전복을 푸짐하게 넣은 맛집으로 알려져 있다. 전복밥의 경우 전복 내장을 넣어 가마솥에 지은 후 내올 때 전복을 올리기 때문에 전복을 신선하게 즐길 수 있다. 주변 여행지로는 세화해수욕장, 세화민속오일장 등이 있다.",Unknown,0507-1361-8856,- 09:00~21:00 / - 준비시간 15:00~17:00 / - 마지막 주문 20:00,전복돌솥밥,전복죽 / 전복뚝배기 / 전복구이 등,가능,매주 수요일,있음,Unknown,화장실: 있음,50,110,FD,음식,FD01,한식,FD010100,관광식당,20,100,20,10,10,10,45,30,60,blend,0.7736,0.6875,0.3297,0.816,blend,"제주 향토음식,해산물 요리,한식"
2854121,39,음식점,연정식당,제주특별자치도 제주시 신광로10길 29 (연동),63137,126.4867766981,33.4838148633,"제주연정식당은 제주시 연동에 위치한 고기구이 전문 맛집으로, 특히 가브리살이 맛있기로 유명하다. 이곳은 지역 주민뿐 아니라 관광객 사이에서도 입소문을 타며, 맛집 소개 프로그램에 등장한 이력도 있어 신뢰도가 높은 식당이다. 깻잎 절임과 멸치젓, 청국장이 함께 제공되는 독특한 조합이 이 집만의 별미를 만든다. 밥 위에 청국장을 올리고 멜젓을 곁들여 비벼 먹는 방식이 추천되고 있다. 이외에도 목살, 오겹살, 삼겹살, 소등심 등 다양한 고기 구이 메뉴와 함께 김치찌개, 곱창전골 같은 식사 메뉴도 준비되어 있어 고기와 국물 요리를 함께 즐길 수 있다. 든든한 한 끼를 원한다면 꼭 들러볼 만한 식당이다.",Unknown,064-747-3959,09:00~21:00 (마지막 주문 20:30),가브리살,목살 / 오겹살 / 청국장 등,가능,"매월 첫째, 셋째 일요일",있음,Unknown,화장실: 있음,50,110,FD,음식,FD01,한식,FD010100,관광식당,0,100,20,0,0,0,60,45,75,blend,0.65,0.3125,0.3297,0.816,blend,"고기·구이,한식"
4074622,39,음식점,연호제 구내식당,제주특별자치도 제주시 산지로 5 (건입동),63278,126.5306357603,33.5161703617,"산지천 끝자락 통창 너머로 잔잔한 물줄기를 바라보며 매일 새롭게 차려지는 정갈한 가정식 백반을 즐길 수 있는 제주 원도심의 아침·점심 전문 식당이다. 연호제 구내식당은 제주시 산지천 변에 자리한 식당으로, 오동통하게 살이 오른 생선구이·두루치기·찌개류부터 콩국수·계절 국수·떡갈비까지 매일 달라지는 식단을 합리적인 가격에 선보인다. 자극적이지 않고 정갈하게 차려낸 가정식은 아침부터 든든하게 하루를 채우기 좋으며, 깔끔한 무인 주문 키오스크와 세련된 실내가 쾌적한 분위기를 더한다. 평일에만 운영하므로 방문 전 일정 확인이 필요하다. 제주 원도심 도보 여행 코스인 산지천·산지등대·제주목관아·관덕정과 연계해 식사 장소로 들르기 좋다.",Unknown,0507-1386-0596,07:00~15:00 (마지막 주문 14:30),가정식 백반,Unknown,불가능,매주 토요일~일요일,Unknown,Unknown,Unknown,50,110,FD,음식,FD01,한식,FD010100,관광식당,30,90,50,20,10,0,60,45,75,category,0.816,,0.0,0.816,category,"한식,면 요리"
2864237,39,음식점,연화키친,제주특별자치도 제주시 상가로 51,63036,126.3439926768,33.4489831231,"연화키친은 제주 더럭 초등학교 근처, 상가리사무소 근처에 위치하고 있다. 간판의 블록 조각, 크고 작은 피규어와 블록 모형이 가득한 인테리어는 주인장의 취미가 그대로 드러나며 마당에는 언젠가 이곳에 자리 잡았다는 강아지 ‘한치’가 있다. 치즈를 가득 넣은 통오징어와 함께 즉석에서 끓여 먹는 오징어치즈떡볶이가 대표 메뉴이고 상추튀김쌈, 키친크림순대는 평범한 분식에 이 집만의 특징을 살려 별미를 제공한다. 주차 공간이 넉넉한 편이다. 주변 여행지로 상가리야자숲, 연화지, 고내봉 등이 있다.",https://www.instagram.com/yeonhwa_jeju,0507-1406-9733,10:30~20:00 (마지막 주문 19:00),오징어치즈떡볶이,튀김쌈 / 쯔란크림순대 / 키친파스타 등,가능,매주 수요일,있음,Unknown,화장실: 있음,50,110,FD,음식,FD03,간이음식,FD030400,김밥 분식,20,90,60,10,20,0,30,15,45,category,0.8022,,0.0,0.8022,category,"분식·간편식,양식·세계음식"
2892282,39,음식점,영국찻집,제주특별자치도 제주시 녹근로 19-15,63039,126.3141237647,33.4172639406,"영국찻집은 애월읍 봉성리 마을 안에 있다. 이름처럼 영국식 찻집으로 잉글리시 브랙퍼스트 등 영국 티와 밀크티, 오이샌드위치 등의 메뉴가 있다. 동화책에 나올 것 같은 외관에 영국식 탁자와 찬장, 마룻바닥, 샹들리에 등 분위기가 차분하고 사진 찍기 좋은 카페이다. 최대 4명까지 입장할 수 있고 상업사진은 미리 대관 허락을 받아야 하고 마을 길이 좁아 큰 길가에 주차하고 걸어 들어올 것을 권한다.",https://www.instagram.com/gb_tea_room,Unknown,11:00~18:00,단짠 밀크티,스콘 / 잠봉뵈르 / 달콤 밀크티 / 일글리시 브렉퍼스트 등,불가능,매주 수요일~목요일 / ※ 비정규적 휴무가 있을 수 있으므로 방문 전 홈페이지 참조,있음,Unknown,화장실: 있음,50,110,FD,음식,FD05,카페/ 찻집,FD050100,카페,10,80,80,20,10,0,60,45,75,blend,0.8578,1.0,0.1813,0.8263,blend,
2774868,39,음식점,영실국수,제주특별자치도 서귀포시 일주서로 470 (하원동),63541,126.4583815477,33.2544508767,"3대째 주방장이 매일 직접 뽑아내는 생면 100%를 사용한 고기국수 전문점 영실국수는 쫄깃하고 탱탱한 식감으로 유명하다. 고기국수, 짬뽕, 회국수, 돌문어 비빔밥 등 다양한 메뉴가 준비되어 있다. 스포츠투데이 주관 2017년 고객 만족 부분 대상을 차지한 업체로 고기국수, 비빔국수, 짬뽕, 돔베고기, 수육, 고기만두 등으로 구성된 가성비 좋은 영실상차림 세트가 유명하다. 또한, 4세 미만의 아이에게는 국수가 무료로 제공된다.",http://instagram.com/yeongsilnoodle,0507-1467-8370,09:00~20:00 (라스트오더 19:20),고기국수,영실해물특짬뽕 / 돌문어볶음면 / 돌문어볶음면 / 돔베고기 등,가능 (30대),Unknown,가능 (남녀 구분),가능,"화장실: 가능 (남녀 구분) | 부대시설: 단체석, 무선 인터넷, 유아시설(놀이방), 장애인 편의시설, 주차장, 화장실",50,130,FD,음식,FD01,한식,FD010100,관광식당,0,100,20,10,0,10,60,45,75,category,0.816,,0.0,0.816,category,"제주 향토음식,한식,면 요리"
2872007,39,음식점,영육일삼,제주특별자치도 서귀포시 이어도로 679 (강정동),63564,126.4883516177,33.2344702214,"영육일삼은 켄싱턴 리조트 서귀포점 건너편에 위치한 돈가스 전문점이다. 주문과 동시에 만들기 시작하여 제공하는 돈가스와 직접 만든 쯔유 소스를 사용한 냉우동 냉소바를 판매한다. 대표 메뉴는 우동정식과 소바정식이며 정식의 경우 돈까스와 우동, 소바가 함께 제공되어 든든한 한끼 식사가 가능하다. 쿠로까스는 생흑돼지 안심으로 조리하고 로스까스는 제주산 흑돼지 고기를 사용한다. 이 외에도 가라아게와 타코야끼 등의 사이드 메뉴를 함께 판매해 다양한 조합으로 즐길 수 있다. 가게 내부는 아기자기하고 아늑한 분위기이며 예약과 포장주문은 따로 받지 않고 있다. 주변에 함꼐 둘러보기 좋은 여행지로 법환포구, 강정포구 등이 있다.",Unknown,0507-1329-9492,- 11:30~19:30 / - 준비시간 15:00~17:30 / - 점심 마지막 주문 14:30 / 저녁 마지막 주문 19:00,우동정식,소바정식 / 로스까스 / 쿠로까스 등,가능,"매주 화요일, 수요일",있음,Unknown,화장실: 있음,50,130,FD,음식,FD02,외국식,FD020200,일식,20,90,50,0,10,0,60,45,75,observed,0.8496,0.85,0.6321,0.849,blend,"고기·구이,면 요리,일식"
2851706,39,음식점,영주말가든,제주특별자치도 제주시 연북로 196,63147,126.502012897533,33.4812037296555,"영주말가든은 제주특별자치도 제주시에 위치한 말고기 코스요리 맛집이다. 직접 말농장을 운영하여 신선하고 질 좋은 말고기를 제공한다. 다양한 코스요리가 준비되어 있어 입맛대로 선택하여 먹을 수 있다. 또한 밑반찬이 깔끔해 누구나 부담 없이 즐길 수 있다. 이 외에도 사시미, 육회, 구이, 샤부샤부 등의 단품요리와 점심 특선까지 다양한 요리를 즐길 수 있다.",Unknown,064-748-4343,10:00~22:00,코스요리,육회 / 육사시미 / 생구이 등,가능,연중무휴,Unknown,Unknown,Unknown,50,110,FD,음식,FD01,한식,FD010100,관광식당,10,100,20,10,20,0,60,45,75,category,0.816,,0.0,0.816,category,"고기·구이,한식"
2783381,39,음식점,예원이네 은갈치조림,제주특별자치도 서귀포시 색달중앙로 49 (색달동),63534,126.4133072446,33.2598069608,"중문갈치조림 예원이네 은갈치조림은 제주 서귀포시에 위치한 갈치조림 전문점으로 제주도에서 잡은 신선한 은갈치를 사용해 깊고 깔끔한 맛의 제주갈치조림을 선보이는 곳이다. 매콤한 갈치조림과 솥밥이 함께 제공되는 세트가 대표 메뉴이며 이외에도 갈치구이, 고등어조림, 전복뚝배기, 옥돔구이 등 다양한 해산물 요리를 맛볼 수 있어 든든한 한 끼 식사가 가능하다. 이러한 구성 덕분에 현지인과 여행객 모두에게 갈치조림 맛집으로 알려져 있다. 혼밥을 하는 손님들을 위해 1인 주문도 가능하며 식사 후에는 매장 내에 마련된 기념품점에서 제주만의 귀엽고 특별한 기념품도 함께 구매할 수 있다. 넓은 주차장이 갖춰져 있어 단체나 가족 단위 방문도 편리하며 중문 갈치조림과 제대로 된 제주갈치조림, 만족도 높은 갈치조림 맛집을 찾는 이들에게 부담 없이 추천할 수 있는 곳이다.",Unknown,0507-1425-9986,09:00-22:00 (마지막 주문 21:00),접짝뼈국,전복뚝배기 / 전복돌솥밥 / 전복죽 등,가능요금 (무료),연중무휴,Unknown,Unknown,Unknown,50,130,FD,음식,FD01,한식,FD010100,관광식당,0,100,20,10,10,20,60,45,75,category,0.816,,0.0,0.816,category,"제주 향토음식,해산물 요리,한식"
2905366,39,음식점,옛날국수집,제주특별자치도 제주시 하귀로 56,63051,126.4031471176,33.4803383622,"옛날국수집은 하귀초등학교 인근에 있는 국수 전문점이다. 잔치국수, 비빔국수, 제주산 콩국수 등 단출한 메뉴를 선보이며, 저렴한 가격과 푸짐한 양으로 많은 사랑을 받고 있다. 잔치국수 육수는 국내산 멸치를 사용해 깊은 맛을 내며, 비빔국수는 효소를 활용해 단맛을 더하고 화학조미료를 사용하지 않는다. 곱빼기는 기본 메뉴보다 양이 두 배로 제공되며, 남기지 않고 모두 먹으면 일반 메뉴와 같은 가격으로 즐길 수 있다. 곱빼기를 성공한 손님은 매장에 이름을 남길 수 있어 색다른 재미를 더한다. 주변에 하귀1리항과 내도 알작지 해변 등이 있어 함께 둘러보기 좋다.",Unknown,064-711-8174,08:00~19:00,잔치국수,비빔국수 / 제주산콩국수,불가능,연중무휴,Unknown,Unknown,Unknown,50,110,FD,음식,FD01,한식,FD010100,관광식당,20,100,20,0,30,0,60,45,75,category,0.816,,0.0,0.816,category,"한식,면 요리"
664154,39,음식점,옛날옛적 성산본점,제주특별자치도 서귀포시 성산읍 일주동로 4660,63633,126.8999635852,33.4143707081,"성산일출봉, 섭지코지, 아쿠아플라넷 제주 인근에 위치한 옛날옛적 성산본점은 제주 향토 음식을 맛볼 수 있는 음식점이다. 제주 은갈치 요리와 돔베고기, 옥돔솥밥 등을 선보이며, 돔베고기와 옥돔튀김, 해물뚝배기, 전, 잡채, 돌솥밥 등으로 구성된 돔베옥돔솥밥정식을 제공하고 있다. 순살 갈치 요리 메뉴도 갖추고 있어 다양한 제주 음식을 즐길 수 있다.",Unknown,0507-1327-2252,09:00~21:00 (마지막 주문 20:00),순살갈치조림,돔베옥돔솥밥 / 옛날옛적 스페셜 / 통갈치구이 등,가능,연중무휴,Unknown,가능,Unknown,50,130,FD,음식,FD01,한식,FD010100,관광식당,10,100,20,40,10,10,60,45,75,category,0.816,,0.0,0.816,category,"제주 향토음식,해산물 요리,한식"
2847852,39,음식점,옛날팥죽,제주특별자치도 서귀포시 성읍민속로 130,63624,126.7989489935,33.3885998263,"옛날팥죽은 성읍민속마을 옆에 있다. 말 그대로 옛날식 팥죽 전문점으로 새알심이 푸짐하게 들어 있다. 너무 달지 않고, 부드럽고 구수한 맛으로 도민 맛집이었는데, 몇 해 전 유명 연예인 맛집으로 TV 프로그램에 소개되면서 전국적인 인기를 얻게 되었다. 대표 메뉴인 새알팥죽은 2인분부터 주문 가능하다. 주변 여행지로 성읍민속마을과 영주산, 표선해수욕장 등이 있다.",Unknown,064-787-3479,10:00~17:00 (라스트오더 16:30),새알팥죽,팥칼국수 / 호박죽 / 식혜 / 시락국밥 등,가능 / 요금 (무료),매주 월요일 / 설·추석 연휴,Unknown,Unknown,Unknown,50,130,FD,음식,FD01,한식,FD010100,관광식당,10,100,10,10,0,0,60,45,75,blend,0.804,0.75,0.1813,0.816,blend,"한식,면 요리"
2831635,39,음식점,오는정김밥,제주특별자치도 서귀포시 동문동로 2,63590,126.5675888551,33.2496475788,"제주 서귀포 여행자의 거리에 있는 오는정김밥은 1985년부터 시작해 2대째 운영되고 있는 제주의 김밥 맛집이다. 줄을 서서 받는 예약이 있을 정도이며, 밥에 양념하고 김밥 소로 유부튀김을 넣는 것이 특징이다. 제주산 재료와 정성으로 만든 전통 김밥으로 관광객 뿐 만 아니라 제주 도민도 자주 찾는 신뢰받는 맛집이다. 메뉴는 원조 오는정김밥을 비롯해 치즈김밥, 떡갈비김밥 등 여섯 가지다. 포장 전문점으로 운영되어, 매장에서의 식사 서비스는 제공하지 않고 있다. 천지연폭포, 정방폭포, 그리고 서귀포 매일 올레시장과 가까운 위치 덕분에 제주 여행 중 방문하기에 좋다.",Unknown,064-762-8927,09:00~19:00 (준비시간 13:00~14:30),오는정김밥,치즈김밥 / 떡갈비김밥 / 깻입김밥 등,불가능,매주 일요일,Unknown,Unknown,Unknown,50,130,FD,음식,FD03,간이음식,FD030400,김밥 분식,0,100,10,20,10,10,30,15,45,observed,0.7917,0.7917,0.9999,0.8022,blend,분식·간편식
1984276,39,음식점,오늘은 회,제주특별자치도 서귀포시 예래로 468,63538,126.368411424677,33.2353163155223,"서귀포 대평리 인근에 위치한 오늘은회는 제주 서귀포의 현지인 추천 횟집으로 신선한 회와 푸짐한 스끼다시가 특징이다. 다금바리, 능성어, 돌돔, 모듬회 등 다양한 해산물을 제공하며, 갈치회, 고등어회 등 특색있는 해산물도 취급하고 있다. 회를 다먹은 후에는 매운탕과 지리탕 중 선택할 수 있으며, 식당 인근에는 예래포구가 있어 식사 전후로 둘러보기 좋다.",Unknown,064-738-2400,11:00~22:00,모둠회,고등어회 / 갈치회 / 고등어조림 등,가능,매주 화요일,Unknown,가능,Unknown,50,130,FD,음식,FD01,한식,FD010100,관광식당,20,100,20,10,10,0,60,45,75,category,0.816,,0.0,0.816,category,"회·물회·초밥,한식"
2791213,39,음식점,오늘은녹차한잔,제주특별자치도 서귀포시 표선면 중산간동로 4772,63624,126.7912859405,33.3810894210,"오늘은녹차한잔은 제주 현지 생산 유기농 녹차를 기반으로 한 메뉴가 특징인 카페이다. 호지차 아이스크림과 말차 아이스크림은 진한 맛으로 사랑받고 있으며, 넓은 주차장과 깔끔한 내부 시설이 장점이다. 오늘은녹차한잔을 방문하면 녹차밭 구경부터 베이커리 카페는 물론 녹차 족욕 체험 그리고 동굴까지 볼 수 있다. 1층에는 녹차 관련 기념품 숍과 족욕 체험실이 있고, 2층에 베이커리 카페가 있다.",http://www.onulun.com,064-787-6888,- 09:30~17:30 / - 마지막 주문 17:00,호지차 아이스크림,말차 아이스크림 / 아메리카노 / 카페라떼 등,가능,Unknown,있음,Unknown,화장실: 있음,50,130,FD,음식,FD05,카페/ 찻집,FD050100,카페,70,90,70,20,60,40,60,45,75,observed,0.8191,0.8182,0.8892,0.8263,blend,
2808937,39,음식점,오드랑베이커리,제주특별자치도 제주시 조함해안로 552-3,63333,126.6715954192,33.5421641344,"오드랑베이커리는 함덕해수욕장 인근에 위치한 베이커리로 커피와 빵을 판매하고 있다. 다양한 빵을 판매하는데 그 중 제주어로 마늘을 뜻하는 마농바게트와 에그타르트가 인기 메뉴이다. 빵 종류가 다양하고 재료가 풍부하게 들어가 있어 만족도가 높으며, 매장 내 취식도 가능하다. 커피와 티도 있어 베이커리와 함께 즐길 수 있다. 가게 앞에 전용 주차장이 마련되어 있어 접근성이 좋아 현지인은 물로 관광객들도 많이 방문하고 있다.",Unknown,064-784-5404,07:00~22:00,마농바게트,인절미 브레드 / 카페모카 / 에그타르트 등,가능,연중무휴,Unknown,가능,Unknown,50,110,FD,음식,FD05,카페/ 찻집,FD050100,카페,0,90,20,0,10,20,30,15,45,observed,0.8509,0.851,0.9945,0.8263,blend,
2864309,39,음식점,오뚜기빵집,제주특별자치도 서귀포시 남원읍 태위로 129,63611,126.6611773948,33.2751462540,"오뚜기빵집은 제주 위미농협 건너편에 위치한 정겨운 분위기의 빵집이다. 이곳은 마치 옛 동네 골목에 있던 빵집을 떠올리게 하는 아날로그 감성이 가득한 곳으로, 특히 여행자들 사이에서는 ‘빵지순례’ 코스로 소문이 났다. 대표 메뉴인 사라다 햄버거는 양배추를 듬뿍 넣고 케첩과 마요네즈를 섞은 소스로 맛을 내어, 학교 매점에서 사 먹던 추억의 햄버거 맛을 떠올리게 한다. 이 외에도 맘모스빵, 오꾸시, 찹쌀빵 등 요즘 보기 드문 옛날식 빵들을 다양하게 판매하고 있다. 오뚜기빵집의 인기에 힘입어 현재는 제주 도두동에 2호점도 운영 중이다. 소박하지만 정겨운 분위기 속에서 옛날식 빵을 즐긴 후에는 인근의 위미항이나 쇠소깍 등 제주 남부의 아름다운 자연 명소들을 함께 둘러보는 것도 좋은 코스가 된다.",Unknown,064-764-1888,08:00~20:00,수제햄버거,오꾸시 / 찹쌀빵 / 맘모스빵 등,불가능,연중무휴,있음,Unknown,화장실: 있음,50,130,FD,음식,FD03,간이음식,FD030200,"피자, 햄버거, 샌드위치 및 유사음식",30,90,60,20,10,30,30,15,45,observed,0.7533,0.7083,0.4512,0.7903,blend,"분식·간편식,양식·세계음식"
2815713,39,음식점,오라디오라,제주특별자치도 서귀포시 사계로114번길 54-102,63528,126.308167025222,33.2350542838104,"빨간 벽돌로 지어진 웅장한 건물이 눈에 띈다. 오라디오라는 실내에 베이킹 공간이 크게 자리잡고 있어 디저트를 직접 만드는 곳이란걸 단번에 알 수 있다. 다양한 디저트 외에 브런치 메뉴도 있으며, 주차장도 넓어 이용하기 편리하다. 내부가 넓고 깨끗하여 단체 단위로 와도 충분히 즐길 수 있다. 산방산 뷰를 보며 여유로운 시간을 보낼 수 있다.",Unknown,064-794-0340,10:00~21:00 (주문마감 20:30),다양한 베이커리,제주말차라떼/트러플 리코타 브리오슈무화과스콘/한라산스콘,가능,Unknown,Unknown,Unknown,Unknown,50,130,FD,음식,FD05,카페/ 찻집,FD050100,카페,40,80,80,0,20,0,60,45,75,category,0.8263,,0.0,0.8263,category,
1896538,39,음식점,오라숲소리,제주특별자치도 제주시 오라로 80,63148,126.5117825919,33.4955500733,"제주향토음식과 본토음식을 접목했다는 평을 받는 ‘매화한정식’ 은 30여년간 중학교 영어교사를 하던 식당 주인이 어머니의 손맛을 기억하며 만들어낸 한상차림이다. 샐러드와 닭가슴살 양장피, 부추전, 자체 개발한 우럭탕수, 보쌈, 흑돼지떡갈비, 옥돔구이 등이 가족여행객들에게 인기가 많다. 신문 방송에도 ‘소문난 맛집’으로 소개되었다. 유명 연예인, 정치인, 학자, 체육인 등 다양한 내방객이 남긴 사인 전시도 눈길을 끈다. 제주공항과는 자동차로 5~7분 거리여서, 공항에 도착했을 때나 여행을 마치고 공항으로 가는 길에 들리기 좋은 모범음식점이다. 2층에는 50~60명이 함께 식사할 수 있는 연회실이 있다. / (출처 : 제주 문화관광 홈페이지)",http://www.숲소리.com,064-744-2545,11:00~21:00 (준비시간 15:00~17:00),매화상,국화상 / 목련상 / 제주돼지 샤브 등,가능,연중무휴,Unknown,가능,Unknown,50,110,FD,음식,FD01,한식,FD010100,관광식당,10,90,40,20,10,0,60,45,75,category,0.816,,0.0,0.816,category,"제주 향토음식,고기·구이,해산물 요리,한식"
2904375,39,음식점,오랑우탄면사무소,제주특별자치도 서귀포시 산방로 367-1 1층,63528,126.2975710170,33.2311675843,"오랑우탄면사무소는 사계리사무소 근처에 있다. 제주의 식재료를 이용해 탄탄면을 요리하는 단일메뉴 식당으로 매운 정도는 주문할 때 조절할 수 있다. 면, 온천 계란, 고수 등 취향에 따라 추가 주문을 할 수 있고 곁들임 요리로 오이무침이 있다. 밥은 무료 제공이고 온천계란에는 카레가루가 뿌려 나온다. 내부에는 가게 이름처럼 오랑우탄 장식과 소품이 많고 굿즈로 티셔츠도 판매한다. 주변 여행지로 산방산, 사계 해안 등이 있다.",Unknown,0507-1494-8782,11:00~16:00 (마지막 주문 15:30),오랑우탄탄면,오이무침 / 우롱차 등,가능,매주 화요일~수요일,있음,Unknown,화장실: 있음,50,130,FD,음식,FD02,외국식,FD020400,기타외국식,20,90,50,0,20,10,60,45,75,observed,0.8861,0.925,0.6321,0.8192,blend,"면 요리,양식·세계음식"
2845353,39,음식점,오른,제주특별자치도 서귀포시 성산읍 해맞이해안로 2714,63639,126.9157675160,33.4718314066,"카페 오른은 봄에는 유채꽃, 여름에는 해바라기, 가을에는 아름다운 억새가 피는 정원이 있는 카페로 성산고등학교 근처 해안도로에 위치해있다. 노출콘크리트와 통창 유리, 낮은 수조로 시선을 사로잡는 외관과 모던하고 심플한 인테리어, 창밖으로 보이는 바다와 우도 풍경으로 인기 있는 대형카페이다. 오른 라테와 같은 시그니처 음료가 있으며 시즌 메뉴와 크로와상과 함께 제공되는 브런치, 다양한 디저트와 베이커리류가 있다. 또한 어린아이들을 위한 키즈메뉴도 있어 아이와함께 방문하기에도 아주 좋다. 주변에 우도, 성산일출봉, 지미봉 등이 가까이 있어 올레 1코스의 아름다운 관광지가 있어 함께 둘러보기에도 좋다.",https://www.instagram.com/orrrn_official,0507-1401-1559,10:30~20:00 (마지막 주문 19:30),오른라테,소금빵 / 아메리카노 / 아이스크림크러핀 등,가능,연중무휴,있음,Unknown,화장실: 있음,50,130,FD,음식,FD05,카페/ 찻집,FD050100,카페,80,90,80,0,20,10,60,45,75,observed,0.8496,0.85,0.9817,0.8263,blend,
1984486,39,음식점,오름가든,제주특별자치도 제주시 조천읍 비자림로 657,63346,126.67666711901,33.436964463124,"오름가든은 제주 미니랜드 인근에 위치한 토종닭, 흑돼지, 꿩요리를 전문으로 하는 음식점이다. 토종닭 코스요리와 꿩한마리 코스요리, 흑돼지 샤브샤브 등 다양한 종류로 토종닭, 흑돼지, 꿩요리를 맛볼 수 있다. 인근에 관광을 오는 사람들도 많이 방문하는 곳이다.",Unknown,0507-1304-6041,10:30~20:00 (마지막 주문 19:00),토종닭 샤브샤브,토종닭 볶음탕 / 토종닭 백숙 / 꿩만두국 등,가능,연중무휴※ 자세한 사항은 전화문의 요망,남/녀 화장실 구분,모든 카드 사용 가능,화장실: 남/녀 화장실 구분,50,110,FD,음식,FD01,한식,FD010100,관광식당,10,90,20,10,10,0,60,45,75,category,0.816,,0.0,0.816,category,"제주 향토음식,고기·구이,한식"
2035397,39,음식점,오름나그네,제주특별자치도 제주시 조천읍 선교로 525,63341,126.712063323898,33.4590652411562,"제주특별자치도 제주시 조천읍에 위치한 오름나그네는 거문오름, 산굼부리 등 유명 관광지와 인접해있어 중간에 식사하기에 최적의 장소에 있다. 대표메뉴는 보말칼국수와 전복성게칼국수로 제주도의 토속음식을 즐길 수 있는 음식점이다.",Unknown,064-784-2277,- 10:00~15:00- 마지막 주문 14:30,보말칼국수,전복성게칼국수/ 버섯들깨칼국수 / 해물파전 / 메밀묵무침 등,가능,매주 화요일,Unknown,Unknown,Unknown,50,110,FD,음식,FD01,한식,FD010100,관광식당,20,90,10,40,10,0,60,45,75,category,0.816,,0.0,0.816,category,"제주 향토음식,한식,면 요리"
2904992,39,음식점,오만정성 제주협재점,제주특별자치도 제주시 일주서로 5083 1층,63011,126.2504411696,33.3890493505,"한식당 오만정성은 제주 협재리 일주서로변에 위치한 한식당이다. 대표 메뉴는 제주산 고사리를 넣어 만든 고사리갈치조림으로, 달고 고소한 갈치살과 통통한 고사리가 어우러진다. 해물전골에는 문어와 새우, 전복, 게, 파, 고추 등 다양한 재료가 큼직하게 들어가며 깊고 진한 국물 맛을 느낄 수 있다. 모든 메뉴는 포장이 가능하며, 어린이를 위한 음료도 준비되어 있어 가족 단위 방문객이 이용하기 좋다. 인근에는 협재해수욕장과 한림공원이 있어 함께 둘러보기 좋다.",Unknown,0507-1328-5083,10:00~22:00 (마지막 주문 21:00),제주 갈치조림,해물전골 / 제주 촌닭 닭도리탕 / 제주 돼지 김치전골 등,가능,"매달 첫째, 셋째 수요일",Unknown,Unknown,Unknown,50,110,FD,음식,FD01,한식,FD010100,관광식당,20,90,10,10,10,0,45,30,60,blend,0.8494,1.0,0.1813,0.816,blend,"제주 향토음식,해산물 요리,한식"
2903088,39,음식점,오스모시스,제주특별자치도 제주시 해맞이해안로 1026 주 1동 1층,63359,126.8308899530,33.5407946303,"오스모시스는 제주시 구좌읍 해맞이 해안로 한동리 바닷가에 있다. 부모님이 직접 농사지은 당근으로 주문과 동시에 착즙하는 100% 구좌 당근주스와 유기농 원당을 사용해 만드는 당근 케이크가 대표 메뉴이며 고메버터스콘, 바스크치즈케이크, ABC주스도 맛볼 수 있다. 빈티지 LP 사운드의 음악을 들을 수 있는 오션 뷰 카페로 모든 디저트는 당일분만 직접 만들어 판매한다. 주변 여행지로는 평대 해변, 코난 해변, 월정리 해수욕장 등이 있다.",https://www.instagram.com/osmosis_cafe,0507-1344-6363,11:00~17:00,구좌 당근주스,구좌 당근케이크 / 바스크치즈케이크 / 젤라또 등,가능,매주 일요일,있음,Unknown,화장실: 있음,50,110,FD,음식,FD05,카페/ 찻집,FD050100,카페,50,80,80,0,10,0,45,30,60,blend,0.7445,0.375,0.1813,0.8263,blend,
2756100,39,음식점,오전열한시,제주특별자치도 서귀포시 상예로 248,63534,126.3942757212,33.2667762829,"서귀포시 중문에 있는 오전 열한 시는 퓨전 한식을 만드는 곳이다. 메뉴는 남녀노소 누구나 좋아할 만한 동치미국수와 수육, 전복 볶음밥, 간장 새우밥이 딱 세 메뉴이다. KBS 신화 편 (108회)에 나와 웨이팅이 다소 길 수 있지만 매장을 둘러싼 야자수, 나무, 꽃들 사이로 놓인 벤치에서 기분 좋게 사진 찍으며 기다릴 만하다. 시원한 동치미 국수에 돼지고기를 싸 먹거나 3일 숙성한 간장새우에 참기름 고소한 덮밥을 먹거나 땅콩소스를 곁들인 전복 볶음밥을 먹으며 하루를 만끽할 수 있다. 간장새우밥에 고추냉이를 얹어 먹으면 더 맛있다고 한다.",https://www.instagram.com/11am_jeju,0507-1307-5576,10:00~16:00 (마지막 주문 15:30),동치미국수+수육,전복볶음밥 / 간장새우밥 등,가능,매주 수요일,있음,Unknown,화장실: 있음,50,130,FD,음식,FD01,한식,FD010100,관광식당,40,90,60,10,10,0,60,45,75,observed,0.7862,0.75,0.4512,0.816,blend,"제주 향토음식,고기·구이,해산물 요리,회·물회·초밥,한식,면 요리"
404168,39,음식점,오조해녀의집,제주특별자치도 서귀포시 성산읍 한도로 141-13,63639,126.9223003307,33.4697761845,"성산 일출봉에서 제주 방향으로 방조제를 건너면 등대를 닮은 하얀 건물이 보이는데 이곳이 오조리 어촌계에서 직영하는 해녀식당 오조리 해녀의 집이다. 이곳 메뉴는 전복, 소라, 해삼 등의 해산물 이름만이 적혀있다. 싱싱한 재료의 맛을 온전히 맛볼 수 있는 회나 구이가 주가 되고 그 중 가장 인기 있는 메뉴는 역시 전복죽이다.",Unknown,064-784-7789,07:00~19:00,전복죽,전복회 / 해삼 / 소라 / 문어 등,가능,연중무휴,있음,Unknown,화장실: 있음,50,130,FD,음식,FD01,한식,FD010100,관광식당,20,100,40,20,10,0,30,15,45,observed,0.805,0.7917,0.4512,0.816,blend,"제주 향토음식,해산물 요리,회·물회·초밥,한식"
2840638,39,음식점,오짜장,제주특별자치도 제주시 조공포길 36 (외도일동),63070,126.4341228251,33.4890245608,"제주 오짜장은 제주국제공항과 가까운 외도동에 위치한 중화요리 전문점이다. 대표 메뉴는 신선한 해산물과 채소를 듬뿍 사용해 얼큰하고 매콤하게 맛을 낸 짬뽕이다. 짬뽕 외에도 다양한 중화요리가 준비되어 있어 취향에 따라 골라 먹을 수 있다. 실내 공간이 넓고 테이블 수가 많으면서 룸도 마련되어 있어 가족 외식이나 단체 모임을 하기에도 적합하다. 인근에는 내도 알작지 해변, 이호테우 해변 등 아름다운 제주의 바다를 감상할 수 있는 여행지가 있어 식사 전후로 함께 둘러보기 좋다. 제주도의 맛과 풍경을 함께 즐길 수 있는 중화요리 맛집으로 추천할 만한 곳이다.",Unknown,064-713-9898,11:00~21:00 (마지막 주문 20:00),고추짬뽕,불타는 매운해물짜장 / 굴짬뽕 / 하얀짬뽕 등,불가능,"매주 일요일, 월요일",Unknown,Unknown,Unknown,50,110,FD,음식,FD02,외국식,FD020100,중식,20,90,20,10,10,0,45,30,60,category,0.8477,,0.0,0.8477,category,"해산물 요리,면 요리,중식"
3030120,39,음식점,옥돔마을,제주특별자치도 서귀포시 남원읍 남태해안로 509,63617,126.74950594180186,33.28756273496645,"태흥2리 어촌관리공동체 음식점인 옥돔마을은 바닷가 바로 앞에 있어 경매장에서 사 온 당일바리 옥돔의 신선한 재료로 손맛 좋은 음식을 제공하여 현지인들에게도 인기 있는 맛집이다. 옥돔은 제주어로 솔래기, 솔라니라고 불리는데 비린내가 없고, 담백한 풍미의 흰 살 생선으로 황금빛 줄무늬가 꼬리지느러미에 있는 것이 특징이다. 옥돔마을에서는 가성비 좋은 정식 메뉴들, 해물탕, 갱이죽, 구이류와 조림류 등 다양한 메뉴들로 선택의 폭이 넓고 반찬 가지 수도 많다. 특이 제주 전통 갱이죽으로도 유명한 곳인데, 갱이는 바닷가에서 잡은 작은 게를 말하고 갱이죽은 그 게를 갈아 쌀과 함께 끓인 죽이다. 입식과 좌식 테이블 공간이 나눠져 있으며, 옥돔마을 식당 앞은 옥돔을 잡으러 가는 배들이 가득한 대흥 포구로 방파제를 산책하면 탁 트인 제주 남원 바다가 보기 좋다. 옥돔 위판장 주변으로 옥돔마을 해변을 바라볼 수 있는, 마을 사람들이 직접 만들어가는 마을카페 간이 옥돔역이 있으니 함께 들러 볼 수 있다. 카페에서는 지역 농산물을 이용한 레시피를 직접 개발해 다양한 음료와 디저트를 만날 수 있다.",Unknown,064-764-1250,- 08:00~21:00- 준비시간 15:00~17:00- 마지막 주문 19:30,옥돔지리,성게미역국 / 도다리물회 / 갱이죽 / 전복돌솥정식 등,가능요금 (무료),연중무휴,Unknown,Unknown,Unknown,50,130,FD,음식,FD01,한식,FD010100,관광식당,60,100,70,60,30,10,45,30,60,blend,0.804,0.75,0.1813,0.816,blend,"제주 향토음식,해산물 요리,회·물회·초밥,한식"
2905025,39,음식점,옥란면옥,제주특별자치도 제주시 신북로 163 1층,63331,126.6308191157,33.5355633570,"옥란 면옥은 제주시 조천읍 조천 초등학교 근처에 있는 냉면 전문점으로 제주도와 백령도의 특산물로 만드는 황해도식 메밀냉면을 맛볼 수 있다. 면은 100% 제주산 메밀가루를 사용하고, 물냉면의 경우 24시간 사골로 우려낸 육수에 제주도 무로 담근 동치미 국물을 더해 시원하고 담백한 맛을 낸다. 비빔 양념장은 과일을 직접 갈아 만들고 김치는 제주 무와 배추로 직접 담근다. 백령도 특산품인 까나리 액젓은 깊은 맛으로 풍미를 더한다. 냉면 외에 녹두빈대떡, 제주 수육, 옥란 식혜 등이 있고 가까운 곳에 조천포구, 연북정, 조천만세 동산이 있어 연계 관광이 가능하다.",Unknown,0507-1433-1505,11:00~16:30 (마지막 주문 16:00),반냉면,물냉면 / 들기름메밀면 / 녹두빈대떡 등,가능,매주 일요일,Unknown,Unknown,Unknown,50,110,FD,음식,FD01,한식,FD010100,관광식당,20,100,20,30,10,10,60,45,75,blend,0.8494,1.0,0.1813,0.816,blend,"한식,면 요리"
3030250,39,음식점,온더스톤 브런치카페 제주성산점,제주특별자치도 서귀포시 성산읍 해맞이해안로 2746 H동 1~2층,63639,126.9182256717,33.4702982825,"성산읍에 2016년에 오픈한 오조리 바다를 바라보며 브런치를 제대로 즐길 수 있는 카페이다. 흑돼지버거가 대표메뉴로 딱새우 오일파스타와 오픈 샌드위치 등 브런치 카페답게 다양한 메뉴를 갖추고 있고, 푸짐한 양과 질 좋은 재료로 정성을 다하는 맛으로 고객들의 만족도가 매우 높은 편이다. 커피, 스무디, 맥주 등 다양한 음료를 즐길 수 있는 음료 라인업도 매력 포인트이다. 매장 이용 고객들은 음료나 식사메뉴 중 1인 1 메뉴 필수이며 1층에서 주문한 후 2층에서 진동벨이 울리면 주문한 음식을 픽업하여 식사하도록 되어 있고, 물과 식기류는 셀프서비스이다. 매장 내부도 우드 테이블과 조명이 아늑한 분위기로 넓고 예쁘게 꾸며져 있고, 2층 통유리창가 일자테이블의 오션뷰 자리를 사수 못해도 창문너머의 탁 트인 전망을 즐길 수 있으니 단체, 가족, 연인들의 취향껏 테이블을 고를 수 있다. / 성산일출봉 가는 길목에 위치하여 성산일출봉 갔다가 혹은 가기 전에 잠시 들려 휴식을 취하기 좋으며, 아기 의자도 마련되어 있고 애견동반(소형견)이 가능한 카페여서 어린아이와 애견동반 여행객들에게 더욱 매력적인 카페이다. 또한 카페 옆에 바비큐가 가능한 온더스톤 펜션이 있는데 펜션 투숙객들에겐 할인가격으로 조식메뉴를 제공한다고 하니 제주 성산방향으로 여행계획을 세울 때 참고하면 좋겠다.",https://blog.naver.com/rvex93,0507-1473-0306,07:00~21:30 (20:30 라스트오더),온더스톤브렉퍼스트 / 제주흑돼지버거세트,버거 / 파스타 / 샌드위치 / 스프 / 음료수류,있음 (주차공간 여유있음),연중무휴,있음 (남/녀 구분),가능,화장실: 있음 (남/녀 구분),50,130,FD,음식,FD02,외국식,FD020300,서양식,70,90,80,0,20,0,45,30,60,observed,0.7248,0.6875,0.5507,0.7706,blend,"고기·구이,양식·세계음식"
3075941,39,음식점,온오프,제주특별자치도 제주시 우도면 우도해안길 876,63365,126.96134190527647,33.5129139781341,"온오프는 제주 우도의 돈가스 전문점으로, 수동해수욕장과 우도마을 사이 우도해안길에 위치해 있다. 인기메뉴는 바질 치즈 돈가스와 제주흑돼지 깻잎안심돈가스이다. 해안가 단층 건물 식당으로 실내와 야외에 모두 테이블이 있으며, 바다를 보며 식사를 즐길 수 있다. 해안가의 단층 건물로 식사 후 해변에 나가 산책하기 좋다. 우도 안에 있어 배가 뜨지 않는 날은 영업을 하지 않기 때문에 날씨를 확인하고 여행 일정을 짜는 것을 추천한다.",Unknown,0507-1346-9807,11:00~18:00 (마지막 주문 16:00),바질 치즈 돈가스,제주흑돼지 깻잎안심돈까스 / 제주흑돼지 굴라쉬 / 제주흑돼지돈까스 등,가능,연중무휴,Unknown,가능,Unknown,50,110,FD,음식,FD01,한식,FD010100,관광식당,60,90,70,0,40,0,60,45,75,observed,0.9008,0.9286,0.7534,0.816,blend,"고기·구이,한식,양식·세계음식"
2857388,39,음식점,온차,제주특별자치도 제주시 서부두남길 12,63277,126.5276835417,33.5151842636,"온차는 제주 원도심 산지천 옆 북수구광장 근처에 있다. '온차'는 제주 사투리로 ‘통째’라는 뜻을 가지고 있으며, 제주 식재료를 오롯이 소개하고자 하는 의미를 담았다고 한다. 계란을 부드럽게 풀어 모양을 낸 회오리 오므라이스와 제주 흑돼지로 만든 등심 돈가스, 한정 메뉴인 치즈돈가스가 있으며 계절 메뉴로 소바 세트가 있다. 주변 여행지로 제주 원도심, 산지천, 제주민속자연사박물관 등이 있다.",Unknown,064-756-6860,주중 11:00~15:20 (라스트오더 14:50) / 주말 11:00~20:00 (브레이크타임 15:00~17:00 / 라스트오더 19:30),회오리 오므라이스,흑돼지등심돈가스 / 치즈돈가스 등,가능 (5대) / 요금 (무료),매주 금요일,Unknown,Unknown,Unknown,50,110,FD,음식,FD02,외국식,FD020200,일식,10,90,30,10,10,0,60,45,75,category,0.849,,0.0,0.849,category,"고기·구이,일식,양식·세계음식"
2903123,39,음식점,올드북촌,제주특별자치도 제주시 일주동로 1437 1층,63339,126.6883438872,33.5455418078,"올드북촌은 제주시 조천읍 북촌리 일주동로 너븐숭이 4·3 기념관 근처 북촌 플레이스 펜션 1층에 있다. 북 카페로 운영되고 있으며 이름처럼 오래된 책들을 색깔별로 정리해 놓았다. 책을 읽기 편하게 다양한 소파와 의자, 테이블이 준비되어 있으며 아이들이 좋아할 만한 그림책도 있다. 펜션과 함께 운영하며 SNS를 통해 추천작도 소개한다. 대표 메뉴는 대봉감 스무디인 따봉대봉, 여름 시즌에는 돌하르방 팥빙수 등이 있다. 주변 여행지로 너븐숭이 4·3 유적지, 돌하르방 미술관 등이 있다.",https://www.instagram.com/oldbookchon,010-6835-1782,- 평일 11:00~19:00 / - 주말 11:00~21:00,제주감귤생강차,제주백향박빙 / 따봉대봉 / 시나몬허니라떼 등,가능,매주 월요일~화요일,있음,Unknown,화장실: 있음,50,110,FD,음식,FD05,카페/ 찻집,FD050100,카페,20,80,50,40,20,10,105,75,135,blend,0.8424,0.875,0.3297,0.8263,blend,
2904395,39,음식점,올드패션,제주특별자치도 서귀포시 일주동로 8661 (서귀동),63590,126.56294952658268,33.25335636079722,"올드패션은 제주 서귀포시에 위치한 감성 카페이다. 시간이 만들어낸 분위기와 빈티지한 감성을 느낄 수 있는 공간으로, 세월의 흔적이 담긴 소품과 감각적인 인테리어가 조화를 이루는 곳이다. 새롭게 이전한 공간은 편안하면서도 특별한 분위기를 연출하며, 정성스럽게 내린 커피와 개성 있는 시그니처 음료를 즐길 수 있다. 조용한 분위기 속에서 여유로운 시간을 보내기 좋으며, 제주 특유의 느긋한 정취를 함께 느낄 수 있는 카페이다.",Unknown,0507-1367-3079,11:00 ~19:00,올드패션드,루이스빌 포그 / 그랜마 / 바나나컵 / 버번파이 등,불가능,매주 토요일,Unknown,Unknown,Unknown,50,130,FD,음식,FD05,카페/ 찻집,FD050100,카페,30,70,80,10,10,0,60,45,75,category,0.8263,,0.0,0.8263,category,
2859054,39,음식점,올디벗구디,제주특별자치도 서귀포시 일주서로 330,63557,126.4734719380,33.2529873880,"올디벗구디는 서귀포 도순마을 복지회관 근처에 있다. ‘낡았지만 좋은 것’이라는 카페 이름의 뜻처럼 구옥을 개조한 카페는 심플함과 빈티지 함이 조화롭다. 진한 크림을 올린 올디커피와 브라운 치즈를 올린 크로플, 쿠키가 인기 메뉴이고, 치즈케이크, 바게트샌드위치 등 디저트와 샌드위치 포장 손님도 많다. 카페 내부는 노키즈 존이고 야외는 어린이들도 방문할 수 있다. 주변 여행지로 한국야구명예전당, 고근산, 제주월드컵경기장 등이 있다. / ※ 반려동물 동반 가능(1층 내부, 야외)",http://instagram.com/cafe_oldiebutgoodie,010-9082-1914,11:00~19:00,올디커피,브라운치즈크로플 / 쿠키 / 아메리카노 / 올디초코 / 치즈케이크 등,가능,인스타그램 공지,Unknown,Unknown,Unknown,50,130,FD,음식,FD05,카페/ 찻집,FD050100,카페,40,90,80,0,10,10,45,30,60,blend,0.8125,0.75,0.1813,0.8263,blend,
1827714,39,음식점,올래국수,제주특별자치도 제주시 귀아랑길 24,63119,126.4972061735,33.4914891794,올래국수는 제주시 연동에 있는 제주 고기국수 음식점이다. 고기국수 단일메뉴만 취급하며 두툼한 고기와 중면이 구수한 사골국물과 어우러져 깊은 맛을 자랑한다. 다수 방송에 소개된 맛집으로 설렁탕보다 진한 국물로 손님의 입맛을 사로잡았다. 오픈부터 웨이팅이 있을 정도로 북적이며 자리에 앉으면 국수가 바로 나온다. 돼지 뼈와 고기를 넣고 푹 끓인 육수에 중간 크기 면을 맛 정통 제주 고기국수의 맛을 느낄 수 있다. 큼직한 돼지고기를 듬뿍 넣은 덕분에 한 그릇 먹고 나면 마음까지 든든해진다.,Unknown,064-742-7355,08:00~15:05 (마지막 주문 15:00),고기국수,Unknown,불가능,매주 일요일 / 설·추석 연휴,있음,가능,화장실: 있음,50,110,FD,음식,FD01,한식,FD010100,관광식당,0,100,20,20,10,0,30,15,45,observed,0.8371,0.8371,0.9986,0.816,blend,"제주 향토음식,한식,면 요리"
2765214,39,음식점,올레안뜰,제주특별자치도 서귀포시 법환로 24 (법환동),63573,126.5128244343,33.2372591895,"제주 전통 가옥을 개조한 식당으로 어마어마한 크기의 흑돼지 돈가스로 유명하다. 신선한 흑돼지를 두툼하게 썰어 바삭하게 튀겨내며, 성인 손바닥 4개 정도의 크기인데, 2인이 먹어도 배가 부를 정도로 양이 푸짐하다. 올레안뜰은 내부가 아늑하고 편안한 분위기로, 여유롭고 따뜻한 느낌을 주어 더욱 편안한 식사를 즐길 수 있다. 돈가스와 함께 햄버거를 만들어 먹을 수 있도록 모닝빵과 양상추샐러드 등을 함께 내어준다.",https://www.instagram.com/olle_anttle,0507-1318-7720,11:30~21:00 (마지막 주문 20:00),흑돼지 왕돈가스,흑돼지 매운 왕돈가스 / 보통 돈가스 / 눈꽃 치즈 스파게티 등,불가능,매주 목요일,있음,가능,화장실: 있음,50,130,FD,음식,FD02,외국식,FD020200,일식,10,100,60,20,10,0,60,45,75,category,0.849,,0.0,0.849,category,"고기·구이,일식,양식·세계음식"
2805483,39,음식점,올티스,제주특별자치도 제주시 조천읍 거문오름길 (23-58),63341,126.717426623728,33.4630176457729,"올티스는 제주 중산간에 위치한 유기농 인증 다원이다. 거문오름의 속에 위치하며, 곶자왈 숲을 보존하고 있는 다원으로 유기농으로 재배한 녹차, 홍차, 호지차, 말차를 직접 생산·가공·유통하고 있다. 올티스의 찻자리는 예약제로 진행되며 티클래스 티 마인드(Tea Mind)와 티코스 티 헤븐(Tea Haven) 두 가지 프로그램이 준비되어 있다. 티 마인드는 올티스의 차 4종류를 티팜 마스터의 손길로 우려내어 주는 티 테이스팅 원데이 클래스로 차 농장 이야기와 차에 대한 기본 지식을 안내하여 풍성한 찻자리를 만들어 준다. 티 헤븐은 웰컴티, 식사, 차, 디저트, 피날레티로 구성된 티 코스로 올티스 차 2종과 다구를 선택하여 직접 우려서 맛볼 수 있다.",Unknown,064-783-9700,09:00~18:00 (휴게시간 12:00~13:00),녹차,호지차 / 백차 / 청차 등,가능요금 (무료),연중무휴,Unknown,Unknown,Unknown,50,110,FD,음식,FD05,카페/ 찻집,FD050200,찻집,80,70,70,60,80,20,60,45,75,category,0.8266,,0.0,0.8266,category,
133974,39,음식점,옹포별장가든,제주특별자치도 제주시 한림읍 한림상로 24,63012,126.257895673425,33.404992056144,"한림읍 옹포리에 위치한 옹포 별장가든은 유명 인사들도 방문하는 곳으로, 미나리닭샤브샤브, 전복 돌솥밥, 삼계탕 등의 메뉴를 구비해 놓고 있다. 업주가 직접 개발한 선인장 백김치와 귤 김치는 이 집만의 독창성과 창의성, 그리고 업주의 음식 개선에 대한 열의 등을 보여준다. 대체로 식당의 내, 외관, 화장실 등은 청결한 편이나 화장실이 별채로 위치해 있다.",Unknown,0507-1355-3146,11:00~21:00 (마지막 주문 19:30),미나리닭샤브샤브,삼계탕 / 전복돌솥밥 / 고등어구이 등,가능,매주 월요일,Unknown,가능,Unknown,50,110,FD,음식,FD01,한식,FD010100,관광식당,10,90,20,10,10,0,60,45,75,category,0.816,,0.0,0.816,category,"해산물 요리,한식"
2363045,39,음식점,와랑와랑,제주특별자치도 서귀포시 남원읍 위미중앙로300번길 28,63610,126.676529228064,33.2722336039511,"와랑와랑은 제주 올레 5코스가 지나는 서귀포 위미리 마을 안에 자리한 카페이다. 카페 앞 돌담 너머에 풍성한 감귤밭이 펼쳐져 있고, 근처에는 동백나무 군락지가 있다. 유기농 감귤로 만든 영귤차, 영귤에이드, 감귤 스무디 등의 음료를 판매하며 친환경 국산 콩가루로 만든 겨울 별미 찰떡구이도 인기가 많다. 나무와 돌로 카페 내부를 장식해 따뜻한 분위기에서 디저트 메뉴를 즐길 수 있다. 올레시장, 이중섭거리, 서귀포성당과 가까이에 있다.",Unknown,070-4656-1761,11:00~18:00,핸드드립,아인슈페너 / 찰떡구이 / 감귤 스무디 등,가능,연중무휴,Unknown,가능,Unknown,50,130,FD,음식,FD05,카페/ 찻집,FD050100,카페,70,80,70,10,10,10,45,30,60,blend,0.8578,1.0,0.1813,0.8263,blend,
2856999,39,음식점,와르다레스토랑,제주특별자치도 제주시 관덕로8길 24-1 (삼도이동),63169,126.5231229205,33.5110679801,"와르다레스토랑은 제주 원도심 한가운데, 조용한 성당 앞 골목 안쪽에 위치한 중동 음식 전문점으로, 제주의 숨은 이국적 맛집으로 알려져 있다. 이곳에서는 중동 지역의 전통 요리인 사와르마 치킨 케밥, 훔무스, 아그다 치킨 등 다양한 아랍 요리를 맛볼 수 있으며, 특히 예멘 음식을 중심으로 한 정통의 맛을 느낄 수 있다. 제주에 이주한 중동권 사람들뿐 아니라, 여행 중 색다른 음식을 찾는 외국인 방문객들이나 건강식에 관심 있는 국내 손님들 사이에서도 입소문이 퍼지고 있다. 중동 음식에 익숙하지 않은 사람도 부담 없이 즐길 수 있으며, 가게 내부는 이국적인 분위기와 함께 빈티지한 인테리어가 더해져 색다른 경험을 선사한다.",Unknown,0507-1417-1470,12:00~22:00 (준비시간 16:00~17:00),사와르마치킨케밥,훔므스 / 아그다치킨 / 양고기스프 등,불가능,매주 일요일,있음,가능,화장실: 있음,50,110,FD,음식,FD02,외국식,FD020300,서양식,10,100,60,40,10,0,60,45,75,category,0.7706,,0.0,0.7706,category,양식·세계음식
2843943,39,음식점,와토커피,제주특별자치도 서귀포시 동일하모로 238,63508,126.2565469257,33.2254897918,"와토커피는 제주 모슬포항 대정초등학교 인근에 위치해 있다. 커피를 직접 볶아 블랜딩하는 로스터리 카페로 블랜드 브라운, 에티오피아 아바야, 인도네시아 디카페인 중 하나를 선택할 수 있다. 시그니처 커피 중 와토 알프스는 아이스크림이 들어간 비엔나커피로 와토커피의 대표메뉴이고 원두 홀빈과 더치 원액도 구매할 수 있다. 주차장이 따로 없어 자동차로 방문할 경우 주차에 불편함이 있으며 반려동물 동반 입장이 가능하다.",https://www.instagram.com/watocoffee,0507-1407-1452,08:00~18:00 (마지막 주문 17:50) / ※ 변동 가능성 있으므로 홈페이지 참조,와토알프스,우드라떼 / 플랫오름 / 더치크림라떼 등,가능,매주 일요일,있음,Unknown,화장실: 있음,50,130,FD,음식,FD05,카페/ 찻집,FD050100,카페,0,80,40,0,10,20,45,30,60,blend,0.7805,0.6875,0.3297,0.8263,blend,
404165,39,음식점,왕일번지식당,제주특별자치도 서귀포시 표선면 중산간동로 4610,63624,126.8031597057,33.3900830635,"왕일번지식당은 성읍민속마을 부근에 위치한 흑돼지불고기 전문점으로 제주산 고사리와 제주산 흑돼지 재료로 하는 음식점이다. 농림축산식품부에서 인증하는 안심식당으로 흑돼지불고기에 고사리와 표고버섯 곁들인 삼합의 맛이 일품이다. 흑돼지요리 맛집으로 소문났던 옛정의골 식당을 업주의 동생 내외가 인수하여 상호를 변경하고 그 맛을 이어가고 있다. 현대식 대형 건물과 깔끔한 실내, 주차장을 완비한 음식점으로 단체 손님도 편리하게 이용할 수 있어 많은 방문객들이 찾는다.",https://www.ok114.co.kr,064-787-1239,10:00~17:00,흑돼지 불고기,흑돼지 오겹살 / 쑥빈대떡 / 공기밥 등,가능,Unknown,있음,가능,화장실: 있음,50,130,FD,음식,FD01,한식,FD010100,관광식당,0,100,40,10,0,0,60,45,75,category,0.816,,0.0,0.816,category,"제주 향토음식,고기·구이,한식"
2836964,39,음식점,외도339,제주특별자치도 제주시 일주서로 7345 (외도이동),63068,126.4317173715,33.4937712193,"외도339는 제주특별자치도 제주시 외도동에 위치한 감성 카페로 바다를 배경으로 한 독특한 인테리어와 다양한 음료와 베이커리 메뉴로 유명하다. 탁 트인 테라스에서 제주의 푸른 바다를 한눈에 감상할 수 있으며, 모던하면서도 따뜻한 인테리어와 아늑한 분위기는 도심 속 일상에서 벗어나 여유를 즐기기에 안성맞춤이다. 테라스 자리에서 일몰 시간대에 사진을 찍기에도 좋다. 외도339는 아름다운 제주 바다를 바라보며 휴식을 취할 수 있는 공간으로, 자연과 어우러진 특별한 시간을 보내고 싶은 이들에게 추천할 만한 장소이다. 함께 둘러보기 좋은 주변 여행지로 알작지, 이호테우해수욕장 등이 있다.",https://www.instagram.com/oedo339_jeju,064-748-0339,09:00~22:00 (마지막 주문 21:30),빵 스위스,햄치즈 샌드위치 / 몽블랑 / 아메리카노 등,가능,연중무휴,있음,가능,화장실: 있음,50,110,FD,음식,FD05,카페/ 찻집,FD050100,카페,80,80,90,0,10,0,60,45,75,observed,0.9047,1.0,0.4512,0.8263,blend,
2851610,39,음식점,용꽈배기,제주특별자치도 제주시 수덕5길 85-7,63103,126.4716113971,33.4817204094,"용꽈배기 신제주 점은 제주 시내 노형 지구대 옆에 있다. 제주도민 꽈배기 맛집으로 꽈배기 안에 대파를 넣은 대파 꽈배기가 시그니처 메뉴이다. 꽈배기 자체의 쫄깃한 식감과 대파 향이 조화를 이루어 여행자들에게도 인기 메뉴이다. 아침 7시부터 문을 열어 가벼운 아침 식사 대용으로 적합하다. 크로켓의 경우 매콤한 당면이 들어있어 자칫 느끼할 수 있는 튀김 빵의 맛을 잡아준다. 근처 여행지로 이호테우해변, 도두봉, 무지개 해안도로 등이 있다.",Unknown,064-742-8599,07:00~17:00,대파찹쌀꽈배기,잡채고로케 / 씨앗팥도넛 / 핫도그 등,가능,매주 월요일,Unknown,Unknown,Unknown,50,110,FD,음식,FD03,간이음식,FD030500,이동음식,20,90,10,0,0,10,30,15,45,blend,0.7599,0.5,0.1813,0.8175,blend,분식·간편식
1984286,39,음식점,용두암해촌,제주특별자치도 제주시 서해안로 614,63150,126.50274812487,33.5169329126285,"제주 용담포구 인근에 위치한 해물요리 전문점이다. 인근에 용수암해수랜드, 용담레포츠공원이 있으며, 용두암해촌에서는 갈치조림, 고등어조림, 고등어구이, 갈치구이, 해물전골, 매운탕 등 다양한 해물 요리를 제공한다. 인원수대로 세트메뉴가 제공되고 있어 단체 식사를 하기에도 좋다.",Unknown,0507-1495-1517,07:30~21:00,뼈없는 갈치조림,옥돔구이 / 전복해물뚝배기 / 성게미역국 등,가능,연중무휴,Unknown,가능,Unknown,50,110,FD,음식,FD01,한식,FD010100,관광식당,20,100,20,0,0,0,60,45,75,observed,0.7699,0.75,0.6988,0.816,blend,"제주 향토음식,해산물 요리,한식"
2853604,39,음식점,우동카덴,제주특별자치도 제주시 조천읍 교래3길 23,63346,126.6793082885,33.4358676834,"제주 조천읍 조천초등학교 교래분교장 인근에 위치한 우동카덴 제주는 스타 셰프가 직접 운영하는 정통 일본식 우동 전문점으로, 제주에서 색다른 우동의 매력을 느낄 수 있는 인기 맛집이다. 이곳의 대표 메뉴는 ‘야마카케 우동’으로, 쫄깃한 냉우동 위에 부드럽게 간 마(산마)와 고소한 계란 노른자가 올려져 있어 담백하면서도 깊은 맛을 자랑한다. 보기에도 고급스럽고, 건강한 재료로 만들어 남녀노소 모두에게 인기가 높다. 이 외에도 바삭한 튀김이 얹어진 텐뿌라 우동, 이카텐붓카케 우동 등 다양한 우동 메뉴가 준비되어 있으며, 치킨 가라아게 같은 일본식 사이드 메뉴도 함께 즐길 수 있어 식사의 만족도를 높여준다.",Unknown,0507-1346-6263,10:00~18:00 (마지막 주문 17:00),야마카케우동,텐뿌라우동 / 은갈치튀김 / 이카텐붓카케 우동,가능,"매주 화요일, 수요일",있음,Unknown,화장실: 있음,50,110,FD,음식,FD02,외국식,FD020200,일식,0,100,20,20,0,0,60,45,75,category,0.849,,0.0,0.849,category,"면 요리,일식"
2904412,39,음식점,우디글레이드 (Woody glade),제주특별자치도 서귀포시 솔동산로 26-6,63596,126.5632265139,33.2427157727,"우디글레이드는 서귀포항 근처에 있다. ‘나무 사이의 공지(빈 곳)’라는 뜻으로 카페 내부에 중정이 있고 안팎으로 식물을 가꾸고 있다. 바닐라빈 라테, 요구르트 플레이트 등에 쓰이는 시럽, 요구르트, 청 등을 직접 만들어 제공하며 디저트가 없는 주간에는 외부 음식 반입도 가능하다. 텀블러 이용 시 전 음료를 일정 금액 할인해 주며 텀블러 렌트 프로그램인 푸른 컵 참여 업체이다. 주변 여행지로 이중섭거리, 천지연폭포, 칠십리시공원 등이 있다.",Unknown,0507-1390-3190,10:00~19:00※ 영업시간 변동 될 수 있으므로 홈페이지 참조 및 전화 문의 요망,우디모닝세트,수박주스 / 토마토소르베 / 후르츠산도 등,가능,매주 월요일,Unknown,Unknown,Unknown,50,130,FD,음식,FD05,카페/ 찻집,FD050100,카페,70,80,80,20,20,0,60,45,75,category,0.8263,,0.0,0.8263,category,
2853621,39,음식점,우무 본점,제주특별자치도 제주시 한림읍 한림로 542-1,63012,126.2564540339,33.4059281770,"우무는 제주시 한림방파제 근처에 있으며 제주 우무의 본점이다. 우무는 우뭇가사리를 뜻하며 해녀가 채취한 우뭇가사리를 오래 끓여 수제 푸딩을 만든다. 보통의 푸딩보다 부드러워, 가볍게 디저트로 먹기 좋다. 커스터드푸딩, 말차푸딩, 초코푸딩과 다양한 시즌 메뉴를 테이크아웃으로 판매하며 푸딩의 인기로 제주블루보틀, 편의점 등과 협업하였고, 제주시에도 지점이 있다. 아기자기하고 분위기 있는 매장 안에 다양한 굿즈도 함께 전시, 판매하고 있어 보는 즐거움을 더해준다. 주변에 함께 둘러보기 좋은 여행지로 비양도 가능 한림항, 협재해수욕장, 금능해수욕장 등이 있다.",https://www.instagram.com/jeju.umu,010-6705-0064,09:00~20:00,커스터드 푸딩,말차 푸딩 / 초코 푸딩 / 오트비건 푸딩 등,불가능,연중무휴,있음,Unknown,화장실: 있음,50,110,FD,음식,FD05,카페/ 찻집,FD050100,카페,20,80,70,20,10,30,30,15,45,observed,0.7875,0.7875,1.0,0.8263,blend,
2830340,39,음식점,우유부단,제주특별자치도 제주시 금악동길 38,63021,126.3280741083,33.3476524167,"사회적 기업 섬이다가 운영하는 우유부단은 제주에서 낙농업이 시작된 유기농 우유 목장인 제주 성이시돌목장에 자리 잡고 있다. 제주의 신선한 유기농 우유를 사용한 아이스크림과 밀크티가 인기이고, 외부공간에서 식음 할 수 있도록 돗자리를 빌려주는 등 친환경적인 서비스를 제공하고 있다. 사진 찍기 명소로 유명한 테쉬폰 옆에 자리 잡고 있어 주말이면 언제나 여행자가 많다. 계절마다 멋진 풍광의 목장도 즐기고, 자연 그대로의 청량하고 건강한 유기농우유 디저트를 가족, 친구, 연인과 함께 즐길 수 있다. 시즌마다 제주 로컬생산자와 함께하는 특별한 메뉴가 준비되어 있다.",https://www.instagram.com/uyubudan,064-796-2033,10:00~18:00,우유부단 아이스크림,유기농 아쌈 밀크티 / 아이스크림 라떼 / 제주 감귤 당근 주스 등,가능,연중무휴,있음,Unknown,화장실: 있음,50,110,FD,음식,FD05,카페/ 찻집,FD050100,카페,80,90,70,20,20,10,30,15,45,observed,0.7307,0.675,0.6321,0.8263,blend,
2854188,39,음식점,우호적무관심,제주특별자치도 제주시 한경면 저지12길 103,63005,126.2672212843,33.3377608871,"우호적무관심은 저지문화예술인마을 제주도립 김창열 미술관 옆에 위치해있다. 노출콘크리트 벽과 하얀색 프레임이 어우러진 세련된 인테리어로 갤러리 느낌의 카페이다. 메뉴는 폭신폭신한 에그샌드위치와 직접 착즙한 구좌 당근주스가 인기메뉴이다. 이외에도 다양한 커피와 논커피 메뉴들이 준비되어 있다. 우호적무관심 카페는 사면이 유리창이어서 창밖으로 보이는 정원, 돌담, 제주의 날씨를 즐길 수 있는 공간이다. 야외 테이블, 평상형 프라이빗 테이블 등으로 다양하게 나뉘어 있으며 입식, 좌식 자리가 마련되어 있다. 카페 구석구석에 아름다운 곳이 많아 사진찍기 좋은 카페로 알려져 있다. 주변 여행지로 제주현대미술관, 문화예술 공공수장고, 제주도립 김창열 미술관 등이 있다.",Unknown,010-4169-8166,- 평일 10:00~17:00 / - 주말 10:00~18:00,폭신폭신 에그샌드위치,구좌 당근주스 / 아메리카노 / 냉침 밀크티 등,가능,연중무휴,있음,Unknown,화장실: 있음,50,110,FD,음식,FD05,카페/ 찻집,FD050100,카페,70,80,90,50,20,10,60,45,75,blend,0.8578,1.0,0.1813,0.8263,blend,
2774884,39,음식점,운정이네,제주특별자치도 서귀포시 중산간서로 726 (중문동),63550,126.4377636869,33.2635773213,"제주 중문 갈치전문점 운정이네는 1m가 넘는 제주 은갈치와 전복, 산낙지, 옥돔 등 다양한 해산물이 제공되고, 전복, 회, 흑돼지족발, 해물뚝배기 등 눈과 입을 즐겁게 하는 다채로움이 눈앞에 펼쳐진다. 직원들이 고객을 위하여 직접 갈치 살을 세심하게 발라줘 보드라운 갈치의 맛을 더욱 깊이 느낄 수 있다. 해물 들어간 미역국과 함께 나오는 돌솥밥에는 전복이 들어있어 제주의 맛을 느낄 수 있다.",Unknown,0507-1350-3883,08:30~22:00,순살갈치조림,운정이 상차림 / 전복성게미역국 / 통문어갈치조림 등,가능,연중무휴,있음,Unknown,화장실: 있음,50,130,FD,음식,FD01,한식,FD010100,관광식당,0,100,40,20,20,0,60,45,75,blend,0.8494,1.0,0.1813,0.816,blend,"제주 향토음식,해산물 요리,회·물회·초밥,한식"
2808037,39,음식점,원앤온리,제주특별자치도 서귀포시 산방로 141 원앤온리,63528,126.319188130684,33.2392234176341,원앤온리는 제주에서 가장 길고 고요한 황우치해변을 홀로 품고 명승 산방산을 지붕 삼은 유일한 곳이다. 카페에서 굿즈들도 판매하고 있어 기념품 사기에도 좋다. 명실상부 독보적인 제주 여행 필수코스로 자리매김한 원앤온리에서 투억을 만들 수 있다.,Unknown,0507-1323-6186,10:00~18:40 (마지막 주문 18:00),산방산 케이크,원앤온리 / 초당 옥수수 케이크 / 흑돼지 토마토 파스타 등,가능,연중무휴,Unknown,Unknown,Unknown,50,130,FD,음식,FD05,카페/ 찻집,FD050300,기타음료점,70,60,90,0,20,20,60,45,75,observed,0.8355,0.8355,0.9995,0.8355,blend,
2850078,39,음식점,원조남원포구식당,제주특별자치도 서귀포시 남원읍 남원회관로 53,63621,126.7188195525,33.2783662631,"원조남원포구식당은 제주도 서귀포시 남원읍에 위치한 남원포구 인근의 한식 전문 식당으로, 바다 내음 가득한 신선한 해산물 요리를 맛볼 수 있는 곳이다. 이 식당은 아침에 열기 때문에 든든한 아침식사를 원하는 사람들도 만족할 수 있다. 대표 메뉴로는 전복뚝배기, 성게보말미역국, 갈치조림, 고등어조림이 있으며, 하나같이 신선한 재료를 사용해 제주 바다의 맛을 담아내고 있다. 전체적으로 국물 음식이 지나치게 진하거나 자극적이지 않아 신선한 해물의 담백한 맛을 즐기기에 좋다. 이 식당은 깔끔한 내부와 정갈한 상차림으로 제주 한 끼를 제대로 경험하고 싶은 사람들에게 제격이다.",Unknown,064-752-9000,08:00~21:00,전복뚝배기,성게보말미역국 / 전복죽 / 갈치조림 등,가능,매주 목요일,있음,가능,화장실: 있음,50,130,FD,음식,FD01,한식,FD010100,관광식당,20,100,30,30,10,0,45,30,60,blend,0.753,0.625,0.3297,0.816,blend,"제주 향토음식,해산물 요리,한식"
2785326,39,음식점,월정리 달이뜨는식탁 (달이뜨는식탁),제주특별자치도 제주시 구좌읍 월정1길 14,63358,126.7908070350,33.5531870564,"월정은 달이 뜨는 바닷가라는 의미를 가진 시골 마을이다. 아름다운 월정 마을의 달이 뜨는 식탁은 파스타 맛집으로 유명하다. 창 너머로는 월정 바다가 보이고 루프탑에서는 시골 마을을 감상할 수 있다. 3cm나 되는 두꺼운 흑돼지 돈가스부터 딱새우 로제파스타, 통베이컨 크림파스타가 인기 메뉴이다. 월정리 해수욕장과 가까워 해변을 산책하기도 안성맞춤이다.",Unknown,0507-1330-8538,- 11:00~20:00 / - 마지막 주문 19:00,제주 딱새우 로제파스타,두꺼운 흑돼지 돈까스 / 제주 마늘 알리오올리오 / 통베이컨크림파스타 / 해산물덮밥 등,가능,연중무휴,있음,Unknown,화장실: 있음,50,110,FD,음식,FD01,한식,FD010100,관광식당,60,90,80,20,20,10,60,45,75,observed,0.8336,0.8393,0.7534,0.816,blend,"고기·구이,해산물 요리,한식,양식·세계음식"
2779435,39,음식점,월정리갈비밥,제주특별자치도 제주시 구좌읍 월정7길 46,63358,126.7968120307,33.5548925198,"월정리 갈비밥은 월정리 해변 근처에 있는 맛집이다. 맛도 맛이지만, 시선을 사로잡는 비주얼로 SNS 채널에서 유명해졌다. 주메뉴는 흑돼지 갈비밥과 매운 흑돼지 갈비밥이다. 갈비밥을 주문하면 미니 냉면이 함께 제공되는데, 물냉면과 비빔냉면 중 선택이 가능하다. 삶은 계란과 딱새우, 방울토마토가 함께 나오는데, 수북이 쌓인 갈비를 먹기 좋게 잘라 밥에 올려 먹으면 된다. 또 다른 인기 메뉴는 유리컵이 넘치게 쌓아 올린 에이드인 레몬 타워와 제주타워다. 제주타워는 한라봉 에이드인데, 비주얼이 독특해서 관광객들이 많이 찾는 메뉴다.",https://www.instagram.com/jeju__galbibob,064-782-0430,11:00 ~ 19:30 / (브레이크타임 14:30 ~ 17:00 / 점심 라스트오더 14:10 / 저녁 라스트오더 19:10),"흑돼지 직화구이 (A세트, B세트)",제주 타워 / 레몬 타워 / 제주를 담은 한상차림,가능 / 요금 (무료),연중무휴,가능 (남녀 구분),가능,"부대시설: 무선인터넷, 주차장, 화장실 | 화장실: 가능 (남녀 구분)",50,110,FD,음식,FD01,한식,FD010100,관광식당,20,90,90,10,20,0,60,45,75,observed,0.8506,0.8594,0.7981,0.816,blend,"제주 향토음식,고기·구이,한식"
2765211,39,음식점,윈드스톤,제주특별자치도 제주시 애월읍 광성로 272,63062,126.436091724548,33.4604773121508,"제주시 애월읍의 작은 마을 어귀를 지나면, 나지막한 지붕에 아늑한 공간, 큰 창이 나 있는 카페 윈드스톤이 있다. 이름처럼 제주의 전통가옥인 돌담 집 콘셉트로, 날이 좋으면 앙증맞은 정원에서 커피를 즐길 수도 있다. 책방도 같이 운영하고 있는데, 책 종류가 많지는 않고 독립 출판물이나 매거진, 인센스 스틱과 달력 등을 판매하고 있다. 신선한 원두로 내린 커피와 북 마스터가 선별한 다양한 서적들을 만나 볼 수 있다. 공항과도 가까워 공항 가기 전이나 여행 중 잠깐 들러 여유를 만끽하기 좋은 곳이다.",Unknown,070-8832-2727,09:00~17:00,아몬드라떼,아메리카노 / 스트롱라떼 / 더치 콕 등,불가능,격주 일요일※ 자세한 사항은 전화문의 요망,Unknown,가능,Unknown,50,110,FD,음식,FD05,카페/ 찻집,FD050100,카페,60,70,70,40,30,20,30,15,45,observed,0.7919,0.75,0.4512,0.8263,blend,
2833269,39,음식점,유동커피,제주특별자치도 서귀포시 태평로 406-1 (서귀동),63596,126.5638031862,33.2445703014,"로스터리 카페 유동커피는 올레 시장과 이중섭거리 근처에 자리하고 있다. 유동커피는 로컬 감성이 가득한 특별한 카페로 카페 내부의 인테리어는 모던하면서도 따뜻한 감성을 담아내어 아늑한 분위기를 자아낸다. 시장과 거리를 산책한 후 잠시 들러 쉬어가기에 좋다. 직접 로스팅한 원두로 내린 신선한 커피를 맛볼 수 있으며, 스페셜 커피와 시그니처 음료, 맛있는 디저트 메뉴를 함께 즐기며 여유로운 시간을 보내기 좋은 공간이다. 혼자만의 시간을 보내기에도 좋고, 조용한 대화를 나누기에도 알맞은 분위기이다. 감성적인 음악과 친절한 서비스까지 더해져 만족도가 높은 곳이다.",https://www.instagram.com/youdongcoffee,064-733-6662,8:00~21:00 (마지막 주문 21:30),송산동커피,아메리카노 / 카페모카초코 / 콜드브루 등,불가능,연중무휴,Unknown,Unknown,Unknown,50,130,FD,음식,FD05,카페/ 찻집,FD050100,카페,30,90,70,20,20,10,30,15,45,observed,0.8999,0.9091,0.8892,0.8263,blend,
2851274,39,음식점,유디에이(UDA),제주특별자치도 서귀포시 속골로 13-7 (호근동),63571,126.5285396544,33.2410562417,"유디에이(UDA)는 제주 서귀포시 서귀포여자고등학교 근처 바닷가에 위치한 대형 오션뷰 브런치 카페이다. 3층 건물로 이루어져 있으며, 특히 루프탑에서는 제주 한라산과 푸른 바다가 한눈에 들어오는 탁 트인 전망을 즐길 수 있다. 해질 무렵에는 핑크빛 노을이 바다와 산을 붉게 물들이는 아름다운 풍경도 감상할 수 있다. 카페 내부뿐만 아니라 외부 곳곳에 사진 찍기 좋은 포토존이 마련되어 있어 멋진 사진을 남기려는 방문객들에게도 좋다. 유디에이는 맛있는 브런치 메뉴와 함께 제주 자연의 아름다움을 만끽할 수 있는 특별한 장소이다. 주변에는 법환포구, 외돌개, 서귀포칠십리시공원 등이 가까워 함께 둘러보기 좋은 여행 코스이다.",https://www.instagram.com/uda_jeju,070-7757-0000,10:30~19:00 (마지막 주문 18:30),콥샐러드 UDA,몬테크리스토 샌드위치 / 브런치 UDA / 제주 톳 파스타 샐러드,가능,매주 목요일,있음,Unknown,화장실: 있음,50,130,FD,음식,FD05,카페/ 찻집,FD050100,카페,80,80,90,0,20,0,75,60,90,blend,0.8424,0.875,0.3297,0.8263,blend,
404214,39,음식점,유빈,제주특별자치도 제주시 탑동로 55,63167,126.519002143147,33.5180108254298,"고급 식재료 중 하나인 전복은 타 지역에 비해 제주도에서 많이 맛볼 수 있다. 고급 식재료인 만큼 가격은 비싸지만 영양과 맛에서 비싼 이유를 찾을 수 있다. 유빈식당의 전복죽은 비린 맛이 안 느껴지며 전복죽이 하얀색이라는 고정관념을 깨고 노란색의 색다른 맛을 느낄 수 있다. 죽뿐 아니라 구이와 회로도 즐길 수 있으며, 예약을 하고 간다면 조리하는 시간을 기다리지 않고 바로 즐길 수 있어 좋다.",Unknown,064-753-5218,08:00~19:00,전복죽,전복스테이크 / 전복뚝배기 / 전복회 등,가능,연중무휴,Unknown,가능,Unknown,50,110,FD,음식,FD01,한식,FD010100,관광식당,0,100,20,0,20,0,60,45,75,category,0.816,,0.0,0.816,category,"제주 향토음식,해산물 요리,회·물회·초밥,한식"
2876814,39,음식점,육도담 제주시청본점,제주특별자치도 제주시 도남로 59 1층,63205,126.5276839983,33.4950753788,"육도담 제주시청본점은 식약처에서 인증한 업소를 통하여 돼지고기를 선별하고 드라이에이징 하여 숙성한 돼지고기를 전문으로 하는 곳이다. 뼈대 있는 숙성뼈가브리, 풍미 담은 숙성뼈삼겹, 육즙감은 꽃목살, 육도담 삼겹살 등의 부위가 있으며 모든 고기는 부드러운 식감과 꽉 잡은 육즙이 특징이다. 곁들이는 소스가 나오고 반찬으로는 명란젓, 와사비, 멜젓, 쌈장, 백김치, 고사리와 함께 육도담만의 특제 젓갈 쌈장이 나온다.",https://www.instagram.com/yook.do.dam,0507-1342-0055,14:00~22:30 (마지막 주문 21:30),뼈대있는 숙성뼈가브리,풍미담은 숙성뼈삼겹 / 담백고소 삼겹살 / 육즙담은 꽃목살 등,불가능,연중무휴,있음,Unknown,화장실: 있음,50,110,FD,음식,FD01,한식,FD010100,관광식당,0,90,20,0,0,0,75,60,90,blend,0.8561,0.9375,0.3297,0.816,blend,"고기·구이,한식"
2864287,39,음식점,윤스타피자앤파스타,제주특별자치도 제주시 구좌읍 문주란로1길 74-20,63363,126.8849939513,33.5252472254,"윤스타피자앤파스타는 제주도에서 개그맨이 직접 운영하는 화덕피자 전문점이다. 이곳의 피자는 뜨거운 화덕에서 짧은 시간 동안 빠르게 구워내기 때문에 겉은 바삭하고 속은 쫄깃한 식감이며, 특히 자연산 치즈와 고급 올리브오일, 그리고 신선한 채소 등 엄선된 재료만을 사용하여 맛과 품질 모두 만족시킨다. 대표 메뉴인 ‘윤스타사랑해요’는 싱싱한 토마토와 루꼴라 위에 윤스타만의 달콤한 특제 소스가 곁들여진 윤스타의 대표 피자로, 많은 손님들이 찾는 인기 메뉴이다. 또한 이탈리아산 소세지가 도우 전체에 올려져있는 페파로니 피자도 대표메뉴 중 하나이다. 이외에도 제주 고사리를 활용한 ‘고사리오일파스타’ 도 부드러운 식감과 고소한 맛으로 방문객들에게 인기있는 메뉴 중 하나이다.",http://www.instagram.com/gagsukju,0507-1350-7986,11:30~20:00,윤스타사랑해요,페파로니피자 / 고사리파스타 / 마르게리따 등,가능,연중무휴,있음,가능,화장실: 있음,50,110,FD,음식,FD02,외국식,FD020300,서양식,0,100,30,0,0,0,45,30,60,blend,0.805,0.875,0.3297,0.7706,blend,양식·세계음식
2905079,39,음식점,윤재커피,제주특별자치도 제주시 중앙로12길 1,63168,126.5241000000,33.5118000000,"윤재커피는 제주시 동문시장 인근에 위치한 카페이다. 제주 원도심의 구옥을 개조한 공간으로, 아기자기한 소품과 작은 정원이 어우러져 아늑한 분위기를 자아낸다. 제주산 식재료를 활용해 음료와 디저트를 선보이며, 대표 메뉴인 엄마표 기름떡은 제주 로컬 음식인 기름떡에서 착안해 만들었다. 제주산 쑥과 당근, 플레인 세 가지 맛으로 제공되며 전복조림과 블루베리잼, 애플망고잼을 곁들여 즐길 수 있다. 이 밖에 아인슈페너와 흑임자라테도 인기 메뉴다. 주변에는 제주원도심과 제주목관아 등이 있어 함께 둘러보기 좋다.",Unknown,0507-1422-1980,[월요일 / 수요일~금요일]- 11:30~18:00 (마지막 주문 17:30)[토요일]- 12:00~17:00 (마지막 주문 16:30),윤재엔나,윤스아인슈페너 / 정원라떼 / 번트치즈케이크 등,가능,매주 일요일,Unknown,Unknown,Unknown,50,110,FD,음식,FD05,카페/ 찻집,FD050100,카페,60,80,70,20,10,10,60,45,75,blend,0.8125,0.75,0.1813,0.8263,blend,
2759614,39,음식점,은혜전복,제주특별자치도 제주시 애월읍 애월로1길 24-3,63043,126.3101758592,33.4630171465,"은혜전복 제주애월본점은 신선한 전복을 활용한 다양한 요리를 제공하는 식당이다. 전복돌솥밥, 전복죽, 전복뚝배기, 전복구이 등 메뉴가 다양하며, 특히 전복죽은 진하고 담백한 맛으로 속을 편안하게 해준다. 전복뚝배기는 해물이 푸짐하게 들어가 시원하고 깔끔한 국물이 특징이다. 전복으로 건강한 식사 후 인근에 있는 멋진 카페가 즐비한 한담 해안가 산책을 즐기는 사람들도 많다.",Unknown,0507-1432-9060,- 09:40~20:00 / - 마지막 주문 19:00,전복돌솥밥,전복물회 / 전복뚝배기 / 전복죽 / 전복회무침 등,가능,연중무휴,있음,Unknown,화장실: 있음,50,110,FD,음식,FD01,한식,FD010100,관광식당,20,90,20,0,10,0,60,45,75,observed,0.7844,0.7708,0.6988,0.816,blend,"제주 향토음식,해산물 요리,회·물회·초밥,한식"
1861280,39,음식점,은희네해장국,제주특별자치도 제주시 고마로13길 8,63253,126.5407381130,33.5085574275,"은희네해장국은 제주 제주시에 위치한 유명한 해장국 전문점이다. 신선한 재료와 깊은 맛이 특징인 이곳의 해장국은 속을 확 풀어주는 맛으로 많은 이들의 사랑을 받고 있다. 특히, 고기와 얼큰한 국물이 어우러져 감칠맛이 뛰어나며, 함께 제공되는 밑반찬들도 정갈하고 맛있다. 제주 여행 중 해장국을 찾는다면 꼭 방문해볼 가치가 있는 곳이다.",Unknown,064-726-5622,[평일] / 06:00 ~ 15:00 / [주말] / 06:00 ~ 14:00,소고기 해장국,해장국 / 내장탕 등,가능,매주 목요일,Unknown,가능,Unknown,50,110,FD,음식,FD01,한식,FD010100,관광식당,0,100,10,10,10,0,30,15,45,observed,0.6248,0.4688,0.5507,0.816,blend,한식
4073374,39,음식점,음파,제주특별자치도 제주시 관덕로4길 6 (삼도이동),63168,126.5211524708,33.5124374574,"문을 열기도 전에 골목으로 흘러나오는 선율이 발걸음을 붙잡는 제주 원도심의 음악 브런치 카페다. 음파는 향사당 인근 관덕로 골목에 자리한 카페로, 커다란 유리창 입구를 골목을 향해 열어두어 기분 좋은 개방감과 함께 주인장의 감각적인 음악 선곡이 공간 전체를 채운다. 창가 자리에 앉으면 고즈넉한 원도심 골목 풍경이 눈앞에 펼쳐지며, 때마침 흘러나오는 명곡과 함께 시간이 멈춘 듯한 낭만적인 휴식을 경험할 수 있다. 대표 메뉴 고사리치즈파니니는 제주산 고사리의 오동통하고 쫄깃한 식감이 부드러운 치즈와 어우러져 입맛을 돋우며, 향긋하고 진한 풍미의 바질크림 파스타도 함께 맛볼 수 있다.",Unknown,0507-1354-9569,09:00~16:00,고사리치즈파니니,고사리 파스타 / 바질크림 파스타 / 아메리카노 등,불가능,매주 토요일~일요일,Unknown,Unknown,Unknown,50,110,FD,음식,FD05,카페/ 찻집,FD050100,카페,50,80,70,20,10,0,60,45,75,category,0.8263,,0.0,0.8263,category,
4002769,39,음식점,이금돈지,제주특별자치도 제주시 노연로 143 (연동),63123,126.495362938093,33.4860847312458,"제주공항 근처 갈치조림 맛집 이금돈지는 제주공항에서 차로 10분 거리에 위치한 한식당으로, 여행의 시작과 끝에 방문하여 식사하기 좋은 곳이다. 두툼한 통갈치를 사용해 비린내 없이 담백한 통갈치조림을 맛볼 수 있으며, 특제 양념이 속까지 배어 밥과 함께 즐기기 좋다. 조림 외에도 통갈치구이 메뉴가 준비되어 있어 다양한 갈치 요리를 경험할 수 있다. 성게미역국은 아침식사로도 부담 없으며, 넓은 실내와 대형버스 6대 주차 가능한 공간을 갖추고 있어 가족 외식과 단체 방문에도 편리하다. 제주 여행 중 제주공항 근처 갈치조림 전문점이나 제대로 된 통갈치조림, 통갈치구이를 찾는다면 좋은 선택이 된다.",Unknown,0507-1481-8889,09:30~22:00 (마지막 주문 20:40),철판통갈치조림,제주 갈치조림 / 제주 순살갈치조림 / 성게국 등,가능,연중무휴,Unknown,Unknown,Unknown,50,110,FD,음식,FD01,한식,FD010100,관광식당,10,90,10,10,10,0,60,45,75,blend,0.7134,0.25,0.1813,0.816,blend,"제주 향토음식,해산물 요리,한식"
4060785,39,음식점,이끼숲소길,제주특별자치도 제주시 애월읍 장소로 621,63042,126.389440763927,33.399481181624,"이끼숲소길은 제주시 애월읍에 위치한 넓은 카페로, 신선한 원두를 사용한 시그니처 커피와 계절별 시즌 메뉴, 직접 만드는 수제 쿠키와 디저트를 제공하는 곳이다. 특히 대표 메뉴인 이끼숲소길 에이드는 레몬에이드와 말차의 조화로 인기가 높으며, 넓은 주차장과 편안한 접근성으로 가족 단위 방문객에게 적합하다.",Unknown,0507-1359-9603,- 09:00~17:30- 마지막 주문 17:15,이끼숲소길 에이드,시나몬라떼 / 코코넛말차크림라떼 / 유자커피 등,가능,연중무휴,Unknown,Unknown,Unknown,50,110,FD,음식,FD05,카페/ 찻집,FD050100,카페,20,80,70,0,10,0,60,45,75,category,0.8263,,0.0,0.8263,category,
2861702,39,음식점,이돈갓,제주특별자치도 제주시 칠성로길 27 (일도일동),63277,126.5257892768,33.5145343053,"이돈갓 본점은 제주 원도심의 중심부인 칠성로에 위치한 일본식 수제 돈가스 전문점으로, 제주산 돈육만을 사용해 조리한다. 합리적인 가격과 든든한 구성 덕분에 인근 상인들과 지역 주민들도 많이 찾는 곳이다. 식물성 기름에 튀겨내어 담백한 맛을 자랑하며, 매장에서 직접 고기를 두드리는 소리가 들리는 수제 스타일로 제공된다. 기본 메뉴로는 두툼한 일본식 돈가스를 중심으로 우동, 나베가 함께 구성된 돈가스 면세트와 따뜻한 국물이 매력적인 나베우동세트가 있다. 세트 메뉴 외에도 우동과 나베는 단품으로도 주문할 수 있어 간단하게 식사를 즐기고 싶은 이들에게도 적합하다. 깔끔하고 캐주얼한 분위기 속에서 든든한 한끼를 즐길 수 있다.",Unknown,064-722-6427,11:00~19:40 (마지막 주문 19:00),이돈갓정식,돈까스 우동세트 / 돈까스 나베우동 세트 / 김치나베 등,불가능,매주 월요일,있음,Unknown,화장실: 있음,50,110,FD,음식,FD02,외국식,FD020200,일식,0,90,20,0,10,0,60,45,75,category,0.849,,0.0,0.849,category,"고기·구이,면 요리,일식"
2819194,39,음식점,이스방한상,제주특별자치도 제주시 흥운길 87,63152,126.513574922731,33.5157221161609,"이스방한상은 제주 용두암 근처에 있는 참돔코스요리집이다. 작은상부터 시그니쳐 메뉴까지 다양하게 구성되어 있으며, 신선한 해산물과 함께 탕이 제공된다. 문어숙회와 해물파전, 새우튀김 등 사이드 메뉴도 다양하다. 음식 하나하나 맛있고 간도 적당하여 부모님이나 어른들을 모시고 가기도 좋은 곳이다.",Unknown,010-9163-1060,11:00~22:00,시그니쳐,한상 / 작은상,가능,"매주 수요일, 일요일",Unknown,가능,Unknown,50,110,FD,음식,FD01,한식,FD010100,관광식당,0,90,20,0,0,0,60,45,75,category,0.816,,0.0,0.816,category,"해산물 요리,한식"
3066880,39,음식점,이스트포레스트,제주특별자치도 제주시 구좌읍 종달로1길 26-1,63364,126.8987666020,33.4958816395,"제주도 동쪽 종달리에 있는 이스트포레스트는 양식 전문점으로 파스타 맛집이다. 조용한 종달리에서 가장 인기 있는 식당으로 현지인과 관광객 모두 많이 찾는 곳이다. 싱싱한 재료로 만드는 문어 크림 파스타, 전복 버터구이 리조또, 해산물 누룽지 토마토 파스타 등 다양한 양식메뉴를 판매하고 있다. 메뉴에 들어가는 모든 소스를 직접 수제로 만들어 정성이 가득하다. 1층에는 식사를 할 수 있고, 2층은 카페로 운영하고 있으며, 앞쪽으로 오름이 있어 제주의 멋진 풍광을 느낄 수 있는 레스토랑이다. 주변으로 종달항, 두물포항, 성산일출봉 등의 관광지가 있다.",Unknown,064-784-3789,- 11:00~21:00- 준비시간 15:00~17:30- 마지막 주문 20:00,문어 크림파스타,전복 버터구이 리조또 / 토마토 해물파스타 / 문어 먹물 리조또 등,가능,연중무휴,Unknown,Unknown,Unknown,50,110,FD,음식,FD02,외국식,FD020300,서양식,70,90,60,0,10,0,60,45,75,observed,0.8281,0.875,0.5507,0.7706,blend,"제주 향토음식,해산물 요리,양식·세계음식"
2840885,39,음식점,이어도식당,제주특별자치도 서귀포시 성읍정의현로22번길 14,63624,126.8023710152,33.3844031223,"이어도식당은 제주 서귀포시 성산읍에 위치한 한식 전문 음식점으로, 성읍민속마을 인근에 자리하고 있다. 이곳은 제주 전통의 맛을 담은 다양한 해산물 및 고기 요리를 판매하고 있다. 대표 메뉴로는 흑돼지 오겹살, 불고기 정식, 갈치조림, 성게 칼국수 등이 있으며, 제주식 양념으로 맛을 낸 두루치기 스타일의 메뉴도 제공하고 있어 색다른 풍미를 느낄 수 있다. 흑돼지 오겹살과 더불어 옥돔 정식, 메밀 빈대떡 등 제주 특산 재료를 활용한 메뉴가 다양하게 준비되어 있어 제주만의 식문화를 제대로 경험할 수 있다. 음식의 맛과 품질에 비해 가격도 합리적이다. 식사를 마친 뒤에는 가까이에 있는 성읍민속마을과 영주산을 함께 둘러볼 수 있어 여행 중 들르기 좋은 위치에 있다.",Unknown,064-787-4333,07:30~20:00,흑돼지 오겹살,불고기정식 / 옥돔정식 / 갈치조림 등,가능,연중무휴,Unknown,Unknown,Unknown,50,130,FD,음식,FD01,한식,FD010100,관광식당,20,100,20,30,10,0,60,45,75,blend,0.804,0.75,0.1813,0.816,blend,"제주 향토음식,고기·구이,해산물 요리,한식,면 요리"
2876685,39,음식점,이정의댁,제주특별자치도 서귀포시 예래로144번길 22-1,63537,126.3920651834,33.2496809134,"이정의댁은 예래동 주민센터 근처에 있다. 구옥을 개조한 카페로 검은 돌담 안쪽에 소담한 단층집이 있으며 마당이 넓고 귤나무, 동백나무 아래 야외 테이블이 있다. 내부에는 진한 우드톤의 엔틱 가구와 카페 현판이 걸려 있는 것도 이색적이다. 독특한 모양의 작고 앙증맞은 디저트가 다양하게 준비되어 있으며 곳곳이 포토존이다. 예스키즈존이며 주변 여행지로는 중문관광단지, 중문색달해수욕장 등이 있다.",Unknown,0507-1413-8086,11:00~19:00 (마지막 주문 18:30),이정의케이크,피치스 / 호우시절 / 청원 / 화향천리 등,불가능,연중무휴,있음,Unknown,화장실: 있음,50,130,FD,음식,FD05,카페/ 찻집,FD050100,카페,70,80,80,30,20,10,75,60,90,blend,0.8125,0.75,0.1813,0.8263,blend,
2759616,39,음식점,이춘옥 원조 고등어쌈밥,제주특별자치도 제주시 애월읍 일주서로 7213,63053,126.4187130541,33.4890243164,이춘옥 원조 고등어 쌈밥은 잘 익은 묵은지와 고등어를 맛깔나게 조리하는 묵은지 찜 전문점이다. 올레 17코스 해안 도로변에 있어 오션뷰를 즐길 수 있다. 테라스 좌석이 마련되어 있어 탁 트인 바다의 시원한 풍경을 감상하며 식사할 수 있다. TV 방송에도 여러 번 방영되었으며 대표 메뉴는 윤기가 흐르는 고등어를 푹 익은 묵은지에 돌돌 말아먹는 고등어 쌈밥이다. 그와 함께 테이블을 가득 채울 만큼 커다란 통갈치구이도 인기 만점이다.,https://www.instagram.com/gossam__,0507-1402-9914,09:00~21:00 (브레이크타임 16:00~17:00 / 점심 라스트오더 15:00 / 저녁 라스트오더 20:00),고등어 묵은지 찜,은갈치조림 / 통갈치구이 / 전복뚝배기 등,가능,연중무휴,가능 (남녀 구분),가능,"부대시설: 단체석, 아기의자, 주차장, 무선 인터넷, 화장실 | 화장실: 가능 (남녀 구분)",50,110,FD,음식,FD01,한식,FD010100,관광식당,60,100,80,20,20,0,60,45,75,observed,0.7932,0.7857,0.7534,0.816,blend,"제주 향토음식,해산물 요리,한식"
2854211,39,음식점,인그리드,제주특별자치도 제주시 서해안로 64,63108,126.4567455524,33.5025317580,"인그리드는 제주 이호테우해변 제주이호랜드 앞에 있다. 고옥을 개조한 카페로 작은 마당과 돌담, 하얀 벽과 빨간 지붕이 동화 감성을 연출한다. 아늑한 내부는 밀도 있게 구성하여 좌식과 입식 좌석이 있으며, 메뉴도 사진찍기 좋아서 카페 여행을 오는 여행자들의 코스로 통한다. 공항과 가까워 들러가기 좋으며 주변 여행지로 이호테우 말등대, 도두봉, 도두동무지개해안도로 등이 있다. / ※ 반려동물 동반 불가",https://www.instagram.com/ingrid_jeju,0507-1344-6646,11:00~18:00,얼그레이크림라떼,에끌레어 / 아메리카노 / 에이드 등,가능 (해안도로 주차라인),"매주 수요일, 목요일",Unknown,Unknown,Unknown,50,110,FD,음식,FD05,카페/ 찻집,FD050100,카페,40,70,90,10,20,0,60,45,75,blend,0.8578,1.0,0.1813,0.8263,blend,
2777791,39,음식점,인디고트리,제주특별자치도 서귀포시 남원읍 하례망장포로 4,63613,126.6348410430,33.2638248613,"인디고트리는 오래된 귤 창고를 카페이자 편집샵으로 개조한 곳으로 곳곳이 돌로 꾸며져 투박하면서도 빈티지한 멋이 느껴지며, 건물 외관은 제주도 본연의 모습이 느껴진다. 카페 메뉴 중 제주도 특산품인 귤로 만든 에이드와 차는 산지의 귤을 바로 사용한 신선하면서도 새콤한 맛이 특징이다. / 인디고트리의 1층은 개성 넘치는 의류나 라이프스타일 소품들을 구경할 수 있는 편집샵 공간과 카페로 나뉘어 있으며, 2층은 1층을 내려다볼 수 있는 다락처럼 꾸며져 있다. 내부는 인더스트리얼 스타일(Inderstrial Style) 인테리어 분위기를 표현해 거칠면서도 심플한 분위기를 자아낸다. 도심에서는 쉽게 찾기 어려운 제주도의 감성을 느끼며 쉬어 가기 좋은 곳이다.",Unknown,0506-662-8185,Unknown,Unknown,Unknown,Unknown,매주 수요일,Unknown,Unknown,Unknown,50,130,FD,음식,FD05,카페/ 찻집,FD050100,카페,40,80,80,20,20,50,75,60,90,blend,0.8125,0.75,0.1813,0.8263,blend,
2858473,39,음식점,인스밀,제주특별자치도 서귀포시 대정읍 일과대수로27번길 22,63504,126.2292406748,33.2385073720,"인스밀은 돌고래가 보이는 서귀포 일과리 바닷가에 위치해 있다. 야자수와 소철로 잘 꾸며진 넓은 정원 안에 자리한 이 카페는, 곡물 창고를 모티브로 한 독특한 외관으로 마치 동남아시아의 휴양지를 연상시키며 방문객들에게 이색적인 분위기를 선사한다. 인스밀의 가장 큰 특징은 보릿가루를 활용한 건강한 메뉴들로, 대표 시그니처 메뉴인 보리개역은 제주 방언으로 ‘보리로 만든 미숫가루’를 뜻하며, 다른 곡물을 섞지 않고 직접 수확한 순수 보리만을 사용해 고소하고 담백한 맛을 낸다. 여기에 설탕이나 시럽 대신 서귀포에서 채취한 천연 벌꿀을 넣어, 자연스러운 단맛과 함께 건강까지 고려한 음료로 많은 이들의 사랑을 받고 있다. 그 외에도 보리아이스크림, 보리스콘 등 보리를 테마로 한 다양한 디저트와 음료가 마련되어 있어, 제주에서만 맛볼 수 있는 특별한 식음 경험을 제공한다.",https://insmill.com,0507-1352-5661,10:00~18:00 (마지막 주문 17:20),보리개역,보리 크림 라떼 / 보리 티라미수 / 보리 아이스크림 등,가능,연중무휴,있음,Unknown,화장실: 있음,50,130,FD,음식,FD05,카페/ 찻집,FD050100,카페,70,100,80,20,10,10,60,45,75,observed,0.863,0.875,0.7534,0.8263,blend,
2863633,39,음식점,인카페온더비치,제주특별자치도 제주시 구좌읍 해맞이해안로 943,63359,126.8280623182,33.5452329825,"인카페온더비치는 제주 제주시 구좌읍 월정리 해수욕장과 평대해변 사이의 해안 도로변에 위치한 감성 카페로, 바다를 바로 앞에 두고 있어 아름다운 오션뷰를 볼 수 있다. 이곳에서는 단순히 커피를 마시는 것뿐 아니라 다양한 체험도 즐길 수 있는데, 특히 해 질 녘 불멍 체험과 바비큐 체험은 여행객들에게 색다른 즐거움을 선사한다. 또한 바다에서 직접 물놀이를 즐기고 싶은 이들을 위해 튜브나 스노클링 장비 등의 렌탈 서비스를 제공하고 있다. 카페 메뉴로는 케이크, 크로플 등 간단하면서도 퀄리티 있는 브런치가 준비되어 있으며, 음료는 과일을 직접 착즙한 주스나 수제청을 사용한 에이드가 인기이다. 휴식과 체험, 맛있는 음식이 모두 가능한 복합 공간으로, 여행 중 들르기 좋은 장소이다.",https://www.instagram.com/incafe_onthebeach/?hl=ko,0507-1411-1638,10:00~18:00,당근 케이크,수플레치즈 케이크 / 블러드오렌지주스 / 한라봉에이드 등,가능,연중무휴,있음,Unknown,화장실: 있음,50,110,FD,음식,FD05,카페/ 찻집,FD050100,카페,80,70,90,0,70,10,30,15,45,observed,0.7465,0.7,0.6321,0.8263,blend,
2794971,39,음식점,일통이반,제주특별자치도 제주시 중앙로2길 25 (삼도이동),63166,126.5220923173,33.5171006294,"일통이반은 다양한 해산물 메뉴를 신선하게 즐길 수 있는 해산물 요리 전문점이다. 제주시 삼도이동에 자리하고 있으며, 관광객과 현지 도민들도 즐겨 찾는다. 이곳은 제주도 1호 해남이 직접 잡아 올린 해산물로 운영하는 제주 토속 식당인데, 이 때문에 쉽게 접하기 힘든 자연산 꽃 멍게, 홍해삼 등의 해산물을 만나 볼 수 있다. 대표 메뉴는 싱싱하고 먹음직스럽게 주황빛을 뽐내는 성게알이다. 식당에서 제공해 주는 김과 참기름 등을 함께 싸서 먹으면 된다. 이 밖에도 제철 회와 고소한 보말죽도 인기 메뉴다.",Unknown,064-752-1028,- 12:00~23:30 / - 마지막 주문 22:50,모둠해산물,문어숙회 / 돌멍게 / 성게알 / 보말죽 등,Unknown,매주 화요일,있음,Unknown,화장실: 있음,50,110,FD,음식,FD01,한식,FD010100,관광식당,10,100,30,20,10,0,60,45,75,observed,0.8426,0.875,0.4512,0.816,blend,"해산물 요리,회·물회·초밥,한식"
2759849,39,음식점,임금님밥상,제주특별자치도 제주시 오광로 128 (노형동),63106,126.4609483627,33.4849337731,"오전 8시 30분부터 오후 3시까지 운영하는 고등어 김치찜, 생선구이백반(고등어, 조기, 옥돔 등 3마리), 육개장 전문점. 사위가 직접 잡은 제주산 생선만 사용하기 때문에 국내산 싱싱한 생선을 푸짐하게 먹을 수 있는 장점이 있다. 계란 프라이는 따로 시킬 수 있지만 톳무침, 오이지무침, 깻잎절임, 콩자반, 파래부침개 등 소박하면서도 하나하나 정갈한 밑반찬들이 가슴 따뜻해지는 집밥같이 느껴진다. 제주공항 근처이다 보니 여행 다니면서 그리워지는 한식 밥상 먹기 좋은 곳이다.",http://blog.naver.com/bul400,064-747-2798,08:30~15:00,생선구이백반,갈치조림 / 뚝배기불고기 등,가능 (15대),"매월 둘째 주, 넷째 주 수요일",가능 (남녀구분),가능,"부대시설: 주차장, 화장실, 무선인터넷 | 화장실: 가능 (남녀구분)",50,110,FD,음식,FD01,한식,FD010100,관광식당,0,100,20,10,0,0,60,45,75,category,0.816,,0.0,0.816,category,"제주 향토음식,고기·구이,해산물 요리,한식"
2839794,39,음식점,임성반점,제주특별자치도 제주시 용화로 57-1 (용담이동),63156,126.5097630060,33.5095179388,"임성반점은 제주공항과 용담 해안도로 인근 용담동 골목에 자리한 자그마한 규모의 중식당이다. 이곳은 아담하지만 제주도민들 사이에서 높은 인기를 누리는 도민 맛집으로 알려져 있다. 대표 메뉴는 쫄깃한 면발이 특징인 고추짬뽕으로, 해산물과 버섯을 듬뿍 사용해 깊고 진한 맛을 자랑한다. 국물은 채수의 깔끔한 맛이 잘 우러나와 부담 없이 즐길 수 있으며, 고추짬뽕 외에도 난자완스, 팔보채 등 다양한 중식 메뉴가 준비되어 있어 다양한 입맛을 만족시킨다. 임성반점은 제주를 방문하는 관광객뿐 아니라 현지인들도 즐겨 찾는 곳으로, 맛과 가성비 모두 뛰어난 식당이다. 주변 관광지로는 제주 바다의 절경을 감상할 수 있는 용두암과 용담 해안도로, 탑동 해변 등이 있어 식사 후 산책이나 관광을 함께 즐기기에 좋다.",Unknown,064-711-3322,10:50~20:30 (마지막 주문 19:40),고추짬뽕,난자완스 / 팔보채 / 간짜장 등,불가능,매주 일요일,Unknown,Unknown,Unknown,50,110,FD,음식,FD02,외국식,FD020100,중식,40,100,20,0,10,0,45,30,60,blend,0.8526,0.875,0.1813,0.8477,blend,"면 요리,중식"
2853644,39,음식점,잇칸시타,제주특별자치도 제주시 애월읍 신엄안2길 54-1,63047,126.3702508713,33.4771137570,"잇칸시타는 일본어로 변함없는 이라는 뜻으로, 식사, 요리, 술이 함께 하는 일본 가정식 전문점이다. 9첩 반상으로 나오는 일식이지만 한식 같은 푸짐한 상차림으로 제주도민들이 많이 찾는 로컬 맛집이다. 잇칸시타의 인기 메뉴는 일본식 튀김 덮밥인 텐동정식과 회덮밥인 지라시스시정식, 고급어종인 메로를 일본 본토 미소 된장에 재워 구워낸 덮밥 메로동정식이 있으며, 이외에도 일본식 전골 요리인 밀푀유나베정식, 소고기를 버터와 타래에 볶아낸 규동정식 등도 다양하게 준비되어 있다. 기본 찬 부터 구성이 좋고 메뉴가 다양하고 푸짐하기 때문에 관광객 뿐 만 아니라 현지인들도 자주찾는 맛집이다.",https://www.instagram.com/kyoushiro_owner_chef,064-713-5450,11:00~20:30 (마지막 주문 20:00),텐동정식,지라시스시정식 / 마구로우니동 / 규동정식 등,가능,매주 수요일,있음,가능,화장실: 있음,50,110,FD,음식,FD02,외국식,FD020200,일식,0,90,20,20,0,0,60,45,75,observed,0.8148,0.8036,0.7534,0.849,blend,일식
3057498,39,음식점,자드부팡,제주특별자치도 제주시 조천읍 북흘로 385-216,63340,126.7108781046064,33.512477923076446,"제주시 조천읍에 있는 자드부팡은 동백동산을 품고 있는 숲속 카페로 유럽풍 건물과 숲이 어우러져 아름다운 풍경을 자아내고 있다. 자드부팡은 인상주의 화가 폴 세잔이 지낸 남프랑스의 별장에서 이름을 따온 것으로, 붉은색 벽돌의 메인 공간과 온실 콘셉트의 건물이 서로 마주 보고 있다. 이국적인 감성이 가득한 이곳은 디자인을 전공한 부부가 설계부터 건축, 조경 등 정성스레 만든 공간으로 카페 곳곳에 포토존이 가득하다. 실내에서는 통창으로 푸릇푸릇한 정원을 볼 수 있어 다양한 디저트와 음료를 즐기며 휴식을 취할 수 있다, 인근 관광지로는 김녕해수욕장, 비자림, 만장굴 등이 있다.",Unknown,0507-1321-7634,- 평일 10:30~17:00- 주말 11:00~17:00,벽돌빵,더치베이비팬케이크 / 코코넛크림라떼 / 자몽슬러시 등,가능요금 (무료),매주 목요일,Unknown,Unknown,Unknown,50,110,FD,음식,FD05,카페/ 찻집,FD050100,카페,90,60,90,20,20,0,60,45,75,observed,0.9045,0.95,0.6321,0.8263,blend,
2843968,39,음식점,자리돔횟집,제주특별자치도 서귀포시 동홍동로 7 (동홍동),63587,126.5747658776,33.2555609294,"제주도 서귀포 시내에 위치한 자리돔횟집은 신선한 해산물을 맛볼 수 있는 곳으로, 특히 고등어회를 제대로 즐길 수 있는 맛집이다. 고등어를 크고 널찍하게 썰어내어 비리지 않고 부드럽게 입 안에서 살살 녹는 맛이 일품이다. 여름철에는 시원하고 새콤한 자리물회와 한치물회가 인기를 끌며, 겨울철에는 살이 꽉 찬 방어회를 즐길 수 있어 계절마다 색다른 맛의 즐거움을 선사한다. 특히 한치물회는 쫄깃한 생한치를 매콤달콤한 양념 국물에 버무려 내어 별미로 손꼽힌다. 자리돔횟집은 푸짐한 양과 합리적인 가격으로 ‘가성비 맛집’이라는 평을 받고 있으며, 회뿐 아니라 고등어구이, 우럭돔매운탕, 고등어조림, 우럭조림 등 다양한 해산물 요리도 함께 맛볼 수 있는 곳이다.",Unknown,064-733-1239,11:00~21:30 (마지막 주문 20:30),고등어회,매운탕 / 자리물회 / 활한치물회 등,불가능,매주 화요일,있음,Unknown,화장실: 있음,50,130,FD,음식,FD01,한식,FD010100,관광식당,10,100,20,0,10,10,90,60,120,blend,0.8767,1.0,0.3297,0.816,blend,"해산물 요리,회·물회·초밥,한식"
3497636,39,음식점,자매국수,제주특별자치도 제주시 항골남길 46 (이호일동),63108,126.45916675751323,33.49857683347304,2002년부터 시작된 자매국수는 돼지 뼈를 우려낸 진한 육수와 쫄깃한 면발로 현지인과 관광객 모두에게 사랑받는 제주도의 국수 맛집이다. 오랜 전통을 자랑하는 이곳은 간판 메뉴인 고기국수를 비롯해 비빔국수 등 다양한 국수 요리를 합리적인 가격에 제공한다. 특히 담백한 육수에 부드러운 수육이 인상적인 고기국수는 담백하면서도 깊은 맛으로 많은 사람들의 입맛을 사로잡는다. 깔끔하게 정돈된 매장과 빠른 회전율 덕분에 대기 시간이 길지 않은 것도 장점이다. 자매국수는 제주 로컬 식문화를 체험할 수 있는 제주의 맛집이다. 정겨운 분위기 속에서 따뜻한 한 그릇의 국수를 맛보며 제주 여행의 소소한 행복을 느낄 수 있는 장소로 추천할 만하다. 제주 시내에서 접근성도 뛰어나 여행 중 부담 없이 들르기 좋은 식당이다.,Unknown,064-746-2222,- 09:00~18:00- 준비시간 14:30~16:10- 마지막 주문 17:50,고기국수,비빔국수 / 돔베고기 / 물만두 등,가능,매주 수요일 / 설·추석 연휴,Unknown,Unknown,Unknown,50,110,FD,음식,FD01,한식,FD010100,관광식당,0,100,20,40,10,0,60,45,75,observed,0.8632,0.8632,1.0,0.816,blend,"제주 향토음식,한식,면 요리"
2899509,39,음식점,자연과사람들 밀면,제주특별자치도 제주시 남조로 2185,63345,126.6613759501,33.4604841192,"자연과사람들 밀면은 가정집을 개조한 식당으로 정원은 허브 밭으로 꾸며놨으며 초여름에는 수국이 풍성하게 피는 식당이다. 메뉴는 물밀면, 비빔밀면, 수제떡갈비 세 가지만 판매하고 있다. 양이 많기로 유명해 곱빼기와 일반 모두 동일한 가격을 받으며 맥반석 계란 고명이 올라간다. 비빔밀면은 양념이 자극적이지 않고 물밀면의 경우 양념장을 따로 준다. 12월부터 2월까지는 영업을 하지 않는다.",Unknown,070-7798-2185,11:00~18:00 (마지막 주문 17:40),물밀면,물밀면 / 비빔밀면 / 수제떡갈비,가능,12월~2월,있음,Unknown,화장실: 있음,50,110,FD,음식,FD01,한식,FD010100,관광식당,70,90,70,10,10,0,30,15,45,observed,0.8614,0.9167,0.4512,0.816,blend,"한식,면 요리"
2840668,39,음식점,자연몸국,제주특별자치도 제주시 중앙로 63-11,63192,126.5250699577,33.5117679337,"자연몸국은 제주 동문재래시장 골목에 있다. 돈사골 육수에 모자반을 넣어 끓이는 몸국이 대표메뉴이며 돈사골을 진하게 고아 끓이는 접작뼈국도 인기 메뉴다. 그 외 옥돔구이, 아강발, 해물파전 등을 맛볼 수 있다. 2017년, 2020년 제주 고메위크 맛집 인증을 받은 바 있으며 숨은 맛집으로 방송에 소개된 바 있다. 근처 여행지로 동문재래시장, 동문공설시장, 제주 원도심 등이 있다.",Unknown,064-725-0803,10:30~20:00 / ※ 전화 문의 후 방문 요망,자연몸국,접작뼈국 / 고등어구이 / 옥돔구이 등,불가능,연중무휴,Unknown,Unknown,Unknown,50,110,FD,음식,FD01,한식,FD010100,관광식당,10,100,20,10,10,10,60,45,75,blend,0.8494,1.0,0.1813,0.816,blend,"제주 향토음식,고기·구이,해산물 요리,한식"
2851146,39,음식점,자연스러운식당,제주특별자치도 서귀포시 태평로92번길 8,63571,126.5328058954,33.2435310361,"자연스러운식당은 서귀포여자고등학교 뒤편 오렌지블루 펜션 내에 있다. 제주 식재료를 이용해 수블라키, 차지키, 사가나키, 빠삐요트 등 지중해식 음식을 선보인다. 메뉴는 한라봉과 유채꽃 꿀을 가미한 그릭문어샐러드, 제주 수블라키와 차지키, 제주 보말 라이스, 치킨 새우 사가나키, 비스크 링귀니 스파게티, 제주 갈치필렛 빠삐요트 등이고, 1인 셰프 식당으로 우선 예약제이다. 2인 이상 메뉴를 예약하면 원활한 식사를 할 수 있다. 근처 여행지로 외돌개, 황우지해안 등이 있다. / ※ 반려동물 동반 가능(반려견 실외 동반)",Unknown,010-3107-8702,화요일 17:30~21:30 (라스트오더 20:30) / 수요일~일요일 11:00~21:30 (브레이크타임 15:30 ~17:30 / 라스트오더 20:30),제주 수블라키와 차지키,제주 보말 라이스 / 치킨 새우 사가나키 / 비스크 링귀니 스파게티 등,가능 / 요금 (무료),매주 월요일,Unknown,Unknown,Unknown,50,130,FD,음식,FD02,외국식,FD020300,서양식,20,90,40,10,10,0,60,45,75,blend,0.6536,0.125,0.1813,0.7706,blend,양식·세계음식
2853658,39,음식점,잔물결,제주특별자치도 제주시 금능길 58-1 1층,63010,126.2296595393,33.3881213939,"잔물결은 금능해수욕장, 금능포구에 있는 카페이다. 흙바닥, 나무 선반과 창틀 등을 살려 제주의 옛돌집을 리모델링하고, 도자기, 항아리, 천과 식물로 분위기 있게 꾸몄다. 정원의 실외 테이블에 앉아 커피를 마치는 것도 운치 있다. 치아바타 등 빵과 과자를 직접 만들고, 블랜드 커피와 산, 바람 등의 시그니처 메뉴가 있으며 핸드드립커피도 맛볼 수 있다. 드립백 형태로 판매하는 커피도 인기다. 근처 여행지로 금능해수욕장, 금능석물원, 액티브파크, 협재해수욕장 등이 있다. / ※ 반려동물 동반 불가 (단, 정원 테이블은 가능)",Unknown,0507-1342-5564,11:00~18:00 (라스트오더 17:30),잔물결블렌드커피,산 오름 크림커피 / 제주당근케이크 등,가능 (협소 / 소형 2대),연중무휴,Unknown,Unknown,Unknown,50,110,FD,음식,FD05,카페/ 찻집,FD050100,카페,70,90,80,60,10,40,60,45,75,observed,0.773,0.75,0.6988,0.8263,blend,
2861967,39,음식점,장모식탁,제주특별자치도 제주시 연신로 51 (이도이동),63228,126.5469489499,33.4968782641,"장모식탁은 제주시 이도이동, 한마음병원 앞에 자리한 돌솥밥 전문점으로, 정성 가득한 집밥 스타일의 한상을 푸짐하게 즐길 수 있는 맛집이다. 따뜻하고 고소한 돌솥밥을 중심으로, 주문 시 원하는 찌개 종류를 선택할 수 있어 입맛에 맞는 조합으로 식사를 즐길 수 있다. 이곳의 대표 메뉴인 장모정식은 전복돌솥밥과 함께 찌개, 간장게장, 전복장, 제육볶음, 그리고 다양하고 정갈한 밑반찬이 차려져 나오는 구성으로, 한 끼 식사로 든든함과 만족감을 모두 느낄 수 있다. 가격도 합리적이어서 가성비 좋은 한식을 찾는 이들에게 제격이며, 제주공항과 가까운 거리에 있어 여행을 시작하거나 마무리하는 길에 들르기에도 좋다. 아침 시간부터 영업을 시작하기 때문에 든든한 아침 식사 장소로도 적합하다.",Unknown,0507-1363-7158,09:00~20:30 (마지막 주문 19:40),장모정식,돌솥밥 / 곤드레돌솥밥 / 간장게장 등,가능,매주 일요일,있음,Unknown,화장실: 있음,50,110,FD,음식,FD01,한식,FD010100,관광식당,10,100,20,10,10,0,60,45,75,observed,0.7805,0.775,0.8647,0.816,blend,"제주 향토음식,해산물 요리,회·물회·초밥,한식"
2932531,39,음식점,장수애섬식당,제주특별자치도 서귀포시 남성중로 2-3,63594,126.5596823834,33.2433684182,"장수애섬식당은 제주특별자치도 제주시 한림읍 금능리에 위치한 해산물 전문 음식점이다. 제철 해산물을 활용한 생선조림, 생선구이 등은 방문객들에게 큰 인기를 끌고 있다. 매일매일 공수되는 신선한 재료로 요리하여 현지인은 물론 관광객에게도 인기가 많은 맛집이다. 메인 메뉴와 함께 다양한 반찬들도 함께 나와 더욱 든든한 한끼를 먹을 수 있다. 식당 내부는 깔끔하고 아늑한 분위기로 편안하게 식사가 가능하다. 친절한 서비스와 함께 제주 바다의 해산물을 맛볼 수 있는 장수애섬식당은 제주를 찾은 여행객들에게 추천할 만한 맛집이다. 근처에 천지연 폭포가 있어 함께 방문하기에도 좋다.",Unknown,064-763-2999,09:30~21:30,갈치조림,문어제육볶음 / 고등어 구이 / 해물탕 등,가능,매주 수요일,Unknown,Unknown,Unknown,50,130,FD,음식,FD01,한식,FD010100,관광식당,20,90,20,0,0,0,60,45,75,category,0.816,,0.0,0.816,category,"해산물 요리,한식"
404173,39,음식점,장수해장국,제주특별자치도 서귀포시 천제연로 152,63546,126.421039485757,33.2525401479201,장수해장국은 제주 서귀포시에 위치한 해장국 맛집이다. 24시간 내내 운영을 하고 있어 부담 없이 찾을 수 있다는 점이 장점이며 얼큰하고 칼칼한 선지해장국과 뽀얀 사골국물의 깊은 맛을 느낄 수 있는 사골국밥이 인기 메뉴이다. 그 외에 다양한 식사메뉴가 준비되어 있어 여행객들의 아침식사 장소나 현지인들의 든든한 한 끼 식사가 가능한 식당으로 입소문이 난 곳이다.,Unknown,064-738-5667,상시 개방,사골국밥,김치찌개 / 내장국밥 / 얼큰사골국밥 등,가능,연중무휴,Unknown,가능,Unknown,50,130,FD,음식,FD01,한식,FD010100,관광식당,0,100,10,0,0,0,60,45,75,category,0.816,,0.0,0.816,category,한식
2847672,39,음식점,장인의집,제주특별자치도 제주시 애월읍 애월로19길 31,63043,126.3268465691,33.4657726604,"장인의 집은 제주도 애월방파제 인근에 위치한 수제 만두 전문점이다. 할머니의 전통을 이어받은 가족들이 운영하는 곳으로, 모든 음식은 제주의 재료를 이용하여 수제로 만든다. 만두는 위탁하지 않고 직접 피와 속을 만들어 만두를 제조하고 있다. 이곳의 대표 메뉴는 가마솥으로 고운 사골육수와 제주 특산물로 만든 4색 만두(문어, 전복, 돼지, 김치)가 어우러진 가마솥 4색 만두전골이다. 전골은 2인분부터 주문이 가능하다. 또한, 전골 국물의 맛을 순한 맛과 얼큰한 맛 중에 고를 수 있다. 이외에도 연한 소갈비와 해산물, 버섯이 어우러진 소갈비 해물버섯 만두전골과 갈비탕도 인기가 많다.",https://www.instagram.com/janginhouse_official,0507-1313-1610,09:00~22:00 (마지막 주문 21:00),가마솥 4색 만두전골,탐나 흑돼지 만두 / 소갈비 해물버섯 만두전골 / 장인의 갈비탕 등,가능,연중무휴,있음,가능,화장실: 있음,50,110,FD,음식,FD03,간이음식,FD030400,김밥 분식,10,100,20,30,20,0,60,45,75,observed,0.785,0.775,0.6321,0.8022,blend,"제주 향토음식,한식,분식·간편식"
2852136,39,음식점,재벌식당,제주특별자치도 제주시 도령로7길 20 신광아파트,63127,126.4843989686,33.4908168279,"재벌식당은 제주시내 남녕고등학교 근처에 위치하고 있다. 메뉴는 곰탕 한 가지로 공항 근처에 있어 아침 도착 여행자들이 많이 찾는다. 방송에 여러 차례 소개되었고 2021년에는 생활의 달인에도 출연했다. 진한곰탕국물과 파김치, 깍두기가 인기이고 영업시간은 오후 2시까지로 정해져 있지만 12시 전후로 마감되는 경우가 많다. 이호테우해변과 가깝다.",Unknown,064-744-0677,08:00~14:00,곰탕,Unknown,불가능,연중무휴,있음,Unknown,화장실: 있음,50,110,FD,음식,FD01,한식,FD010100,관광식당,0,100,20,20,0,0,45,30,60,blend,0.8494,1.0,0.1813,0.816,blend,한식
4057071,39,음식점,적점 제주,제주특별자치도 제주시 산지로 17 (건입동) 나동 1층,63278,126.529633040597,33.5153134737439,"제주에 위치한 적점 제주는 베트남 현지 맛을 재현한 쌀국수를 맛볼 수 있는 곳이다. 다양한 종류의 쌀국수 뿐만 아니라 튀김, 짜조 등의 사이드 메뉴도 곁들여 먹기 좋다. 대표 메뉴로는 4가지 고기 토핑이 올라간 고기 많지 쌀국수다. 깐양이 들어간 내장 쌀국수인 깐지 쌀국수, 베트남 비빔국수인 분짜 같은 특별한 메뉴도 맛볼 수 있다.",Unknown,0507-1414-8701,[월요일~화요일]- 11:00~20:00- 준비시간 15:30~18:00- 마지막 주문 19:40[수요일~일요일]- 11:00~02:00- 준비시간 15:30~18:00- 마지막 주문 01:40,고기 많지 쌀국수,스스지 쌀국수 / 맵지 쌀국수 / 깐지 쌀국수 등,가능,연중무휴,Unknown,Unknown,Unknown,50,110,FD,음식,FD02,외국식,FD020400,기타외국식,0,100,20,10,10,0,60,45,75,category,0.8192,,0.0,0.8192,category,"면 요리,양식·세계음식"
2899491,39,음식점,점점,제주특별자치도 제주시 신촌북3길 39-3 1층,63337,126.6152615419,33.5370637960,"카페 점점은 제주 신촌리 닭머리 해안 산책길 근처에 있다. 검은 벽돌집의 내부는 회색 노출 콘크리트와 진한 브라운 톤의 테이블, 은빛 식기로 깔끔한 조화를 이루었고 통창으로는 마을길이 보인다. 카페라테 맛집으로 유기농 우유를 사용하고 있으며 초당 옥수수 위에 올려주는 아이스크림도 인기 메뉴이다. ‘점점’이라는 메뉴는 플랫화이트로 커피에 섞이며 점점 녹아드는 바닐라를 의미한다. 어울리는 빵으로 먹물 소금 빵이 시그니처이다. 주변 여행지로 닭머리 해안길이 있다.",https://www.instagram.com/jeomjeom__,0507-1360-0357,11:00~20:00,초당옥수수 아이스크림,점점 / 초당옥수수 라떼 / 한라산약과 / 카페라떼 등,가능,연중무휴,있음,Unknown,화장실: 있음,50,110,FD,음식,FD05,카페/ 찻집,FD050100,카페,40,90,70,0,10,10,30,15,45,observed,0.7983,0.7981,0.9945,0.8263,blend,
2836994,39,음식점,정가네밥상,제주특별자치도 제주시 아란서길 110 (아라일동),63239,126.5399668613,33.4687562651,"제주정가네밥상은 아라일동 제주대학교병원 근처에 위치해있다. 제주도에서 보리굴비 한정식을 하는 곳으로 식당 옆 스마트팜에서 재배한 야채를 무한 제공하며, 식당에서 직접 도정한 쌀을 사용해 솥밥을 짓는다. 입구에 손 씻는 곳, 쌈 채소 셀프바, 넓은 주차장과 전기차 충전소 등 편리한 시설을 갖추고 있다. 산지에서 직송한 굴비, 흑돼지, 코다리 등 제철 음식을 아낌없이 제공하는 제주도 지역 맛집으로 식당이 넓고 깔끔하여 제주도민들의 회식, 돌잔치, 피로연 등의 장소로도 이용되고 있다. 근처에 함께 둘러보기 좋은 관광지는 제주별빛누리공원, 방선문계곡, 제주마방목지 등이 있다.",Unknown,064-723-7500,11:00~21:00 (마지막 주문 20:20),보리굴비 밥상,영광법성포 보리굴비 / 흑돼지불고기밥상 / 철판쭈꾸미밥상 등,가능,연중무휴,있음,가능,화장실: 있음,50,110,FD,음식,FD01,한식,FD010100,관광식당,20,100,20,20,10,0,60,45,75,category,0.816,,0.0,0.816,category,"고기·구이,해산물 요리,한식"
2853566,39,음식점,정직한돈 본점,제주특별자치도 제주시 애월읍 애월해안로 253,63045,126.3390038084,33.4673976720,"제주시 애월읍 고내포구 인근에 위치한 정직한돈 본점은 제주 청정 자연에서 자란 숙성 흑돼지를 맛볼 수 있는 맛집이다. 이곳에서는 신선한 제주 흑돼지 근고기를 참숯에 구워 제공하는데, 숙련된 직원이 직접 고기를 구워줘 더욱 맛있고 편안한 식사가 가능하다. 정직한돈의 또 다른 별미로는 제주 바다의 신선함을 담은 딱새우회가 있으며, 고기와 해산물을 함께 즐길 수 있는 정직한돈 딱새우세트 메뉴도 인기다. 깔끔하고 넓은 매장에는 다양한 연예인과 유명 인사들이 다녀간 흔적이 벽면에 가득해, 이미 입소문이 나 알려져 있다. 인근의 곽지해수욕장이나 한담해안산책로를 함께 둘러보며 제주의 바다 풍경을 즐기기에도 좋은 코스다.",https://www.instagram.com/jeongjik_aewol,0507-1322-5027,15:00~23:00,정직한돈 딱새우세트,숙성 꽃화 흑목살 / 고소함 가득 흑항정살 / 두툼 껍 흑삼겹 등,가능,연중무휴,있음,Unknown,화장실: 있음,50,110,FD,음식,FD01,한식,FD010100,관광식당,40,100,20,10,20,0,60,45,75,observed,0.8657,0.9062,0.5507,0.816,blend,"고기·구이,회·물회·초밥,한식"
2852155,39,음식점,제레미,제주특별자치도 제주시 애월읍 애월로 106-1,63043,126.3185167661,33.4645504417,"제레미는 제주 애월리의 조용하고 한적한 동네 골목 안에 자리한 작은 감성 카페로, 외부의 번잡함에서 벗어나 여유로운 시간을 보내기에 딱 알맞은 공간이다. 스테인드글라스가 달린 독특한 외관이 눈길을 끌며, 카페 주변의 정적인 분위기와 어우러져 한층 더 감성적인 느낌을 자아낸다. 제레미는 특히 핸드드립커피 맛집으로 알려져 있으며, 그중에서도 ‘제레미 커피’는 이곳의 시그니처 메뉴로, 차가운 우유에 고소한 에스프레소 더블샷을 더해 얼음 없이도 진하고 풍부한 맛을 즐길 수 있다. 커피 뿐 아니라 디저트 메뉴로 제공되는 두툼한 토스트도 인기인데, 게랑드 버터와 수제 잼이 함께 제공되어 고소하고 달콤하여 조화롭다.",Unknown,070-7717-6857,09:00~17:30 (마지막 주문 17:10),핸드드립커피,제레미커피 / 모닝세트 / 토스트 등,불가능,"매주 일요일, 월요일",있음,가능,화장실: 있음,50,110,FD,음식,FD05,카페/ 찻집,FD050100,카페,40,90,70,0,10,0,60,45,75,category,0.8263,,0.0,0.8263,category,
4002802,39,음식점,제미니국수김밥,제주특별자치도 서귀포시 쇠소깍로 134 (하효동),63600,126.62263544788,33.2522463123755,"제주 쇠소깍 근처에 있는 제미니국수김밥은 다양한 국수와 김밥을 먹을 수 있는 식당이다. 가마솥에서 10시간 이상 우려낸 사골 육수로 진하지만 부담없이 즐길 수 있는 국수를 판매하고 있으며, 제주산 농산물을 사용하여 음식을 만들기 때문에 남녀노소 건강한 요리를 즐길 수 있다. 바로 근처에 쇠소깍이 있어 제주 자연을 느끼면서 식사가 가능하며, 1인 세트 메뉴도 준비되어 있어 혼밥을 하기에도 좋다. 국수와 김밥메뉴 외에도 돔베고기, 야강발, 접짝뼈국 등 제주 향토 음식도 있어 제주 여행을 온 사람들에게도 추천한다.",Unknown,0507-1448-1401,08:30~18:00 (마지막 주문 17:30),깊은 감칠맛의 제미니 고기국수,비빔국수 / 밀면 / 고사리김밥 등,가능,연중무휴,Unknown,Unknown,Unknown,50,130,FD,음식,FD01,한식,FD010100,관광식당,20,90,20,40,10,0,60,45,75,observed,0.6172,0.6103,0.9666,0.816,blend,"제주 향토음식,한식,면 요리,분식·간편식"
2843982,39,음식점,제주고로,제주특별자치도 서귀포시 대정읍 서삼중로 94,63501,126.2024645004,33.2711838996,"제주고로는 제주 서귀포시 대정읍 무릉초등학교 근처에 위치한 작은 퓨전 일식당이다. 외진 무릉리 마을 한켠에 자리 잡고 있지만, 맛과 분위기로 입소문이 나 많은 여행객들이 일부러 찾아오는 숨은 맛집이다. 주요 메뉴는 고로덮밥을 비롯한 다양한 덮밥류와 크림우동 등 우동류로 구성되어 있으며, 아보카도 등 이색적인 재료를 활용한 덮밥 메뉴가 눈길을 끈다. 매장 외관은 아담하면서도 감성적인 분위기를 풍기며, 내부는 조용하고 깔끔해 연인이나 가족 단위 방문객에게 적합한 공간이다. 고요한 분위기 속에서 여유롭게 식사를 즐길 수 있다. 인근에는 가파도와 마라도로 향하는 배가 출발하는 모슬포항이 있어 식사 전후로 함께 둘러보기에도 좋다.",Unknown,064-794-9080,11:00~15:30 (마지막 주문 15:00),고로덮밥,새우크림우동 / 아보카도참치덮밥 / 차돌박이우동 등,가능,"매주 화요일, 수요일",Unknown,Unknown,Unknown,50,130,FD,음식,FD02,외국식,FD020200,일식,20,90,60,0,10,0,75,60,90,blend,0.8988,1.0,0.3297,0.849,blend,"일식,양식·세계음식"
2847916,39,음식점,제주고사리맛집 복돼지식당,제주특별자치도 서귀포시 표선면 서성일로 63,63624,126.8025679194,33.3975711157,"복돼지식당은 제주도의 전통과 맛을 한껏 느낄 수 있는 식당으로, 제주 성읍민속마을 북쪽에 자리잡고 있다. 제주 아주머니가 직접 키운 신선한 농산물을 활용해 정성스럽게 차린 제철 밥상을 제공하는 것이 큰 특징이다. 복돼지식당의 대표 메뉴는 고사리오겹살, 고사리육개장, 고사리비빔밥 등으로, 모두 제주산 생고사리를 듬뿍 넣은 특별한 요리들이다. 이곳에서 사용하는 고사리는 직접 채취한 생고사리로, 부드럽고 야들야들한 식감이 뛰어나 많은 관광객뿐만 아니라 제주 현지 주민들에게도 큰 인기를 얻고 있다. 식당 내부는 넓고 쾌적하여 단체 손님도 여유롭게 식사할 수 있으며, 넓은 전용 주차장도 마련되어 있어 차량 이용 시에도 편리하다. 혼잡을 줄이고 보다 원활한 이용을 위해 예약제로 운영되고 있으니 방문 전 예약은 필수다.",Unknown,0507-1330-0290,11:00~18:30 (마지막 주문 18:25),고사리오겹살,고사리주물럭 / 고사리육개장 / 고사리비빔밥 등,가능,연중무휴,있음,Unknown,화장실: 있음,50,130,FD,음식,FD01,한식,FD010100,관광식당,30,90,20,40,10,0,60,45,75,category,0.816,,0.0,0.816,category,"제주 향토음식,고기·구이,한식"
2767663,39,음식점,제주곰집,제주특별자치도 서귀포시 이어도로 733 (강정동) (강정동),63564,126.493556559773,33.2357788031315,"제주곰집은 제주도의 가장 유명한 음식 재료인 흑돼지와 신선한 해산물을 한 메뉴로 맛볼 수 있는 돼지고기구이 전문점이다. 흑돼지 해산물 모둠 메뉴를 주문하면 질 좋은 돼지고기와 더불어 대하구이, 전복 버터구이, 키조개 볶음과 같은 해산물을 함께 즐길 수 있다. 고기는 초벌 되어 나오며, 연탄불에 은은하게 구워 풍부하게 느껴지는 육향이 일품이다. 상차림 역시 풍성한 편이며, 고사리나물, 멜젓 등 제주의 향토음식과 함께 거나한 한 끼를 만끽하고 싶다면 방문해 보는 것을 추천한다.",Unknown,0507-1305-6002,11:00~22:30 (마지막 주문 21:50),흑돼지 오겹살,흑돼지 목살 / 흑돼지 해산물 모둠 / 해물우동볶음 등,가능,연중무휴,있음 (남녀 구분),Unknown,화장실: 있음 (남녀 구분),50,130,FD,음식,FD01,한식,FD010100,관광식당,0,100,20,40,20,0,60,45,75,blend,0.8494,1.0,0.1813,0.816,blend,"제주 향토음식,고기·구이,해산물 요리,한식"
2876836,39,음식점,제주공항그때그집,제주특별자치도 제주시 서해안로 352-1,63115,126.4827764432,33.5104174096,"제주공항그때그집은 용담 해안도로 사수항 근처에 있다. 바다가 보이는 흑돼지 전문점으로 제주에서 유명한 그때그집 본점의 직영점이다. 인기 있는 흑돼지 세트 메뉴에는 흑돼지 오겹살, 목살, 새송이버섯, 고사리, 소시지, 양념게장과 흑돼지 김치찌개가 포함되어 있어 가격 대비 푸짐하다. 점심 특선인 흑돼지 김치찌개를 주문할 경우 무한리필이며 라면 사리, 철판 계란프라이가 포함된다. 주변 여행지로 무지개 해안도로, 도두봉 등이 있다.",https://www.instagram.com/jjgh.gttgj,0507-1423-9983,11:00~22:00 (마지막 주문 21:00),흑돼지,김치찌개 / 냉국수 / 비빔국수 / 양념게장 등,가능,매주 수요일,있음,Unknown,화장실: 있음,50,110,FD,음식,FD01,한식,FD010100,관광식당,20,100,40,0,20,0,60,45,75,observed,0.8485,0.875,0.5507,0.816,blend,"고기·구이,해산물 요리,한식,면 요리"
2758900,39,음식점,제주광해 애월점,제주특별자치도 제주시 애월읍 애월해안로 867,63050,126.3904433191,33.4877767845,"어느 자리에 앉아도 애월 바다를 조망할 수 있는 제주광해에서 갈치조림을 시키면 딱새우에 잘 익은 무가 같이 나온다. 특히 항공모함 통 갈치조림을 시키면 제주산 왕 갈치에 문어 한 마리가 통째로 나온다. 전복, 꽂게, 돼지갈비도 함께 즐길 수 있다. 양념 국물에 밥을 비벼 먹으면 공깃밥을 하나 더 추가하는 경우도 많다. 함께 나오는 해물 모둠장은 속이 알찬 황게장, 전복장, 명란젓이 레몬 맛과 어우러지며 짜지 않고 상큼하다. 넓은 주차장이 구비되어 있어 차량 방문에 용이하다.",Unknown,0507-1312-4789,10:00~20:00 (마지막 주문 19:00) / ※ 재료 소진 시 조기 마감,전복갈치조림,갈치구이 / 광해모둠 / 고등어조림 등,가능,연중무휴,있음,Unknown,화장실: 있음,50,110,FD,음식,FD01,한식,FD010100,관광식당,30,100,70,10,20,0,60,45,75,observed,0.7826,0.7812,0.9592,0.816,blend,"제주 향토음식,해산물 요리,한식"
2790487,39,음식점,제주돌창고,제주특별자치도 제주시 한경면 조수7길 8,63004,126.2335770008,33.3371215416,오랫동안 비어 있던 제주 전통 돌창고를 재활용한 카페다. 제주만의 감성을 듬뿍 담은 외관부터 눈길을 사로잡는 이곳은 내부 또한 원형을 고스란히 보존해 독특한 분위기를 완성했다. 야자수와 돌담이 그림처럼 어우러진 야외 수영장은 제주돌창고의 최고 인기 포토존 가운데 그네를 설치해 휴양지에 온 것 같은 설렘도 느낄 수 있다. 수영장 주변에 마련된 선베드도 색다른 분위기를 즐기기 좋다.,https://linktr.ee/jeju_stoneshed / https://www.instagram.com/jeju_stoneshed,0507-1322-1972,- 10:00~18:00 / - 마지막 주문 17:30,돌창고라떼,보리개역라떼 / 금능바다빙수 / 쉰다리 등,가능,매주 일요일,Unknown,Unknown,Unknown,50,110,FD,음식,FD05,카페/ 찻집,FD050100,카페,50,70,90,40,20,0,60,45,75,blend,0.8836,1.0,0.3297,0.8263,blend,
2836976,39,음식점,제주돔베고기집,제주특별자치도 제주시 월랑로4길 6 (노형동),63098,126.4784939918,33.4879031676,"제주돔베고기집은 제주공항 근처 제주시 노형동 시내 중심에 있다. 돔베는 제주어 도마를 뜻하며 도마 위에 나오는 수육을 돔베고기라 한다. 제주돔베고깃집에서는 제주 암퇘지만 사용하며 김치 하나만으로도 시원하고 달달한 풍미를 느낄 수 있는 신선한 과일로 직접 담근 김치를 제공한다. 돔배고기는 쫄깃한 식감과 깊은 풍미를 느낄 수 있으며, 부드러우면서도 씹는 맛이 좋아 방문객들에게 특별한 경험을 선사한다. 주문할 때 살코기 또는 비계 부위를 선택할 수 있으며, 돔베고기와 김치, 전복, 한치와 홍어회무침이 한 세트인 돔베한상 또는 김치돔베보쌈을 주문하면 순두부나 몸국이 함께 나온다.",Unknown,064-713-9949,11:30~23:00,돔베국수세트,돔베고기세트 / 김치돔베보쌈 / 돔베한상 등,가능,매월 다섯째 일요일,Unknown,Unknown,Unknown,50,110,FD,음식,FD01,한식,FD010100,관광식당,10,90,20,40,10,0,60,45,75,observed,0.8375,0.85,0.6321,0.816,blend,"제주 향토음식,고기·구이,한식"
2765215,39,음식점,제주돗,제주특별자치도 제주시 한경면 조수2길 34,63004,126.2308467693,33.3332080432,"제주시 한경면 깊숙한 곳에 있는 제주돗은 돼지고기구이 전문점이다. 대기가 많은 편이나 잘 관리된 마당에 텐트와 의자, 아이들이 놀 수 있는 놀이 공간 등이 마련되어 있어 가족 단위 손님들이 많이 찾는다. 메뉴는 흑돗오겹살과 흑돗목살, 삼겹갈비가 있다. 돗은 제주 방언으로 돼지라는 뜻이며, 흑돗은 잘 알려진 제주 흑돼지를 뜻한다. 두꺼운 고기를 직원들이 구워주어 편하게 식사할 수 있다. 넓은 주차장과 아기 의자가 마련되어 있는 등 편의시설이 잘 갖춰져 있다.",Unknown,064-772-0505,16:00~22:00 (마지막 주문 21:00),흑돗목살,흑돗오겹살 / 삼겹갈비 / 김치찌개 등,가능,매주 화요일,있음,가능,화장실: 있음,50,110,FD,음식,FD01,한식,FD010100,관광식당,20,90,30,20,20,0,60,45,75,category,0.816,,0.0,0.816,category,"고기·구이,한식"
2876854,39,음식점,제주또시랑,제주특별자치도 제주시 연북로 724 1층,63305,126.5532484301,33.4956423901,"제주또시랑은 제주시 화북동 연북로 길가에 있다. 대표메뉴는 돌담김밥으로 제주 흑돼지를 가득 넣고 흑미밥으로 말은 김밥과 와사비마요 소스로 구성되어 있으며 또시랑유부의 경우, 흑돼지 바싹 불고기, 우도 땅콩 참치마요, 칠리소스 크래미, 또시랑구아카몰, 계란지단, 날치알 명란 마요의 여섯 가지 맛으로 토핑한 유부초밥이다. KBS TV 에 소개되었고 음식 특성상 예약 및 테이크아웃만 가능하다. 주변 여행지로 황사평 성지, 국립제주박물관 등이 있다.",Unknown,010-2600-8891,09:00~16:30,돌담김밥,또시랑유부+사과당근쥬스 / 실속유부세트도시락 / 실속샌드세트도시락 등,가능,연중무휴,Unknown,Unknown,Unknown,50,110,FD,음식,FD03,간이음식,FD030400,김밥 분식,0,90,40,0,10,0,15,15,30,blend,0.7438,0.625,0.3297,0.8022,blend,"제주 향토음식,고기·구이,분식·간편식"
404175,39,음식점,제주뚝배기,제주특별자치도 서귀포시 성산읍 일출로 255,63643,126.9330912603,33.4611967513,"성산일출봉으로 진입하는 일방통행 길 초입에 성산리 일대에서 제일 먼저 생긴 맛집이 제주뚝배기 식당이다. 시끌벅적한 소음이 기분 좋게 들리는 이 식당의 메인 메뉴는 바로 전복해물뚝배기이다. 오분자기, 새우, 게, 소라 등 갖은 싱싱한 해물로 맛을 낸 뚝배기 국물은 오래된 전통의 맛을 담고 있다. 주로 간단한 식사 메뉴가 주를 이루는데 뚝배기 외에 갈치와 고등어조림과 부드럽고 담백한 전복죽도 많이 찾는 메뉴다. 가족 모임이나 단체 모임에도 적합하다.",Unknown,064-782-1089,06:10~19:00 (마지막 주문 18:20),전복해물뚝배기,전복해물뚝배기 / 성게국 / 갈치조림 등,가능,연중무휴,있음,없음,화장실: 있음,50,130,FD,음식,FD01,한식,FD010100,관광식당,0,100,20,20,0,0,60,45,75,blend,0.8494,1.0,0.1813,0.816,blend,"제주 향토음식,해산물 요리,한식"
2783385,39,음식점,제주로운청해원,제주특별자치도 서귀포시 성산읍 신양로 101,63641,126.9206595666,33.4367798025,"제주 서귀포시 성산읍에 있는 제주로운청해원은 향토음식점이다. 섭지코지, 아쿠아 플라넷, 성산일출봉 등 관광명소가 근처에 있어 접근성이 좋다. 매일 아침 성산항에서 잡아 오는 제주산 갈치를 이용하여 만드는 갈치조림과 고등어 김치찜 세트가 이 집 대표 메뉴이다. 세트 메뉴는 갈치조림 또는 고등어 김치찜 중 하나를 선택하고 나머지 옥돔구이, 해물뚝배기, 찰솥밥이 나오는 구성이다. 전복뚝배기, 전복죽, 성게국, 물회 등 단품 메뉴도 있다.",Unknown,0507-1342-7026,- 08:00~21:30 / - 마지막 주문 21:00,갈치조림,고등어김치찜 / 옥돔구이 / 전복죽 / 전복뚝배기 등,가능,연중무휴,있음,Unknown,화장실: 있음,50,130,FD,음식,FD01,한식,FD010100,관광식당,10,90,10,20,0,0,30,15,45,observed,0.8614,0.9167,0.4512,0.816,blend,"제주 향토음식,해산물 요리,회·물회·초밥,한식"
2906222,39,음식점,제주맛집칼국수,제주특별자치도 제주시 비자림로 685,63346,126.6794946481,33.4363590236,"제주맛집칼국수는 제주시 조천읍 교래리 조천초등학교 교래분교장 인근에 위치한 칼국수 전문점이다. 대표 메뉴인 문어해물칼국수는 얼큰하고 시원한 국물에 문어와 해산물이 푸짐하게 들어가 든든한 한 끼를 즐길 수 있다. 이 밖에도 보말칼국수와 문어숙회, 흑돼지두루치기 등 제주의 맛을 담은 다양한 메뉴를 제공하며, 반찬으로 나오는 꼬시래기무침도 별미로 꼽힌다. 별관도 함께 운영해 가족 외식이나 단체 방문에도 편리하게 이용할 수 있다.",Unknown,064-784-2676,10:00~18:00,문어해물칼국수,보말칼국수 / 문어숙회 / 왕만두 등,가능,연중무휴,Unknown,Unknown,Unknown,50,110,FD,음식,FD01,한식,FD010100,관광식당,0,100,20,10,10,0,60,45,75,category,0.816,,0.0,0.816,category,"제주 향토음식,해산물 요리,한식,면 요리"
2904424,39,음식점,제주명가두루치기,제주특별자치도 서귀포시 태평로 495,63589,126.5710330019,33.2496059720,"제주명가두루치기는 서귀포중학교 근처에 있다. 마치 해물찜처럼 보이는 전복두루치기 원조집으로 전복, 홍합, 조개, 새우, 파채, 콩나물에서 나오는 국물로 특별한 맛이 나며 두루치기를 포함하는 세트 메뉴 명가상이 인기이다. 상차림이 푸짐하여 가족 여행자들이 많이 찾아오고 갈치조림, 전복죽, 옥돔구이, 전복해물뚝배기 등 단품 음식도 판매한다. 주변 여행지로는 이중섭미술관, 정방폭포, 서귀포 관광극장 등이 있다.",Unknown,0507-1469-2272,10:00~22:00 (마지막 주문 21:00),명가상,전복 흑돼지 두루치기 / 흑돼지 두루치기 / 제주상 등,가능,연중무휴,있음,Unknown,화장실: 있음,50,130,FD,음식,FD01,한식,FD010100,관광식당,10,100,20,10,10,0,60,45,75,observed,0.7862,0.75,0.4512,0.816,blend,"제주 향토음식,고기·구이,해산물 요리,한식"
2849994,39,음식점,제주몹시,제주특별자치도 제주시 월대1길 10 (외도이동),63068,126.4335894126,33.4945794928,"제주몹시는 제주시 외도동에 조용한 바닷가 마을에 위치해 있는 청량한 오션뷰 카페이다. 여름에는 배에서 나오는 불빛이 이국적인 모습을 보여주고, 가을에는 북쪽에서 불어노는 바람과 파도가 아름답고, 겨울에는 갈매기와 가마우찌라는 새를 카페 바로 앞에서 볼 있다. 내부는 바다를 향한 야외 바 좌석과 문화 향유 공간이 마련되어 있다. 제주몹시는 신선한 원두를 직접 로스팅해 커피의 깊은 맛과 향을 선사하며, 매일 구워내는 치아바타와 브리오슈식빵으로 요리한 브런치 메뉴가 인기이다. 탁 트인 시원한 바다전망, 제주만의 청량한 풍경을 보며 힐링을 찾는 사람들에게 추천한다.",https://www.instagram.com/jeju_mobsea,0507-1322-5140,10:00~18:00 (마지막 주문 17:30),아인슈페너,필터커피 / 몹시샐러드 / 프렌치토스트 등,가능,매주 수요일 / ※ 변동 가능성이 있으므로 전화문의 요망,있음,가능,화장실: 있음,50,110,FD,음식,FD05,카페/ 찻집,FD050100,카페,80,80,90,20,10,0,60,45,75,blend,0.8424,0.875,0.3297,0.8263,blend,
2854271,39,음식점,제주미담,제주특별자치도 제주시 가령로 19 (이도이동),63215,126.5372941084,33.5023775012,"제주미담은 제주시 산지천 인근, 제주동여자중학교 근처에 위치한 가성비 좋은 국수 전문점으로, 특히 공항과 가까워 여행객들이 들르기에도 좋은 위치에 있다. 도민들 사이에서는 알려진 숨은 맛집으로, 대표 메뉴인 고기국수는 진한 육수와 함께 푸짐하게 올라간 수육 고명이 특징이다. 고기 양이 넉넉해 든든한 한 끼 식사로 제격이며, 비빔국수, 멸치국수 등의 메뉴도 있어 다양한 국수 요리를 즐길 수 있다. 또 다른 인기 메뉴는 따로국밥인데, 이 메뉴는 이름 그대로 국물과 순대가 따로 나오는 순대국밥으로, 깔끔하게 즐길 수 있어 도민들에게 꾸준한 사랑을 받고 있다. 식사 후에는 인근에 위치한 제주민속자연사박물관, 삼성혈, 제주성지, 제주 원도심 등 제주 특유의 역사와 문화를 느낄 수 있는 명소들을 함께 둘러보는 것도 추천할 만하다.",Unknown,064-753-0043,09:00~21:30 (마지막 주문 21:00),고기국수,멸고국수 / 따로국밥 / 콩국수 등,가능,매주 화요일 / ※ 자세한 사항은 전화문의 요망,있음,Unknown,화장실: 있음,50,110,FD,음식,FD01,한식,FD010100,관광식당,10,90,30,20,10,0,45,30,60,observed,0.7633,0.75,0.7981,0.816,blend,"제주 향토음식,한식,면 요리"
687563,39,음식점,제주미향,제주특별자치도 서귀포시 천제연로 99,63534,126.4163601758,33.2551612466,"제주 중문 관광단지에 위치한 제주미향은 제주의 신선한 갈치를 주재료로 갈치조림과 통갈치구이를 주력 메뉴로 선보이고 있는 곳이다. 이외에도 갈치회, 고등어회 등 다양한 해산물 요리를 즐길 수 있으며, 매일 아침 산지에서 공수한 갈치와 해산물을 사용하고 있어 바다향을 느낄 수 있다. 특히 제주 통갈치조림은 양념이 깊게 스며들어 고소하고 담백한 맛이 나 현지인 뿐만이 아니라 관광객들도 많이 찾아오고 있다. 탁 트인 전망과 함께 쾌적한 식사 공간을 제공하고 있으며, 단체 예약도 가능해 가족 모임이나 단체 여행 손님들도 편하게 방문할 수 있다.",Unknown,064-738-8588,09:30-22:00 (준비시간 15:30~16:00),순살갈치스페셜,갈치조림 / 통갈치구이 / 고등어회 등,가능,연중무휴,있음,가능,화장실: 있음,50,130,FD,음식,FD01,한식,FD010100,관광식당,20,90,60,20,10,0,60,45,75,blend,0.7324,0.5625,0.3297,0.816,blend,"제주 향토음식,해산물 요리,회·물회·초밥,한식"
2778916,39,음식점,제주살롱,제주특별자치도 제주시 구좌읍 송당2길 7-1,63355,126.7825901914,33.4710460093,"제주에서도 아담하고 조용한 마을인 송당에 자리한 북카페다. 간단한 음료와 함께 책을 읽을 수 있는 이곳은 북스테이를 할 수 있는 ‘생각의 오름’도 함께 운영한다. 북스테이는 여성 1인 전용으로 운영되는데, 북스테이를 할 경우 서가의 책들을 대여해 읽을 수 있다. 북카페 내부에도 혼자 여행하는 이들이 편안하게 책을 읽을 수 있는 공간들을 배려한 느낌이다. 인문서점을 표방하는 제주살롱은 인문예술에 대한 주인장의 관심이 고스란히 묻어난다. 진열된 일부 책에는 주인장의 간략한 독서 한 줄 평이 적혀 있어서 공감대를 느끼며 책을 고르는 재미도 쏠쏠하다. 서점에서는 다양한 프로그램도 운영된다. 책을 좋아하는 사람들과 함께 독서 모임을 하거나 작가를 초청해 인문학 강연을 듣기도 한다.",Unknown,070-8860-7504,Unknown,Unknown,Unknown,Unknown,매주 월요일~수요일,Unknown,Unknown,Unknown,50,110,FD,음식,FD05,카페/ 찻집,FD050100,카페,40,40,50,80,70,30,60,45,75,category,0.8263,,0.0,0.8263,category,
2847737,39,음식점,제주선채향,제주특별자치도 서귀포시 사계남로84번길 6,63528,126.2989876672,33.2263570271,"제주선채향은 제주특별자치도 서귀포시 시례리 사계해안 근처에 있다. 메뉴는 전복칼국수, 전복물회, 전복죽으로 전복 음식 전문점이다. 진한 국물, 푸짐한 전복으로 항상 대기가 있는 집이다. 영업시간은 정해져 있지만 재료가 소진되면 영업을 마감한다. 주변 여행지로는 사계해안, 용머리해안, 산방산 등이 있다.",Unknown,064-794-7177,11:00~16:00 / ※ 재료소진 시 조기 마감,전복칼국수,전복죽 / 전복회 / 공기밥 등,가능,매주 월요일,있음,Unknown,화장실: 있음,50,130,FD,음식,FD01,한식,FD010100,관광식당,40,90,20,0,0,0,60,45,75,observed,0.8873,0.9107,0.7534,0.816,blend,"제주 향토음식,해산물 요리,회·물회·초밥,한식,면 요리"
2785301,39,음식점,제주순메밀막국수,제주특별자치도 서귀포시 안덕면 녹차분재로 60,63521,126.3019248585,33.2913082326,100% 제주 순메밀만 사용하는 제주순메밀막국수는 제주 오설록 근처에 위치해 있다. 방앗간에서 직접 짠 들기름으로 만들어 고소한 맛이 일품인 들기름 막국수가 대표 메뉴이며 들기름 막국수를 반쯤 먹은 뒤 동치미 육수를 붓고 저어 먹으면 또 다른 맛으로 즐길 수 있다. 또한 명태회는 물론 모든 양념장 및 소스를 장인의 기술로 직접 만들어서 사용하고 당연히 김치와 동치미도 직접 담근다. 브레이크 타임도 없고 새벽부터 늦은 밤까지 운영하며 내부 공간은 물론 주차장도 넓어 부담 없이 이용하기 좋다.,Unknown,064-792-0600,- 10:30~21:00 / - 마지막 주문 20:30,들기름막국수,명태회막국수 / 수육 / 샤브백숙 / 해물찜닭 외,가능,연중무휴,있음,Unknown,화장실: 있음,50,130,FD,음식,FD01,한식,FD010100,관광식당,20,100,20,20,20,10,45,30,60,observed,0.813,0.8125,0.8647,0.816,blend,"한식,면 요리"
2870843,39,음식점,제주시새우리,제주특별자치도 제주시 무근성7길 24 (삼도이동),63166,126.5207480456,33.5146397691,"제주시 새우리는 제주시에 있는 작은 새우마을이다. 새우 요리를 간단하게 즐길 수 있는 곳으로 김밥과 컵밥이 주 메뉴이며 딱새우김밥, 간장새우컵밥, 새우리해물라면, 새우모듬튀김 등의 메뉴가 있으며 삼색의 딱새우김밥은 시그니처 메뉴로 사진 찍기에도 좋다. 매장이 아담해 식당 안에서 먹기 보다 포장을 해서 바닷가로 나가는 손님이 많다. 딱새우꼬막무침, 팝새우샐러드, 딱새우모듬튀김, 성게미역국 등도 있지만 재료 소진 시 조기 마감될 수 있다. 한라봉 에이드와 같은 음료도 있어 김밥과 같이 즐기기 좋다. 주변에 함께 둘러보기 좋은 여행지로 탑동광장, 용연계곡, 용담해안도로 등이 있다.",http://www.instagram.com/sewooori_jeju,064-900-2527,09:00~19:30,딱새우김밥,딱새우꼬막무침 / 간장새우컵밥 / 새우모듬튀김 등,불가능,연중무휴,Unknown,Unknown,Unknown,50,110,FD,음식,FD01,한식,FD010100,관광식당,50,80,60,0,30,10,30,15,45,observed,0.8368,0.837,0.9899,0.816,blend,"해산물 요리,회·물회·초밥,한식,분식·간편식"
2863719,39,음식점,제주약수터,제주특별자치도 서귀포시 중앙로 35 (서귀동),63592,126.5617171836,33.2477615824,"제주약수터는 제주도에서 만날 수 있는 특별한 로컬 수제맥주 전문 펍이자 맥주 테이크아웃 전문점이다. 단순히 맥주를 마시는 공간을 넘어, 제주 세 곳의 수제맥주 양조장에서 직접 공수한 신선한 맥주들과 함께 자체 개발한 개성 있는 맥주까지 총 16종의 다양한 맥주를 한자리에서 맛볼 수 있는 편집숍 형태로 운영되고 있다. 고객들이 자신의 취향에 맞는 맥주를 쉽게 고를 수 있도록 무료 시음 서비스를 제공하고 있어, 맥주에 대한 경험이 많지 않은 사람도 부담 없이 다양한 맛을 시도해볼 수 있다. 제주약수터는 특히 현지에서 조달한 신선하고 품질이 뛰어난 맥주만을 엄선하여 취급하고 있다. 매달 두 가지씩 메뉴를 교체하며 새로운 맛을 선보이기 때문에 매번 다른 재미를 느낄 수 있어 재방문율이 높다. 제주 로컬의 정체성과 창의적인 맥주 문화가 어우러진 이곳은, 맥주를 좋아하는 이들이라면 꼭 한번 들러볼 만한 제주도의 색다른 명소이다.",https://www.instagram.com/jeju_beer_fountain,0507-1323-6572,17:00~24:00 (마지막 주문 23:30),제주수제맥주,시그니처 약수터피자 / 취나물 마르게리타 / 마라크림떡볶이 등,불가능,연중무휴,있음,가능,화장실: 있음,50,130,FD,음식,FD02,외국식,FD020300,서양식,0,90,40,40,70,60,60,45,75,observed,0.8939,0.9038,0.9257,0.7706,blend,"분식·간편식,양식·세계음식"
2861952,39,음식점,제주에가면,제주특별자치도 제주시 탑동로 119 (삼도이동),63167,126.5180205022,33.5147647120,"제주에가면은 제주시 탑동로 무근성길 근처에 위치한 아담한 향토 음식 전문점으로, 제주의 정취를 담은 다양한 메뉴를 선보인다. 이곳의 대표 메뉴는 제주해녀가 잡은 자연산 보말을 듬뿍 넣어 진하게 끓여낸 보말칼국수와 부드럽고 고소한 보말죽이다. 또 다른 인기 메뉴인 도담밥은 제주 흑돼지, 전복 한 마리, 간장갈비, 제육볶음을 담아 삼각김밥 모양으로 제공되어 보는 재미와 먹는 즐거움을 동시에 선사한다. 이외에도 제주산 보말과 무말랭이를 활용해 만든 별미 반찬인 보말꼬들은 감칠맛 나는 밑반찬으로 인기가 높으며, 포장 판매도 하고 있다. 식사 후에는 도보로 이동 가능한 거리에 용연, 용두암, 제주 원도심 등이 있어 관광과 식사를 함께 즐기기에 좋은 코스다.",http://www.instagram.com/jejuegamyeon,0507-1330-2119,08:00~17:00 (마지막 주문 16:30),보말칼국수,보말죽 / 도담밥 / 제주 잔칫고기 등,가능,매주 화요일,있음,Unknown,화장실: 있음,50,110,FD,음식,FD01,한식,FD010100,관광식당,40,90,50,30,20,20,30,15,45,observed,0.7862,0.75,0.4512,0.816,blend,"제주 향토음식,고기·구이,해산물 요리,한식,면 요리"
2871898,39,음식점,제주연탄길 신제주본점,제주특별자치도 제주시 연화남길 10 (연동),63141,126.4894322054,33.4757463539,"제주 한라수목원 인근에 위치한 제주연탄길은 레트로한 느낌이 가득한 흑돼지구이 전문점이다. 외관에서부터 레트로한 느낌을 풍기며, 내부의 좌석은 둥근 타일형 테이블과 의자로 구성되어 있다. 대표메뉴는 흑돼지 모듬으로 등심과 오겹살, 가브리살, 항정살과 순두부와 막국수가 함께 제공되어 다양한 고기와 든든한 한끼 식사가 가능하다. 신선하고 질 좋은 제주 흑암퇘지만을 사용하고 합리적인 가격으로 부담없이 즐길 수 있다. 고기는 연탄불에 올려 굽고, 점심특선으로는 카레순두부와 막국수를 맛볼 수 있다. 주변에 연동 부림랜드와 한라수목원이 있어 식사 전후로 함께 둘러보기 좋다.",Unknown,0507-1315-0818,10:00~22:00 (준비시간 16:00~17:00),흑돼지모듬,흑돼지모듬 / 흑오겹살 / 흑목살 등,가능,연중무휴,있음,가능,화장실: 있음,50,110,FD,음식,FD01,한식,FD010100,관광식당,20,90,60,10,10,0,60,45,75,blend,0.8494,1.0,0.1813,0.816,blend,"고기·구이,한식"
2755457,39,음식점,제주오성갈치조림,제주특별자치도 서귀포시 중문관광로 27 (색달동),63534,126.41466647566499,33.255702683049684,"순살갈치조림 맛집 제주오성은 중문 관광단지 입구에 위치한 갈치요리전문점으로, 신축 건물의 깔끔한 외관과 넓은 주차장, 카페와 기념품숍까지 함께 갖춘 곳이다. / 46년 전통의 제주 향토음식을 바탕으로 갈치조림, 통갈치구이 정식 등 세트 메뉴가 특히 인기이며 가시를 제거한 순살갈치조림도 준비되어 남녀노소 편하게 즐길 수 있다. / 고소한 김, 잡채 등 기본 상차림도 푸짐해 만족도가 높고 단체석과 유아 시설이 있어 가족 모임에도 적합하다. / 식사 후 기념품 쇼핑까지 가능해 제주갈치조림맛집으로 꾸준히 찾는 이들이 많으며 중문 여행 중 다시 찾게 되는 중문에 대표적인 갈치조림맛집이다.",Unknown,0507-1315-3120,08:00~21:00 (마지막 주문 19:50),순살갈치조림,불갈치조림 / 전복해물뚝배기 / 성게미역국 등,가능,연중무휴,Unknown,Unknown,Unknown,50,130,FD,음식,FD01,한식,FD010100,관광식당,20,90,60,60,20,50,60,45,75,category,0.816,,0.0,0.816,category,"제주 향토음식,해산물 요리,한식"
2789395,39,음식점,제주태백산본점,제주특별자치도 제주시 도공로 154-12 (이호이동),63108,126.4672142621,33.4947688948,"제주공항 근처에 위치한 제주 태백산 본점은 넓고 쾌적한 공간을 갖춘 흑돼지 고기 전문점이다. 태백산 한판 메뉴는 오겹살, 숄더랙, 생갈비 등 여러 부위를 한 번에 즐길 수 있어 인기가 높다. 매장 한편엔 한식 뷔페처럼 기본 반찬과 쌈 채소, 젓갈 등을 편하게 가져다 먹을 수 있는 셀프 바가 마련되어 있다. 주차 공간도 넓고 제주 공항 근처에 있어 제주도를 오고 가기 전에 방문하여 식사하기 좋은 곳이다.",https://www.instagram.com/jeju__taebaeksan,064-744-0001,- 11:30~22:00 / - 마지막 주문 21:00,태백산한판,명품양념갈비 / 불고기곱창전골 / 한우갈빗살 등,가능,연중무휴,있음,Unknown,화장실: 있음,50,110,FD,음식,FD01,한식,FD010100,관광식당,0,100,20,0,10,0,60,45,75,blend,0.8767,1.0,0.3297,0.816,blend,"고기·구이,한식"
2791440,39,음식점,제주한라국수,제주특별자치도 서귀포시 천제연로188번길 17 (중문동),63546,126.4244290287,33.2503119092,"제주 한라 국수는 제주산 돼지고기로 만든 고기 국수와 국밥 메뉴를 판매하는 한식당이다. 고기 국수는 제주산 돼지 사골 육수에 제주 전통방식의 건면을 삶고, 수육을 고명으로 내는데, 한라 국수는 특유의 진하고 부드러운 육수로 입맛을 사로잡았다. 이곳의 또 하나의 별미는 아강발 메뉴이다. 아강발은 어린 돼지족발을 이르는 제주도 방언으로, 쫄깃한 식감과 고소한 맛이 일품이다.",Unknown,0507-1361-6392,- 08:00~20:00 / - 마지막 주문 19:30,고기국수,열밥 / 수육 / 아강발 등,가능,연중무휴,있음,Unknown,화장실: 있음,50,130,FD,음식,FD01,한식,FD010100,관광식당,0,100,40,20,10,0,45,30,60,observed,0.9173,1.0,0.5507,0.816,blend,"제주 향토음식,고기·구이,한식,면 요리"
4002839,39,음식점,제주할망밥상,제주특별자치도 서귀포시 안덕면 화순해안로 89,63530,126.335716162007,33.2400420030732,"산방산 맛집 제주할망밥상 산방산본점은 생선구이와 제육볶음, 10가지 반찬, 밥과 국까지 포함된 한 끼를 부담 없는 가격에 즐길 수 있는 가성비 맛집이다. 반찬은 매일 바뀌어 다양한 구성을 맛볼 수 있으며, 직접 잡은 제철 생선을 사용해 비린내 없이 고소한 것이 특징으로 생선구이맛집으로도 잘 알려져 있다. 담백한 생선구이와 매콤한 제육볶음의 조화가 좋아 남녀노소 만족도가 높고, 용머리해안과 안덕계곡이 가까워 여행 중 방문하기에도 좋다. 여행객 사이에서도 산방산맛집, 가성비맛집, 생선구이맛집으로 꾸준히 찾는 곳이다.",Unknown,0507-1414-3468,09:00~20:00 (마지막 주문 19:30),정성 가득 푸짐한 할망밥상그날정식,제주 순살갈치조림 / 대방어회 / 전복죽 옥돔구이 등,가능,연중무휴,Unknown,Unknown,Unknown,50,130,FD,음식,FD01,한식,FD010100,관광식당,20,100,20,10,10,0,60,45,75,observed,0.6511,0.6094,0.7981,0.816,blend,"제주 향토음식,해산물 요리,회·물회·초밥,한식"
2893725,39,음식점,제주해물밥,제주특별자치도 제주시 월대3길 14-6,63068,126.4339782641,33.4947350372,"싱싱한 제주바다를 밥상에서 만날 수 있는 제주해물밥은 제주 북쪽 바닷가를 따라 난 해안도로에 위치해 있다. 제주도 외도 바다를 감상하며 푸짐한 식사 한 끼를 즐길 수 있다. 전복, 돌문어, 뿔소라, 전복, 홍해삼 같은 제주의 해산물을 숙성한 후 특허받은 해물소스에 청정 가파도의 해초를 얹어 낸 제주해물밥은 이곳의 대표메뉴이다. KBS2 예능프로그램인 에도 등장한 용궁조림, 그리고 가파도 성게만 올려 내놓는 성게밥, 전복과 성게를 듬뿍 넣어 끓인 전복성게미역국, 옥돔이나 우럭을 구워 내놓는 생선구이 등의 음식도 인기가 많다.",https://www.instagram.com/jejuhaemulbab,064-746-5755,10:00~21:00 (마지막 주문 20:00),제주해물밥,원조성게밥 / 보말칼국수 / 전복성게미역국 등,가능,매월 두번째·네번째 월요일,있음,Unknown,화장실: 있음,50,110,FD,음식,FD01,한식,FD010100,관광식당,50,100,60,20,10,0,60,45,75,category,0.816,,0.0,0.816,category,"제주 향토음식,해산물 요리,한식,면 요리"
2836502,39,음식점,제주해조네 보말성게전문점,제주특별자치도 서귀포시 안덕면 대평감산로 12,63533,126.3668593459,33.2358042713,"제주해조네보말성게전문점은 제주 서귀포 대평리에 위치해 있다. 메뉴는 자연산 보말요리, 성게요리, 생선구이류 등이 있으며 정갈한 한상으로 든든한 한끼를 먹을 수 있는 곳이다. 또한 아침식사도 가능한 도민 맛집이다. 메인재료가 음식맛의 중심이 되어야 한다는 신념으로 재료 본연의 맛을 위해 다른 식재료와 섞지 않고 그 자체만의 맛을 낼 수 있도록 요리 하고 있으며, 제주도 향토음식을 시작 한만큼 초심을 잃지 않고 그 맛을 지키기 위해 매일 정비하고 노력하는 식당이다. 상차림은 1인 한상 차림으로 반찬 공유없이 식사가 가능하다. 근처 여행지로 박수기정, 논짓물, 중문색달해변 등이 있다.",https://www.instagram.com/jeju.haejo,064-738-7908,08:00~15:00 (마지막 주문 14:40),제주보말죽,제주보말칼국수 / 제주성게비빔밥 / 옥돔구이 등,가능,매주 수요일,Unknown,Unknown,Unknown,50,130,FD,음식,FD01,한식,FD010100,관광식당,20,90,20,60,10,0,30,15,45,observed,0.9007,0.95,0.6321,0.816,blend,"제주 향토음식,해산물 요리,한식,면 요리"
2384996,39,음식점,젠하이드어웨이,제주특별자치도 서귀포시 안덕면 사계남로 186-8,63528,126.30858378365,33.2292077474358,"바로 앞에는 제주 바다, 멀리로는 산방산과 용머리해안이 그림같이 펼쳐진 곳이다. 이곳의 대표 메뉴는 차롱박스이다. 차롱박스란 제주어로 도시락 모양의 대나무 용기를 뜻한다. 여기에 감자튀김과 생선가스 등을 피시 앤 칩스처럼 담아낸 메뉴가 바로 차롱박스이다. 이 밖에도 산방산 돔 파스타가 유명하다.",Unknown,064-794-0133,11:00~21:00 (마지막 주문 20:00),챠롱박스,단호박스프 / 산방산 볼케이노 파스타 / 제주 감귤 피자 등,가능,연중무휴,Unknown,가능,Unknown,50,130,FD,음식,FD05,카페/ 찻집,FD050100,카페,80,90,80,20,10,0,60,45,75,blend,0.8578,1.0,0.1813,0.8263,blend,
2891399,39,음식점,젤코바 베이커리 카페,제주특별자치도 제주시 하소로 1,63050,126.3998926774,33.4797861527,"젤코바 베이커리 카페는 하귀2리 하귀초등학교 근처에 있다. 구운 지 12시간 이내의 빵만 판매하는 베이커리 전문 카페로 제주 돌담집을 개조한 공간에서 천연 재료와 프랑스산 버터를 사용해 매일 아침 사장님이 직접 빵을 굽는다. 소금빵과 젤코바커피가 대표 메뉴이며 젤코바커피의 경우 아메리카노에 부드러운 크림과 시나몬 가루와 발효 소금이 올려져 나온다. 주변 여행지로 알작지해변, 항파두리항몽유적지 등이 있다.",Unknown,0507-1395-7503,- 화요일~수요일·금요일~일요일 09:30~20:00 / - 월요일·목요일 11:00~17:00,소금빵,젤코바 커피 / 소프트콘 / 마늘과자 / 꿀배차 등,가능,연중무휴,있음,Unknown,화장실: 있음,50,110,FD,음식,FD05,카페/ 찻집,FD050100,카페,30,90,70,10,10,20,45,30,60,blend,0.8578,1.0,0.1813,0.8263,blend,
2863597,39,음식점,젬마손,"제주특별자치도 제주시 진동로 3 (화북일동, 건하주택)",63289,126.5686021115,33.5193788962,"젬마손은 제주시 화북일동에 위치한 노포 맛집으로, 제주도민들 사이에서 유명한 국수맛집이다. 이곳은 특별히 양이 푸짐하여 한 그릇만으로도 든든한 식사를 할 수 있는 식당이다. 대표 메뉴인 고기국수는 깊고 진한 국물 맛이 특징이며, 푸짐하게 올라간 고기 고명이 더해져 고소하면서도 진한 풍미를 자랑한다. 또 다른 인기 메뉴인 몸국은 해초와 고기가 듬뿍 들어가 담백하면서도 깊은 맛을 느낄 수 있는 전통 제주 향토 음식이다. 비빔국수 역시 이 집의 별미인데, 갈은 고기가 들어간 특제 양념장에 오이채와 무생채가 함께 올려져 나와 비주얼도 좋다. 든든한 한 끼를 원하는 사람들에게 추천할 만한 제주도의 숨은 맛집이다.",Unknown,064-755-1887,11:00~02:00,고기국수,비빔국수 / 몸국 / 족탕 등,불가능,연중무휴,있음,가능,화장실: 있음,50,110,FD,음식,FD01,한식,FD010100,관광식당,0,100,20,20,0,0,60,45,75,category,0.816,,0.0,0.816,category,"제주 향토음식,한식,면 요리"
1909319,39,음식점,종달수다뜰,제주특별자치도 제주시 구좌읍 용눈이오름로 8,63354,126.8931273496,33.4918621597,"‘종달수다뜰’은 농가맛집으로 지역의 농산물과 문화를 연계하여 소비자에게 향토음식을 제공하는 농촌형 외식공간이다. 바다, 오름, 들판이 조화롭게 어우러진 올레 1코스에 위치한 곳으로 전복,성게,조림류등 각종 제주 해산물 요리를 제공하는 곳이다. 주메뉴로는 오동통한 전복과 버터향이 어우러진 전복돌솥밥과, 제주에서 꼭 먹어야 할 갈치조림이 있으며, 다양하게 드시고 싶으신 분들을 위해 가성비 좋은 세트메뉴로 구성되어 있다. 2014년 농촌진흥청 추천 맛집으로 국가가 인증하고 2017년엔 코릿과 제주관광공사 선정 제주맛집 TOP30으로 선정되기도 하였다.",Unknown,064-782-1259,09:30~20:30 (마지막 주문 19:30),제주한정식,갈치조림 백반 / 전복돌솥밥 백반 / 성게비빔밥 백반 등,가능,연중무휴,"남녀개별, 업소내 위치",가능,"화장실: 남녀개별, 업소내 위치",50,110,FD,음식,FD01,한식,FD010100,관광식당,70,100,60,60,10,10,60,45,75,blend,0.804,0.75,0.1813,0.816,blend,"제주 향토음식,해산물 요리,한식"
2854312,39,음식점,죽성고을,제주특별자치도 제주시 한북로 176 (오등동),63240,126.5341175164,33.4622818879,"죽성고을은 제주시 애조로와 한북로가 만나는 지점, 옛 죽성마을 자리에 자리 잡은 시래기돌솥밥 전문점으로, 도민들 사이에서 가성비 좋고 푸짐한 한식당으로 널리 알려져 있다. 이곳의 대표 메뉴인 시래기돌솥밥은 고슬고슬하게 지은 밥에 부드러운 시래기가 어우러진 건강한 한 끼로, 따뜻한 돌솥에 담겨 깊은 맛을 즐길 수 있다. 밥을 덜어낸 뒤에는 돌솥에 물을 부어 고소한 누룽지까지 만들어 먹을 수 있어, 한 끼를 두 번 즐기는 듯한 만족감을 준다. 옥돔구이와 수육 역시 많은 손님들에게 인기를 끌고 있다. 위치적으로는 제주시 동쪽 조천과 서쪽 애월을 연결하는 애조로 부근에 있어 접근성이 좋고, 식사 후 근처의 방성문계곡을 함께 둘러보며 제주의 자연을 느낄 수 있는 코스도 매력적이다.",Unknown,064-722-9693,08:00~20:30,시래기돌솥,옥돔구이 / 수육 / 가오리찜 등,가능,연중무휴,있음,Unknown,화장실: 있음,50,110,FD,음식,FD01,한식,FD010100,관광식당,20,100,20,10,10,0,60,45,75,category,0.816,,0.0,0.816,category,"제주 향토음식,고기·구이,해산물 요리,한식"
2876704,39,음식점,중문 돌담흑돼지,제주특별자치도 서귀포시 일주서로 909 1층,63534,126.4132881627,33.2577303589,"중문 돌담흑돼지는 중문관광단지 근처 일주서로에 있다. 고기는 제주 흑돼지 생고기와 숙성고기 모두 취급한다. 생고기의 경우 주문을 하면 테이블로 가져와 생고기를 확인시킨 후 초벌구이해서 다시 나오고, 숯불에 올려 꽈리고추와 함께 구워 먹는다. 숙성고기는 숙성고에서 드라이에이징 하는 모습을 확인할 수 있으며, 숄더랙, 뼈등심 등 100g 단위로 판매한다. 야외에는 테라스 자리가 있고, 근처에서 숙박하는 여행자를 위한 픽업 서비스도 이용할 수 있다.",https://www.instagram.com/doldamblackpork_jungmun,064-739-4619,11:00~23:00 (마지막 주문 22:00),돌담 제주흑돼지 뼈삼겹,돌담 숙성 숄더랙 / 330 숙성 흑돼지 근고기 / 돌담 흑가로막살 등,가능,연중무휴,있음,Unknown,화장실: 있음,50,130,FD,음식,FD01,한식,FD010100,관광식당,10,90,20,0,30,10,60,45,75,observed,0.899,1.0,0.4512,0.816,blend,"제주 향토음식,고기·구이,한식"
2850960,39,음식점,중문 모메든식당,제주특별자치도 서귀포시 일주서로 508,63541,126.4545402345,33.2535175856,"중문 모메든식당은 제주올레 8코스 하원동 하원초등학교 근처에 있다. 와인과 함께 할 수 있는 흑돼지 전문점으로 ‘모메든’은 제주어로 ‘마음에 든다’는 뜻이다. 흑돼지 연탄 깡통구이 전문점으로 제주산 흑돼지 근고기, 김치찌개, 몸국 등을 맛볼 수 있다. 반려견 동반이 가능하며, 외부 공간에서 캠핑 바비큐 분위기로 고기를 구워 먹는다. 근처 여행지로 약천사, 대포주상절리 등이 있다.",Unknown,0507-1415-8205,17:00 ~22:00,제주산흑돼지,흑돼지김치찌개 / 비빔냉면 등,가능,매주 일요일,Unknown,Unknown,Unknown,50,130,FD,음식,FD01,한식,FD010100,관광식당,20,100,40,0,30,0,75,60,90,blend,0.8355,0.875,0.3297,0.816,blend,"제주 향토음식,고기·구이,한식,면 요리"
2843955,39,음식점,중문갈치조림 이조은식당,제주특별자치도 서귀포시 천제연로 97 (색달동),63534,126.4161324192,33.2551056935,"이조은식당은 서귀포시 중문관광단지에 위치해있는 30년된 갈치 전문 노포이다. 갈치요리 전문가의 갈치조림이 대표 메뉴이며, 갈치구이와 함께 갈치 한상 정식을 판매한다. 이외에도 갈치회, 고등어조림, 고등어 회 등의 메뉴가 준비되어 있다. 관광객 뿐 만이 아니라 현지인들도 자주 방문하는 맛집이다. 새벽마다 직접 고른 제주산 생갈치를 직접 손질해서 신선하게 관리하고, 제주산 생갈치만을 사용해 요리한다. 고등어 세트는 고등어회, 고등어조림, 고등어구이 등 고등어 요리 3종 모두를 맛볼 수 있다. 근처 함께 둘러보기 좋은 여행지로 여미지식물원, 베릿내오름, 천제연폭포 등이 있다.",https://www.instagram.com/ejoeun77,064-738-7123,08:30~22:00,원조 갈치조림,제주 은갈치구이 / 갈치한상정식 / 갈치회 등,가능,연중무휴,있음,Unknown,화장실: 있음,50,130,FD,음식,FD01,한식,FD010100,관광식당,20,100,20,20,10,0,45,30,60,blend,0.7587,0.5,0.1813,0.816,blend,"제주 향토음식,해산물 요리,회·물회·초밥,한식"
2863701,39,음식점,중문고등어쌈밥,제주특별자치도 서귀포시 일주서로 1240 (상예동),63534,126.38092696193935,33.26527461107256,"중문고등어쌈밥은 제주 서귀포시 중문관광단지 인근에 위치한 한식 전문점이다. 대표 메뉴인 ‘순살 꽃고등어 묵은지조림’은 신선한 고등어를 가시 없이 손질해 순살로 제공하며, 하루 30인분만 한정 판매되는 인기 메뉴다. 잘 익은 묵은지와 함께 조려내 깊은 감칠맛을 더하고, 순살로 제공돼 누구나 편하게 즐길 수 있는 것이 특징이다. 세트 메뉴 구성도 알차 든든한 한 끼 식사를 부담 없이 즐기기에 좋다. / 특히 장미가 피는 시즌에는 식당 입구부터 정원까지 화사한 장미 꽃길과 장미 터널이 이어져, 식사와 함께 즐길 수 있는 장미 명소로도 사랑받고 있다. 식사 후에는 인근의 중문관광단지, 카멜리아힐 등 제주 대표 관광지를 함께 둘러보기에도 좋다.",Unknown,0507-1361-2457,09:30~20:00 (마지막 주문 19:00),순살꽃고등어묵은지조림,살찐통 고등어구이 한마리 / 묵은지고등어쌈밥과 전복돌솥밥 / 전복듬뿍 전복죽 등,가능,연중무휴,Unknown,Unknown,Unknown,50,130,FD,음식,FD01,한식,FD010100,관광식당,70,90,70,0,10,0,60,45,75,observed,0.7125,0.6786,0.7534,0.816,blend,"해산물 요리,한식"
2859012,39,음식점,중문색달통갈치 본점,제주특별자치도 서귀포시 일주서로 993 (색달동),63535,126.4045389069,33.2583912595,"중문색달통갈치조림구이는 제주 중문관광단지 서쪽, 예래천 인근에 위치한 통갈치요리 전문점이다. 대표메뉴인 뼈 없는 갈치조림 한상은 살이 부드럽고 깔끔해 밥과 함께 먹기 좋으며 새우장, 톳밥, 들깨미역국, 보리김치 등 제주에서만 맛볼 수 있는 제철 반찬들이 정성스럽게 차려진 상차림 세트 메뉴로 제공되어 푸짐한 한 끼를 즐기기에 안성맞춤이다. 고소하게 구운 통갈치구이는 직원이 직접 살을 발라 먹기 편하게 제공해 어린이나 어르신들도 부담 없이 즐길 수 있다. 상차림이 넉넉하고 구성도 다양해 가족 단위 손님들이 특히 많이 찾으며, 매장 내부에는 단체석과 어린이용 의자도 준비되어 있어 누구나 편안하게 식사할 수 있는 환경이 마련되어 있다. 또한 반려동물 동반도 가능하다. 인근에는 중문해수욕장, 대포주상절리대, 예래생태공원 등 다양한 관광지가 있어 함께 둘러보기 좋다.",https://www.instagram.com/jungmun_restaurant_,0507-1356-2089,11:00~20:50 (준비시간 15:00~17:00),뼈없는 갈치조림 한상,색달스페셜 / 대왕 통갈치구이 한상 / 색달장 한상정식 등,가능,연중무휴,있음,Unknown,화장실: 있음,50,130,FD,음식,FD01,한식,FD010100,관광식당,20,100,20,10,10,0,60,45,75,observed,0.7968,0.7812,0.5507,0.816,blend,"제주 향토음식,해산물 요리,한식"
2791425,39,음식점,중문수두리보말칼국수,제주특별자치도 서귀포시 천제연로 192 (중문동),63546,126.4250095051,33.2516062199,"중문에 위치한 수두리 보말칼국수는 2013년 9월 오픈한 이래로 꾸준하게 도민과 관광객들의 사랑을 받아온 맛집이다. 직접 반죽한 톳 면에 매일 아침 준비하는 자연산 보말을 활용해 육수를 낸다. 반찬 역시 직접 손질하고 만들어 제공해 모든 메뉴에서 이곳 주인장만의 손맛이 느껴진다. 메뉴는 4가지로 단출한 편이다. 톳 보말칼국수인 수두리 보말칼국수는 시그니처 메뉴이며, 진한 보말 육수와 쫄깃한 톳 면의 조화가 좋다. 이 밖에도 톳 성게 칼국수와 성게 전복죽, 애피타이저로 먹을 수 있는 물만두 메뉴도 한 번씩 맛보기를 추천한다.",https://www.instagram.com/suduribomal_noodle,064-739-1070,08:00 ~ 16:30 (라스트오더 16:00),톳보말 칼국수,보말죽 / 물만두 등,Unknown,매주 화요일,Unknown,가능,부대시설: 화장실,50,130,FD,음식,FD01,한식,FD010100,관광식당,10,100,30,10,10,0,60,45,75,observed,0.8707,0.8708,0.9975,0.816,blend,"제주 향토음식,한식,면 요리"
2755458,39,음식점,중문칠돈가,제주특별자치도 서귀포시 중문관광로 8 (색달동),63534,126.4144741763,33.2574915152,칠돈가 중문점은 넓은 주차장과 여유 있는 실내 공간에서 최고의 제주산 흑돼지와 백돼지를 두툼한 근고기로 맛볼 수 있다. 기본 2인 기준으로 600g씩 판매하며 고기 추가 시 300g씩 주문이 가능하다. 반찬과 야채는 셀프 리필이 가능한 코너가 마련되어 있고 숙련된 솜씨로 노릇노릇 잘 구운 고기를 먹기 좋게 잘라주는 종업원들 실력이 인상적이다. 쫄깃쫄깃한 흑돼지구이 한 점을 멜젓에 찍어 우도땅콩막걸리 한잔 곁들이면 여행의 피로가 눈 녹듯 사라진다. 중문 관광단지 사거리에서 한라산 방향 200m쯤에 있으며 브레이크타임 후 바로 방문하면 대기 줄이 길지 않다.,Unknown,0507-1431-1356,16:00~22:00 (마지막 주문 21:10),제주산 흑돼지 근고기,제주산 백되재 근고기 / 김치찌개 / 물냉면 등,가능,매주 수요일,있음,Unknown,화장실: 있음,50,130,FD,음식,FD01,한식,FD010100,관광식당,20,100,20,20,20,0,60,45,75,observed,0.6592,0.5312,0.5507,0.816,blend,"고기·구이,한식"
2758844,39,음식점,중문해녀의집,제주특별자치도 서귀포시 중문관광로 194 (중문동),63547,126.4191518851,33.2424043651,"중문 해녀의 집은 바다를 보며 해녀들이 갓 잡은 해산물을 바로 맛볼 수 있는 곳이다. 해녀들이 그날 잡아 그날 판매하니 재료의 선도가 특히 뛰어나다. 메뉴는 해산물과 전복죽 두 가지로 기본에 충실한 곳이다. 특히 꼬들꼬들한 식감의 전복과 내장을 넣고 푹 끓여 고소하고 진한 맛을 내는 전복죽은 이곳의 대표 메뉴이다. 전복죽은 조리 시간이 15분 정도 소요된다고 하니 미리 전화로 주문하면 시간에 맞춰 먹을 수 있다. 또한, 특정 해산물은 빨리 소진될 수 있으니 원하는 재료가 있는지 확인 후 방문하는 것이 좋다.",Unknown,064-738-9557,하절기 08:00~18:00 / 동절기 08:00~17:00,전복죽,전복회 / 소라 / 멍게 / 문어 등,가능,연중무휴,Unknown,가능,"부대시설: 단체석, 화장실, 주차장",50,130,FD,음식,FD01,한식,FD010100,관광식당,30,100,40,10,10,10,45,30,60,blend,0.8561,0.9375,0.3297,0.816,blend,"제주 향토음식,해산물 요리,회·물회·초밥,한식"
2858991,39,음식점,중문해물라면오빠네,제주특별자치도 서귀포시 일주서로 962 (색달동),63534,126.4080774899,33.2583635404,"중문해물라면오빠네 본점은 제주 중문관광단지 인근, 예래입구사거리 근처에 자리한 개성 있는 해물라면 전문점이다. 대표 메뉴인 문어해물라면은 일반 라면스프나 캡사이신을 전혀 사용하지 않고, 오빠네만의 수제 비법소스와 신선한 해산물을 듬뿍 넣어 진하고 얼큰한 국물 맛을 자랑한다. 이와 함께 즐기기 좋은 전복치즈밥은 리조또 풍의 부드럽고 고소한 시그니처 메뉴로, 라면과의 조합이 좋다. 그 외에도 제주산 보말과 미역을 사용해 깊은 감칠맛을 더한 전복보말칼국수, 제주 흑돼지로 맛을 낸 든든한 꼬기라면도 이곳만의 특별한 메뉴이다. 인근에는 중문관광단지, 대왕수천예래생태공원 등 제주에서 유명한 관광지가 가까이 있어 여행 중 들르기 좋은 맛집으로 추천한다.",Unknown,064-738-8957,10:00~20:30 (마지막 주문 20:00),문어해물라면,전복치즈밥 / 전복보말칼국수 / 꼬기라면 등,가능,연중무휴,있음,Unknown,화장실: 있음,50,130,FD,음식,FD03,간이음식,FD030400,김밥 분식,20,100,20,0,0,0,60,45,75,observed,0.7034,0.5833,0.4512,0.8022,blend,"제주 향토음식,고기·구이,해산물 요리,면 요리,분식·간편식"
2858406,39,음식점,중문회포장센터 새벽야시장,제주특별자치도 서귀포시 중문관광로 293 (대포동),63546,126.4292786894,33.2466568335,"중문회포장센터 새벽야시장은 중문관광단지 ICC 제주국제컨벤션센터 근처에 있다. 고등어회, 딱새우회, 갈치회 등 각종 모듬회를 포장해 갈 수 있는 곳으로 가성비 회 맛집이다. 고등어회와 딱새우회가 대표메뉴이며 이외에도 갈치회, 모듬회 등이 있다. 세트메뉴도 준비되어 있어 다양한 회와 사이드메뉴를 함께 즐길 수 있다. 밤 11시까지 운영하고 있어서 야식 포장하기도 좋고, 매장에서 늦은 시간까지 먹을 수도 있다. 인터넷 예약과 배달도 하고 있어서, 중문관광단지 내에서 숙박하는 여행자라면 배달해서 먹을 수 있다. 주차 공간도 여유로운 편이다. 주변에 함께 둘러보기 좋은 여행지로 대포주상절리, 베릿내오름, 천지연폭포, 중문색달해수욕장 등이 있다.",Unknown,0507-1333-3416,14:00~23:00,고등어회,딱새우회 / 갈치회 / 모듬회 등,가능,매주 월요일,있음,Unknown,화장실: 있음,50,130,FD,음식,FD01,한식,FD010100,관광식당,20,90,20,0,40,60,30,15,45,observed,0.7862,0.75,0.4512,0.816,blend,회·물회·초밥
2384971,39,음식점,지오아라,제주특별자치도 서귀포시 안덕면 사계로114번길 54-86,63528,126.3078283451,33.2363505061,"산방산 아래 자리한 지오아라는 카페와 펜션을 함께 운영하고 있다. 수제 차와 다쿠아즈가 유명하며 산방산 경치를 즐기며 따뜻한 차와 디저트를 즐길 수 있다. 카페 내부는 편안한 분위기의 인테리어로 되어 있어 휴식을 취할 수 있다. 카페에서 바라보는 송악산의 뷰가 아름다우며, 마당 잔디밭에도 테이블이 있어 날씨 좋은 날 자연과 함께 카피를 즐길 수 있다. 메뉴는 커피와 차, 빙수, 다쿠아즈, 에이드 등 다양하게 준비되어 있어 취향에 맞게 선택할 수 있다.",Unknown,064-794-2892,11:00~23:00,아메리카노,산방산팥빙수 / 초코라떼 / 청귤에이드 등,가능,연중무휴,Unknown,가능,Unknown,50,130,FD,음식,FD05,카페/ 찻집,FD050100,카페,70,90,80,0,30,0,60,45,75,category,0.8263,,0.0,0.8263,category,
2836808,39,음식점,지은이네밥상,제주특별자치도 서귀포시 성산읍 고성오조로97번길 17,63640,126.9121210656,33.4520585324,"제주 서귀포시에 위치한 지은이네밥상은 제주 향토음식을 맛볼 수 있는 가정식 백반 전문점이다. 아침밥을 먹을 수 있는 가성비 좋은 밥집으로 잘 알려져 있으며 반찬도 다양하고 푸짐해 단골손님이 많다. 메뉴는 비빔밥, 청국장, 보말미역국 등 한식으로 제공하고 있으며, 김치찜과 갈비찜도 준비되어 있어 더욱 든든한 한끼를 먹을 수 있다. 깊은 맛과 푸짐한 양으로 많은 이들의 사랑을 받고 있으며, 지은이네 밥상은 제주에서의 소박하고 정겨운 한 끼를 찾는 사람들에게 추천할 만한 맛집이다. 주변 여행지로 성산일출봉, 섭지코지 등이 있어 함께 둘러보기에도 좋다.",Unknown,064-784-2915,[평일] / - 07:00~20:30 / - 준비시간 15:00~17:00 / [토요일] / - 07:00~15:00,비빔밥,청국장 / 보말미역국 / 김치찜 등,가능,매주 일요일,Unknown,Unknown,Unknown,50,130,FD,음식,FD01,한식,FD010100,관광식당,20,90,10,40,10,0,30,15,45,observed,0.8691,0.9,0.6321,0.816,blend,"제주 향토음식,한식"
404180,39,음식점,진미명가,제주특별자치도 서귀포시 안덕면 사계남로 167,63528,126.3076174292,33.2283513861,"진미명가는 제주 올레 10코스에 속한 사계해안 인근에 있는 다금바리 맛집이다. 한국에서 다금바리로 가장 유명한 횟집으로 3대째 전통을 이어온 명가이며 다금바리회를 대중화한 곳이다. 진미명가의 대표인 강창건 명인은 2019년에는 제주특별자치도로부터 향토음식장인으로 지정되기도 했다. 제주 바다 고유의 맛을 품고 있는 해산물과 다양한 종류의 반찬이 일품이다. 이외에도 회의 특수부위와 회를 뜨고 남은 뼈를 우려낸 고소하고 맑은 탕인 지리가 함께 나온다. 근처에는 제주잠수함관광, 사계포구, 용머리해안 등의 관광명소가 있다.",Unknown,064-794-3639,15:40~21:00,다금바리,돔돔 / 참돔 (계절메뉴),가능,"월 2회 월요일, 화요일 중 휴무",있음,가능,화장실: 있음,50,130,FD,음식,FD01,한식,FD010100,관광식당,20,100,40,60,10,0,60,45,75,category,0.816,,0.0,0.816,category,"제주 향토음식,회·물회·초밥,한식"
1019521,39,음식점,진주식당,제주특별자치도 서귀포시 태평로 353,63592,126.559151803706,33.2466152550036,"제주도의 별미로는 오분자기 뚝배기, 옥돔구이가 유명한데, 제주도 서귀포시에서 오분자기 뚝배기, 옥돔구이 등 제주 토속음식으로 가장 유명한 식당이 진주식당이다. 또한 진주식당에서는 오분작젓, 전복젓, 갈치젓, 조기젓 등 젓갈류도 포장 판매해 제주청정해역의 맛깔난 해산물의 풍미를 여행에서 돌아와서도 느낄 수 있게 한다. 근처에 천지연폭포가 위치하고 있어 관광과 더불어 식도락을 즐기기에는 제격인 곳이다.",Unknown,064-762-5158,08:00~20:00,전복뚝배기,오분자뚝배기 / 전복죽 / 성게미역국 등,가능,연중무휴,Unknown,모든 카드 사용 가능,Unknown,50,130,FD,음식,FD01,한식,FD010100,관광식당,20,100,10,20,10,40,45,30,60,blend,0.8494,1.0,0.1813,0.816,blend,"제주 향토음식,해산물 요리,한식"
2801936,39,음식점,집의기록상점,제주특별자치도 제주시 한림읍 귀덕11길 60,63024,126.297218856119,33.4465017321381,"제주시 한림읍에 위치하고 있는 집의기록상점은 바다 마을 작은 디저트 카페로 에그타르트와 콘타르트 등 디저트를 판매하고 있다. 디저트와 함께 마실 수 있는 커피와 옥수수 라떼, 단호박 라떼 등과 같은 이색 메뉴도 준비되어 있다. 전용 주차장이 있어 차량 방문이 편리하며, 매장 앞 야외 테라스에서 바다 풍경을 감상하며 디저트를 즐길 수 있다. 아기자기한 소품도 함께 판매하여 기념품이나 선물로 구매하기도 좋으며, 주말이나 성수기에는 웨이팅이 있을 수 있다.",Unknown,0507-1384-5629,13:00~17:00,에그타르트,메이플피칸쿠키 / 옥수수라떼 / 단호박라떼 등,가능,"매주 수요일, 목요일",Unknown,가능,Unknown,50,110,FD,음식,FD05,카페/ 찻집,FD050100,카페,50,90,70,10,10,40,30,15,45,observed,0.7664,0.7604,0.9093,0.8263,blend,
2767786,39,음식점,짬뽕에취한날,제주특별자치도 제주시 귀아랑2길 4,63119,126.497821392822,33.4912024979454,"짬뽕에 취한 날은 제주공항 근처 연동에 자리 잡은 짬뽕 전문점이다. 일반 중식당과 다르게 갈비가 올라간 갈비 짬뽕으로 유명해진 식당이다. 메뉴는 갈비 짬뽕과 일반 짬뽕, 짜장면, 탕수육, 깐풍육, 그리고 계절 메뉴인 갈비 냉짬뽕, 일반 냉짬뽕 등이 있다. 내부 홀은 넓은 편이며, A홀, B홀로 나누어 회전율을 높였다. 갈비 짬뽕에 올라간 갈비는 불향이 가득 묻어있으며, 맵지 않고 칼칼하고 얼큰한 맛에 단골이 많은 편이다. 관광객뿐만 아니라 현지 도민들도 점심시간에 즐겨 찾는다.",Unknown,070-8227-2335,10:30~14:30,갈비짬뽕,냉짬뽕 / 짜장 / 탕수육 등,가능,매주 일요일,있음 (남/녀 구분),가능,부대시설: 화장실 | 화장실: 있음 (남/녀 구분),50,110,FD,음식,FD02,외국식,FD020100,중식,0,90,40,0,0,0,45,30,60,blend,0.8526,0.875,0.1813,0.8477,blend,중식
2843997,39,음식점,짱구분식,제주특별자치도 서귀포시 중동로48번길 3,63590,126.5671583243,33.2502030663,"짱구분식은 서귀동 육거리 북쪽에 있다. 모닥치기 전문점인데 모닥치기는 제주도 말로 ‘여러 개를 한 접시에 모아준다’는 뜻이다. 제주도에서만 맛볼 수 있는 음식으로 떡볶이, 김밥, 튀김, 전 등이 한 접시에 나온다. 일반적인 분식점에서 파는 라면과 튀김만두 메뉴도 있다. 김밥은 참기름의 고소한 풍미가 뛰어나고 떡볶이 국물에 찍어 먹으면 좋은 조합이다. 소박하고 예스러운 분위기와 푸짐하고 너무 맵지 않은 떡볶이 맛이 특징이며 가성비가 좋아 늘 대기가 길다. 전용주차장은 없지만 근처 공용주차장을 이용하면 된다.",Unknown,064-762-6389,12:00~21:00 (준비시간 16:00~17:00),모닥치기,튀김떡볶이 / 라면 / 김밥 등,불가능,매주 목요일,있음,Unknown,화장실: 있음,50,130,FD,음식,FD03,간이음식,FD030400,김밥 분식,0,100,30,30,10,0,30,15,45,observed,0.8229,0.8281,0.7981,0.8022,blend,"면 요리,분식·간편식"
2851565,39,음식점,쪼끌락,제주특별자치도 제주시 김녕로21길 21,63357,126.7553155654,33.5578415238,"쪼끌락카페는 김녕해수욕장 근처에 있다. 돌하르방 모양의 초콜릿 얼음을 우유로 녹여 먹는 돌하르방 초코라떼가 유명하며 김녕 바다를 표현한 김녕라떼, 돌하르방아포가토도 인기메뉴이다. 내부는 해녀의 고무옷, 태왁, 오래된 음료수병, 문갑과 소반 등 빈티지한 물건으로 가득하고, 음료를 해변 방향으로 놓고 사진찍기도 좋다. 근처 여행지로 세기알 해변, 김녕항, 삿갓오름 등이 있다.",Unknown,010-9066-3436 / 0507-1412-3436,10:30~18:30 (18:00 라스트오더),돌하르방아포카토,김녕라테 / 돌하르방라테 / 노을라테 등,가능 (무료),매주 수요일,Unknown,Unknown,Unknown,50,110,FD,음식,FD05,카페/ 찻집,FD050100,카페,30,90,70,20,10,0,30,15,45,observed,0.8671,0.9167,0.4512,0.8263,blend,
2863603,39,음식점,차롱보말전복칼국수 제주공항점,제주특별자치도 제주시 서해안로 468-4 (용담삼동),63114,126.4894034608,33.5185332833,"차롱전복칼국수는 제주도 제주시 용담해안도로를 따라 자리한 어영마을 정류장 앞에 위치한 칼국수 전문 음식점이다. ‘차롱’은 제주 방언으로 바구니를 의미하며, 이곳에서는 쟁반 대신 전통적인 느낌을 살린 차롱 바구니에 음식을 담아내는 것이 특징이다. 대표 메뉴인 보말전복칼국수는 전복 내장을 우려낸 깊고 진한 국물에 미역과 전복 살을 넣고, 직접 손으로 뽑은 칼국수 면발을 넣어 끓여내 국물이 고소하면서도 바다의 향이 은은하게 느껴져 특별한 제주식 칼국수를 경험할 수 있다. 전복죽은 부드러운 맛으로, 아침 식사나 가벼운 한 끼로 좋다. 이외에도 눈꽃처럼 튀겨낸 한치튀김은 바삭하고 담백한 맛으로 인기를 끌며, 국산 콩을 갈아 만든 진한 콩국수는 고소하고 시원해 여름철 별미이다. 내부는 깔끔하고 정돈된 분위기로 편안하게 식사를 즐길 수 있다. 식당 뒤편에는 별도의 주차장이 마련되어 있어 차량 이용 시에도 접근이 용이하다.",Unknown,0507-1399-5533,09:00~18:00,보말전복칼국수,찹쌀 영양 전복죽 / 차롱보말전복죽 / 한치튀김 등,가능,매주 목요일,있음,Unknown,화장실: 있음,50,110,FD,음식,FD01,한식,FD010100,관광식당,20,100,40,30,10,0,60,45,75,category,0.816,,0.0,0.816,category,"제주 향토음식,해산물 요리,한식,면 요리"
2805320,39,음식점,착한제주고등어,제주특별자치도 제주시 동문로11길 5 (건입동),63278,126.531219729389,33.513586902013,착한제주고등어는 제주시 동문재래시장 인근에 위치한 고등어요리 전문점이다. 제주 해역에서 잡은 싱싱한 고등어만을 사용해 건강한 요리를 제공한다. 1인분 주문도 가능하며 제주산 고등어와 갈치를 저렴한 가격에 즐길 수 있다. 밑반찬도 직접 만드는 착한 맛집이다.,Unknown,0507-1380-5751,09:00~20:00 브레이크타임 14:30~16:30라스트오더 19:30,고등어구이 / 고등어조림 / 고등어탕,고등어구이 / 고등어조림 / 고등어탕 / 갈치구이 등,Unknown,매주 월요일,Unknown,가능,Unknown,50,110,FD,음식,FD01,한식,FD010100,관광식당,0,100,10,10,10,20,60,45,75,blend,0.804,0.75,0.1813,0.816,blend,"제주 향토음식,해산물 요리,한식"
2763796,39,음식점,착한집,제주특별자치도 제주시 서광로 98 (오라삼동),63149,126.5070162384,33.5000133921,"착한집은 50년이 넘는 역사를 자랑하는 갈치조림 맛집이다. 제주국제공항 인근에 위치해 제주 여행의 시작과 끝을 함께 하기에 좋다. 제주산 갈치와 제주산 갈비를 한 번에 맛볼 수 있는 갈갈조림이라는 착한집만의 시그니처 메뉴로 유명하다. 해산물인 갈치와 육고기인 갈비의 만남이 낯설게 느껴지지만, 한데 어우러지면 독특하고 맛깔스러운 조화를 이룬다. 조림 외에 고등어구이도 맛있다는 평이다. 신선한 재료로 만드는 음식으로 건강하고 푸짐한 식사가 가능하다.",http://www.instagram.com/jejugoodfish,064-713-7136,11:00~21:00 (브레이크타임 15:00~17:00 / 라스트오더 20:00),통갈치조림,갈치회 / 고등어회 / 고등어조림 /고등어구이 / 옥돔구이,가능,매주 수요일,가능 (남녀 구분),가능,"화장실: 가능 (남녀 구분) | 부대시설: 단체석, 무선 인터넷, 주차장, 화장실",50,110,FD,음식,FD01,한식,FD010100,관광식당,0,100,20,20,0,0,60,45,75,observed,0.8657,0.9062,0.5507,0.816,blend,"제주 향토음식,고기·구이,해산물 요리,회·물회·초밥,한식"
2841345,39,음식점,착한튀김,제주특별자치도 제주시 진남로6길 20,63289,126.5658634352,33.5204953959,"착한튀김은 제주시 화북 남문 주민센터 앞에 있다. 채널A의 먹거리 관련 프로그램에서 착한 가게로 선정되었던 분식집으로 통새우 튀김, 오징어튀김 등 튀김류를 주메뉴로 하며 떡볶이, 김밥 등을 판매한다. 이곳의 튀김은 얇은 튀김옷을 입혀 재료의 모습을 그대로 살려 튀겨내는 것이 특징이며 백년초로 담근 피클을 튀김과 함께 제공한다. 근처 여행지로 삼양 검은 모래 해수욕장, 원당봉 등이 있다.",Unknown,064-723-3392,10:00~19:00,통새우튀김,오징어튀김 / 김밥 / 참치김밥 등,불가능,매주 일요일,있음,Unknown,화장실: 있음,50,110,FD,음식,FD03,간이음식,FD030400,김밥 분식,0,90,20,0,0,0,30,15,45,category,0.8022,,0.0,0.8022,category,분식·간편식
2870869,39,음식점,참맛나김밥,제주특별자치도 제주시 한라대학로 31 (노형동),63088,126.4750333913,33.4786485812,"참맛나김밥은 제주시 노형동 한라대학교 앞에 있는 종합 분식집이다. 대학교 인근에 자리하고 있어 대학생들을 비롯해 인근 주민들과 직장인들이 즐겨 찾는 곳이다. 이 분식집의 대표 메뉴는 열무국수이다. 계절에 상관없이 사계절 내내 즐길 수 있어 여름철에도 겨울철에도 인기가 많다. 기본 반찬으로 나오는 어묵볶은 달달한 감칠맛이 나 손님들의 입맛을 사로잡고 있다. 매콤한 소스에 콩나물, 양배추 등과 함께 비벼 먹는 쫄면, 담백한 국물의 수제비, 고기가 들어있는 고기김밥과 매콤한 멸추김밥도 맛있다. 대로변에 있어 접근성이 좋고 매장식사와 포장이 모두 가능하다. 주변에 함께 둘러보기 좋은 여행지로 한라수목원, 이호테우해수욕장 등이 있다.",Unknown,064-748-2654,09:00~17:20,열무국수,멸추김밥 / 떡볶이 / 햄김밥 등,가능,매주 수요일,있음,Unknown,화장실: 있음,50,110,FD,음식,FD03,간이음식,FD030400,김밥 분식,20,90,10,0,10,0,15,15,30,observed,0.7975,0.7917,0.4512,0.8022,blend,"면 요리,분식·간편식"
2807124,39,음식점,채훈이네해장국,제주특별자치도 제주시 한림읍 한림상로 29,63012,126.25864990083487,33.405408270718816,"채훈이네해장국은 제주도에서만 맛볼 수 있는 고사리 육개장과 몸국이 일품인 음식점이다. 제주 전통방식 그대로 푹 끓여, 세월이 지나도 변함없는 맛으로 정성스레 제주식 해장국을 끓이는 곳이다. / 점도 높은 제주식 고사리해장국과 모자반이 한가득 들어있는 몸국도 담백하게 즐길 수 있다.",Unknown,0507-1483-3559,06:00~15:00라스트오더 14:30,제주식 고사리육개장,제주식 고사리육개장 / 제주식 해장국 / 채운이네 몸국 외,Unknown,매주 화요일,있음(남/녀 구분),가능,화장실: 있음(남/녀 구분),50,110,FD,음식,FD01,한식,FD010100,관광식당,0,100,20,50,0,0,30,15,45,observed,0.8132,0.8125,0.7981,0.816,blend,"제주 향토음식,한식"
2844014,39,음식점,천돈가 중문본점,제주특별자치도 서귀포시 일주서로 873 (색달동),63534,126.4174405726,33.2580803858,"천돈가 중문본점은 서귀포시 중문 관광단지입구 삼거리에 위치해있다. 제주 근고기 전문점으로 소고기보다 부드럽고 육즙을 풍부하게 만든 제주 꽃목살과 삼겹살, 흑돼지 김치찌개, 시원한 열무김치, 조미료를 넣지 않은 계란찜 등이 있고, 특별메뉴로 제주흑돼지 돈마호크가 있다. 전라도식 직접 담은 김치에 흑돼지를 넣어 끓이는 김치찌개와 한라산 계란찜 등 천돈가 중문본점만의 메뉴를 선보이고 있다. 연령대에 상관 없이 누구나 방문해 제주 고기를 즐길 수 있고 가게 내부 테이블은 원형 테이블로 단체 모임이나 회식 장소로도 아주 좋다. 근처 함께 방문하기 좋은 여행지로 중문색달 해수욕장, 베릿내오름, 대포주상절리 등이 있다.",https://blog.naver.com/sungmin6119,064-738-7889,12:00~22:00 (마지막 주문 21:15),제주흑돼지 돈마호크,숙성21 제주 꽃목살 / 흑돼지 김치찌개 / 한라산 계란찜 등,가능,연중무휴,Unknown,Unknown,Unknown,50,130,FD,음식,FD01,한식,FD010100,관광식당,20,90,20,10,10,0,60,45,75,blend,0.7118,0.5,0.3297,0.816,blend,"고기·구이,한식"
404182,39,음식점,천제연토속,제주특별자치도 서귀포시 천제연로 45,63534,126.410862559514,33.2566950594593,"천제연토속음식점은 제주특별자치도 서귀포시에 있는 한식 전문점이다. 100명도 수용 가능한 많은 좌석을 보유하였으며, 대표 메뉴는 갈치조림이다. 또한 아침에 문을열어 전복죽, 성게미역국, 전복뚝배기, 성게비빔밥 등으로 아침식사가 가능하다. 세트메뉴를 주문하면 전복돌솥밥 과 전복뚝배기, 돔베고기가 함께 제공된다.",Unknown,064-738-3120,09:00~20:00,통갈치조림세트,전복돌솥밥 / 전복죽 / 성게돌솥밥세트 등,가능,"매월 둘째, 넷째, 다섯째 목요일",Unknown,가능,Unknown,50,130,FD,음식,FD01,한식,FD010100,관광식당,10,90,10,20,10,0,60,45,75,category,0.816,,0.0,0.816,category,"제주 향토음식,해산물 요리,한식"
2831961,39,음식점,천짓골식당,제주특별자치도 서귀포시 중앙로41번길 4 천짓골식당,63592,126.5613172072,33.2482698538,"천짓골식당은 제주 서귀포 아랑조을맛거리에 있다. 돔베고기의 돔베는 제주말로 '도마'인데, 예전 어머니들이 쓰던 나무 도마에 갓 삶은 돼지고기 수육이 통으로 나오고, 어멍(어머니의 제주 사투리)이 직접 부엌칼을 들고 와 상 위에서 썰어준다. 돔베고기 단일 메뉴만 판매하며, 흑돼지와 백돼지 중 선택할 수 있다. 몸국은 기본 제공이지만, 손님의 기호와 메밀 알레르기 여부에 따라 요청하는 손님에게 서비스한다. 제주 로컬 음식 '돔베고기'를 제대로 체험할 수 있는 식당이다. 다양한 반찬과 함께 나와 든든한 한끼를 먹을 수 있다. 주변 관광지로 서귀포올레야시장, 제주 칠십리시 공원이 있다.",Unknown,064-763-0399,17:10~21:30,돔베고기 흑돼지 오겹,돔베고기 백돼지 오겹 / 흑돼지 절반 / 백돼지 절반 등,불가능,매주 일요일,Unknown,Unknown,Unknown,50,130,FD,음식,FD01,한식,FD010100,관광식당,20,100,50,70,40,10,60,45,75,observed,0.8426,0.875,0.4512,0.816,blend,"제주 향토음식,고기·구이,한식"
2825241,39,음식점,철가방을든해녀,제주특별자치도 서귀포시 마라로 85,63515,126.265870809934,33.1164840528096,제주 마라도에 위치한 '철가방을든해녀'. 톳이 올라간 짜장면이 이색적이다.각종 해산물이 짜장면과 어우러져 바다의 풍미가 물씬 난다. 해녀짬뽕은 얼큰한 국물과 미역 고명으로 특별한 맛을 자랑한다. 해녀분이 직접 잡는 해산물도 싱싱하고 맛있어 찾는 이가 많다.,Unknown,064-792-5262,10:00 ~ 16:00,해녀짜장면,해녀짜장면 / 해녀짬뽕 / 모듬해산물,Unknown,Unknown,Unknown,Unknown,Unknown,50,130,FD,음식,FD02,외국식,FD020100,중식,20,100,40,30,10,0,45,30,60,category,0.8477,,0.0,0.8477,category,"해산물 요리,중식"
2841372,39,음식점,청도,제주특별자치도 제주시 서해안로 546 (용담삼동),63114,126.4969999896,33.5199610235,"제주 청도는 제주시 용담 해안도로, 용담 포구 근처에 자리한 해물탕 전문점으로, 제주 바다의 신선한 해산물을 풍성하게 즐길 수 있는 식당이다. 이곳의 대표 메뉴는 신선한 문어 한 마리가 통째로 들어간 ‘청도 해물탕’으로, 깊고 얼큰한 국물 맛과 함께 풍부한 해산물의 식감을 느낄 수 있다. 이 외에도 해물뚝배기, 통갈치구이, 갈치조림 등 제주 여행객들에게 사랑받는 메뉴들이 다양하게 준비되어 있어 해산물 요리를 좋아하는 이들에게 특히 인기가 많다. 식당 내부는 넓고 쾌적하며, 전용 주차장이 잘 갖추어져 있어 차량을 이용하는 관광객들도 편하게 방문할 수 있다. 인근에는 용두암을 비롯해 무지개 해안도로, 산책 명소로 인기 있는 도두봉 등이 있어 가볍게 여행을 마무리하기에 알맞은 위치에 있다.",Unknown,064-713-8881,09:00~22:00,청도해물탕,전복뚝배기 / 통갈치해물조림 / 통갈치구이 등,가능,연중무휴,Unknown,Unknown,Unknown,50,110,FD,음식,FD01,한식,FD010100,관광식당,30,90,20,10,10,0,60,45,75,blend,0.8494,1.0,0.1813,0.816,blend,"제주 향토음식,해산물 요리,한식"
1986683,39,음식점,청운식당,제주특별자치도 서귀포시 성산읍 일출로 285,63643,126.934875885195,33.4630572852514,"서귀포시에 위치한 청운식당은 아침에도 갈치요리를 맛볼 수 있는 곳이다. 대표 메뉴는 갈치조림으로 매일 아침 성산포에서 들어오는 생물 갈치로 요리하여 더욱 신선하다. 또한 통갈치조림에는 크기가 큰 통갈치가 1마리씩 제공되고 돌문어, 전복, 뿔소라가 함께 나와 푸짐한 한상을 즐길 수 있다.",Unknown,0507-1347-3912,09:00~20:40 (마지막 주문 19:55),갈치조림,전복뚝배기 / 통갈치조림 / 전복죽 등,가능,연중무휴,Unknown,Unknown,Unknown,50,130,FD,음식,FD01,한식,FD010100,관광식당,0,100,20,0,0,0,60,45,75,category,0.816,,0.0,0.816,category,"제주 향토음식,해산물 요리,한식"
2808238,39,음식점,청춘부부,제주특별자치도 서귀포시 대정읍 추사로38번길 181,63520,126.27910964046517,33.26592644715277,"청춘 부부의 공간은 2018년도에 감귤 창고를 리모델링한 공간으로 다양한 이야기와 감정들이 공존할 수 있는 제주 남서쪽에 위치한 카페이다. 카페 안에서 모든 디저트를 직접 만들고 원두를 로스팅하여 사용한다. 에그타르트, 소금빵, 베이글, 시나몬롤, 귤치즈케이크 등 다양한 베이커리와 디저트가 준비되어 있어 취향에 맞게 선택하여 즐길 수 있다. 카페 내부는 아늑하고 아기자기한 느낌이라 사진을 찍기에도 좋다. 겨울에는 감귤 따기 체험도 진행하고 있어 친구와 또는 가족과 함께 방문해 제주 여행 중 추억을 남길 수 있다.",Unknown,070-8887-1529,- 평일 08:00~17:00 (마지막 주문 16:30)- 주말 10:00~17:00 (마지막 주문 16:30),바삭 에그타르트,소금빵 / 소금빵 잠봉뵈르 / 청춘의 밤 등,가능요금 (무료),매주 목요일~금요일,Unknown,Unknown,Unknown,50,130,FD,음식,FD05,카페/ 찻집,FD050100,카페,40,90,70,10,60,10,45,30,60,blend,0.8218,0.8125,0.3297,0.8263,blend,
2891382,39,음식점,초가헌,제주특별자치도 서귀포시 표선면 중산간동로 4628,63624,126.8012793071,33.3903524480,"초가헌은 성읍민속마을에 위치한 소담한 초가집 컨셉의 카페이다. 제주 전통가옥을 카페로 개조했으며, 검은 돌담과 빈티지한 소품, 나무 질감이 잘 어우러진 인테리어로 되어 있고, 카페의 큰 창문으로는 햇살이 따뜻하게 들어온다. 기름떡은 제주도에서 명절날 또는 특별한 날에만 먹을 수 있는 찹쌀로 만든 고소하고 달달한 제주 전통 떡이다. 직접 만든 100% 찹쌀 반죽을 기름에 튀기듯이 구워 달콤한 설탕을 솔솔 뿌려서 먹는다.",https://www.instagram.com/cafe_chogaheon,0507-1423-1707,09:30~18:00,기름떡,아메리카노 / 당근주스 / 케일주스 등,가능,격주 화요일,Unknown,Unknown,Unknown,50,130,FD,음식,FD05,카페/ 찻집,FD050100,카페,40,80,80,60,20,0,45,30,60,blend,0.8578,1.0,0.1813,0.8263,blend,
133976,39,음식점,초원흑돼지,제주특별자치도 제주시 조천읍 신북로 598,63333,126.673245887736,33.5396445295174,제주도 제주시 조천읍 함덕리에 위치한 초원흑돼지은 조약돌 위에 흑돼지 삼겹살과 갈비를 구워 먹는데 담백함과 쫄깃한 맛이 일품이다. 1년 동안 숙성시킨 깻잎지에 고기를 싸 먹으면 그 맛이 특별하여 다시 찾아오는 손님이 많아 단골고객이 늘었다. 쌈에 이용되는 모든 야채를 텃밭에서 유기농으로 재배하여 손님들이 안심하고 먹을 수 있도록 하고 있다.,Unknown,0507-1391-8527,12:00~22:00 (마지막 주문 21:00),흑돼지오겹살,흑돼지 목살 / 수입산 양념갈비 / 비빔국수 등,가능요금 (무료),매주 월요일,Unknown,Unknown,Unknown,50,110,FD,음식,FD01,한식,FD010100,관광식당,20,100,20,0,30,0,60,45,75,category,0.816,,0.0,0.816,category,"고기·구이,한식"
2778874,39,음식점,춘미향,제주특별자치도 서귀포시 산방로 378,63528,126.2965127692,33.2314342058,"서귀포에 있는 춘미향은 도민들에게 인정받은 맛집으로 알려져 있다. 제주도를 방문하는 여행객들에게 소문이 나 춘미향을 한 번도 안 와본 사람은 있어도 한 번만 오는 사람이 없다 할 정도로 맛과 가격 면에서 칭찬하는 후기들을 많이 볼 수 있다. 온 가족이 함께 운영하는 곳으로 어머니는 밑반찬을, 아버지는 낚시를, 형제는 맛깔난 요리들을 내온다. 산지에서 얻은 신선한 재료와 제철 식재료를 이용하여 맛과 건강을 챙길 수 있는 곳이다. 이곳의 대표 메뉴는 돈목살 100g, 보말 미역국, 옥돔, 딱새우, 밑반찬이 나오는 춘미향 정식이다. 그 외 단품으로 생선구이, 찜, 조림, 근고기, 두루치기 등 다양한 메뉴가 있어 선택의 폭이 넓다. 주차 공간이 따로 마련되어 있지 않고 가게 앞 몇 자리뿐이라 사람이 많을 때는 주차가 어려울 수 있다.",Unknown,064-794-5558,"11:30~21:00 (브레이크타임 14:00~17:30, 라스트오더 20:00)",춘미향 정식,갈치조림 / 흑돼지 두루치기 / 흑돼지목살 / 전복 성게 미역국 등,가능 / 요금 (무료),매주 수요일,있음,없음,화장실: 있음,50,130,FD,음식,FD01,한식,FD010100,관광식당,20,100,20,20,10,0,30,15,45,observed,0.899,1.0,0.4512,0.816,blend,"제주 향토음식,고기·구이,해산물 요리,한식"
2873771,39,음식점,취향의섬,제주특별자치도 서귀포시 남원읍 태위로398번길 7,63610,126.6898277081,33.2744162356,"제주 서귀포에 위치한 취향의 섬 키친은 목수 남편과 그림작가 아내가 위미리에서 70년대에 지어진 주택을 개조해 만든 공간이다. 한식의 느낌이 스며든 이국 음식들을 주로 판매하고 있다. 소스부터 피클까지 하나하나 수제로 만들고 있다. 담장 안 꽃나무가 집을 감싸고 내부 창문에서 보이는 초록색 풍경과 레트로한 소품들이 분위기를 한층 더해준다. 제주 돼지목살과 직접 채취한 제주 고사리를 사용한 고사리멜젓파스타와 구운 고등어에 참나물을 곁들 고등어오일파스타, 새우와 브로콜리가 들어간 흑임자크림파스타가 이곳의 대표 메뉴이다. 퓨전요리인 만큼 이색적이고 다양한 메뉴들이 있어 취향에 맞게 선택해 즐길 수 있다.",https://instagram.com/chwihyang.wimi,0507-1408-4797,11:00~16:00 (마지막 주문 15:00),고등어오일파스타,고사리멜젓파스타 / 오믈렛 치즈김치볶음밥 / 옥감자춘권 등,가능,"매주 일요일, 월요일",있음,가능,화장실: 있음,50,130,FD,음식,FD02,외국식,FD020300,서양식,60,90,80,30,20,0,60,45,75,blend,0.6196,0.3125,0.3297,0.7706,blend,양식·세계음식
2851196,39,음식점,친봉산장,제주특별자치도 서귀포시 하신상로 417,63602,126.5961909984,33.2911545642,"친봉산장은 서귀포 돈내코유원지 근처 516도로 종착지점에 있다. 산장을 콘셉트로 지은 목조 주택 카페로 미국 서부 개척 시대를 연상시키는 다양한 소품과 악기, 연장, 의상으로 꾸몄다. 대표 메뉴는 아이리쉬 커피고, 땅콩 크림 인절미 라테인 에인절 미, 빠네빵과 비프스튜를 먹는 가가멜 스튜 등 친봉산장만의 독특한 메뉴도 있다. 근처 여행지로 쇠소깍, 돈내코유원지 등이 있다.",https://www.instagram.com/jeju_deerlodge,0507-1442-5456,11:00~22:00 (라스트오더 21:30),봉볶이,칠리핫도그 / 가가멜스튜 / 페퍼로니피자 / 가가멜 스튜 등,가능,연중무휴,Unknown,Unknown,Unknown,50,130,FD,음식,FD05,카페/ 찻집,FD050100,카페,40,90,80,20,10,0,60,45,75,observed,0.8875,0.9375,0.5507,0.8263,blend,
2940065,39,음식점,칠분의오,제주특별자치도 제주시 해맞이해안로 650-20,63358,126.8134932697,33.5585025345,"‘일주일 중의 5일, 너무 완벽하게 하려고 하기보다는 일주일에 다섯 번이라도 내 몸을 생각하고 지구의 환경을 고려하는 비건을 해보는 것은 어떨까?’라는 생각에서 출발한 식당이다. 김녕 성세기해변과 가깝고 김녕 풍력 발전단지 중에서 가장 큰 풍력발전기를 이정표 삼으면 찾기 쉽다. 꼼꼼히 따져 엄선한 제철 과일과 채소를 써서 논 비건이라도 충분히 즐길 수 있는 맛을 낸다. 동물성 식재료를 사용하지 않는 건강한 한 끼와 음료, 디저트를 판매하며 제철 채소를 주로 쓰는 특성상 계절마다 조금씩 메뉴가 달라진다.",Unknown,0507-1324-2281,- 11:00~20:00 - 마지막 주문 19:00,두툼버거 플레이트,비건 김치 떡볶이 / 오! 두둠칙 / 두둠칙밥 등,가능,"매주 수요일, 목요일",Unknown,Unknown,Unknown,50,110,FD,음식,FD02,외국식,FD020300,서양식,20,90,40,0,10,10,60,45,75,category,0.7706,,0.0,0.7706,category,양식·세계음식
2940076,39,음식점,카고크루즈,제주특별자치도 제주시 탑동로 43,63166,126.5203520258,33.5176470006,"카고크루즈는 제주국제공항에서 자동차로 10분 거리인 탑동 해변과 가까운 비건 음식점이다. 청정 자연에서 얻은 식재료로 음식을 만들고, 커피와 차, 하우스 와인도 판매하고 있다. 카고크루즈의 대표 메뉴는 한라산 표고를 넣은 갈치속젓 파스타와 토마토소스로 만든 캐롯 토니다. 맛이 진하고 향이 풍부해서 함께 나오는 수제 피클과 궁합이 좋다. 음식은 기본적으로 논비건으로 제공되지만 대부분의 메뉴에 비건 옵션이 있기 때문에 원한다면 비건 레시피로 변경이 가능하다. 가족 또는 지인 중에 비건이 있거나 비건은 아니어도 건강을 생각하는 사람들과 함께 식사를 즐길 수 있다. 음료만 주문해도 좋고, 혼자 가기에도 좋으니 부담 없이 방문해 보는 것도 좋다.",Unknown,070-8670-8994,- 10:30~17:00 - 마지막 주문 16:30 ※ 재료 소진시 조기 마감,갈치속젓 버터 스파게티니,당근라구 파케리 / 후무스와 당근구이 / 스티키 가지라이스 등,가능,"매주 일요일, 월요일",Unknown,Unknown,Unknown,50,110,FD,음식,FD02,외국식,FD020300,서양식,40,90,40,0,10,0,60,45,75,category,0.7706,,0.0,0.7706,category,양식·세계음식
2802732,39,음식점,카페 귤꽃다락,제주특별자치도 서귀포시 이어도로1027번길 34,63571,126.5225233880,33.2464388857,"카페 귤꽃다락은 1978년에 지어진 귤밭 돌창고를 개조한 카페이다. 모든 케익류와 양갱, 음료에 쓰이는 청은 수제로 만들어졌다. 대표 메뉴로는 청귤무스케이크와 제주녹차샷슈크림라떼가 있고 그 외에 귤차, 귤라떼, 귤양갱, 귤에이드 등 이 있다. 매장 이용 시 아동과 함께 올 경우 동의서의 서명이 필요하며 본관은 애견동반이 불가하지만 별관과 귤밭은 애견동반이 가능하다. 매장 내 귤밭 포토존이 있어 제주도의 감성을 듬뿍 담을 수 있다. 카페에 귤 따기 체험은 없지만 무인 귤 판매대가 있어서 귤 구매가 가능하다.",http://www.instagram.com/cafe_gyulkkot_darak,0507-1409-2323,10:00~18:40 (마지막 주문 18:00),청귤무스케이크,제주녹차샷슈크림라떼 / 귤차 / 귤라떼 등,가능,연중무휴,있음,가능,화장실: 있음,50,130,FD,음식,FD05,카페/ 찻집,FD050100,카페,60,90,80,20,20,30,60,45,75,observed,0.8786,0.8889,0.8347,0.8263,blend,
2851546,39,음식점,카페 글렌코,제주특별자치도 제주시 구좌읍 비자림로 1202,63355,126.7335,33.4335,"제주도 제주시 송당리에 위치한 카페 글렌코는 스코틀랜드의 글렌코 지역의 초원을 모티브로 하여 초원과 정원이 꾸며져 있다. 음료 가격에 입장료가 포함되어 있어 입장료를 따로 받지 않는다. 계절별로 수국과 유채꽃, 메밀꽃, 핑크뮬리 등 다양한 꽃의 향기를 만끽할 수 있다. 꽃밭에서 인생 사진을 남길 수 있는 글렌코는 웨딩촬영이나 가족, 연인이 기념사진을 찍기 위해 방문하기도 한다. 카페 실내 공간에는 창을 향해 테이블을 배치해 두어 커피 한 잔을 마시며 풍경을 감상할 수 있다. 또, 펫티켓을 지키며 반려동물과도 함께할 수 있다.",Unknown,064-783-1144,- 09:30~18:30- 마지막 주문 18:00,제주유기농말차라떼,아메리카노 / 바닐라라떼 / 그린티카페라떼 등,가능,연중무휴,Unknown,Unknown,Unknown,50,110,FD,음식,FD05,카페/ 찻집,FD050100,카페,80,70,90,10,30,0,60,45,75,observed,0.8652,0.875,0.7981,0.8263,blend,
2837068,39,음식점,카페 나모나모베이커리,제주특별자치도 제주시 도두봉6길 4 (도두일동),63112,126.4719635282,33.5089340685,"제주시에 위치한 카페 나모나모베이커리는 아늑한 분위기와 정성스러운 베이커리로 유명한 곳이다. 이곳은 제주도의 자연을 담은 다양한 디저트와 음료를 제공하며, 특히 직접 구운 빵과 케이크가 인기 메뉴이다. 다양한 종류의 빵과 디저트 라인업으로 고르는 재미가 있으며, 이색적인 음료가 가득하여 하나씩 맛보는 것도 좋다. 카페 내부는 따뜻한 조명과 편안한 인테리어로 꾸며져 있어, 방문객들에게 편안한 휴식 공간을 제공한다. 또한, 사진이 예쁘게 나오기로 유명한 무지개 해안도로 앞에 있어 함께 들러 사진을 찍기에도 좋다. 카페 나모나모베이커리는 제주 여행 중 여유로운 시간을 보내기 좋은 공간이다.",http://www.instagram.com/cafe_namonamo,064-713-7782,10:00~22:00 (마지막 주문 21:30 ),나모나모커피,콩가루집안 / 도두바당에이드 / 로맨틱선셋 등,가능,연중무휴,있음,가능,화장실: 있음,50,110,FD,음식,FD05,카페/ 찻집,FD050100,카페,40,90,80,0,10,10,60,45,75,observed,0.8899,0.9107,0.7534,0.8263,blend,
2871099,39,음식점,카페 동백,제주특별자치도 제주시 조천읍 동백로 68,63340,126.7144980053,33.5091407006,"카페동백은 제주 동백동산의 끝자락에 자리잡은 아담하고 조용한 카페이다. 내부와 외부 모두 노출 콘크리트 벽에 창문 액자뷰가 유명하며, 입구의 빨간색 문은 포토존이기도 하다. 실내에 들어서면 큰창을 통해 보이는 넓은 들판과 허름한 창고가 펼쳐지며, 실내를 지나 잔디마당 으로 들어서면 아담한 꽃밭과 온실 포토존이 계절에 따라, 날씨에 따라 다른 자연을 감상하기에 적합하다. 람사르습지지정 동백동산 숲 옆에 자리잡았기에 숲산책 후 쉬어가는카페로 다녀가기 좋다. 대표 메뉴는 옥수수 팬케이크인 콘프리터이며, 피칸 프렌치 토스트와 동백 치즈케이크 등 다양한 디저트 메뉴가 준비되어 있다. 음료 역시 커피와 티 메뉴 등이 있어 취향에 맞게 선택해 즐길 수 있다.",https://www.instagram.com/cafedongbaek_jeju,0507-1372-3054,10:00~17:00,콘프리터,피칸 프랜치토스트 / 카페봉봉 / 쫀득쫀득 동백 치즈이크 등,가능,"매주 일요일, 월요일",있음,Unknown,화장실: 있음,50,110,FD,음식,FD05,카페/ 찻집,FD050100,카페,80,70,90,10,20,0,60,45,75,blend,0.8578,1.0,0.1813,0.8263,blend,
2763746,39,음식점,카페 말로,제주특별자치도 제주시 조천읍 남조로 1785-12,63345,126.672112203897,33.427482159361,"제주시 조천읍에 위치한 말로는 숲속 목장 카페로, 자유롭게 뛰어노는 말을 만날 수 있는 카페다. 주차장에서 카페로 이동하는 숲길에는 조명들로 꾸며진 포토존이 있으며, 카페 내부는 말과 관련된 소품들로 가득하다. 먹이 주기 체험도 가능하며, 말, 알파카 등 야외에서 동물들과 교감할 수 있어 아이들과 함께 방문하기에도 좋은 카페다.",Unknown,0507-1317-5197,11:00~18:00 (마지막 주문 17:30),말로나라떼,말로커피 / 크림라떼 / 제주쑥라떼 등,가능,연중무휴※ 휴무 시 별도 공지로 전화문의 요망,Unknown,Unknown,Unknown,50,110,FD,음식,FD05,카페/ 찻집,FD050100,카페,80,50,80,0,80,0,45,30,60,observed,0.8531,0.875,0.5507,0.8263,blend,
2783386,39,음식점,카페 아오오,제주특별자치도 서귀포시 성산읍 환해장성로 75,63634,126.8799727482,33.3791188448,"카페아오오는 제주 바다뷰가 아름다운 카페로, 현대적인 공간과 돌담, 바다가 어우러진 풍경을 자랑한다. 시그니처 음료인 올디너츠와 올디시나몬은 바닐라빈 라떼에 아이스크림과 시나몬 토핑이 올라가 달콤하고 진한 맛이 특징이다. 카페 아오오의 인테리어는 전체적으로 모던함과 심플한 느낌을 준다. 아오오는 2층을 전체 통유리로 하여 모든 사람이 창을 통해 제주 바다를 볼 수 있게 테이블 배치를 해 놓았다.",http://www.instagram.com/cafe.ooo,0507-1394-0078,09:00~19:00,올디제주,올디너츠 / 아메리카노 / 피스타치오크로넛 등,가능,Unknown,있음,Unknown,화장실: 있음,50,130,FD,음식,FD05,카페/ 찻집,FD050100,카페,60,80,80,0,0,0,60,45,75,observed,0.8468,0.85,0.8647,0.8263,blend,
4055439,39,음식점,카페 어림비,제주특별자치도 제주시 애월읍 어림비로 300-14,63038,126.334024756053,33.4072120312608,"제주 밭과 돌담 사이에 세모 지붕의 나무집 한 채가 조용히 서 있다. 카페 어림비는 제주시 애월읍 어음리의 밭과 돌담 풍경 속에 자리한 목조 카페로, 주인이 직접 지은 삼각 지붕 형태의 건물이 이국적이면서도 제주 풍경에 자연스럽게 녹아든다. 날씨가 맑은 날에는 창가에서 바다와 한라산 방향의 풍경을 함께 바라볼 수 있다. 비교적 작은 규모의 아늑한 내부에는 창가 좌석이 마련되어 있어 밭과 돌담이 이어지는 조용한 바깥 풍경을 가까이서 즐기기 좋다. 드립 커피를 중심으로 운영되며 여러 종류의 원두 가운데 취향에 맞는 커피를 골라 주문할 수 있다. 번잡한 관광지에서 벗어나 제주의 밭 풍경과 함께 커피 한 잔을 천천히 즐기고 싶을 때 찾기 좋은 곳이다.",Unknown,0507-1310-4314,10:00~19:30 (마지막 주문 18:00),드립 커피,드립 라떼 / 바닐라빈 라떼 / 한라봉 에이드,가능,연중무휴,Unknown,Unknown,Unknown,50,110,FD,음식,FD05,카페/ 찻집,FD050100,카페,80,70,90,10,10,0,60,45,75,category,0.8263,,0.0,0.8263,category,
2791230,39,음식점,카페 이스틀리,제주특별자치도 서귀포시 성산읍 산성효자로114번길 131-1,63639,126.9084129597,33.4561052475,"성산읍에 있는 카페 이스틀리는 실내 온실에서 4계절 내내 꽃을 볼 수 있는 정원이 아름다운 카페다. 영화 ‘번지 점프를 하다’에 출연한 배우 여현수 씨 부부가 운영하는 이스틀리는 핑크뮬리와 수국 명소로도 유명하다. 따뜻한 감성으로 채워진 실내 공간도 좋지만, 이곳의 매력은 뭐니 뭐니 해도 꽃들이 가득 차 있는 정원에 마련된 테이블과 벤치에서 커피와 빵을 즐기는 것이다. 최근 카페 옆에 스모크 하우스도 오픈하여 식사와 커피, 디저트를 한 번에 즐길 수 있어 더 특별한 공간이다.",Unknown,0507-1470-0354,09:00~18:00 (라스트오더 17:30),아메리카노,커피 / 에이드 / 티 / 디저트 등,Unknown,Unknown,가능,가능,"부대시설: 주차장, 화장실, 정원 | 화장실: 가능",50,130,FD,음식,FD05,카페/ 찻집,FD050100,카페,80,80,90,10,20,0,60,45,75,blend,0.8578,1.0,0.1813,0.8263,blend,
2811460,39,음식점,카페 톨칸이,제주특별자치도 제주시 우도면 우도해안길 32-24,63365,126.9548691711,33.4940129228,"카페 톨칸이는 우도가 숨겨둔 비경, 톨칸이 해변과 큰 바위 얼굴을 품고 있는 전망 브런치 카페이다. 우도의 명물인 땅콩으로 만든 각종 커피와 빙수를 맛볼 수 있으며, 제주도와 잘 어울리는 티, 에이드, 주스도 준비되어 있다. 또한, 우도의 계절을 담은 부드럽고 달달한 일본 디저트 ‘테린느’도 맛볼 수 있다.",https://www.instagram.com/cafetolcani,064-766-6030,- 12:00~22:30 / - 마지막 주문 22:00,과콰몰리인헬,바지락술찜 / 샐러드파스타 / 제주 전복라이스 등,가능,연중무휴,있음,Unknown,화장실: 있음,50,110,FD,음식,FD05,카페/ 찻집,FD050100,카페,70,90,80,0,10,0,60,45,75,category,0.8263,,0.0,0.8263,category,
2840695,39,음식점,카페477플러스,제주특별자치도 제주시 구좌읍 세평항로 46-9,63361,126.8560464211,33.5270215609,"카페 477 플러스는 제주 구좌읍 세화리에 위치한 질그랭이센터 내에 자리하고 있으며, 세화리사무소와 함께 운영되는 공간이다. 이곳은 세화마을 주민들이 직접 운영하는 마을 카페로, 지역 주민들의 손길이 느껴지는 따뜻한 분위기를 지니고 있다. 제주와 구좌읍의 신선한 로컬푸드를 활용한 음료와 쌀로 만든 건강한 빵을 판매하고 있어, 제주만의 맛과 정취를 함께 느낄 수 있는 특별한 공간이다. 2층은 카페 공간으로 넓고 깔끔한 인테리어를 갖추고 있으며, 여유롭게 커피 한 잔을 즐기거나 노트북을 펼쳐 일을 하기에도 안성맞춤이다. 특히 3층은 공유오피스로 운영되고 있는데, 2층 카페에서 음료나 음식을 구매하면 자유롭게 이용할 수 있다. 카페 인근에는 세화해수욕장, 해녀박물관 등 제주 동부 지역을 대표하는 관광 명소가 있어, 여행 중 들르기에 좋은 위치에 있다.",http://www.sehwamaeulcoop.com/index.php,0507-1306-1799,10:00~21:00 (마지막 주문 20:30),구좌 당근주스,우도 땅콩 스무디 / 수제 바닐라빈 라떼 / 제주 초콜릿 라떼 등,가능,매월 1일,Unknown,Unknown,Unknown,50,110,FD,음식,FD05,카페/ 찻집,FD050100,카페,40,80,60,40,40,10,60,45,75,category,0.8263,,0.0,0.8263,category,
3062141,39,음식점,카페광령올레17,제주특별자치도 제주시 애월읍 광성로 295,63062,126.43881107885791,33.46102534870949,"카페 광령 올레 17은 제주 올레길 16코스의 종점이며 17코스의 시점 건너편에 위치한 카페이다. 광령리에 있는 이 카페는 하루의 시작을 도와주는 곳으로 사장님이 직접 해주시는 정겨운 커피 맛집이다. 진한 커피향으로 지나가는 사람들을 유혹하는 카페이며 커피뿐 아니라 수제 밀크티로도 유명하다. 제주 올레길을 다니며 찍은 추억의 사진들을 인화할 수 있게 사진 인화 기계가 가게 안에 놓여있으며 이곳을 찾는 사람들이 커피나 음료와 함께 책을 읽으며 쉴 수 있도록 읽기 좋은 책들을 준비해 놓고 있다. 카페 안에서 가던 길을 멈추고 쉴 수 있게 해주는 편안한 곳이다. 이곳에는 커피 뿐 만 아니라 다양한 수제 밀크티, 차와 음료들도 준비되어 있으니 부담 없이 들려 편안히 쉬고 힘내서 다시 걷기에 좋은 곳이다.",Unknown,064-901-2332,08:00~18:00,수제 밀크티,아메리카노 / 초코라떼 / 말차그린라떼 등,불가능,연중무휴,Unknown,Unknown,Unknown,50,110,FD,음식,FD05,카페/ 찻집,FD050100,카페,40,90,30,0,20,10,60,45,75,category,0.8263,,0.0,0.8263,category,
2905901,39,음식점,카페단단,제주특별자치도 제주시 관덕로4길 1-6,63168,126.521618690448,33.5125809444647,"카페단단은 제주시 관덕정 근처 원도심에 위치한 분위기 좋은 카페이다. 1인이 운영하는 카페로 붉은벽돌 외관과 나무 창살이 1980년대 주택을 연상시키며 안으로 들어가면 빈티지한 가구와 인센스, 소품, 손님들이 남기고 간 많은 메시지가 작은 공간을 채우고 있다. 스페셜티 등급의 블렌딩 원두를 제공하고 제주레몬티, 제주레몬에이드 등 음료와 스콘, 브라우니 등 디저트가 있다. 창문 바깥에 벤치를 놓아 외부에서도 음료를 즐길 수 있다. 주변 여행지로 제주목관아 등이 있다.",Unknown,0507-1336-2846,11:00~18:00,퐁당라떼,제주바나나푸딩 / 핸드드립 / 딸기 판나코타 등,불가능,매주 수요일,있음,Unknown,화장실: 있음,50,110,FD,음식,FD05,카페/ 찻집,FD050100,카페,20,70,80,20,10,10,60,45,75,blend,0.8578,1.0,0.1813,0.8263,blend,
2858976,39,음식점,카페더라이트,제주특별자치도 서귀포시 성산읍 한도로 269,63643,126.9360103489,33.4656657488,"카페 더라이트는 제주 성산일출봉과 우도로 향하는 성산포항 종합여객터미널 사이에 위치한 카페이다. ‘주변을 밝혀주는 빛, 평안함이 스며드는 곳’이라는 의미를 담아 설계된 이곳은 전체적으로 깔끔하고 따뜻한 분위기의 인테리어가 인상적이며, 자연광이 가득 들어오는 큰 통유리창을 통해 성산일출봉과 우도를 한눈에 바라볼 수 있다. 탁 트인 전망 덕분에 커피 한 잔을 마시며 풍경을 감상하는 것이 힐링이 된다. 이곳에서 제공하는 다양한 디저트와 음료는 모두 수제로 만들어지며, 비주얼도 좋아 사진을 찍기에도 좋다. 루프탑에 마련된 그네 포토존은 많은 방문객들이 인증샷을 남기는 인기 장소로, 탁 트인 풍경과 어우러진 감성적인 분위기를 만끽할 수 있다. 인근에는 성산일출봉, 광치기해변, 섭지코지 등 함께 둘러보기 좋은 아름다운 여행지가 많아, 제주 여행 일정 중 들러볼 만한 명소로 추천된다.",https://www.instagram.com/cafe_the_light_jeju,064-784-0080,09:00~19:00,한라봉몽키,현무암 몽키 / 일출 초코베이키 / 시그니처 제주아이스티 등,가능,매주 일요일,있음,Unknown,화장실: 있음,50,130,FD,음식,FD05,카페/ 찻집,FD050100,카페,80,90,90,0,20,0,45,30,60,blend,0.6569,0.3125,0.3297,0.8263,blend,
2836825,39,음식점,카페루시아 본점,제주특별자치도 서귀포시 안덕면 난드르로 49-17,63533,126.3632402420,33.2346182342,"제주 서귀포에 위치한 카페루시아는 올레길 8코스 대평포구 근처에 있다. 카페 내, 외부 공간에 테이블, 루프탑이 있으며 이 자리에서 박수기정을 가까이 조망할 수 있다. 정면으로 송악산과 형제섬이 보이고 날씨가 좋을 때는 가파도와 마라도까지 보이는 전망이 좋은 해변 카페이다. 잔디밭, 꽃밭이 잘 가꾸어져 있고 반려견 동반이 가능하며 노을이 아름답기로도 유명하다. 자연과 어우러진 편안한 분위기 속에서 다양한 커피와 디저트를 즐길 수 있어 제주 여행 시 방문하기 좋은 카페이다. 함께 둘러보기 좋은 근처 여행지로는 논짓물, 화순금모래해수욕장, 중문색달해변 등이 있다.",https://www.instagram.com/jeju_lucia_,0507-1448-9034,09:30~20:00 (마지막 주문 19:30),소금빵,아케리카노 / 제주하귤아이스티 / 제주마늘빵 등,가능,연중무휴,있음,Unknown,화장실: 있음,50,130,FD,음식,FD05,카페/ 찻집,FD050100,카페,80,70,90,0,30,0,60,45,75,observed,0.8647,0.8667,0.9502,0.8263,blend,
2785334,39,음식점,카페리,제주특별자치도 제주시 구좌읍 평대2길 39,63360,126.8396671263,33.5339816371,고즈넉한 분위기에 따뜻한 공간 카페리는 평대해수욕장에서 가까워 파도 소리와 함께 여유로운 시간을 즐길 수 있는 디저트 카페이다. 고양이를 위한 공간들이 눈에 띄며 반려동물 동반이 가능하다. 지역 특색을 살려 당근 케잌과 당근 쥬스가 대표 메뉴이며 눈 덮힌 한라산을 연상케 하는 한라산 케이크도 유명하다. 소품샵과 카페가 결합된 공간에서 제주 특유의 감성을 느끼며 여유로운 시간을 보낼 수 있다.,https://www.instagram.com/cafe_ri_jeju,0507-1451-8244,- 10:00~18:00 / - 마지막 주문 17:30,한라산 케이크,당근케이크 / 제주 고양이 푸딩 / 당근주스 등,가능,인스타그램 별도 공지,Unknown,Unknown,Unknown,50,110,FD,음식,FD05,카페/ 찻집,FD050100,카페,60,80,70,20,30,40,60,45,75,observed,0.8703,0.9062,0.5507,0.8263,blend,
2782858,39,음식점,카페모알보알 제주점,제주특별자치도 제주시 구좌읍 구좌해안로 141,63348,126.7279651224,33.5595964443,"카페모알보알 제주점은 제주 해안도로에 위치한 오션뷰 카페로, 풍경이 아름답고 인테리어가 멋진 곳이다. 필리핀어로 ‘거북이 알’이라는 말로 세부섬의 한 지역명이기도 한 모알보알은 들어가는 순간 필리핀이나 발리에 온 듯한 착각을 불러일으킨다. 이국적으로 꾸며놓은 이곳은 에스닉한 소품들과 라탄 소재의 가구들로 가득 채워져 이곳을 방문하는 고객들에게 또 다른 볼거리를 제공한다.",https://www.instagram.com/moalboal.jeju,0507-1312-3506,- 10:30~19:30 / - 마지막 주문 19:00,아메리카노,당근케익 / 바스크 치즈 케익 / 콜드브루 등,가능,연중무휴,있음,Unknown,화장실: 있음,50,110,FD,음식,FD05,카페/ 찻집,FD050100,카페,70,80,90,20,10,0,60,45,75,observed,0.8688,0.8693,0.9877,0.8263,blend,
2910815,39,음식점,카페보롬왓,제주특별자치도 서귀포시 번영로 2350-104,63624,126.752493951494,33.4134934171129,"카페보롬왓은 제주 서귀포시 표선면에 위치한 보롬왓 농장 내 카페로, 넓은 농장의 풍경을 감상하며 여유로운 시간을 보낼 수 있는 곳이다. 계절에 따라 메밀꽃, 유채꽃, 수국, 라벤더 등 다채로운 꽃이 피어나 아름다운 경관을 선사하며, 온실과 동물농장 등 다양한 볼거리도 함께 갖추고 있다. 특히 농장 곳곳을 둘러볼 수 있는 깡통 기차는 가족 단위 방문객들에게 인기가 높다. 카페는 넓게 펼쳐진 꽃밭과 제주 자연을 바라볼 수 있는 위치에 자리하고 있어 산책 중 잠시 쉬어가기 좋다. 커피와 음료를 비롯해 다양한 베이커리 메뉴를 판매하며, 베이커리는 당일 생산·판매를 원칙으로 해 신선하게 즐길 수 있다. 계절마다 변화하는 풍경과 함께 여유로운 시간을 보내기 좋아 제주를 찾은 여행객들의 발길이 꾸준히 이어진다. 인근에는 성읍민속마을과 영주산이 있어 함께 둘러보기 좋으며, 제주의 자연과 꽃이 어우러진 풍경 속에서 특별한 휴식을 즐길 수 있는 카페이다.",Unknown,010-7362-2345,09:00~18:00,아메리카노,카페라떼 / 보롬왓 차 / 오름 차 / 보롬왓 귤주스 등,가능,연중무휴,Unknown,Unknown,Unknown,50,130,FD,음식,FD05,카페/ 찻집,FD050100,카페,90,70,90,20,60,10,60,45,75,category,0.8263,,0.0,0.8263,category,
2852187,39,음식점,카페브리프,제주특별자치도 제주시 광성로 76,63058,126.4156862313,33.4583721062,"카페 브리프는 제주시 애월읍 고성리에 있는 디저트 카페다. '경험과 취향을 판매하고 분위기를 제공한다'는 모토로 비주얼 좋은 음료와 베이커리 키트를 판매한다. 대표 메뉴는 접시 대신 나무 박스에 선물처럼 나오는 브리프 디저트 박스인데 하루 40세트만 판매한다. 그 외에도 앙버터 키트, 브리프 모닝이 있어 취향에 따라 직접 만들어 먹는 재미가 있다. 매장 한편에는 다양한 굿즈를 전시 판매하고 일정 요금을 지불하면 4컷 사진도 매장 안에서 찍고 출력할 수 있다. 푸른 잔디가 깔린 정원과 귤나무 앞도 좋은 포토존이다, 근처 여행지로 항파두리항몽유적지가 있다.",https://www.instagram.com/brief_cafe,064-711-5507,10:00 ~18:00 (라스트 오더 17:30),브리프디저트박스,타코야끼 키트 / 레터링 케이크 / 스모어 / 키리모찌 키트,가능 / 요금 (무료),매주 수요일,Unknown,Unknown,Unknown,50,110,FD,음식,FD05,카페/ 찻집,FD050100,카페,70,90,80,10,70,50,60,45,75,category,0.8263,,0.0,0.8263,category,
2753045,39,음식점,카페서연의집,제주특별자치도 서귀포시 남원읍 위미해안로 86,63611,126.6555891188,33.2694523481,"카페 ‘서연의집’은 제주 올레길 5코스 중간에 위치한 영화 의 촬영지다. 영화 제작진이 영화 속 추억의 흔적들을 보전하되 실제 ‘카페’로 활용할 수 있도록 건축한 새로운 공간으로 2013년 3월 오픈했다. 카페 변신 이후 영화 팬들과 제주 관광객들의 발길이 꾸준히 이어지고 있다. 영화 콘텐츠와 제주도의 지역적 특색을 함께 향유할 수 있는 명소로 떠오르고 있다. 여주인공을 맡은 배우 수지는 '국민 첫사랑'이라는 칭호를 얻었으며, 잔잔한 영화에 생동감을 불어넣어 준 납득이 캐릭터는 머핀 메뉴로 남았다. 시원한 개방감을 주는 1층 폴딩도어 앞 또는 2층 테라스에 앉으면 제주도 푸른 바다와 파란 하늘을 막힘없이 즐길 수 있다.",Unknown,064-764-7894,10:00 ~ 19:00 (라스트오더 18:00),서연의집 케이크,구좌당근주스 / 카카오라떼 / 사려니라떼 / 오설록프리미엄티 외,가능,연중무휴,가능 (남녀 구분),가능,"부대시설: 단체석, 화장실, 테라스 | 화장실: 가능 (남녀 구분)",50,130,FD,음식,FD05,카페/ 찻집,FD050100,카페,70,70,80,60,20,0,75,60,90,blend,0.8424,0.875,0.3297,0.8263,blend,
2905789,39,음식점,카페숑,제주특별자치도 서귀포시 공천포로 91,63612,126.6427658253,33.2663504120,"카페숑은 공천포 바닷가에 있다. 제주의 한적한 남쪽바다를 조망하는 소박한 카페로 여행자들 사이에 인기 카페이다. 카페라떼와 초콜릿이 인기 메뉴이며 초콜릿의 경우 초코의 숫자로 4단계 초코의 강도를 조정한다. 숑플의 경우, 바나나, 호두, 메이플시럽, 생크림을 곁들인 추천 메뉴이고, 진피차, 루이보스티 등 다양한 음료가 준비되어 있다. 주변 여행지로 쇠소깍, 공천포구, 위미항 등이 있다.",Unknown,070-4191-0586,09:30 ~ 18:00,카페라떼,초코초코 / 숑플 / 아메리카노 등,가능 (카페 앞 공터),매주 일요일,Unknown,Unknown,Unknown,50,130,FD,음식,FD05,카페/ 찻집,FD050100,카페,70,80,70,0,0,0,60,45,75,category,0.8263,,0.0,0.8263,category,
3056356,39,음식점,카페술도가제주바당,제주특별자치도 제주시 구좌읍 한동로 27 1층,63359,126.8245257246,33.5372379420,"제주에서 직접 농사짓는 가족이 만드는 술도가 제주바당은 제주의 용암 해수를 이용하여 술을 제조한다. 양조장은 구좌읍 종달리에 있으며, 술 빚기 체험과 무료 시음이 가능하다. 술도가 제주바당의 술은 두 종류로 약주와 탁주를 빚는다. 이곳의 술은 저온 발효로 숙성시키며, 원료와 물의 양을 동일하게 맞춰 술을 제조한다. 다른 감미료가 전혀 들어가지 않아 단맛과 쓴맛을 함께 즐길 수 있는 것이 제주바당 술의 매력이다. 제주바당에서 만드는 술은 8가지가 있으며, 증류식 소주인 메밀이슬주, 키위를 발효하여 만드는 키위주, 제주낭만, 도라지 증류주, 탁주인 한 바당, 약주인 맑은 바당 등이 있다. 국산 효모를 사용한 증류식 소주인 성산포 소주도 유명하다. 성산포 소주는 부드러운 목 넘김과 청량감, 깔끔한 뒷맛이 일품이다.",Unknown,0507-1421-1770,- 화요일~목요일 12:00~17:00- 금요일~월요일 12:00~19:00,맑은바당,한바당 / 성산포소주 / 제주낭만 등,가능,매주 수요일,Unknown,Unknown,Unknown,50,110,FD,음식,FD01,한식,FD010100,관광식당,20,70,40,50,80,40,60,45,75,category,0.816,,0.0,0.816,category,한식
3401751,39,음식점,카페에벤에셀,제주특별자치도 제주시 1100로 3198-20 (노형동),63091,126.48581224833323,33.47294795011673,"카페 에벤에셀은 제주 시내 위치한 도심 속의 숲, 견주들과 강아지들의 힐링 공간이라는 주제를 가지고 있는 카페이다. 규제 샌드박스를 통해 애견 동반 허가를 받아 함께 동반 식사가 가능하며, 바깥으로는 펜스가 쳐져있어 숲 속 공간을 그대로 느낄 수 있다. 숲 속 운동장에서 강아지와 함께 힐링할 수 있는 카페이다. 봄, 여름에는 숲 속 그늘에서 시원한 바람을 즐길 수 있고, 가을은 높은 하늘과 어우러진 소나무를 바라보며 제주의 가을을 만끽할 수 있으며, 겨울에는 눈 내리는 제주의 멋진 겨울을 느낄 수 있다. 카페 에벤에셀은 케어 키즈존으로 14세 미만은 부모님과 함께 이용할 수 있으니 참고 바란다.",Unknown,0507-1484-1998,10:00~18:00 (마지막 주문 17:30),크림 리조또,라구 파스타 / 크림 파스타 / 바질 크림 뇨끼 등,가능,매주 일요일,Unknown,Unknown,Unknown,50,110,FD,음식,FD05,카페/ 찻집,FD050100,카페,90,70,70,0,60,0,60,45,75,category,0.8263,,0.0,0.8263,category,
2902757,39,음식점,카페오놀,제주특별자치도 서귀포시 대포로 174 2층,63543,126.43965,33.23866,"카페오놀은 서귀포시 대포 포구에 있는 디저트 카페이다. 한라산 초지에서 자연 방목된 젖소로부터 당일 착유한 동물복지 우유를 사용하여 다양한 우유 음료를 제공한다. 제주 자연과 사람이 함께 지속 가능한 사회적 가치를 창출하고 있다. 여기에 제주에서 자라는 감귤, 애플망고, 블루베리, 레드키위, 우도 땅콩, 청귤 등 제철 과일을 활용하여 디저트를 만든다. 카페에서는 대포항이 보이고 돌담과 곶자왈을 표현한 정원이 있으며 카페 곳곳에 제주를 표현하고 있다. 주변 여행지로 대포 주상절리, 중문 관광단지 등이 있다.",Unknown,0507-1353-4564,10:00~18:00,초지방목 유기농 우유 아이스크림,시그니처 라떼 / 제철 과일 우유 디저트 / 아포카토 등,가능,"매주 수요일, 목요일",있음,Unknown,화장실: 있음,50,130,FD,음식,FD05,카페/ 찻집,FD050100,카페,60,90,70,40,20,10,30,15,45,observed,0.8015,0.7812,0.5507,0.8263,blend,
2905132,39,음식점,카페온,제주특별자치도 제주시 다랑곶6길 39,63097,126.4794036817,33.4903439698,"카페온은 월랑초등학교 근처 주택가에 위치하고 있다. 붉은 벽돌 외관에 내부는 화이트톤과 로맨틱한 패브릭으로 꾸미고 전면에 금색, 흰색 타일이 인상적인 브런치카페이다. 브런치세트는 메인 메뉴와 아메리카노 또는 허브티를 즐길 수 있다. 대표메뉴는 미트볼, 아보카도명란덮밥이, 명란파스타가 있으며, 프렌치토스트, 샌드위치도 추천한다. 제주공항에서 가깝고 아침 일찍 영업을 시작해, 아침에 도착하는 여행자들이 브런치를 먹고 여행지로 이동하기 좋다.",Unknown,0507-1343-0987,[월요일~금요일]- 08:30~17:00 [토요일]- 10:00~16:00,쉬림프오픈샌드위치,온더테이블 / 명란파스타 / 온그린 / 아메리카노 / 허브티 등,불가능,매주 일요일,Unknown,Unknown,Unknown,50,110,FD,음식,FD05,카페/ 찻집,FD050100,카페,10,90,60,0,10,0,60,45,75,category,0.8263,,0.0,0.8263,category,
2899468,39,음식점,카페유주,제주특별자치도 제주시 한림상로 17,63012,126.2572346129,33.4054781002,"카페유주는 제주시 한립읍 옹포사거리 근처 길 안쪽에 있는 베이커리 카페다. 창고를 개조한 듯한 카페 건물로 내부는 빛이 잘드는 아늑한 분위기이다. 다양한 케이크류와 까눌레, 소금베이글, 오키나와산 수제 흑당시럽을 넣은 흑당라떼, 찻잔에 미니사과가 담겨 나오는 사과홍차 등이 인기 메뉴이다. 반려견 동반이 가능하고 12세 미만의 아이는 입장할 수 없는 노키즈 존으로 운영되고 있다. 주변 여행지로 비양도 가는 한림항, 옹포리 포구 등이 있다. / ※ 반려동물 동반 가능",Unknown,0507-1319-1393,[월요일~수요일]- 11:00~18:00[목요일~일요일]- 10:00~18:00,오키나와흑당라떼,사과홍차 / 아메리카노 / 스다치소다 등,가능,연중무휴※ 임시휴무일은 인스타그램 확인 필요,Unknown,Unknown,Unknown,50,110,FD,음식,FD05,카페/ 찻집,FD050100,카페,20,90,70,0,10,10,45,30,60,blend,0.863,0.9375,0.3297,0.8263,blend,
2864429,39,음식점,카페이면,제주특별자치도 제주시 한림읍 금능5길 13,63010,126.2265653531,33.3886212901,"카페이면은 제주시 한림읍 금능리 복지회관 인근에 자리한 조용하고 아늑한 분위기의 로스터리 카페이다. 이곳은 핸드드립 전문 카페로, 방문객은 네 가지 원두의 향을 먼저 시향한 후 본인의 취향에 맞는 원두를 골라 핸드드립 방식으로 정성스럽게 추출된 커피를 즐길 수 있다. 테이블이 다섯 개인 작은 규모의 공간으로, 소란스러운 분위기보다는 조용하고 여유로운 시간을 보내기 적합하다. 특히 손님들의 온전한 휴식을 존중하기 위해 5인 이상의 단체 손님과 10세 이하 어린이의 입장은 제한된다. 반려동물은 동반이 가능하여, 애견인들도 함께 방문할 수 있는 편안한 공간이다. 혼자만의 시간을 갖기 위해 찾는 손님들도 많으며, 소소한 일상의 여유를 느끼기에 안성맞춤이다. 인근에는 금능석물원, 금능해수욕장, 액티브 파크 등 함께 둘러보기 좋은 여행지들이 있어 카페 방문 후 산책이나 관광을 즐기기에도 좋은 위치에 있다.",http://instagram.com/cafe_the_other_side,0507-1444-8864,10:00~15:00 / ※ 변동될 수 있으므로 홈페이지 참조,브루잉커피,카페라떼 / 에스프레소 / 감귤착즙주스 등,가능,"매주 토요일, 일요일",있음,Unknown,화장실: 있음,50,110,FD,음식,FD05,카페/ 찻집,FD050100,카페,60,90,40,0,10,0,45,30,60,blend,0.8578,1.0,0.1813,0.8263,blend,
2861616,39,음식점,카페지니,제주특별자치도 서귀포시 남원읍 공천포로11번길 19,63612,126.6406544039,33.2648998349,"카페지니는 제주 서귀포시 공천포구 인근에 자리한 감성 가득한 베이커리 카페로, 제주 제과 기능장이 직접 만든 다양한 수제 빵과 디저트를 맛볼 수 있는 곳이다. 2층 단독 건물로 되어 있어 외관부터 깔끔하고 단정한 느낌을 주며, 내부는 넓고 쾌적한 공간에 심플하고 따뜻한 인테리어로 꾸며져 있어 편안한 분위기 속에서 여유로운 시간을 보낼 수 있다. 이곳의 모든 빵은 천연 발효종을 사용하여 72시간 저온 숙성 과정을 거쳐 정성스럽게 만들어지며, 쿠키, 청, 소스 등도 모두 직접 수제로 제조해 제공한다. 제주 올레길 5코스가 지나는 길목에 위치해 있어 걷다가 들러 휴식을 취할 수 있다. 카페 주변에는 쇠소깍, 위미동백군락지, 위미항 등 제주의 아름다운 자연을 즐길 수 있는 명소들이 가까이 있어 함께 둘러보기 좋다.",https://www.instagram.com/cafejini_jeju,0507-1372-6798,10:00~21:00,공천포에이드,애플시나몬바게트 / 아몬드보스톡 / 치즈소보로 등,가능,"매주 월요일, 화요일 / ※ 변동 가능성이 있으므로 홈페이지 참조",있음,Unknown,화장실: 있음,50,130,FD,음식,FD05,카페/ 찻집,FD050100,카페,60,90,70,0,20,0,60,45,75,category,0.8263,,0.0,0.8263,category,
2385005,39,음식점,카페코지,제주특별자치도 서귀포시 성산읍 한도로 200 2층,63643,126.929276284755,33.4682121500707,"카페코지는 일출봉, 오조리바다, 성산항 이 세 가지를 동시에 즐길 수 있는 베이커리 카페이자 북카페이다. 제주도의 성산일출봉을 바라보며 LP를 듣고, 책을 보고, 커피 한잔을 즐길 수 있다. 매일 아침에 건강한 쌀빵을 만들어 판매하고 있으며, 소금빵과 식빵이 인기가 많다.",Unknown,0507-1373-1097,평일 09:00~21:00 (라스트오더 20:55)토요일 09:00~21:30 (라스트오더 21:25),일출봉 크림라떼,일출봉 크림라떼 / 소금빵 / 샤갈의 눈내리는 생망고빙수 / 말차식빵 / 퀸즈크라운 / 코지시나몬 외,가능,매주 일요일,있음(남/녀 구분),가능,화장실: 있음(남/녀 구분),50,130,FD,음식,FD05,카페/ 찻집,FD050100,카페,60,90,80,40,20,30,60,45,75,category,0.8263,,0.0,0.8263,category,
2858680,39,음식점,카페콜라,제주특별자치도 제주시 한림읍 일주서로 5857,63024,126.2919278890,33.4433440378,"카페 콜라는 제주 귀덕 방파제 인근에 위치한 콜라 콘셉트의 카페이다. 코카콜라 수집을 계기로 2015년 9월에 오픈하였으며, 다양한 콜라 소품 및 수집품을 전시한 테마 카페이다. 본관에 콜라 소품을 구입할 수 있는 소품샵이 있고, 본관 2층과 별관 2층에는 전시물을 관람할 수 있게 미니콜라 박물관을 마련해 두었다. 또 별관 1층과 데크에서는 청정제주의 바닷가를 바로 마주하고 있어 시원한 바다를 보며 커피 한잔을 즐길 수 있다. 대표 메뉴는 카페 콜라의 시그니처 콜라 위에 커피슬러시를 가득 올린 커피콕이다. 이 외에도 고르곤졸라피자와 쫀득한 꿀 케이크인 말렌카케이크 등 다양한 메뉴가 준비되어 있다.",Unknown,0507-1408-9969,10:00~18:00,커피콕,고르곤졸라피자 / 말렌카케이크 / 아메리카노 등,가능,매주 화요일,있음,가능,화장실: 있음,50,110,FD,음식,FD05,카페/ 찻집,FD050100,카페,70,70,80,60,40,50,45,30,60,blend,0.8125,0.75,0.1813,0.8263,blend,
2844044,39,음식점,카페텐저린,제주특별자치도 서귀포시 이어도로 880,63573,126.5087220331,33.2363120071,"서귀포시 법환동에 있는 카페텐저린은 법환초등학교 근처에 있는 브런치카페다. 옥상에 올라가면 범섬 바다가, 반대편으로는 한라산이 보인다. 야외에는 잔디 위에 캠핑 의자가 놓여있고, 2,644m2 귤밭이 어우러져 있어 겨울에는 귤 따기 체험도 할 수 있다. 아메리카노, 바닐라 라테 등 커피와 당근 주스, 사과주스, 텐저린 휘낭시에, 당케산도 등 제주 특산물을 이용한 빵과 제주에일 맥주를 베이글 샌드위치, 텐저린 샐러드와 함께 즐길 수 있다. 야외 정원과 예쁜 상차림으로 사진이 잘 나오는 SNS 감성 카페이다. 근처 여행지로 법환포구, 제주월드컵경기장, 고근산 등이 있다.",http://instagram.com/cafe_tangerine_,064-738-9767,09:00~18:00,미니샐러드,크로플 / 버거칩스 / 구운버섯샐러드 등,가능,연중무휴,Unknown,Unknown,Unknown,50,130,FD,음식,FD05,카페/ 찻집,FD050100,카페,80,90,90,10,60,20,60,45,75,observed,0.8015,0.7812,0.5507,0.8263,blend,
2891424,39,음식점,카페하귀리,제주특별자치도 제주시 일주서로 7000,63050,126.3983789075,33.4803471778,"카페하귀리는 일주서로 가문동입구 사거리에 있다. 2층 가정집을 개조한 카페로 잔디 마당이 있으며, 제주 바다가 보인다. 내부와 외부에 다양한 테이블이 있으며 깔끔한 인테리어와 정돈된 거실 느낌의 내부 좌석, 창문을 통해 제주 돌담, 바닷가 마을과 바다를 함께 담는 액자 사진을 찍을 수 있다. 미리 예약하면 알로에 비누나 푸딩 만들기 등 체험이 가능하다. 오후 4시 이후 방문할 경우 늦은 오후 햇살과 해가 질 때 바다 노을을 감상할 수 있다. 주변 여행지로 알작지 해변, 연대포구 등이 있다.",Unknown,010-2686-5988,10:00~15:00,아메리카노,알로에 요거트 / 알로에 겔 음료 / 한라봉 주스 등,가능,매주 토요일~일요일,있음,Unknown,화장실: 있음,50,110,FD,음식,FD05,카페/ 찻집,FD050100,카페,70,80,80,10,70,0,60,45,75,category,0.8263,,0.0,0.8263,category,
2863622,39,음식점,카페한라산,제주특별자치도 제주시 구좌읍 면수1길 48,63362,126.8629764281,33.5247497020,"카페한라산은 제주 제주시 구좌읍 세화해수욕장 인근에 위치한 감성적인 오션뷰 카페로, 해안도로에 바닷가 앞 카페이다. 기존의 주택을 리모델링하여 만든 이 카페는 독특한 구조로 두 개의 동으로 나뉘어 있으며, 넓은 창문을 통해 바로 앞에 펼쳐지는 세화해변의 바다 풍경을 감상할 수 있어 탁 트인 전망이 인상적이다. 특히 텔레비전 모양의 프레임으로 꾸며진 포토존이 유명해, 많은 여행객들이 이곳에서 인생샷을 남긴다. 내부는 초록 식물들과 빈티지한 소품들로 아기자기하게 꾸며져 있어 따뜻하고 아늑한 분위기를 느낄 수 있다. 다양한 종류의 커피와 차, 음료가 준비되어 있으며, 이 중에서도 제주당근 케이크가 대표 메뉴이다. 세화해수욕장을 비롯해 비자림, 하도해수욕장, 평대해변, 토끼섬 등 주변에는 함께 둘러보기 좋은 명소들이 가까이 있어 여행 코스로도 추천한다.",https://www.instagram.com/cafe_hallasan/?hl=ko,064-783-1522,09:30~21:00 (마지막 주문 20:30),제주당근케이크,제주당근주스 / 다즐링 / 여행중밀크티 등,불가능,연중무휴,있음,Unknown,화장실: 있음,50,110,FD,음식,FD05,카페/ 찻집,FD050100,카페,70,80,90,10,10,0,60,45,75,observed,0.8291,0.8295,0.8892,0.8263,blend,
2905171,39,음식점,카페허그,제주특별자치도 제주시 관덕로 16-1,63168,126.5210687362,33.5128197967,"카페허그는 제주 관덕정 앞에 위치한 카페이다. 팥빙수에 들어가는 팥과 레몬청, 자몽청을 직접 만들어 사용하며 다양한 음료 메뉴를 선보인다. 늦은 시간까지 운영하는 카페로, 인근에 숙소를 잡은 여행자들이 부담 없이 방문하기 좋다. 관광지 인근에 자리하고 있지만 비교적 합리적인 가격대로 이용할 수 있는 것도 장점이다. 시그니처 메뉴는 생강청과 생강라테이며, 1인용으로 제공되는 팥빙수도 인기다. 팥빙수는 많이 달지 않고 팥알의 식감이 살아 있는 옛날식 스타일로 제공된다. 주변에는 제주목관아와 제주원도심, 산지천갤러리 등이 있어 함께 둘러보기 좋다.",Unknown,064-751-8733,10:00~22:00 (마지막 주문 21:30),샌드위치&아메리카노 세트,생강청 / 수제 대추차 / 수제 생강차 등,불가능,연중무휴,Unknown,Unknown,Unknown,50,110,FD,음식,FD05,카페/ 찻집,FD050100,카페,20,90,50,20,10,0,60,45,75,category,0.8263,,0.0,0.8263,category,
2807387,39,음식점,커뮤니테이블,제주특별자치도 서귀포시 월평로 (15),63562,126.459288887123,33.2448027647023,서귀포 월평마을에 위치한 아담한 식당이다. 창가 너머 따뜻한 햇살이 식탁으로 들어와 아늑하고 낭만적인 분위기이다. 계절별로 맛이 좋은 생선을 이용하여 만드는 파스타가 이곳의 시그니처 메뉴이다.,Unknown,064-739-1390,수~일 09:30 - 20:00 (주문마감 19:30) 월~화 09:30 - 16:00 (주문마감 15:30) ※ 수~일 준비시간 16:00 - 17:00,바다의계절 (생선과 대파크림으로 만든 파스타),바다의계절 / 수비드 스테이크 플레이트 / 알리오올리오 / 칠리 토마토 파스타 / 커뮤니 로제 그라탕 등,Unknown,전화문의,Unknown,Unknown,Unknown,50,130,FD,음식,FD02,외국식,FD020300,서양식,10,90,70,0,0,0,60,45,75,category,0.7706,,0.0,0.7706,category,양식·세계음식
2892313,39,음식점,커피냅로스터스 제주,제주특별자치도 제주시 하귀2길 45 1층,63053,126.4138690241,33.4893353163,"커피냅로스터스 제주는 하귀리 바닷가에 있으며 커피 맛이 좋기로 소문난 커피냅로스터스의 지점이다. 지붕이 낮은 제주 돌집을 개조하여 안거리(안채)와 밖거리(바깥채) 중 한쪽은 카페 공간, 다른 한쪽은 주방 공간으로 나누어 사용하고 있다. 마당에는 오래된 퐁낭(팽나무)이 있고 마당 곳곳에 미니멀한 의자를 놓았다. 내부는 돌벽이 그대로 드러나 있으며 심플한 테이블과 스툴이 있다. 주변 여행지로 연대포구, 내도 알작지 해변 등이 있다.",Unknown,064-744-4131,10:00~17:30 (마지막 주문 17:00),아메리카노,에스프레소 / 플랫화이트 / 카페라떼 / 콜드브루 등,가능,연중무휴,있음,Unknown,화장실: 있음,50,110,FD,음식,FD05,카페/ 찻집,FD050100,카페,70,90,80,20,10,0,75,60,90,observed,0.9331,0.9792,0.6988,0.8263,blend,
2852520,39,음식점,커피스케치,제주특별자치도 서귀포시 사계남로216번길 24-32 네덜란드엿보기전시관,63528,126.3133001582,33.2334009178,"커피스케치는 서귀포 사계 용머리해안 매표소 옆에 있다. 뒤편으로는 산방산이 보이고, 바다 방향으로는 형제섬이 보이며, 카페 안팎은 제주다운 돌담과 나무창틀, 문과 서까래, 소라껍데기 등을 이용해 깔끔하게 꾸몄다. 바다를 향해 열린 창으로 액자사진을 찍을 수 있으며 항아리에 담긴 아포가토(항포가 토), 오븐에 구운 바스크 치즈케이크 등 시그니처 메뉴를 맛볼 수 있다. 주변 여행지로 용머리해안, 산방산, 사계항 등이 있다.",Unknown,0507-1402-1228,10:00~17:30 (라스트오더 17:00),항포가토,스케치브라운 / 브라운치즈크로플 / 아메리카노 / 오미자에이드 등,불가능 / ※ 용머리해안 공영주차장 이용,연중무휴,Unknown,Unknown,Unknown,50,130,FD,음식,FD05,카페/ 찻집,FD050100,카페,60,80,80,20,10,0,75,60,90,blend,0.8836,1.0,0.3297,0.8263,blend,
2782867,39,음식점,커피템플,제주특별자치도 제주시 영평길 269 (월평동),63311,126.56962756590664,33.47821166287695,"커피 템플은 제주에 위치한 커피 명소로, 슈퍼 클린 에스프레소와 핸드드립 커피의 품질이 뛰어나다. 향긋한 커피와 함께 그림도 보고, 책도 읽고, 산책도 할 수 있다. 제주 여행 시 꼭 가봐야 하는 카페 리스트에 들어가는 커피 템플은 제주 공항과 20분 거리에 위치하여 제주 여행의 시작 또는 마무리를 하기 더없이 좋은 곳이다. 카페 메뉴 중 탠저린이 들어가는 카푸치노와 라테는 감귤 또는 오렌지를 넣어 만드는 커피로 이곳에서만 맛볼 수 있으며 원두와 드립 백, 필기구도 판매하고 있어 선물하기도 좋다.",Unknown,070-8806-8051,- 09:00~18:00- 마지막 주문 17:30,슈퍼 클린 에스프레소,텐저린 라떼 / 오렌지 쉬폰 커피 / 브루잉 커피 등,가능,연중무휴,Unknown,Unknown,Unknown,50,110,FD,음식,FD05,카페/ 찻집,FD050100,카페,60,90,70,10,30,60,60,45,75,observed,0.8895,0.9167,0.6988,0.8263,blend,
2737284,39,음식점,커피프렌즈촬영지,제주특별자치도 서귀포시 안덕면 중산간서로 2026,63521,126.3072216792,33.2886863834,커피 프렌즈 촬영지는 2019년 tvN에서 방영했던 실제 촬영 장소를 브런치 카페로 계속 영업 중인 곳이다. 방송국 촬영 장소답게 예쁘게 잘 꾸며져 있으며 방송에 나왔던 백종원 레시피로 탄생한 브런치 메뉴들이 모두 인기가 좋다. 방송가에 절친한 친구로 알려진 배우 유연석과 손호준이 제주도 감귤농장을 카페로 개조해 운영하며 매출을 기부하는 형식의 예능프로그램으로 시청자들의 호감이 높아서인지 카페 이름을 커피 프렌즈 촬영지라고 그대로 사용하고 있다.,Unknown,064-794-9891,10:00 - 19:00 (마지막 주문 18:30),아메리카노,더치커피 / 카페라떼 / 미숫가루 라떼 / 우유에 빠진 귤 등,가능,매주 화요일,가능,Unknown,화장실: 가능,50,130,FD,음식,FD05,카페/ 찻집,FD050100,카페,20,80,80,40,20,0,60,45,75,category,0.8263,,0.0,0.8263,category,
2909982,39,음식점,컴플리트커피,제주특별자치도 제주시 노형6길 21 1층,63088,126.478179017205,33.480617305432,"컴플리트커피는 제주 제일고등학교 후문 인근에 위치한 로스터리 카페이다. 심플한 베이지 톤의 인테리어와 깔끔한 테이블 구성이 어우러져 감각적인 분위기를 느낄 수 있으며, 건물과 나무 사이 골목에 마련된 야외 테이블은 한층 여유로운 분위기를 더한다. 매장에서 직접 원두를 로스팅 해 커피 본연의 풍미를 살리고 있으며, 커피와 함께 다양한 구움 과자와 에그타르트 등 디저트 메뉴도 즐길 수 있다. 스티븐스 미스티와 토마토 바질 에이드, 진저블랑 등 개성 있는 음료 메뉴도 마련되어 있어 취향에 따라 다양하게 선택할 수 있다. 조용하고 편안한 분위기 덕분에 혼자 여유를 즐기기에도 좋고, 가볍게 대화를 나누며 머물기에도 적당하다. 주변에는 한라수목원과 민오름 등이 있어 제주 여행 중 함께 둘러보기 좋다.",Unknown,064-805-3150,- 평일 09:00~17:00- 주말 10:00~18:00,사케라토,아메리카노 / 카페라떼 / 오봉자에이드 등,가능,연중무휴,Unknown,Unknown,Unknown,50,110,FD,음식,FD05,카페/ 찻집,FD050100,카페,60,90,70,0,10,0,30,15,45,observed,0.8671,0.9167,0.4512,0.8263,blend,
3443241,39,음식점,코리코카페 제주점,제주특별자치도 제주시 구좌읍 비자림로 1199 제주동화마을,63355,126.7325203236,33.4365434621,1989년 개봉 작 스튜디오 지브리 영화 '마녀배달부 키키'는 / 13살이 된 소녀 키키가 검은 고양이 지지와 함께 수행을 떠난 / '코리코 마을'에서 겪는 다양한 경험을 통해 성장해 가는 이야기이다. / 마녀배달부 키키의 세계관이 펼쳐지는 코리코카페 / 영화 속으로 들어온 것 같은 감동을 느낄 수 있는 공간이다.,Unknown,'마녀배달부 키키' 카페 / Koriko Cafe 제주점 / 코리코카페 제주점은 제주 동쪽 구죄읍 송당리 동화마을에 위치해있어요!,매일 10:00-19:00 (18:30 라스트오더),"마녀 배달부 키키에 나오는 고양이, 리본 등 시그니처 캐릭터 케이",Unknown,무료 주차,연중무휴,Unknown,Unknown,Unknown,50,110,FD,음식,FD05,카페/ 찻집,FD050100,카페,10,60,90,70,20,10,60,45,75,category,0.8263,,0.0,0.8263,category,
4071129,39,음식점,코바라멘,제주특별자치도 서귀포시 안덕면 사계남로216번길 29 A동 107호,63528,126.3103562507,33.2338148223,"산방산이 눈앞에 펼쳐지는 사계리 복합문화공간 플레이사계 안에서, 제주 로컬 식재료로 빚은 정갈한 라멘 한 그릇을 만날 수 있다. 코바라멘은 전통 일본식 라멘 조리법에 제주 특산물을 창의적으로 접목한 라멘 전문점으로, 제주산 옥돔으로 오랜 시간 우려낸 생선 육수를 베이스로 사용하는 것이 특징이다. 대표 메뉴 미도리시오 라멘은 겨울 노지에서 자란 제주 섬초로 만든 그린오일을 더해 섬초 특유의 단맛과 향을 살렸으며, 칼칼한 미소를 더한 카라이미소 라멘, 제주 딱새우를 고명으로 올린 에비탄탄멘도 함께 선보인다. 바삭한 플레이크를 올린 다시마밥을 곁들이면 남은 국물에 말아 더욱 든든하게 즐길 수 있다. 아치형 천장과 통유리창으로 꾸민 공간에서 푸른 정원을 바라보며 식사할 수 있으며, 인근 산방산·용머리해안과 연계해 방문하기 좋다.",Unknown,0507-1344-0526,11:00~19:30,미도리시오라멘,카라이미소라멘 / 냉라멘 / 에비탄탄멘 등,가능,매주 수요일,Unknown,Unknown,Unknown,50,130,FD,음식,FD02,외국식,FD020200,일식,60,100,70,20,10,0,60,45,75,category,0.849,,0.0,0.849,category,"제주 향토음식,해산물 요리,면 요리,일식"
2852215,39,음식점,코시롱,제주특별자치도 제주시 애월읍 애월해안로 646 1층,63049,126.372185699563,33.4792015537743,"제주 오션뷰가 화려하게 펼쳐지는 코시롱은 한식, 양식메뉴로 구성된 세미뷔페 식당이다. 고사리해장국과 몸국, 성게미역국을 중심으로 제육볶음, 새우장, 고사리전 등 10가지 반찬으로 구성된 한상차림과 단품도 판매하고 있다. 제철 식재료로 매일 바뀌는 기본 반찬과 사골국물로 진하게 우려낸 제주향토음식 고사리해장국, 몸국, 성게미역국을 맛보고 싶다면 이곳을 추천한다.",Unknown,0507-1360-5051,11:00~22:00 (마지막 주문 21:00),코시롱 흑오겹,고사리 해장국 한상차림 / 몸국 한상차림 / 갈치속젓밥 등,가능,연중무휴,Unknown,가능,Unknown,50,110,FD,음식,FD01,한식,FD010100,관광식당,20,100,60,50,10,0,60,45,75,category,0.816,,0.0,0.816,category,"제주 향토음식,고기·구이,한식,양식·세계음식"
2871997,39,음식점,코우,제주특별자치도 서귀포시 신중로13번길 3-5 (강정동),63565,126.5062940212,33.2561625560,"코우는 제주 서귀포경찰서 근처 주택가 골목에 자리 잡고 있는 일식당이다. 신선한 해산물을 바탕으로 한 다양한 일식 요리를 선보이며, 특히 당일 숙성한 생선회를 사용한 스시가 인기 메뉴이다. 백된장에 절여 고소하게 구워낸 은대구 사이교야끼, 금태 솥밥 등 각각 재료 본연의 맛을 살렸으며 사시미 모리아와세, 도미머리 조림, 메로 데리야끼 등 다양한 일식 메뉴도 함께 제공되어 폭넓게 즐길 수 있다. 코우는 예약제로 운영되며, 예약은 당일에만 가능하다. 내부 좌석 수가 많지 않아 조용하고 프라이빗한 분위기를 느낄 수 있지만, 공간이 협소한 관계로 6인 이상의 단체 방문은 어려울 수 있다.",Unknown,064-739-0789,17:30~24:00 (마지막 주문 23:00),사시미 모리아와세,스시 / 은대구 사이교소야끼 / 도미머리조림 등,불가능,매주 일요일,있음,Unknown,화장실: 있음,50,130,FD,음식,FD02,외국식,FD020200,일식,10,90,20,30,10,0,105,75,135,blend,0.8988,1.0,0.3297,0.849,blend,"해산물 요리,회·물회·초밥,일식"
2755466,39,음식점,코코마마,제주특별자치도 서귀포시 성산읍 일출로 258-11,63643,126.9343189349,33.4610523426,"성산일출봉 맛집으로 유명한 하와이안 씨푸드 레스토랑 코코마마에서는 다채로운 재료로 구성되어 있는 점보씨푸드를 맛볼 수 있다. 랍스터를 추가할 수 있는 점보씨푸드는 파인애플 볶음밥, 가리비, 자연산 홍합, 황게, 꼬치구이, 오징어와 새우튀김, 옥수수와 거기에 곁들일 네 가지 소스가 함께 제공된다. 통파인애플주스, 망고주스, 수박주스 등 계절마다 특색 있는 음료와 제주에서만 맛볼 수 있는 에일 맥주도 판매한다. 제주도의 푸른 바다를 감상하며 이국적인 분위기의 레스토랑에서 다양한 씨푸드를 즐길 수 있다는 점에서 서귀포를 찾는 많은 관광객들에게 사랑받는 공간이다.",Unknown,064-782-5569,11:00~20:30 (16:00~17:00 브레이크타임) / 19:30 라스트오더,통 파인애플쥬스,랍스터 / 파인애플볶음밥 / 자몽에이드 외,가능,매주 목요일,가능,가능,"부대시설: 단체석, 발렛파킹, 무선 인터넷 | 화장실: 가능",50,130,FD,음식,FD02,외국식,FD020300,서양식,40,100,70,10,10,10,120,90,150,observed,0.5545,0.2917,0.4512,0.7706,blend,"해산물 요리,양식·세계음식"
2892326,39,음식점,콜린 제주,제주특별자치도 제주시 애월로1길 24-8,63043,126.3104425058,33.4629116076,"콜린 제주는 애월카페거리에 있다. 유럽 컨셉의 대형 카페로 바다를 볼 수 있으며 플라워샵을 같이 운영하고 있다. 브런치 메뉴로는 프렌치토스트, 이탈리안오믈렛, 뇨끼 등이 있고 디저트로 생과일파이, 크리스피파이, 스콘, 쿠키, 애플망고빙수 등이 있다. 이탈리안 감성의 분수대와 온실 같은 카페 내부의 플랜테리어, 시폰 커튼과 다양한 테이블이 있어 사진 찍을 곳도 많다. 주변 여행지로는 한담해안산책로, 곽지과물해변 등이 있다.",https://www.instagram.com/colline_jeju,0507-1316-0665,- 10:00~19:30 / - 펜케이크·빙수 마지막 주문 18:30 / - 음료 마지막 주문 19:00,한라봉 크림라떼,아이스 홍시 빙수 / 플레인 팬케이크 / 프렌치 토스트 / 아메리카노 등,가능,연중무휴,있음,Unknown,화장실: 있음,50,110,FD,음식,FD05,카페/ 찻집,FD050100,카페,60,80,80,0,10,20,75,60,90,observed,0.7155,0.6875,0.7981,0.8263,blend,
2861349,39,음식점,크라운돼지,제주특별자치도 제주시 애월읍 상가목장길 84,63042,126.3834849354,33.3934398929,"크라운돼지는 제주 중산간 상가리 송훈파크 안에 위치있다. 송훈 셰프가 운영하는 서울의 크라운돼지 제주점으로 ‘난축맛돈’ 판매 전문점이다. ‘난축맛돈’은 멸종된 예전 제주 똥돼지 유전자를 10년간 복원사업을 거쳐 재탄생시킨 제주토종돼지로 현재 그 수가 적기 때문에 한정 수량만 도축하는 고급 고기이다. 오겹살과 목살, 돈마호크가 함께 나오는 셰프의 추천이 대표 메뉴이다. 추천메뉴 이외에도 섬진강 재첩국, 크라운 김치찌개, 볶음밥 등 사이드 메뉴가 있어 함께 즐기기 좋다. 크라운돼지 주변에 함께 둘러보기 좋은 여행지로 상가리야자숲, 녹고메오름, 새별오름 등이 있다.",Unknown,070-4036-5090,11:00~21:00 (마지막 주문 20:00),송훈셰프의 추천,섬진강 재첩국 / 크라운 김치찌개 / 크라운 볶음밥 등,가능,연중무휴,있음,Unknown,화장실: 있음,50,110,FD,음식,FD01,한식,FD010100,관광식당,20,90,20,20,10,10,75,60,90,blend,0.7587,0.5,0.1813,0.816,blend,"고기·구이,한식"
2783393,39,음식점,크래커스,제주특별자치도 서귀포시 대정읍 보성구억로126번길 34,63520,126.2797079652,33.2633165320,"크래커스는 원두를 직접 로스팅하는 곳으로 유명한 커피 맛집이다. 한경점, 대정점 두 곳이 있다. 크래커스 대정점은 현무암으로 지어진 오래된 귤 창고를 개조하여 만든 창고형 카페로 내부는 세련되고 감각적인 인테리어로 깔끔하다. 특히 빛을 최소화하여 음료와 공간에 집중할 수 있게 어두운 느낌을 주었다. 매장에서 이곳에서 직접 로스팅한 원두와 굿즈도 판매 중이다. 커피 주문 시 취향에 맞게 원두를 선택할 수 있으며 커피와 함께 즐길 수 있는 베이커리와 디저트도 있다. 커피 외에도 디카페인커피, 차, 레몬에이드, 핫초코, 베이비치노, 아이스크림이 있어 커피를 즐기지 않는 사람이 방문하여도 메뉴 선택의 폭이 넓다.",http://crackerscoffee.com,064-792-8900,- 08:30~17:30 / - 마지막 주문 17:00,에스프레소 플라이트,에스프레소 비기너 / 아메리카노 / 카페라떼 / 썸머라떼 등,가능,연중무휴,있음,Unknown,화장실: 있음,50,130,FD,음식,FD05,카페/ 찻집,FD050100,카페,20,90,80,10,20,40,45,30,60,blend,0.8011,0.75,0.3297,0.8263,blend,
133990,39,음식점,큰갯물횟집,제주특별자치도 서귀포시 대포로 161,63544,126.438215964584,33.2393863926313,큰갯물횟집은 서귀포시 중문 대포항회타운에 위치한 대규모 횟집으로 이중 2층 양옥과 넓은 주차공간이 갖추어져 있다. 이곳은 특히 곁들이찬이 다양하게 나오는 곳으로 유명하며 갈치구이와 조림이 점심메뉴로 따로 제공된다. 매장 내에 140석이 있어 단체 식사가 가능하며 매장 앞에 있는 주차장이 잘 완비되어 있어 주차하기 편리하다. 탁 트인 바다경관을 만끽하며 맛있는 회를 즐길 수 있다.,Unknown,064-738-1625,11:50~22:00 (마지막 주문 21:00),자연산활어류,통갈치구이 / 매운탕 / 갈치조림 등,가능,연중무휴,Unknown,모든 카드 사용 가능,Unknown,50,130,FD,음식,FD01,한식,FD010100,관광식당,40,100,70,0,10,0,60,45,75,category,0.816,,0.0,0.816,category,"제주 향토음식,해산물 요리,회·물회·초밥,한식"
2781493,39,음식점,키친아루요,제주특별자치도 제주시 애월읍 유수암평화5길 15-8,63067,126.4052962464,33.4237924354,"제주 애월읍에 자리한 키친아루요는 좌석이 많지 않은 작고 아기자기한 분위기의 식당이다. 낡은 나무 간판과 곳곳에 배치된 이국적인 소품들 덕분에 마치 일본의 어느 소도시로 여행을 온 것처럼 기분 좋은 설렘을 선물한다. 이곳의 인기 메뉴는 깊고 진한 육수와 쫄깃한 면발이 인상적인 나가사끼 짬뽕, 튀겨낸 고소한 크로켓 등이다. 일본식 사케에 어울리는 야끼 교자나 타코와사비, 시샤모구이 같은 안주류도 다양하게 낸다.",Unknown,064-799-4255,- 11:30~20:00 / - 준비시간 14:30~17:30,나가사끼짬뽕,마구로찌라시동 / 가쯔동 / 가라아게동 등,가능,매주 일요일,Unknown,Unknown,Unknown,50,110,FD,음식,FD02,외국식,FD020200,일식,10,100,70,20,10,0,60,45,75,category,0.849,,0.0,0.849,category,"면 요리,일식"
2853291,39,음식점,타무라,제주특별자치도 제주시 조천읍 중산간동로 670,63343,126.6568893511,33.4989714565,"제주도 동쪽 조천읍, 대흘초등학교 맞은편에 위치한 타무라는 태국 현지의 맛을 현대적으로 재해석한 태국 요리 전문점이다. 제주 자연 속에서 이국적인 타이 푸드를 경험할 수 있는 이곳은 똠얌꿍, 팟타이, 푸팟퐁커리, 쏨땀, 모닝글로리 등 정통 태국 요리를 선보이고 있다. 여러 유명 연예인들이 방문한 맛집으로 알려지며 입소문을 통해 더욱 주목받고 있다. 건축디자이너가 직접 설계한 감각적인 인테리어는 이국적인 요소와 함께 로맨틱하고 세련된 분위기를 자아낸다. 타무라는 연인, 가족, 친구들과 함께 이색적인 식사를 즐기기에 안성맞춤인 제주 태국요리 맛집이다.",https://www.instagram.com/tamura_jeju,0507-1302-9460,11:00~21:00 (준비시간 15:00~17:00),스프링롤,쏨땀 / 얌운센 / 똠양꿍 등,가능,"매주 수요일, 목요일",있음,Unknown,화장실: 있음,50,110,FD,음식,FD02,외국식,FD020400,기타외국식,20,100,70,20,20,10,60,45,75,blend,0.852,1.0,0.1813,0.8192,blend,양식·세계음식
2767779,39,음식점,태광식당,제주특별자치도 제주시 탑동로 144 (용담일동),63153,126.518796730181,33.5126086737507,"태광식당은 제주공항 근처 맛집으로 유명한 주물럭 전문점이다. 주력 메뉴인 주물럭 요리는 돼지 주물럭과 한치 주물럭, 곰장어 주물럭, 소 염통 주물럭 등이 있으며, 이외에도 물회 메뉴가 다양한 편이다. 매콤 달콤한 양념이 각종 채소와 주물럭 메뉴와 볶아지며, 쌈에 밥과 함께 싸 먹으면 그 맛이 일품이다. 주물럭 메뉴를 다 먹은 후에는 볶음밥까지 볶아 먹으면 완벽한 한 끼가 완성된다. 많은 유명 인사가 다녀간 곳으로 관광객은 물론 현지인들의 발길이 끊이지 않는다.",Unknown,064-751-1071,10:30~21:40 (마지막 주문 20:40),돼지주물럭식사,된장뚝배기 / 옥돔구이식사 / 한치물회식사 등,가능,매주 일요일,가능 (남녀 구분),가능,"화장실: 가능 (남녀 구분) | 부대시설: 화장실, 주차장",50,110,FD,음식,FD01,한식,FD010100,관광식당,0,100,20,10,10,0,45,30,60,blend,0.8148,0.8125,0.3297,0.816,blend,"고기·구이,해산물 요리,회·물회·초밥,한식"
2905237,39,음식점,태양상회,제주특별자치도 제주시 중앙로2길 31,63166,126.5216102524,33.5171942957,"태양상회는 제주 탑동해변공연장 근처에 있다. 식물과 호랑이 그림, TV 브라운관, 자개상, 옛날 창틀 등 빈티지한 소품으로 꾸미고 좌식, 입식 다양한 테이블이 있는 레트로한 감성 주점이다. 퓨전 한식을 맛볼 수 있으며 아롱사태수육, 불고기파스타, 해물파전, 카레홍합탕, 크림짬뽕 등이 있다. 인기 메뉴는 부추우전으로 깻잎, 부추, 우삼겹의 조합이 별미이다. 주변 여행지로 관덕정, 탑동해안로, 제주 원도심 등이 있다. / ※반려동물 동반 가능",Unknown,Unknown,18:00 ~01:00 (마지막 주문 00:00),한우육회,아롱사태수육 / 싱싱꼬막 / 크림짬뽕 등,가능요금 (무료),매주 월요일 / 매달 첫째 주 일요일,Unknown,Unknown,Unknown,50,110,FD,음식,FD04,주점,FD040500,기타주점,20,90,80,20,20,0,75,60,90,blend,0.8076,0.75,0.1813,0.8204,blend,"고기·구이,해산물 요리,회·물회·초밥,한식,중식,양식·세계음식"
2763806,39,음식점,토끼와거북이,"제주특별자치도 제주시 서해안로 498-6 (용담삼동, 블루문)",63114,126.4921365493,33.5188499582,"토끼와거북이는 갈치조림부터 자연산 활어회, 상다리 부러지는 정식 상차림까지 제주도의 다양한 맛을 즐길 수 있는 향토 음식 전문점이다. 제주국제공항 근처에 위치해 제주 여행의 시작과 끝에 방문하기 좋고 넓은 주차장을 갖추고 있어 편리하다. 얼큰하고 깊은 맛의 갈치조림으로 유명하며 다양한 종류의 신선한 회도 함께 맛볼 수 있다.",http://www.instagram.com/rabbit1turtle,0507-1408-4444,- 08:00~21:00 / - 준비시간 15:30~17:00 / - 마지막 주문 20:00,갈치조림,갈치구이 / 제주돔베고기 / 소라물회 등,가능,연중무휴,있음,Unknown,화장실: 있음,50,110,FD,음식,FD01,한식,FD010100,관광식당,0,90,20,20,0,0,60,45,75,category,0.816,,0.0,0.816,category,"제주 향토음식,해산물 요리,회·물회·초밥,한식"
2870835,39,음식점,토토네,제주특별자치도 제주시 하귀10길 49-2 102호,63053,126.4106831878,33.4894213675,"토토네는 제주 애월읍 하귀리 해녀들이 입수하는 지점 근처에 있다. 에그타르트가 유명한 곳이며 생크림 100% 스콘도 인기가 많다. 소금 빵, 통밤 치즈케이크, 피낭시에, 애플 피낭시에 등 다양한 빵과 케이크류가 준비되어 있다. 특히 이곳에선 어린이들을 위한 쿠킹 클래스를 운영하고 있어 어린이들과 함께 가기 좋은 카페이다. 서쪽 넓은 창으로 들어오는 오후 햇살이 아름답다. 주변 여행지로 연대포구, 알작지해변 등이 있다.",http://www.instagram.com/totonecafe_cookingclass,0507-1335-1417,11:00~18:30 (라스트오더 18:00),에그타르트,소금빵 / 생크림스콘 / 아메리카노 / 블루베리 요거트 스무디 / 베이글 등,가능 / 요금 (무료),"매주 월요일, 화요일",있음,Unknown,화장실: 있음,50,110,FD,음식,FD05,카페/ 찻집,FD050100,카페,30,90,60,10,40,20,45,30,60,blend,0.7805,0.6875,0.3297,0.8263,blend,
2851487,39,음식점,톰톰카레,제주특별자치도 제주시 구좌읍 해맞이해안로 1112,63360,126.8375450072,33.5375034354,"톰톰카레는 한동리 평대 해변에 위치해있다. 제주 돌집을 그대로 이용한 소박한 카레 맛집으로 구좌 평대읍에서 구한 콩, 야채, 버섯 등의 식재료를 사용해 건강한 카레를 제공한다. 내부에 매력을 그대로 살려놓은 돌집 벽과 작은 뜰, 돌담이 소박한 분위기를 자아내는 바닷가 맛집이다. 카레 메뉴로는 치즈톳카레와 야채카레, 콩카레 등 다양한 카레메뉴들이 준비되어 있다. 카레와 밥은 리필이 가능하며, 어린이 동반 고객을 위해 어린이 카레를 판매하고 유아 전용 의자도 구비되어 있다. 근처 함께 둘러보기 좋은 여행지로 세화해수욕장, 세화오일장, 비자림 등이 있다.",Unknown,0507-1461-1535,10:00~20:00 (마지막 주문 19:30),구좌 야채 카레,콩 카레 / 치즈 톳 카레 / 반반 카레 등,가능,연중무휴 / ※ 변동될 수 있으므로 전화문의 요망,있음,Unknown,화장실: 있음,50,110,FD,음식,FD02,외국식,FD020400,기타외국식,40,90,70,20,10,0,45,30,60,observed,0.9012,0.9219,0.7981,0.8192,blend,양식·세계음식
2861940,39,음식점,트라이브,제주특별자치도 제주시 애월읍 애월로 11,63043,126.3112758307,33.4600591587,"트라이브는 제주시 애월 한담공원 인근, 해변 방향의 조용한 골목길에 자리한 감성적인 수플레 전문 카페이다. 애월바다를 한눈에 내려다볼 수 있는 탁 트인 전망을 자랑하며, 특히 창밖으로 펼쳐지는 푸른 바다를 바라보며 먹는 수플레 팬케이크는 이곳만의 특별한 매력이다. 외관은 심플한 노출 콘크리트로 이루어져 있어 모던하고 깔끔한 느낌을 주지만, 카페 내부는 라탄 가구와 따뜻한 색감의 카펫, 마크라메 장식 등으로 꾸며져 이국적이고 편안한 분위기를 자아낸다. 트라이브의 대표 메뉴인 수플레는 퐁실퐁실하고 부드러운 생크림과 계절 과일, 시럽 등의 다양한 토핑이 올라가 있어 시각적으로도 즐겁고 맛으로도 만족감을 준다. 귀엽고 아기자기한 비주얼로 인증샷을 남기는 사람들도 많다.",https://www.instagram.com/tribe_aewol,064-799-1031,09:00~21:00,한라봉 수플레,돌하르방 수플레 / 한라산 수플레 / 동백 수플레 등,가능,연중무휴,있음,가능,화장실: 있음,50,110,FD,음식,FD05,카페/ 찻집,FD050100,카페,70,90,80,0,10,0,45,30,60,observed,0.8531,0.875,0.5507,0.8263,blend,
2899449,39,음식점,트라인커피,제주특별자치도 제주시 와흘상길 32,63344,126.6332192986,33.4939660761,"트라인 커피는 제주 동쪽 조천읍 와흘리 마을 길에 있는 고풍스런 느낌의 카페이다. 제7회 코리아 바리스타 챔피언십 1위에 입상한 윤혜원 바리스타가 운영하는 제주 카페로 공간이 주는 시각적인 즐거움과 최상의 플레이버, 오리지널리티 커피를 추구한다. 천장이 높은 내부는 우아한 커피 잔과 접시, 그림과 찬장, 의자 등 감성적인 인테리어가 돋보인다. 인기 메뉴는 크림롱블랙으로 부드러운 크림과 커피가 조화롭고 하겐다즈 아몬드 아포가토의 경우 화려한 차림새로 사진찍기 좋다. 주변 여행지로 조천읍 와흘 메밀마을이 있다.",Unknown,0507-1412-9794,11:00~17:00,크림롱블랙,하겐다즈아몬드아포가토 / 제주 양봉꿀 차 / 카페라떼 등,가능,매주 수요일~목요일,있음,Unknown,화장실: 있음,50,110,FD,음식,FD05,카페/ 찻집,FD050100,카페,20,90,80,10,10,0,60,45,75,category,0.8263,,0.0,0.8263,category,
2858423,39,음식점,트로피컬 하이드어웨이 카페,제주특별자치도 서귀포시 대정읍 형제해안로 284,63512,126.2912859363,33.2092671261,"트로피컬 하이드어웨이 카페는 제주도 서귀포시 사계 형제해안도로를 따라 송악산 인근에 위치한, 자연과 어우러진 브런치, 베이커리 카페이다. 저녁이 되면 분위기 있는 생맥주 펍으로 운영된다. 메뉴는 단순한 카페 음식이 아닌, 튀르키예식 피데 스타일의 피자를 비롯해 후무스 샐러드, 팔라펠 플래터, 리코타 치즈 샐러드 등 지중해식 요리를 중심으로 구성되어 있다. 실내외 모두 감각적으로 꾸며진 인테리어와 넓은 창문을 통해 들어오는 햇살, 그리고 형제섬과 사계해변의 경치를 감상할 수 있는 탁 트인 뷰는 식사에 더해 힐링의 시간을 선사한다. 브런치를 즐긴 후에는 인근의 송악산 둘레길을 산책하거나, 산방산과 사계해변을 둘러보는 것도 좋은 코스가 된다.",http://www.tropicalhideaway.co.kr/index.php,0507-1348-1461,10:00~19:00 (마지막 주문 18:00),트로피컬 버거,후무스 샐러드 / 팔라펠 플래터 / 감자 스프 등,가능,연중무휴,있음,Unknown,화장실: 있음,50,130,FD,음식,FD05,카페/ 찻집,FD050100,카페,80,90,90,0,20,0,75,60,90,observed,0.8359,0.8438,0.5507,0.8263,blend,
2849980,39,음식점,판포미인,제주특별자치도 제주시 판포1길 11,63003,126.1982461153,33.3652123260,"판포미인은 제주 한경면 판포포구 근처에 있다. 밥에 정성을 들이는 식당으로 경기미와 충청도 쌀로 솥 밥을 짓는다. 제주 돌문어 전복을 기본 재료로 하며 제철 식재료와 동네에서 수확하는 채소를 사용해 7가지 반찬과 솥 밥으로 구성된 한 상을 차린다. 가정집을 개조한 식당으로 실내가 군더더기 없이 깔끔하고 2인 테이블이 많다. 근처 여행지로 판포포구, 금능해수욕장, 협재해수욕장 등이 있다.",Unknown,064-773-7730,11:00~20:30 (브레이크타임 15:30~17:00 / 점심 라스트오더 14:30),제주돌문어솥밥,제주돌문어볶음 / 새우솥밥 / 문어야채무침 등,가능,매주 화요일,Unknown,Unknown,Unknown,50,110,FD,음식,FD01,한식,FD010100,관광식당,20,90,40,20,10,0,45,30,60,blend,0.8148,0.8125,0.3297,0.816,blend,"제주 향토음식,해산물 요리,한식"
2845370,39,음식점,페를로,제주특별자치도 서귀포시 안덕면 덕수회관로74번길 33,63527,126.3063224681,33.2567176785,"제주 페를로는 서귀포시 대정읍 덕수리에 위치한 이탈리안 레스토랑으로, 덕수리 이태리마을 타운하우스 인근에 자리하고 있다. 한적한 시골길을 따라 위치해 있지만, 제주 현지 식재료를 활용한 독창적인 이탈리아 남부식 요리를 선보이고 있다. 대표 메뉴로는 성게어란 파스타, 제주 문어보말 파스타 등 제주 바다의 식재료를 활용한 다양한 파스타가 있다. 이외에도 제주산 흑돼지를 두툼하게 구워낸 스테이크와 제주 메밀이 함유된 화덕피자가 준비되어 있다. 든 메뉴는 이색적이면서도 차림새가 정갈하고 아름다워 시각적인 만족감까지 더해준다. 가게 내부는 조용하고 아늑한 분위기이며 따뜻한 조명과 세련된 인테리어가 어우러져 연인과 함께 특별한 식사를 즐기기에 안성맞춤이다. 식사 후 함께 둘러보기 좋은 인근 여행지로는 제주 대표 명소인 산방산과 울창한 자연을 간직한 화순곶자왈이 있어 여행 코스에 포함하기에도 좋다.",https://www.instagram.com/perlo_jeju,0507-1396-9501,11:30~20:45 (마지막 주문 19:30),성게어란파스타,제주 문어보말 파스타 / 한우 채끝등심 스테이크 / 흑돼지 잠봉 피자 등,가능,연중무휴,Unknown,Unknown,Unknown,50,130,FD,음식,FD02,외국식,FD020300,서양식,50,90,70,10,10,0,60,45,75,blend,0.7215,0.5,0.1813,0.7706,blend,"제주 향토음식,고기·구이,해산물 요리,면 요리,양식·세계음식"
2861378,39,음식점,평대스낵,제주특별자치도 제주시 구좌읍 대수길 26,63360,126.8379755451,33.5366396491,"평대스낵은 제주도 평대리 해안가에 자리 잡은 작지만 매력적인 오션뷰 분식집이다. 실내는 감성적인 빈티지 인테리어로 꾸며져 있으며, 넓지 않은 공간이지만 따뜻하고 아늑한 분위기를 자랑한다. 무엇보다도 옥상 테이블에서 바라보는 바다 풍경이 인상적이어서, 식사를 하며 제주의 푸른 바다를 함께 즐길 수 있다. 방송을 통해 소개된 이후 입소문을 타고 점점 더 많은 여행객들이 찾아오고 있다. 평대스낵에서는 신선한 재료만을 사용하며, 특히 한치튀김은 제주에서만 맛볼 수 있는 시그니처 메뉴이다. 또한 실내외 모두 반려동물과 함께 입장이 가능하다. 평대스낵에서는 집이나 캠핑장에서도 간편하게 조리해 먹을 수 있도록 밀키트도 판매하고 있어 제주 여행의 여운을 집에서도 이어갈 수 있다.",https://www.instagram.com/pyeongdai_snack,070-8825-3524,11:00~16:00,떡볶이,한치튀김 / 왕새우튀김 / 짜장떡볶이 등,불가능,매주 수요일,있음,Unknown,화장실: 있음,50,110,FD,음식,FD03,간이음식,FD030400,김밥 분식,70,90,80,20,30,40,60,45,75,observed,0.8595,0.9062,0.5507,0.8022,blend,"제주 향토음식,분식·간편식"
2870912,39,음식점,포도원흑돼지,제주특별자치도 제주시 수목원길 51 (연동),63141,126.4901906019,33.4700581065,"포도원 흑돼지는 제주 제주시 노형동, 연동 인근의 한라수목원 옆에 위치한 흑돼지 전문 식당이다. 접근성이 좋은 위치 덕분에 도민은 물론 관광객들에게도 인기 있는 식사 장소이다. 이곳은 엄선된 제주산 흑돼지를 사용하며, 대표 메뉴로는 흑돼지오겹살과 물냉면, 비빔냉면, 김치찌개가 있으며, 특히 냉면은 면을 직접 뽑아 쫄깃하여 방문객들이 많이 찾는 메뉴이다. 고기 메뉴 중에서 양념숙성목살도 인기인데, 다섯 가지 과일로 만든 특제 양념에 숙성시켜 부드럽고 감칠맛이 풍부하다. 매장은 넓고 쾌적한 공간을 갖추고 있어 피로연, 돌잔치, 칠순잔치 등 가족 행사뿐만 아니라 회식, 워크숍, 단체 식사에도 적합하다. 사전 예약 시 더욱 원활한 이용이 가능하니 참고하길 바란다.",Unknown,0507-1370-0880,11:00~22:00 (마지막 주문 21:00),흑돼지오겹살,양념숙성목살 / 두루치기정식 / 소갈비탕 등,가능,연중무휴,있음,Unknown,화장실: 있음,50,110,FD,음식,FD01,한식,FD010100,관광식당,10,100,20,0,10,0,60,45,75,blend,0.8494,1.0,0.1813,0.816,blend,"고기·구이,한식,면 요리"
2871863,39,음식점,포하노이,제주특별자치도 제주시 광령중길 133-2 예그리나,63062,126.4363513218,33.4486068479,"포하노이는 평화로 제주관광대학교 앞에 있다. 소박한 베트남 음식전문점으로 도민과 학생 대상 맛집이다. 쇠고기쌀국수, 분짜, 반세오, 월남쌈 등 메뉴도 많은 편이고 베트남 현지 길거리에 와 있는 것 같은 소박한 차림새로 오히려 이국적이고 여행의 맛이 느껴진다. 매장에 있는 베트남 전통 모자를 쓰고 기념사진을 찍을 수 있고 제주관광대학교 학생은 할인 혜택이 있다. 주변 여행지로 항파두리 항몽유적지가 있다.",Unknown,010-4390-2288,10:00~21:00 (마지막 주문 20:30),쇠고기쌀국수,닭고기쌀국수 / 소갈비쌀국수 / 분쫀 / 분짜 등,가능,추석 연휴,있음,Unknown,화장실: 있음,50,110,FD,음식,FD02,외국식,FD020400,기타외국식,0,90,60,10,10,0,45,30,60,blend,0.852,1.0,0.1813,0.8192,blend,"면 요리,양식·세계음식"
404158,39,음식점,표선세화해녀의집,제주특별자치도 서귀포시 표선면 민속해안로 40,63625,126.8062030805,33.3036426522,세화항 주변 표선해안도로를 따라 있는 표선세화해녀의집은 낭만적인 해변의 풍경을 보며 제주 해산물 요리를 먹을 수 있는 음식점이다. 대표 메뉴는 갈치조림과 전복죽이다. 신선한 제주 은갈치를 큼직한 무 위에 올려 양념을 졸여낸 갈치조림 맛이 일품이다. 식당에서 바다와 한라산이 한눈에 보이며 세화리의 해녀들이 직접 잡은 해산물로 요리한다. 제주 올레 4코스가 지나는 표선면 해안도로의 조용하고 아늑한 분위기를 즐기며 식사할 수 있다.,Unknown,064-787-4917,09:00~20:00 (준비시간 15:00~17:00),은갈치조림,활어회 한접시 / 오분작뚝배기 / 모듬물회 등,가능,"매월 둘째, 넷째 수요일",있음,가능,화장실: 있음,50,130,FD,음식,FD01,한식,FD010100,관광식당,70,90,80,40,10,0,60,45,75,blend,0.8494,1.0,0.1813,0.816,blend,"제주 향토음식,해산물 요리,회·물회·초밥,한식"
2828666,39,음식점,표선우동가게,제주특별자치도 서귀포시 표선관정로 105-1,63629,126.831283143852,33.3241022996971,"표선우동가게는 우동 전문점으로 우동 외에도 돈가스, 덮밥 등 다양한 일식을 판매한다. 오픈 키친으로 깔끔하고 청결한 조리 과정을 볼 수 있다. 소박하고 먹음직스러운 음식들을 맛보면 누구나 반할 만큼 맛집이다. 정성스러운 음식 맛에 비해 저렴한 가격으로 더욱 인기이다. 가족, 친구들과 부담 없이 방문할 수 있다. 주차는 가게 앞이나 건너편 무료공영주차장을 이용하면 된다.",Unknown,064-900-4582,11:20~20:20 (마지막 주문 19:45),생등심 돈까스,카레돈까스 / 우삼겹덮밥 / 규니꾸가케우동 등,가능,연중무휴,Unknown,Unknown,Unknown,50,130,FD,음식,FD02,외국식,FD020200,일식,0,100,20,0,0,0,60,45,75,category,0.849,,0.0,0.849,category,"면 요리,일식"
2847715,39,음식점,풀베개,제주특별자치도 서귀포시 안덕면 화순서서로 492-4,63521,126.3032220973,33.2855116710,"풀베개는 제주특별자치도 서귀포시 안덕면 서광리에 위치해있다. 귤나무가 있는 소박하고 빈티지한 카페로 제주 구옥을 개조하여 분위기 있는 카페로 꾸몄다. 초등학교 책걸상, 철문을 상판으로 활용한 테이블, 맥주 박스 의자 등 다양한 빈티지 소품과 유리천장 등 개성 있는 공간이어서 사진찍기에도 아주 좋다. 또한, 어덜트 장난감, 예쁜 패키지의 식료품도 판매하고 있다. 대표 메뉴는 스윗풀베개와 마음이고, 그 외 에스프레소, 아메리카노, 플렛 화이트, 딸기라떼, 허니밀크, 풀베게 귤 아이스티 등이 있다. 근처 함께 둘러보기 좋은 여행지로 산양큰엉곶, 황우치해안, 제주곶자왈도립공원 등이 있다.",Unknown,064-792-2717,10:00~20:00 (마지막 주문 19:00),스윗풀베개,마음 / 풀베개 귤 아이스티 / 플렛 화이트 등,가능,매주 월요일,Unknown,Unknown,Unknown,50,130,FD,음식,FD05,카페/ 찻집,FD050100,카페,50,70,90,20,10,20,60,45,75,observed,0.751,0.7361,0.8347,0.8263,blend,
2894522,39,음식점,풍천만가,제주특별자치도 제주시 아연로 40,63142,126.4982369392,33.4782462172,"풍천만가는 제주도에 위치한 민물장어구이 전문점이다. 국내산 민물장어만을 사용하며, 장어를 숯불에 구워 기름기가 빠져 담백한 맛이 일품이다. 특제 복분자소스와 생강을 곁들여 명이나물에 싸 먹는 것은 이곳만의 별미이다. 민물장어구이 외에도 복분자양념소갈비, 왕새우, 갈비살, 목살 등의 구이류가 있고, 장어추어탕, 전복해물뚝배기, 잔치국수 등 식사메뉴도 준비되어 있다.",Unknown,064-713-6255,11:00~22:00,풍천장어 참숯구이,장어추어탕 / 복분자양념소갈비 / 왕새우 / 갈비살 등,가능,연중무휴,있음,가능,화장실: 있음,50,110,FD,음식,FD01,한식,FD010100,관광식당,0,100,20,0,10,0,60,45,75,category,0.816,,0.0,0.816,category,"고기·구이,해산물 요리,한식"
2861708,39,음식점,피어22,제주특별자치도 제주시 한림읍 금능7길 22,63010,126.2278124372,33.3899739377,"제주 금능포구에 위치한 피어22는 금능어촌계마을회관 건물을 개조한 식당으로 해산물 찜이 유명하다. 대표 메뉴는 ‘태왁’으로 해녀가 물질할 때 채집한 해산물을 담는 그물망에서 따온 이름이다. 태왁은 딱새우찜으로 감자, 콩, 조개, 소시지 등이 포함되어 있으며 두 가지 소스와 함께 나온다. 양동이에 나오는 해산물 찜을 테이블에 부어놓고 나무망치로 두드려 껍데기를 깨 먹는 방식으로 취향에 따라 부재료를 추가할 수 있다. 이외에도 스페인 스타일 문어 감바스 요리인 뽈뽀를 함께 맛볼 수 있다. 간판이 따로 없어 금능어촌계복지회관 건물의 1층 식당으로 들어가면 된다. 주변에 함께 둘러보기 좋은 여행지로 협재해수욕장, 금능해수욕장, 비양도 등이 있다.",https://www.instagram.com/jejupier22,0507-1372-7788,12:00~21:00 (마지막 주문 19:30),태왁(딱새우찜),뽈뽀 / 해물라면 / 랍스터 테일 등,가능,매주 화요일,있음,Unknown,화장실: 있음,50,110,FD,음식,FD02,외국식,FD020300,서양식,60,90,50,30,40,0,60,45,75,blend,0.7638,0.75,0.3297,0.7706,blend,"해산물 요리,양식·세계음식"
2839903,39,음식점,피즈 버거 노형점,제주특별자치도 제주시 노형10길 6 (노형동),63083,126.4776191647,33.4836508470,"피즈 버거 노형점은 제주공항에서 가까운 노형동에 위치한 수제버거 전문점이다. 이곳의 버거는 패티부터 번까지 모두 직접 수제로 만들어져, 한 입 베어 물 때마다 제주도의 신선한 식재료와 풍부한 풍미가 그대로 전해진다. 대표 메뉴인 ‘피즈버거’는 두툼한 소고기 수제 패티에 구운 양파, 구운 파프리카, 스위스 치즈 등이 조화를 이루며 고급스럽고 깊은 맛을 자랑한다. 버거의 퀄리티는 물론 다양한 사이드 메뉴도 함께 제공되어 만족도를 높인다. 연인과의 데이트, 가족 외식, 친구들과의 캐주얼한 모임 등 누구와 함께 방문하더라도 모두가 만족할 수 있는 공간이다. 내부는 깔끔하고 모던한 인테리어로 꾸며져 있어 식사와 함께 감각적인 분위기를 즐길 수 있다. 또한 매장에서는 피즈 버거만의 개성이 담긴 티셔츠, 컵, 프래그런스 등 다양한 굿즈도 판매하고 있어 기념품을 구매하기에도 좋다. 인근에는 이호테우해변, 용두암 해안도로, 도두봉 등 제주의 대표적인 관광 명소들이 가까이 있어 여행 동선에 포함하기에도 최적의 위치에 있다.",https://www.instagram.com/fizz_jeju,0507-1473-3253,- 10:00~20:00 / - 준비 시간 15:00~16:00 / - 마지막 주문 19:30,피즈버거,아메리칸버거 / 치즈갈릭감자튀김 / 더블버거 등,가능,연중무휴,Unknown,Unknown,Unknown,50,110,FD,음식,FD03,간이음식,FD030200,"피자, 햄버거, 샌드위치 및 유사음식",20,90,50,0,10,20,30,15,45,observed,0.8146,0.8194,0.8347,0.7903,blend,양식·세계음식
2854335,39,음식점,피커스 제주,제주특별자치도 제주시 아연로 444-1 (오등동),63240,126.5287816055,33.4739110719,"피커스 제주는 카페를 넘어 다양한 문화 콘텐츠를 경험할 수 있는 복합문화공간이다. 깔끔하고 세련된 인테리어와 탁 트인 실내 공간, 그리고 이국적인 야자수 정원이 어우러져 도심 속에서 휴식을 즐기기에 제격이다. 특히 실내에서는 웅장한 한라산 전망을 감상할 수 있어, 제주의 자연을 실내에서도 만끽할 수 있다. 이곳에서는 공연, 전시, 박람회, 플리마켓 등 다양한 문화 행사가 열려 방문할 때마다 새로운 즐거움을 느낄 수 있다. 또한 조용한 공간에서 일이나 공부를 하고 싶은 사람들을 위한 워크룸과 스터디룸도 예약제로 운영되고 있어 활용도가 높다. 제주공항에서 차로 약 15분 거리에 위치해 있어 접근성이 좋으며, 여행 중 가볍게 들르거나 드라이브 코스로도 손색없는 공간이다.",https://www.instagram.com/pickus_jeju,0507-1401-0240,10:00~19:00 (마지막 주문 18:30),넛브리즈,피커스 핫도그 / 마농바게트 / 쑥떡쑥떡 수건케이크 등,가능,연중무휴,있음,가능,화장실: 있음,50,110,FD,음식,FD05,카페/ 찻집,FD050100,카페,80,50,80,80,60,30,60,45,75,category,0.8263,,0.0,0.8263,category,
4071126,39,음식점,핀스,제주특별자치도 서귀포시 대정읍 노을해안로532번길 8,63501,126.1822142971,33.2635820339,"수십 개의 돌과 원목을 조합한 독특한 외관이 눈길을 끄는 제주 대정읍 해안가 카페로, 통창 너머 바다에서 야생 남방큰돌고래를 목격할 수 있는 돌고래 뷰 전문 카페다. 핀스는 1회용품을 사용하지 않는 친환경 경영을 지향하는 카페로, 제주의 전통 돌집 구조를 재해석한 건물 내부에는 돌고래 사진 액자와 관련 서적이 가득해 공간 자체가 돌고래를 향한 다정한 기다림의 장소처럼 느껴진다. 야외 테라스와 옥상에서도 수평선을 조망하며 돌고래의 등장을 기다릴 수 있으며, 돌고래가 나타나면 사장님이 직접 알려주는 것도 이 카페만의 특별한 경험이다. 남방큰돌고래를 모티브로 제작한 시그니처 디저트는 눈과 입을 함께 즐겁게 하는 인기 메뉴다. 인근 송악산·알뜨르비행장과 연계한 서귀포 서쪽 해안 드라이브 코스로 즐기기 좋다.",Unknown,0507-1355-4085,11:00~19:00 (마지막 주문 18:30),초코 에스프레소 콘파냐,아메리카노 / 조각 케이크 / 제주 감귤 주스 등,가능,매주 수요일,Unknown,Unknown,Unknown,50,130,FD,음식,FD05,카페/ 찻집,FD050100,카페,80,70,90,30,60,10,60,45,75,category,0.8263,,0.0,0.8263,category,
2891431,39,음식점,하귀정담,제주특별자치도 제주시 중앙로12길 21 (삼도이동),63168,126.5224396217,33.5121511830,"하귀정담은 푸짐한 백반이 나오는 식당이다. 백반 메뉴는 A와 B코스, 백반, 1인백반이 있다. A코스는 야채비빔밥 2인분과 제육볶음, 생선구이가 나오며, B코스는 A코스에서 생선구이만 빠진 메뉴이다. 백반은 2인 이상부터 주문이 가능하고, 1인 백반은 혼밥 하는 사람들을 위한 메뉴이다. 두 백반 메뉴 모두 제육볶음과 생선구이가 나온다. 이외에도 저녁메뉴로 제주산 삼겹살과 김치전골 등의 메뉴도 있다.",Unknown,064-747-9681,- 10:00~22:00 / - 준비시간 14:00~17:00 / - 마지막 주문 21:00,백반,삼겹살 / 해물삼겹살 / 김치전골 등,가능,매주 일요일,Unknown,Unknown,Unknown,50,110,FD,음식,FD01,한식,FD010100,관광식당,0,90,0,0,0,0,60,45,75,category,0.816,,0.0,0.816,category,"고기·구이,해산물 요리,한식"
2861515,39,음식점,하라케케,제주특별자치도 서귀포시 속골로 29-10 (호근동),63571,126.5285812818,33.2426199585,"하라케케는 제주 서귀포 속골 팜빌리지 펜션 안에 위치한 이국적인 분위기의 감성 카페로, 특별한 휴양지의 느낌을 선사한다. 수백 그루의 야자나무와 하라케케가 어우러진 이국적인 정원에는, 발리에서 직접 수입해 온 섬세한 조각상들과 발리스윙 그네, 인공 폭포, 수영장까지 갖춰져 있어 해외 여행을 온 듯한 기분을 느낄 수 있다. 실내 공간 또한 발리 수공예 작품들과 라탄 소재의 가구들로 꾸며져 있어 따뜻하고 여유로운 분위기를 자아낸다. 하라케케에서는 커피와 각종 음료뿐 아니라 피자, 디저트, 칵테일 등 다양한 메뉴를 즐길 수 있다. 카페를 이용하는 고객에게는 야외 썬베드와 데이비드를 이용할 수 있다.",https://www.instagram.com/harakeke_jeju,0507-1311-0878,09:00~20:00 (마지막 주문 19:00),모카라떼,아메리카노 / 허니 블랙슈가 라떼 / 썬셋 하라케케 등,가능,연중무휴,있음,Unknown,화장실: 있음,50,130,FD,음식,FD05,카페/ 찻집,FD050100,카페,80,70,90,20,60,10,60,45,75,observed,0.9122,0.9167,0.9502,0.8263,blend,
2910852,39,음식점,하례감귤점빵협동조합,제주특별자치도 서귀포시 하례로 272,63613,126.6233508455,33.2713439657,"하례감귤점빵협동조합은 서귀포시 하례리 효돈천 인근에 위치한 체험 공간으로, 제주 전통 먹거리를 직접 만들고 맛볼 수 있는 곳이다. 대표 프로그램인 상웨빵 만들기 체험을 비롯해 다양한 상웨빵과 제주 전통 저알코올 음료인 쉰다리를 판매한다. 지역 여성협동조합이 운영하는 곳으로 제주의 식문화를 체험할 수 있어 여행객들에게 인기가 높으며, 제주의 전통과 지역의 정취를 함께 느낄 수 있다.",Unknown,064-767-4545,- 09:00~15:00- 준비시간 12:00~13:00- 마지막 주문 14:30,한라봉상웨빵,쉰다리 / 하례상웨빵 / 감귤상웨빵 등,가능,매주 일요일,Unknown,Unknown,Unknown,50,130,FD,음식,FD03,간이음식,FD030100,제과,20,90,50,80,90,50,30,15,45,category,0.85,,0.0,0.85,category,"제주 향토음식,분식·간편식"
404185,39,음식점,하르방밀면,제주특별자치도 서귀포시 대정읍 동일하모로 229,63508,126.255799872805,33.225848973466,"부산의 향토음식인 밀면을 제주도 하르방밀면 전문점에서 만날 수 있다. 제주 하르방밀면은 혈액을 깨끗하게 하여 고혈압, 성인병 예방에 도움을 주며, 노화 방지에도 도움이 되는 톳으로 만든 면을 사용하고 있다. 24시간 가마솥에서 우려낸 사골육수에 감초, 당귀 등 갖가지 한약재를 넣어 한번 더 우려낸 육수와 우리밀로 찰지게 뽑은 쫄깃한 면사리 그리고 파, 마늘, 고춧가루 등 12가지 엄선된 재료를 사용해 숙취해소 및 4계절 보양식으로 천하일미이다.",Unknown,0507-1352-5018,11:00~19:30 (마지막 주문 19:00),제주메밀비빔국수,수두리보말칼국수 / 꺼멍고기국수 / 흑돼지왕만두 등,가능,연중무휴,Unknown,가능,Unknown,50,130,FD,음식,FD01,한식,FD010100,관광식당,0,90,10,20,0,0,60,45,75,category,0.816,,0.0,0.816,category,"한식,면 요리"
4060735,39,음식점,하르방식당,제주특별자치도 서귀포시 태평로353번길 11 (서귀동),63592,126.560103683633,33.2470816098434,"하르방식당은 서귀포 올레시장 근처에 위치하고 있으며, 매일 아침 제주 바다에서 올라온 재료로 한 상을 차려내는 곳이다. 갈치조림, 고등어조림, 해물뚝배기까지 제주에서 꼭 먹어야 할 메뉴를 한 번에 담아낸 토속정식이 중심이다. 재료 본연의 맛을 살려 자극적이지 않으면서도 깊은 맛이 난다.",Unknown,0507-1409-3203,09:00~21:00,고등어조림 정식 1인,갈치조림 정식 1인 / 하르방 토속정식 1인 / 해물뚝배기 등,가능,매주 목요일,Unknown,Unknown,Unknown,50,130,FD,음식,FD01,한식,FD010100,관광식당,10,100,10,40,10,20,45,30,60,blend,0.8494,1.0,0.1813,0.816,blend,"제주 향토음식,해산물 요리,한식"
2853278,39,음식점,하르방짬뽕,제주특별자치도 제주시 하귀동남4길 4,63052,126.4124692997,33.4825082726,"하르방짬뽕은 제주시 애월읍 하귀1리에 있다. 재료를 아낌없이 사용하여 가성비 좋은, 도민 맛집으로 알려진 짬뽕전문점이다. 갈비짬뽕, 소불고기 짜장, 뼈다귀들깨짬뽕, 소양곱창짬뽕 등 독특한 메뉴가 있으며 차림새 또한 일반 짬뽕, 짜장과는 달라 비주얼 맛집이기도 하다. 주변 여행지로 알작지, 월대천 등이 있으며 공항 가는 길이라 들렀다 가는 여행자가 많다.",Unknown,064-723-9959,11:00 ~ 20:00 (브레이크타임 14:30~16:30 / 점심 라스트오더 14:30 / 저녁 라스트오더 19:30),뼈다귀들깨짬뽕,갈비짬뽕 / 닭고기짬뽕 / 짬뽕 / 소불고기짜장 / 볶음밥 등,불가능,매주 화요일 / 설·추석 연휴,Unknown,Unknown,Unknown,50,110,FD,음식,FD02,외국식,FD020100,중식,10,100,60,0,0,0,45,30,60,blend,0.8753,1.0,0.1813,0.8477,blend,"면 요리,중식"
2906595,39,음식점,하소로커피,제주특별자치도 제주시 한경면 불그못로 72,63007,126.21769000904973,33.29574462544849,"하소로커피는 제주 한경면 조수리의 한적한 마을에 자리한 공장형 로스터리 카페이다. 창고를 리모델링한 공간으로 로스팅 향이 가득한 실내와 여유로운 야외 공간을 갖추고 있어 편안한 분위기 속에서 커피를 즐길 수 있다. 다양한 마이크로랏 스페셜티 커피를 합리적인 가격에 제공하며, 대표 메뉴인 조수리라테도 많은 사랑을 받고 있다. 직접 만든 바닐라빈 시럽과 생크림, 에스프레소, 우유가 조화롭게 어우러져 부드럽고 풍부한 맛을 느낄 수 있다. 하소로커피는 제주도 내외 약 300여 개 카페에 원두를 납품하는 로스터리로, 직접 로스팅한 고품질 스페셜티 원두를 중간 유통 과정 없이 제공한다. 홀빈과 분쇄 원두, 드립백 등 다양한 형태로 구매할 수 있어 여행 후 제주의 커피 향을 집에서도 즐기기 좋다. 제주를 찾은 여행객은 물론 커피 애호가들에게도 꾸준히 사랑받고 있는 로스터리 카페이다",Unknown,064-799-6699,10:00~18:00 (마지막 주문 17:30),조수리라테,스페셜티 핸드드립 / 아메리카노 / 수제 호밀 스콘 등,가능,설·추석 당일,Unknown,Unknown,Unknown,50,110,FD,음식,FD05,카페/ 찻집,FD050100,카페,20,90,70,20,30,50,60,45,75,observed,0.9047,1.0,0.4512,0.8263,blend,
1018723,39,음식점,하영 흑돼지구이집,제주특별자치도 서귀포시 천제연로 101,63534,126.4165962685,33.2550751487,"하영은 제주방언으로 많이라는 뜻이다. 제주 중문관광단지 입구에 위치한 흑돼지구이 전문점으로 깔끔한 인테리어와 여유 있는 공간에서 요리를 맛볼 수 있다. 넓은 공간으로 단체나 가족 모임 일반 여행객 등 누구나 부담 없이 편하게 식사를 즐길 수 있으며, 도로보다 약간 높은 언덕에 위에 있어 중문 앞바다와 관광단지 일대의 아름다운 전망을 감상하며 하는 식사는 하영의 또 다른 매력이다. 흑돼지 오겹살, 모듬구이, 양념갈비 등 단품 메뉴들도 있지만 하영특선 등의 세트 메뉴와 하영스페셜은 전복요리, 양념갈비구이, 생흑돼지, 전복뚝배기, 영양돌솥밥을 한 번에 맛 볼 수 있다. 멜젓, 자리돔젓과 함께 먹는 흑돼지구이는 하영의 별미이며 낮에는 야외테라스에서 바다를 감상하며 식사를 할 수 있다.",https://blog.naver.com/hayoung7386011,064-738-6011,10:00~22:00 (마지막 주문 21:00),흑돼지 모둠한판,고사리강된장 / 전복버터구이 / 찰 돌솥밥 등,가능,연중무휴,있음,가능,화장실: 있음,50,130,FD,음식,FD01,한식,FD010100,관광식당,60,90,70,30,10,0,60,45,75,category,0.816,,0.0,0.816,category,"제주 향토음식,고기·구이,해산물 요리,한식"
2755913,39,음식점,하우스레서피,제주특별자치도 제주시 한림읍 일주서로 5892,63024,126.2954247979,33.4437523808,"2009년 문을 연 하우스레서피는 미국, 멕시코, 홍콩에서 25년 생활한 부부가 제2의 인생을 시작한 곳이다. 제주시 구좌읍에서 자란 당근은 수분도 많고 당도가 높은 특징이 있어 어느 곳보다 당근케이크, 당근 주스가 더 맛있다는 평이다. 앉아서 먹고 갈 수 있는 테이블도 있긴 하지만 이웃집 할머니의 소박한 가정집을 방문한 것 같아서 주문하고 포장해가기 좋다. 전국으로 택배가 가능한 것도 큰 장점이다.",Unknown,064-796-9440,10:00 ~ 19:00,당근케익,당근머핀 / 루이보스티 / 요한 당근 로프 케이크 / 아메리카노 등,가능,매주 화요일,가능 (남녀구분),가능,화장실: 가능 (남녀구분),50,110,FD,음식,FD05,카페/ 찻집,FD050100,카페,10,90,50,20,20,20,60,45,75,category,0.8263,,0.0,0.8263,category,
2854364,39,음식점,하하호호,제주특별자치도 제주시 우도해안길 532,63365,126.9485746495,33.5209209575,"하하호호는 하우목동항에서 북쪽으로 해안도로를 따라가면 있다. 2011년부터 흑돼지 버거를 판매하여 흑돼지 버거 맛집으로 소문이 났고, 올리브TV, 생생정보통 등 여러 미디어에 소개되었다. 돌집을 개조한 작은 수제 햄버거집으로 제주 본섬의 하도리가 보이고, 해 질 녘에는 노을이 아름답다. 내부 인테리어는 돌과 나무가 조화를 이루며 빈티지 하고, 야외 테이블 공간도 있다. 근처 여행지로 제주 우도 홍조단괴 해빈, 하고수동해수욕장 등이 있다. / ※ 반려동물 동반 가능",https://www.instagram.com/hahahohocafe,010-2899-1365,10:30~17:00 (16:00 라스트오더),구좌마늘 흑돼지버거,우도땅콩 흑돼지버거 / 매콤 흑돼지버거 / 제주딱새우 버거 등,가능,연중무휴,Unknown,Unknown,Unknown,50,110,FD,음식,FD03,간이음식,FD030200,"피자, 햄버거, 샌드위치 및 유사음식",40,90,70,10,10,0,60,45,75,observed,0.8369,0.875,0.5507,0.7903,blend,"고기·구이,분식·간편식,양식·세계음식"
2891397,39,음식점,한길정,제주특별자치도 서귀포시 중산간동로 8128-6,63578,126.5484040845,33.2639818043,"한길정은 중산간동로 서흥동 어린이 소공원 근처에 있다. 흑돼지 장작 철판구이 전문점으로 커다란 화구에 나무를 넣고 불을 피워 철판을 올려 구워 먹는 흑돼지가 별미이다. 흑돼지를 강한 불로 빠르게 구워 비린내 없이 육즙이 풍부하고 야외공간에서 장작불을 써서 정취가 색다르다. 2인 세트를 주문하면 오겹살, 목살, 전복과 새우가 나오고 함께 나오는 반찬도 철판에 구워 고기와 곁들여 먹기 좋다. 고기를 구운 후에 먹는 볶음밥도 별미이고 후식으로 제공되는 멸치국수와 동치미 소면도 인기가 많다.",Unknown,064-763-2816,10:00~22:00,오겹살,목살 / 냉면 / 동치미 등,가능,연중무휴,있음,Unknown,화장실: 있음,50,130,FD,음식,FD01,한식,FD010100,관광식당,20,100,60,10,40,0,60,45,75,category,0.816,,0.0,0.816,category,"고기·구이,해산물 요리,한식,면 요리"
2839916,39,음식점,한데모아 정실점,제주특별자치도 제주시 아연로 182 (오라이동),63147,126.5092139488,33.4700472992,"한데모아 정실점은 제주도청 근처 민오름 뒤편에 위치한 한식 전문점이다. 이곳은 제주 전통 음식인 접짝뼈국을 대표 메뉴로 내세우고 있다. 진하고 깊은 맛의 육수와 부드러운 고기가 조화를 이루어 제주 고유의 풍미를 느낄 수 있다. 신선한 재료를 사용하여 건강하고 정성스럽게 조리하여 한 끼 식사로 만족도가 높다. 접짝뼈국 외에도 직접 만든 돈까스, 김치나베, 흑돼지 뚝배기비빔밥 등 다양한 메뉴가 준비되어 있어 취향에 맞게 선택할 수 있다. 내부는 편안한 분위기로 가족, 친구와 함께 식사하기에 적합하다. 또한 제주도의 자연을 가까이 느낄 수 있는 민오름, 한라수목원, 방선문계곡 등 관광지가 인근에 위치해 있어 식사 후 가벼운 산책이나 여행을 즐기기에 좋다.",Unknown,064-749-2290,09:00~21:00 (마지막 주문 20:30),접짝뼈국,직접 만든 돈까스 / 김치나베 / 흑돼지 뚝배기비빔밥 등,가능,매주 월요일,Unknown,Unknown,Unknown,50,110,FD,음식,FD01,한식,FD010100,관광식당,50,90,30,40,20,0,60,45,75,category,0.816,,0.0,0.816,category,"제주 향토음식,고기·구이,한식"
2845383,39,음식점,한라산아래첫마을 영농조합법인,제주특별자치도 서귀포시 안덕면 산록남로 675,63524,126.3796367363,33.3279942898,"한라산아래첫마을은 제주 안덕면 광평리에 위치한 영농조합법인이 운영하는 메밀 전문 식당으로, 제주산 메밀을 주원료로 직접 제면한 다양한 요리를 선보이고 있다. 대표 메뉴로는 고소한 들기름 국수인 비비작작면을 비롯해 시원한 물냉면, 매콤한 비빔냉면, 그리고 제주 향토 음식인 조베기 등이 있으며, 정성스럽게 만든 메밀 요리들이 많은 이들의 입맛을 사로잡고 있다. 주변에 골프장이 밀집해 있어 골프 손님들 사이에서 입소문이 나기 시작했고, 현재는 표선 제주민속촌 내에도 분점을 두고 있다. 식당과 함께 운영되는 마을 카페는 식사 후 여유롭게 들르기 좋으며, 이곳에서는 다양한 메밀 가공 제품도 함께 만나볼 수 있다. 근처에는 방주교회와 본태박물관 같은 아름다운 여행지가 있어 식사와 함께 풍성한 여행을 즐기기에 좋다.",https://www.hallasan1950m.kr,064-792-8259,10:30~18:30 (마지막 주문 18:20),제주메밀 비비작작면,제주메밀 물냉면 / 한우맑은 곰탕 / 제주메밀 조베기 등,가능,연중무휴,있음,가능,화장실: 있음,50,130,FD,음식,FD01,한식,FD010100,관광식당,20,90,40,30,10,20,60,45,75,category,0.816,,0.0,0.816,category,"제주 향토음식,한식,면 요리"
655015,39,음식점,한라식당,제주특별자치도 제주시 광양9길 19,63208,126.5318096859,33.5004630751,"한라식당은 제주시 이도2동에 위치한 향토음식점으로, 제주시가 지정한 식단 개선 시범업소이다. 갈치국을 비롯해 옥돔뭇국, 성게국 등 제주 지역의 특색 있는 향토 음식을 선보이고 있으며, 제주산 식재료를 활용한 다양한 국물 요리를 제공한다. 제주 전통 음식의 맛과 지역 식문화를 경험할 수 있는 곳으로, 관광객뿐만 아니라 지역 주민들도 찾는 식당이다.",Unknown,010-2399-5006,- 09:00~18:00- 준비 시간 14:00~15:00- 마지막 주문 17:00,옥돔뭇국,갈치조림 / 성게미역국 / 생옥돔구이 등,가능,연중무휴,Unknown,Unknown,Unknown,50,110,FD,음식,FD01,한식,FD010100,관광식당,0,90,10,70,10,0,60,45,75,category,0.816,,0.0,0.816,category,"제주 향토음식,해산물 요리,한식"
2839938,39,음식점,한라향,"제주특별자치도 제주시 도남로 104 (도남동, 백록아파트)",63219,126.5279562849,33.4911897022,"한라향은 제주 도남동에 위치한 작고 아담한 한식당으로, 제주 지역 주민들과 여행객들에게 사랑받는 맛집이다. 이곳의 대표 메뉴는 배추를 넣어 시원하고 깊은 국물 맛을 자랑하는 각재기국이다. ‘각재기’는 제주어로 전갱이를 뜻하며, 신선한 전갱이가 들어가 시원하면서도 담백한 제주식 생선국의 진수를 느낄 수 있다. 각재기국은 제주 바다의 신선한 해산물과 배추가 어우러져 건강하고 깔끔한 맛을 자랑한다. 이외에도 멜국과 멜조림, 고등어 구이 등 제주도 특유의 로컬 음식 메뉴가 다양하게 준비되어 있어 제주 음식을 제대로 경험할 수 있다. 식당은 크지 않은 규모지만, 소박하고 정겨운 분위기 덕분에 편안하게 식사를 즐길 수 있는 공간이다.",Unknown,064-722-1003,- 월요일~토요일 08:00~20:30 / - 일요일 08:00~15:00,각재기국,멜국 / 멜조림 / 고등어 구이 등,불가능,매월 셋째 토요일,Unknown,Unknown,Unknown,50,110,FD,음식,FD01,한식,FD010100,관광식당,20,100,20,60,10,0,60,45,75,category,0.816,,0.0,0.816,category,"제주 향토음식,해산물 요리,한식"
2792539,39,음식점,한림칼국수 제주본점,제주특별자치도 제주시 한림읍 한림해안로 141,63032,126.2615172662,33.4155966307,"한림칼국수 제주 본점은 협재 해수욕장 인근에 있는 칼국수 전문점으로, 오랜 세월 한자리를 지켜오며 많은 단골을 만든 전통 맛집이다. 푸짐하고 가성비가 좋으며 아침 식사도 가능해서 아침부터 많은 손님이 찾는다. 메뉴는 4가지로 보말칼국수, 영양보말죽, 고기칼국수, 매생이바당전등이 있다. 대표 메뉴인 보말칼국수는 매생이가 들어간 덕에 걸쭉하며, 국물이 가볍지 않아 한 그릇만 먹어도 포만감이 느껴진다. 취향에 따라 청양고추를 넣어 먹어도 좋다.",https://www.instagram.com/hanrimkalgugsu,0507-1442-3371,[평일 / 토요일] / - 08:00~19:30 / - 마지막 주문 09:00 / [일요일] / - 08:00~15:30 / - 마지막 주문 15:00,보말칼국수,영양보말죽 / 고기칼국수 / 매생이바당전 등,가능,매주 수요일,있음,Unknown,화장실: 있음,50,110,FD,음식,FD01,한식,FD010100,관광식당,20,100,10,30,10,0,60,45,75,observed,0.9142,0.9464,0.7534,0.816,blend,"제주 향토음식,한식,면 요리"
404187,39,음식점,한성식당,제주특별자치도 서귀포시 성산읍 일출로 287,63643,126.934998093307,33.4631767178067,"한성 식당은 하얀 건물에 푸른색 간판을 올려 눈에 쉽게 띄는 식당이다. 이곳의 메뉴는 다금바리 회에서 오징어볶음까지 제주도 바다에서 나는 모든 재료를 다루고 있는데 제일 인기 있는 메뉴는 갈치 스페셜이다. 성산항에서 당일 들여오는 싱싱한 제주 은갈치의 다양한 맛을 보려면 한성 식당의 갈치 스페셜을 먹어봐야 한다. 갈치 스페셜은 갈치구이와 조림, 그리고 제주에서만 맛볼 수 있는 갈치회와 갈치 국을 세트로 하여 제공된다. 갈치 스페셜 외에도 다양하고 싱싱한 해산물 메뉴들을 제공한다.",Unknown,064-782-4646,08:30~17:00,갈치조림,해물전골 / 은갈치구이 / 옥돔구이 등,가능,설·추석※ 자세한 사항은 전화문의 요망,Unknown,가능,Unknown,50,130,FD,음식,FD01,한식,FD010100,관광식당,0,100,20,10,0,0,60,45,75,category,0.816,,0.0,0.816,category,"제주 향토음식,해산물 요리,회·물회·초밥,한식"
2906541,39,음식점,한형수정원,제주특별자치도 제주시 한림읍 옹포2길 44,63011,126.250219,33.396957,"한형수정원은 제주 서쪽 가볼만한곳 으로 협재포구 근처 협재리에 있다. 정원 안에 있는 카페는 2개 동으로 이루어진 테쉬폰 카페로 제주도의 독특한 건축양식을 재현하여 지었다. 또한, 찔레꽃정원으로 봄에 꽃구경 하기 좋으며 사계절 테마로 계절마다 다양한 꽃을 경험 할 수 있다. 정원에는 그랜드 피아노가 있는 소공연장이 있고, 복층구조의 정원, 가을에는 핑크뮬리 언덕, 전망대와 정원속 동굴 및 증류탑, 동백 쉼터 등 다양한 포토존과 즐길 거리가 많다. 정원 입장료가 있고 카페 이용 시에는 무료이다. 주변 여행지로 비양도, 협재해수욕장, 금능해수욕장 등이 있다.",Unknown,0507-1328-3350,10:00~18:00,한형수 밤라떼,레몬 케이크 / 백향과 에이드 / 바삭이 등,가능,연중무휴,Unknown,Unknown,Unknown,50,110,FD,음식,FD05,카페/ 찻집,FD050100,카페,80,60,90,50,50,10,60,45,75,category,0.8263,,0.0,0.8263,category,
2854403,39,음식점,함덕회춘,제주특별자치도 제주시 조천읍 신북로 489,63333,126.6624906317,33.5431583226,"함덕회춘은 제주 함덕우체국 근처에 위치한 한정식 맛집으로, 1940년대에 지어진 회춘의원 고옥을 개조한 식당이다. 과거에 사용되던 물건들을 활용해 식당 내부 곳곳에 빈티지한 감성을 더했으며, 깔끔하면서도 따뜻한 분위기의 인테리어가 인상적이다. 이곳에서는 제철 제주 식재료를 사용해 정갈하게 차려낸 가성비 좋은 한정식을 즐길 수 있다. 대표 메뉴인 회춘 9첩반상은 제주산 돔베고기와 고등어구이를 중심으로, 남도식 반찬과 국요리가 어우러져 푸짐하면서도 균형 잡힌 한 상을 선보인다. 식사를 마친 후에는 가까운 함덕해수욕장이나 제주신흥해수욕장을 함께 둘러보며 여유로운 시간을 보내기 좋다.",https://www.instagram.com/rejuvenation0410,0507-1428-8377,10:30~21:30 (준비시간 15:00~17:00),회춘 9첩반상,회춘 12첩반상 / 회춘의 추석반상 등,가능,매주 월요일,있음,Unknown,화장실: 있음,50,110,FD,음식,FD01,한식,FD010100,관광식당,30,90,70,40,10,0,60,45,75,observed,0.8864,0.9167,0.6988,0.816,blend,"제주 향토음식,고기·구이,해산물 요리,한식"
2844078,39,음식점,함쉐프키친,제주특별자치도 서귀포시 이어도로 217-4 (대포동),63543,126.4436553232,33.2420825647,"함쉐프키친은 서귀포 대포 주상절리 인근에 위치한 제주 짬뽕 맛집이다. 최상급의 재료만을 사용하고 재료를 아까지 않는다. 든든하게 먹을 수 있을 정도로 푸짐한 양이다. 또한, 최고의 한 끼를 만들기 위해 플레이팅에도 신경을 쓰고 있으며 물결 모양의 접시부터 조개를 연상시키는 식기에 음식을 정성스럽게 담아 제공한다. 이곳의 대표메뉴는 중문 신라호텔 15년 경력 셰프가 직접 개발한 레시피로 만든 짬뽕과 제주 흑돼지 돈까스이다. 인생짬뽕은 진하게 올라오는 불맛으로 식욕을 돋우는 국물이 일품이며 흑돼지 돈까스는 15년 경력의 양식셰프의 내공 있는 맛을 선사한다. 이외에도 바다를 가득 담은 듯한 바다볶음밥과 꾸덕한 로제스파게티 등의 메뉴도 준비되어 있어 다양하게 즐길 수 있다.",https://blog.naver.com/hhk0253,0507-1420-1142,- 11:00~21:00 / - 준비시간 15:00~17:00 / - 마지막 주문 20:00,소고기 왕갈비 인생짬뽕,함쉐프 스페셜 디너 코스 / 소고기 차돌박이 인생짬뽕 / 눈꽃치즈 흑돼지 돈까스 등,가능,매주 일요일,있음,Unknown,화장실: 있음,50,130,FD,음식,FD02,외국식,FD020100,중식,20,100,50,10,10,0,45,30,60,category,0.8477,,0.0,0.8477,category,"고기·구이,중식,양식·세계음식"
2906322,39,음식점,항아리조림,제주특별자치도 제주시 세화3길 32 1층,63361,126.8563955909,33.5261681085,"항아리조림은 제주시 세화민속오일시장 인근에 위치한 갈치요리 전문점이다. 대표 메뉴인 갈치조림은 제주산 은갈치에 양구 시래기와 무, 감자를 더하고 비법 양념으로 맛을 낸 뒤 항아리에 담아 제공하는 것이 특징이다. 깊고 진한 양념이 재료에 고루 배어 있어 풍성한 맛을 즐길 수 있으며, 함께 제공되는 볼케이노 계란찜과 고등어구이, 김치전, 제주 고사리, 파김치 등 다양한 반찬이 한 상 가득 차려져 만족감을 더한다. 깔끔하고 넓은 실내에는 단체석도 마련되어 있어 가족 외식이나 단체 모임 장소로 이용하기 좋다. 인근에 세화해수욕장과 평대해변이 있어 제주 동부 여행 중 식사를 즐기기에도 좋은 곳이다.",Unknown,0507-1324-5587,10:00~20:30 (마지막 주문 19:30),순살갈치조림,묵은지고등어조림 / 전복솥밥 / 옥돔구이 등,가능,매주 화요일,Unknown,Unknown,Unknown,50,110,FD,음식,FD01,한식,FD010100,관광식당,20,90,40,10,10,20,60,45,75,blend,0.7324,0.5625,0.3297,0.816,blend,"제주 향토음식,해산물 요리,한식"
2666735,39,음식점,해녀의 부엌,제주특별자치도 제주시 구좌읍 해맞이해안로 2265,63364,126.9123061050,33.4978173678,"해녀의 부엌은 제주 해녀들이 손수 만든 음식과 해녀들의 이야기를 담은 공연을 한 번에 즐길 수 있는 로컬 푸드 다이닝 공간이다. 바닷가의 낡은 창고를 개조한 공간에서 해녀가 직접 채취하는 제주 해산물과 천혜의 식재료로 해녀들이 짓는 밥상을 맛볼 수 있다. 이곳에서 진행하는 공연은 공간 디자인부터 스토리 개발, 기획, 조명, 음악, 안무 연기까지 다양한 분야에서 활동 중인 청년 예술가들의 재능과 헌신이 더해져 퀄리티 높은 제주 해녀들의 이야기를 들을 수 있다.",https://haenyeokitchen.com,0507-1385-1828,[목요일~일요일] / 10:00~18:00 (준비시간 14:30~17:00) / [월요일] / 10:00~14:00),해녀이야기,Unknown,가능,"매주 화요일, 수요일",있음,Unknown,화장실: 있음,50,110,FD,음식,FD01,한식,FD010100,관광식당,30,100,70,80,60,0,150,120,180,observed,0.899,1.0,0.4512,0.816,blend,"제주 향토음식,해산물 요리,한식"
2852232,39,음식점,해녀의집,제주특별자치도 제주시 애월읍 애월해안로 591,63047,126.3669400192,33.4784135608,"해녀의 집은 제주도 애월읍의 서쪽 해안도로를 따라 위치한 해물요리 전문점으로, 신선한 제철 해산물을 맛볼 수 있는 제주 맛집이다. 식재료의 신선도와 품질이 뛰어나 많은 이들의 발길이 이어지고 있다. 대표적인 해산물로는 전복, 소라, 돌멍게 등이 있으며, 날 것으로 즐기거나 익혀서 먹는 다양한 방식으로 제공된다. 익힌 메뉴 중에서는 문어숙회와 소라찜, 전복죽이 특히 인기가 높다. 전복죽은 해녀의 집을 찾는 손님들이 찾는 인기 메뉴로, 주문 즉시 조리되어 따뜻하고 부드러운 식감을 즐길 수 있다. 해녀의 집은 바다와 맞닿은 서쪽 해안 도로가에 자리하고 있어, 식사를 하면서 아름다운 제주 바다 풍경을 감상할 수 있는 것도 큰 장점이다.",Unknown,064-713-9366,10:00~20:00 (준비시간 14:00~15:00),모듬메뉴,전복죽 / 전복버터구이 / 뿔소라찜 등,불가능,매주 화요일,있음,가능,화장실: 있음,50,110,FD,음식,FD01,한식,FD010100,관광식당,70,100,80,20,10,10,45,30,60,blend,0.7814,0.625,0.1813,0.816,blend,"제주 향토음식,해산물 요리,한식"
2758855,39,음식점,해녀잠수촌,제주특별자치도 제주시 서해안로 498 (용담삼동),63114,126.4921643149,33.5192638011,"가성비, 가심비, 두 마리 토끼를 잡은 공항 근처 맛집 해녀잠수촌은 비교적 이른 아침에 식사를 하러 방문하는 고객들이 많다. 고등어구이가 서비스로 나오고 매장 한편에는 손님들이 직접 계란 프라이를 해 먹을 수 있는 곳도 준비되어 있다. 아침 일찍 방문해도 여러 메뉴를 선택할 수 있다는 장점이 있다. 대표 메뉴인 전복뚝배기, 물회 외에도 손님들이 남긴 후기를 보면 기본적으로 맛이 검증된 곳이다. 해녀잠수촌의 내부는 넓고 의자도 많아 편하게 식사를 할 수 있다. 식사를 마치고 밖으로 나오면 바다 풍경을 볼 수 있어 식사 후 가벼운 산책을 하며 기분 좋은 하루를 시작할 수 있다.",Unknown,064-743-0733,08:00~19:00,전복뚝배기,전복물회 / 회국수 / 갈치회 / 한치물회 등,가능,연중무휴,있음,Unknown,화장실: 있음,50,110,FD,음식,FD01,한식,FD010100,관광식당,30,100,40,10,50,0,45,30,60,blend,0.7942,0.75,0.3297,0.816,blend,"제주 향토음식,해산물 요리,회·물회·초밥,한식,면 요리"
1847757,39,음식점,해녀촌,제주특별자치도 제주시 구좌읍 동복로 33,63347,126.7098946061,33.5536884744,"해녀촌은 회국수와 성게국수로 유명한 곳이다. 회국수는 탱글탱글 잘 삶아진 국수와 먹기 좋게 잘린 깻잎, 상추 등 채소와 회, 고추장 양념을 넣고 비벼 먹으면 매콤하고 고소한 맛이 입안에 가득 퍼진다. 일반 국수와 다를 바 없어 보이지만 커다란 접시에 한가득 나오는 회와 굵은 면발은 가격도 저렴할 뿐만 아니라 양도 푸짐하여 인기가 좋다. 성게가 듬뿍 올려져 있는 성게국수도 손님들이 즐겨 찾는 메뉴다. 동복리 해녀회에서 운영하기 때문에 언제나 싱싱한 횟감으로 국수를 말아 계절에 따라 다른 회국수를 맛볼 수 있다.",Unknown,064-783-5438,- 09:00~19:00 / - 마지막 주문 18:30,회국수,성게국수 / 소라국수 / 전복국수 / 모듬물회 등,가능,매주 화요일,있음,Unknown,화장실: 있음,50,110,FD,음식,FD01,한식,FD010100,관광식당,0,100,20,20,10,0,45,30,60,observed,0.8454,0.85,0.8647,0.816,blend,"해산물 요리,회·물회·초밥,한식,면 요리"
1420586,39,음식점,해녀횟집,제주특별자치도 제주시 탑동로 35 (삼도이동),63166,126.52097567798324,33.51754291819985,"제주시 삼도2동에 위치하고 있는 해녀횟집은 해녀들이 해산물을 직접 따서 요리함으로 해산물이 싱싱하며 1급 요리사 면허를 가지고 있는 주방장이 직접 주방에서 손님의 즐거운 식사를 위해 최선을 다하고 있다. 회를 주문하면 파전, 소라, 연두부, 야채 등 여러 가지 서비스가 제공되며, 인근 자연경관이 뛰어나 식사 전 후로 둘러보기 좋다.",Unknown,064-724-6212,09:00~23:30,활어회,Unknown,가능,연중무휴,Unknown,가능,Unknown,50,110,FD,음식,FD01,한식,FD010100,관광식당,60,80,50,10,10,0,60,45,75,category,0.816,,0.0,0.816,category,"해산물 요리,회·물회·초밥"
2850039,39,음식점,해물통라면 문개항아리 애월해안도로점,제주특별자치도 제주시 가문동길 38,63050,126.3924515219,33.4858131444,"해물통라면 문개항아리 애월해안도로점은 가문동포구 근처에 있다. 문어철에 주인장이 직접 잡아 오는 제주 자연산 돌문어를 넣어 길쭉한 통으로 끓여 먹는 해산물 라면, 칼국수가 주요 메뉴이다. 통철판 해물라면이나 칼국수를 주문하면 샤부샤부용 우삼겹을 제공하고, 매일 아침 새로 끓이는 육수를 사용한다. 생면을 사용해 면발이 쫄깃한 것도 특징이다. 포구가 바로 앞에 있어 포구 주변으로 주차가 여유롭다. 주변 여행지로 구엄리 돌염전, 수산봉 등이 있다.",Unknown,064-744-4776,09:30~20:00 (브레이크타임 15:00~17:00 / 라스트오더 19:20),문어라면,통철판해물 / 전복버터구이 / 모듬튀김 등,가능,연중무휴,Unknown,Unknown,Unknown,50,110,FD,음식,FD01,한식,FD010100,관광식당,20,90,40,0,10,0,60,45,75,category,0.816,,0.0,0.816,category,"해산물 요리,한식,면 요리"
2788879,39,음식점,해성도뚜리,제주특별자치도 제주시 애월읍 애월해안로 682,63049,126.3749809108,33.4817883141,"제주 애월 해성도뚜리는 흑돼지 요리와 토마토짬뽕으로 유명한 맛집이다. 두툼한 오겹살과 목살은 육즙이 풍부하고 부드러워 고기 본연의 맛을 제대로 느낄 수 있다. 토마토짬뽕은 제주 앞바다에서 채취한 톳, 미역, 황게새우, 특제 토마토소스가 들어가 있다. 주차장이 넓고 바다 풍경이 아름다워 방문객들에게 높은 만족도를 선사한다.",Unknown,0507-1376-6321,11:30~22:00,흑오겹살 고사리묵은지,토마토짬뽕 / 오겹살 / 돼지양념갈비 등,가능,매주 화요일,있음,Unknown,화장실: 있음,50,110,FD,음식,FD01,한식,FD010100,관광식당,30,100,60,0,10,0,60,45,75,blend,0.7942,0.75,0.3297,0.816,blend,"고기·구이,해산물 요리,한식"
2767722,39,음식점,해심가든,제주특별자치도 서귀포시 천제연로 203-4 (중문동),63545,126.42652339167373,33.25192300183686,"서귀포 중문동에 위치한 해심가든은 돼지갈비 맛집으로 이름을 알린 한식당이다. 돼지 양념갈비도 맛있지만, 양념 없이 그냥 구워 먹는 돼지 생갈비 맛이 일품이다. 두툼하면서 부드러운 돼지갈비가 인기이며, 탄력 있고 쫄깃한 식감에 육즙이 가득해 유명인들도 즐겨 찾는 곳이다. 돼지갈비는 큼지막하고 두껍게 썰어 고기의 맛을 더욱 풍성하게 살려놓았다. 갈비와 함께 나오는 구수한 된장찌개도 별미다.",Unknown,0507-1466-2820,12:30~21:30 (마지막 주문 20:30),돼지생갈비,돼지생갈비 / 양념갈비 / 흑돼지오겹살 등,가능,설·추석※ 비정기 휴무로 전화문의 요망,있음 (남녀 구분),가능,화장실: 있음 (남녀 구분),50,130,FD,음식,FD01,한식,FD010100,관광식당,0,100,10,0,0,0,60,45,75,blend,0.7118,0.5,0.3297,0.816,blend,"고기·구이,한식"
664204,39,음식점,해오름,제주특별자치도 서귀포시 성산읍 일출로 260,63643,126.9315178337,33.4643320822,"성산해오름식당은 성산일출봉 입구 인근에 위치한 해산물 전문 음식점이다. 갈치조림을 비롯해 해물라면, 성게비빔밥 등 제주산 해산물을 활용한 다양한 메뉴를 선보이고 있다. 성산일출봉과 가까워 관광객들이 방문하기 좋으며, 인근에는 섭지코지, 성읍민속마을, 제주허브동산, 비자림, 만장굴 등 제주 동부권의 주요 관광지가 위치해 있다.",Unknown,064-782-2256,08:00~20:00 (마지막 주문 19:30),성게비빔밥,은갈치조림 / 해오름정식 / 고등어구이 등,가능,연중무휴,Unknown,Unknown,Unknown,50,130,FD,음식,FD01,한식,FD010100,관광식당,10,90,10,10,10,0,60,45,75,category,0.816,,0.0,0.816,category,"제주 향토음식,해산물 요리,한식,면 요리"
2755470,39,음식점,해왓,제주특별자치도 서귀포시 성산읍 신고로 30-1,63641,126.9171792715,33.4385517727,"해왓은 바다를 연상케 하는 시원한 파란색의 외관 덕분에 멀리서도 눈에 띄는 식당이다. 넓은 주차장과 회, 조림, 구이 등 메뉴가 간판에 친절하게 적혀있다. 내부 인테리어 또한 깔끔하고 상차림도 매우 정갈하다. 제주도 향토음식 종류는 거의 맛볼 수 있으며 최상의 맛을 내기 위해 신선한 재료로 주문 즉시 조리하므로 시간은 조금 걸린다는 안내 문구가 적혀 있다. 갈치조림이나 우럭조림이 대표 메뉴이며 특히 전복, 새우 등이 듬뿍 담긴 해물 뚝배기가 유명하다. 성산 일출봉과 섭지코지, 신앙 포구 등 인근에서 숙박한다면 아침 식사를 예약해 보는 것도 좋다.",http://instagram.com/haewat,0507-1439-5690,- 09:00~21:00 / - 마지막 주문 19:50,갈치조림,우럭조림 / 통갈치구이 / 고등어회 등,가능,매주 수요일,있음,Unknown,화장실: 있음,50,130,FD,음식,FD01,한식,FD010100,관광식당,20,90,70,60,10,0,45,30,60,blend,0.8494,1.0,0.1813,0.816,blend,"제주 향토음식,해산물 요리,회·물회·초밥,한식"
2906375,39,음식점,해왕성반점본점,제주특별자치도 제주시 우정로12길 10 (외도일동) 1층,63069,126.4298184725,33.4877056080,"해왕성반점본점은 제주 외도동 주택가에 위치하고 있다. 동네에서 소문난 맛집으로 정통중화요리를 맛볼 수 있다. 모든 음식에 제주 돼지고기를 사용하는 집으로 매장에서 제주 돼지고기 인증점 지정서와 제주 돼지고기 판매 인증점 서약서를 확인할 수 있다. 재료를 큼직큼직하고 푸짐하게 사용하고 중식의 기본이 되는 탕수육이 맛있기로 유명하며 재료도 신선하다. 이 외에 차돌박이짬뽕 또한 추천 메뉴이며 간짜장, 새우볶음밥, 양장피 등 다양한 중화요리를 맛볼 수 있다.",Unknown,0507-1424-2066,- 11:00~19:30- 준비시간 15:00~16:00- 마지막 주문 19:00,차돌박이짬뽕,짜장면 / 짬뽕 / 우동 / 간짜장 등,가능,매주 수요일,Unknown,Unknown,Unknown,50,110,FD,음식,FD02,외국식,FD020100,중식,0,100,20,10,0,0,45,30,60,category,0.8477,,0.0,0.8477,category,"고기·구이,중식"
1308810,39,음식점,해진횟집,제주특별자치도 제주시 서부두길 22-1,63276,126.52848458614,33.5183581593197,"제주시 탑동 서부두 방파제 입구에 위치한 해진횟집은 2층과 3층이 한쪽이 유리벽으로 되어있어 바다의 전경을 한눈에 볼 수 있고 푸른 바다를 바라보며 싱싱한 회와 바다의 멋을 함께 즐길 수 있는 곳이다. 150명까지 수용 가능한 단체석이 완비되어 있어 단체 회식이나 세미나, 팀 회식하기에도 좋다. 당일 들어온 싱싱한 해산물을 제공하며 대표메뉴는 고갈딱, 참돔, 능성어 등 다양하게 준비되어 있다.",Unknown,0507-1317-4584,11:00~23:00 (마지막 주문 22:00),고갈딱 세트,참돔 / 능성어 / 고등어회 등,가능,연중무휴,Unknown,가능,Unknown,50,110,FD,음식,FD01,한식,FD010100,관광식당,60,90,80,10,20,0,60,45,75,category,0.816,,0.0,0.816,category,"해산물 요리,회·물회·초밥,한식"
2824043,39,음식점,행복밀,제주특별자치도 제주시 서광로 239 (삼도일동),63182,126.5220815945,33.5000525164,"행복밀은 제주공항 근처에 위치해 있으며 여행 마지막 코스로 다녀오기 좋은 베이커리 전문점이다. 하루 전날 예약하고 방문하면 원하는 품목을 넉넉하게 구매할 수 있다. 유기농 녹차와 팥이 조화로운 제주말차크림빵과 마늘바게트가 대표메뉴이다. 말차크림빵은 부드러운 녹차크림과 통달팥이 녹진하고 쌉싸름해서 고급스러운 맛이 난다. 마늘바게트는 달콤하고 부드러운 마늘 스프레드가 가득 발라져 있다. 이 외에도 쌀밤팥빵, 슈크림도넛, 콩쑥이 등 다양한 베이커리류를 구매할 수 있어 빵지순례하기 좋은 곳이다.",https://www.instagram.com/haengbokmeal_jeju,064-722-8361,- 평일 09:00~20:30 / - 주말 09:30~20:00,제주녹차크림빵,쌀밤팥빵 / 슈크림도넛 / 마늘바게트 등,불가능,연중무휴,Unknown,Unknown,Unknown,50,110,FD,음식,FD05,카페/ 찻집,FD050300,기타음료점,0,90,20,0,10,40,60,45,75,category,0.8355,,0.0,0.8355,category,
2563236,39,음식점,향원복집,제주특별자치도 서귀포시 부두로 43,63596,126.5648726139,33.2411790255,"서귀포시에 위치한 향원복집은 복요리 전문점으로 1966년 개업 후 대를 이어 운영 중이다. 매일 한림항에 들어오는 참복만을 이용해 요리한다. 복국, 복 불고기 등 다양한 복 요리를 즐길 수 있다. 복국은 담백함 국물에 복어살이 가득해서 해장으로도 인기가 좋으며, 함께 즐기는 유자소스가 깔끔하게 마무리 해준다. 복튀김은 바삭한 튀김옷에 담백한 복어살이 어우러져 남녀노소 즐길 수 있다. 특히 참복회가 이곳의 대표 메뉴인데 쫄깃한 식감이 현지인은 물로 관광객들의 입맛까지 사로잡고 있다.",Unknown,064-762-2341,09:00~21:30,복회,생복탕 / 복튀김 / 메밀복국 등,가능,"매월 둘째, 넷째 수요일",있음,Unknown,화장실: 있음,50,130,FD,음식,FD02,외국식,FD020200,일식,0,100,20,20,0,0,60,45,75,category,0.849,,0.0,0.849,category,"회·물회·초밥,일식"
2664574,39,음식점,허니문하우스,제주특별자치도 서귀포시 토평동 511,63599,126.5780296770,33.2469591520,"제주 서귀포에 위치한 허니문하우스는 옛날 파라다이스 호텔로 활용되었던 공간 중 일부를 수리해 2018년 11월에 카페로 만들어 새롭게 오픈했다. 정문에서부터 건물입구까지 가는 동안 바다를 끼고 숲이 펼쳐져 있어 마치 식물원에 온 듯한 느낌을 준다. 카페에서는 섶섬과 범섬의 조망이 가능하고, 바다를 더 가까이 보고 싶다면 테라스에 있는 테이블에 앉아 감상할 수도 있다. 직접 만든 쿠키, 케이크 등 디저트류와 각종 음료가 준비되어 있으며 샌드위치, 피자 등 식사가 가능하다. 유럽풍 건축물과 바다 경관이 펼쳐져 커피와 함께 바다 풍경을 즐길 수 있다.",Unknown,070-4277-9922,10:00~18:30 (마지막 주문 18:00),제주 당근주스,용암찰빵 / 당근 케이크 / 모짜렐라 치즈 피자 등,가능,연중무휴,있음,가능,화장실: 있음,50,130,FD,음식,FD05,카페/ 찻집,FD050100,카페,90,70,90,40,20,0,60,45,75,observed,0.7786,0.7786,0.9991,0.8263,blend,
2834605,39,음식점,허디거디 이도점,제주특별자치도 제주시 신설로11길 2-8 1층,63229,126.544242076758,33.4910976987433,"허디거디는 제주공항 근처에 위치한 파스타 맛집으로 유명하다. 매장 내부는 블랙과 화이트 인테리어로 모던하고 깔끔한 분위기이며 매장 내부가 넓어 쾌적하다. 매장에는 반려동물 동반이 가능하다. 파스타, 스테이크, 필라프, 피자 등 맛있는 이탈리아 요리를 부담 없는 가격에 맛볼 수 있는 가성비 맛집이다. 대표 메뉴는 해산물이 듬뿍 들어간 크림파스타와 특제 소스가 매력적인 목살 스테이크가 있다. 세트 메뉴로 다양한 메뉴를 가성비 있게 즐길 수 있어 좋다.",Unknown,064-759-8985,11:30~22:00,허디거디 크림파스타,허디거디 크림파스타 / 비프로제파스타 / 목살스테이크샐러드 / 목살파인애플필라프 외,Unknown,연중무휴,Unknown,가능,Unknown,50,110,FD,음식,FD02,외국식,FD020300,서양식,0,100,60,0,0,0,60,45,75,category,0.7706,,0.0,0.7706,category,양식·세계음식
2891438,39,음식점,헬로남생이,제주특별자치도 제주시 원당북로 197-20,63338,126.6140367267,33.5336113809,"헬로남생이는 제주 신촌리 조천중학교 근처에 있다. 제주 건축가 현군출 선생이 남생이 연못과 입지를 잘 살려 건축한 작품으로 제주 건축 문화대상 본상을 받았다. 건물에 윙을 달아 바로 옥상으로 올라갈 수 있도록 하였으며 이곳에서 바다와 한라산을 동시에 조망할 수 있다. 남생이 연못에는 노랑어리연꽃이 피고 금붕어, 거북이 등 동식물과 위로 놓인 다리도 포토존이다. 주변 여행지로 닭머르 해안이 있다.",https://www.instagram.com/hello_namsaengi,064-784-7300,11:00~20:00 (마지막 주문 19:40),수제자몽차,아메리카노 / 캬라멜마끼야또 / 카푸치노 / 카페모카 등,가능,연중무휴,있음,Unknown,화장실: 있음,50,110,FD,음식,FD05,카페/ 찻집,FD050100,카페,70,80,90,70,40,0,60,45,75,category,0.8263,,0.0,0.8263,category,
2905191,39,음식점,헬로효주,제주특별자치도 제주시 관덕로 10 (삼도이동),63168,126.52040597855914,33.51277505714625,"제주공항 근처에 위치한 카페 헬로효주는 제주 여행객들에게 인기 있는 카페이다. 이곳은 신선한 생과일음료와 맛있는 애플샌드위치로 유명하다. 카페 내부는 아늑하고 깔끔한 인테리어로, 편안한 분위기에서 여유로운 시간을 보낼 수 있다. 특히, 생과일주스는 신선한 과일의 맛을 그대로 담아내어 상큼한 맛을 자랑한다. 애플샌드위치는 신선하고 맛있는 재료가 듬뿍 들어가 있어 한 끼 식사로도 충분하다. 제주를 찾은 이들에게 기분 좋은 휴식을 선사하는 곳이다.",Unknown,070-8900-0631,07:00~18:30,해장커피,달고나땅콩베이글 / 애플샌드위치 / 제주당근사과주스 등,불가능,연중무휴,Unknown,Unknown,Unknown,50,110,FD,음식,FD05,카페/ 찻집,FD050100,카페,20,90,50,0,0,0,60,45,75,category,0.8263,,0.0,0.8263,category,
2792543,39,음식점,협재 수우동,제주특별자치도 제주시 한림읍 협재1길 11,63011,126.2424860137,33.3965428856,"제주 한림읍에 자리한 협재 수우동은 금능해수욕장과 가까이 있는 일식집이다. 제주의 정겨움이 묻어나는 아담한 돌담 집 사이에 연두색으로 칠한 작은 가게가 나오는데, 바로 수요미식회에도 출연한 수우동이다. 안으로 들어가면 탁 트인 풍경 너머로 바다가 한눈에 담겨 먹는 재미뿐 아니라 보는 재미도 있다. 메뉴는 온우동과 냉우동, 돈가스 등이 있다. 대표 메뉴는 자작냉우동이다. 레몬즙을 뿌리고 무와 쪽파, 덴카츠를 면과 육수에 함께 섞어 먹으면 된다. 탱탱한 면과 깔끔한 육수가 잘 어우러져 자극적이지 않은 맛을 낸다.",Unknown,064-796-5830,- 10:30~16:00 / - 마지막 주문 15:40,자작냉우동,비빔냉우동 / 핑거돈가스정식 / 둥글넙적 어묵우동 등,가능,매주 화요일 / 수요일,있음,Unknown,화장실: 있음,50,110,FD,음식,FD02,외국식,FD020200,일식,40,90,80,10,10,0,60,45,75,category,0.849,,0.0,0.849,category,"면 요리,일식"
2870974,39,음식점,협재신국수,제주특별자치도 제주시 한림읍 명재로 17,63011,126.2488049381,33.3952264638,"협재신국수는 제주 서쪽 협재수욕장과 금능해수욕장, 한림공원에 인접해 있다. 제주 돼지고기와 사골, 여러 가지 향신료로 장시간 우려내어 깔끔하고 진하고 담백한 육수에 고기국수와 특제 비빔장을 쓰는 비빔국수가 별미이다. 비빔국수와 제주 돼지 불고기감을 선별하여 특제 소스에 불맛을 입혀 볶아낸 불고기가 함께 나오는 불비가 대표메뉴이고, 국물이 깔끔하고 깊은 맛이 특징인 고기국수도 인기가 많은 메뉴 중 하나이다. 또, 제주 돔베고기는 제주 돼지의 맛있는 부위만 엄선하여 특제 육수에 푹 삶아 제공되며, 당일 판매 원칙으로 하여 조기 소진될 수 있다. 어린이를 위한 달짝지근한 불고기덮밥 메뉴도 준비되어 있다. 식사 전후로 인근에 있는 협재수욕장과 금능해수욕장, 한림공원을 둘러보는 것도 좋다.",https://www.instagram.com/hyeopjaeshin,0507-1353-2500,[월요일~목요일] / - 09:00~18:00 (마지막 주문 17:30) / [금요일~일요일] / - 09:00~19:00 (마지막 주문 18:30),불비(불고기+비빔국수),고기국수 / 제주 돔베고기 / 야채 비빔국수 등,가능,연중무휴,있음,가능,화장실: 있음,50,110,FD,음식,FD01,한식,FD010100,관광식당,50,90,20,10,10,0,60,45,75,observed,0.8739,0.8929,0.7534,0.816,blend,"제주 향토음식,고기·구이,한식,면 요리"
2905293,39,음식점,협재온다정,제주특별자치도 제주시 한림로 381-4,63011,126.2434777520,33.3969344335,"협재온다정은 협재해수욕장과 협재포구 사이 마을 골목에 자리한 곰탕 전문점이다. 조미료를 사용하지 않고 흑돼지로만 우려낸 맑고 진한 국물이 특징이다. 밥은 신동진쌀에 제주 고사리를 넣어 지으며, 수육은 제주식 된장멜젓을 곁들여 먹는다. 얇은 만두피에 고기와 고사리를 넣어 만든 담백한 고기만두도 많은 사람들이 찾는 메뉴다. 정갈한 한 끼를 즐기기 좋은 곳으로, 제주 향토 식재료를 활용한 음식의 맛을 느낄 수 있다. 주변에는 협재해수욕장과 한림공원, 금능해수욕장, 금능석물원 등이 있어 함께 둘러보기 좋다.",Unknown,064-796-9222,08:00~20:00 (마지막 주문 19:40),흑돼지 맑은곰탕,육전 비빔국수 / 콩국수와 비지전 / 마농 돼지갈비찜 등,가능,연중무휴,Unknown,Unknown,Unknown,50,110,FD,음식,FD01,한식,FD010100,관광식당,20,90,30,40,10,0,60,45,75,category,0.816,,0.0,0.816,category,"제주 향토음식,한식,면 요리"
2758859,39,음식점,협재해녀의집,제주특별자치도 제주시 한림읍 협재3길 19,63011,126.2439108383,33.3988648733,"협재해녀의집은 제주시 한림읍에 위치한 음식점으로 해물라면에 돌문어 숙회, 뿔소라 회, 그리고 전복·소라·문어숙회·멍게·새우가 들어간 모둠 해산물의 조화로운 맛을 즐길 수 있다. 해산물이 가득 들어 있는 라면은 국물이 시원하고 얼큰하며 양도 푸짐하다. 파 송송 콩나물 팍팍 들어가 술안주 또는 해장용으로도 좋다. 직접 잡아 온 재료로 만들어주기 때문에 더욱 신선한 해산물을 즐길 수 있으며 바 형태로 되어 있는 실내는 비양도를 바라보며 식사하기에도 좋고 혼밥 하기에도 최적이다.",Unknown,064-796-7773,10:00~21:00,모듬해산물,해물라면 / 돌문어숙회 / 뿔소라회 / 전복죽 등,가능,매주 월요일,있음,Unknown,화장실: 있음,50,110,FD,음식,FD01,한식,FD010100,관광식당,20,100,40,0,0,0,60,45,75,observed,0.8188,0.8194,0.8347,0.816,blend,"제주 향토음식,해산물 요리,회·물회·초밥,한식,면 요리"
2905314,39,음식점,협재해물라면 쪼꼴락상회,제주특별자치도 제주시 협재4길 9,63011,126.2415085624,33.3937458848,"협재해물라면 쪼꼴락상회는 협재해수욕장 맞은편 골목 안에 위치한 해물라면 전문점이다. 심플하고 깔끔한 외관과 아기자기하게 꾸며진 실내가 어우러져 편안한 분위기를 자아낸다. 음식 역시 화려한 차림으로 제공되어 눈길을 끈다. 메뉴는 해물라면과 문어해물라면 두 가지로 구성되어 있으며, 신선한 해산물을 듬뿍 넣어 시원하고 깊은 국물 맛을 느낄 수 있다. 많은 여행객이 찾는 곳으로 대기 손님이 있는 편이며, 재료 소진 시 조기 마감한다. 인근에는 협재해수욕장과 한림공원이 있어 함께 둘러보기 좋다.",Unknown,010-4653-1666,09:00~19:00 (마지막 주문 18:00)※ 재료 소진 시 조기 마감,해물라면,문어해물라면 / 전복덮밥 / 문어 떡볶이 등,가능,연중무휴,Unknown,Unknown,Unknown,50,110,FD,음식,FD03,간이음식,FD030400,김밥 분식,20,90,60,0,10,0,60,45,75,observed,0.7949,0.7917,0.6988,0.8022,blend,"해산물 요리,면 요리,분식·간편식"
2837033,39,음식점,협재해물라면오빠네,제주특별자치도 제주시 한림읍 한림로 475,63012,126.2510184831,33.4020118583,"협재해물라면오빠네는 제주특별자치도 제주시 한림읍 협재리에 위치한 인기 해물라면 전문점이다. 이곳은 협재해수욕장과 가까워 바다를 즐기러 온 관광객들에게 사랑받는 맛집이다. 가게의 대표 메뉴는 신선한 해산물이 가득 들어간 문어해물라면으로, 탱글탱글한 문어, 새우와 오징어, 조개 등이 듬뿍 들어 있어 풍부한 해물 맛을 자랑한다. 라면 메뉴 외에도 전복치즈밥, 고기덮밥 등 매력적인 메뉴도 있어 면보다 밥을 선호하는 사람들도 만족할 만한 맛집이다. 제주 여행 중 해물 요리를 즐기고 싶은 이들에게 추천할 만한 장소이다. 근처 함께 방문하기 좋은 여행지로 한림항, 비양도, 금능해수욕장, 협재해수욕장이 있다.",http://instagram.com/jejulamen,0507-1357-2773,[토요일~목요일] / - 10:00~17:00 / - 마지막 주문 16:00 / [금요일] / - 10:00~16:00 / - 마지막 주문 15:00,문어해물라면,고기라면 / 전복치즈밥 / 고기덮밥 등,가능,연중무휴,Unknown,Unknown,Unknown,50,110,FD,음식,FD01,한식,FD010100,관광식당,20,90,40,0,0,0,60,45,75,observed,0.6546,0.4583,0.4512,0.816,blend,"해산물 요리,한식,면 요리"
2854384,39,음식점,형돈,제주특별자치도 제주시 구남로 22 (이도이동),63233,126.5329253392,33.4893510958,"형돈은 이도초등학교 근처에 위치해 있는 제주산 흑돼지 근고기 전문점으로 연탄불에 천천히 익혀 먹는 것이 특징이다. 이곳의 흑돼지는 육즙이 풍부하면서 고소하고 쫄깃한 맛이 특징이다. 흑돼지, 백돼지 중 선택할 수 있으며 추가메뉴는 김치찌개 한 가지로 다른 메뉴 없이 고기 단일메뉴 전문점이다. 내부는 전통적인 한국식 인테리어로 꾸며져 있으며, 편안한 분위기에서 식사할 수 있는 공간이 마련되어 있으며, 가족 단위 손님이나 단체 손님들이 편하게 식사할 수 있는 테이블과 베이비체어도 준비되어 있다. 제주시 이도이동 주택가에 있는 도민 맛집이고, 주변에 함께 둘러보기 좋은 여행지로는 제주민속자연사박물관, 동문재래시장 등이 있다.",Unknown,0507-1406-2073,11:30~22:30 (마지막 주문 21:30),흑돼지,백돼지 / 김치찌개 등,가능,매주 화요일,있음,Unknown,화장실: 있음,50,110,FD,음식,FD01,한식,FD010100,관광식당,10,100,30,10,20,10,60,45,75,blend,0.8494,1.0,0.1813,0.816,blend,"고기·구이,한식"
2847829,39,음식점,호랑호랑 성산카페,제주특별자치도 서귀포시 일출로 86,63641,126.9215564052,33.4500589058,"호랑호랑 성산카페는 광치기해변 끝자락에 있다. 카페 외부 테라스는 광치기해변으로 이어지며 성산일출봉 방향으로 돛단배 구조물이 있어 이곳에서 기념사진을 찍는 여행자가 많다. 2층 루프탑에는 다양한 의자와 테이블이 준비되어 있어 제주 동쪽 바다를 편안한 자세로 멀리 조망할 수 있다. 호랑호랑펜션을 함께 운영하고 있으며 근처 여행지로 성산일출봉, 광치기해변, 섭지코지 등이 있다.",Unknown,064-783-9799,08:00~22:00 (라스트오더 21:30),소금빵샌드위치,나까오비까 에그타르트 / 크로와상 / 소금빵 / 망고눈꽃빙수 등,가능,연중무휴,남녀 구분,Unknown,화장실: 남녀 구분,50,130,FD,음식,FD05,카페/ 찻집,FD050100,카페,80,70,90,10,20,0,60,45,75,observed,0.7731,0.7083,0.4512,0.8263,blend,
2851443,39,음식점,호자,제주특별자치도 제주시 세화8길 7,63361,126.8575797487,33.5215083065,"호자는 제주 세화초등학교 건너편에 있다. 제주산 흑돼지로 만든 일본식 돈가스와 즉석 샌드위치를 판매하는 전문점으로 돈가스와 샌드위치용 치아바타는 직접 만들어 판매한다. 비싼 관광지 물가에 비해 가성비 좋고 깔끔하고 푸짐한 상차림으로 여행자들에게 소문난 식당이다. 메뉴는 등심돈까스, 안심돈까스, 치즈돈까스, 모둠돈까스, 베이컨샌드위치, 돈까스샌드위치, 불고기샌드위치, 연어샌드위치 등 다양하며 재료소진으로 일찍 마감될 수 있다. 근처 여행지로 세화해수욕장, 평대해변, 세화민속오일시장 등이 있다.",Unknown,064-784-0412,11:00 ~ 19:00 (라스트오더 18:30) / ※ 재료 소진 시 조기 마감,등심돈까스,안심돈까스 / 치즈돈까스 / 모둠돈까스 / 돈까스 샌드위치 등,가능,설·추석 연휴,Unknown,Unknown,Unknown,50,110,FD,음식,FD02,외국식,FD020200,일식,20,90,20,10,10,10,45,30,60,blend,0.8537,0.875,0.1813,0.849,blend,"분식·간편식,일식"
3059362,39,음식점,혼저,제주특별자치도 제주시 한림읍 한림로 158,63010,126.2248544545,33.3857660241,"혼저는 흑돼지란 뜻이다. 직접 기르고 운영하는 흑돼지 전문 브랜드다. 두툼하고 부드러운 고기와 다양한 사이드 메뉴가 인기이다. 내부는 돌담과 블랙 인테리어로 어우러진 모던하고 고급스러운 느낌이고, 야외엔 야자수와 잔디 테라스가 있어서 휴양지 감성의 매장 형태다.",Unknown,0507-1362-9173,- 16:30~22:30 / - 마지막 주문 21:30,고기에 혼을 담다,촘촘 항정살 / 네모네모 등심덧살 / 살얼음 열무국수 등,가능,연중무휴,있음,Unknown,화장실: 있음,50,110,FD,음식,FD01,한식,FD010100,관광식당,20,90,80,20,10,0,60,45,75,category,0.816,,0.0,0.816,category,"고기·구이,한식"
2892380,39,음식점,홀츠 애월,제주특별자치도 제주시 하소로 681-13 나동,63067,126.3965636592,33.4243616788,"홀츠 애월은 유수암리 마을 안에 있다. 한라산 뷰 통나무집으로 부모님이 운영하시던 펜션을 빌려 운영하고 있다. 독일어 ‘holz’는 나무, 목재라는 뜻이며 주로 독일식 빵과 크루아상을 판매한다. 집에서 키운 사워도우와 독일산 유기농 밀가루, 비정제 원당과 프랑스산 버터를 이용해 천천히 발효한 크루아상을 구우며 브레첼, 퀸아망 등을 판매한다. 실내 만석 시에는 이용시간을 90분으로 제한하고 상업적 촬영을 금지하고 있다. 주변 여행지로 테디베어 사파리 등이 있다.",https://www.instagram.com/holz.aewol,0507-1460-2071,10:30~18:00 (마지막 주문 17:00),브레첼,퀸아망 / 크루아상 / 브레첼 샌드위치 등,가능,매주 월요일~화요일,있음,Unknown,화장실: 있음,50,110,FD,음식,FD05,카페/ 찻집,FD050100,카페,50,90,70,20,10,20,45,30,60,blend,0.7599,0.625,0.3297,0.8263,blend,
2907482,39,음식점,홉히,제주특별자치도 제주시 서해안로 468-2 (용담삼동),63114,126.48926628903267,33.51854466220436,"제주도 용두암해변 도로카페촌에 위치한 홉히는 디카페인 커피브랜드이다. 모든 커피는 융드립으로 브루잉하고, 시그니처 메뉴인 크림커피 꼬소와 크림커피 베리가 있다. 매장에서 로스팅한 디카페인 원두와 드립백, 미니드립백, 연필 등을 구매할 수 있으며, 인터넷으로도 주문할 수 있다. 2층 오션뷰 좌석에서 바다를 감상하며 커피를 즐길 수 있으며, 디카페인으로도 가능하여 부담없이 방문할 수 있다.",Unknown,064-738-9399,11:00~17:00,융드립,크림커피 꼬소 / 크림커피 베리 / 커피우유 등,불가능,매주 수요일,Unknown,Unknown,Unknown,50,110,FD,음식,FD05,카페/ 찻집,FD050100,카페,50,80,70,0,20,40,60,45,75,category,0.8263,,0.0,0.8263,category,
2781325,39,음식점,홍성방,제주특별자치도 서귀포시 대정읍 하모항구로 76,63506,126.2517224623,33.2201653043,"서귀포시 대정읍 모슬포항 입구에 자리하고 있는 홍성방은 해산물이 가득 들어간 짬뽕으로 유명한 맛집이다. 모슬포항 근처에 있어 바다 내음이 물씬 느껴지는 이곳은, 마라도를 다녀오는 관광객들과 현지인들이 자주 찾는다. 홍성방에서 맛볼 수 있는 독특한 메뉴는 탕수육이다. 탑처럼 쌓아 올린 탕수육 고기 위에 새콤달콤한 소스를 뿌린 양파 채가 올려져 있다. 꽃게 한 마리가 통째로 들어간 해물 짬뽕도 이 집의 별미다. 빨간 해물 짬뽕은 보통 맛과 매운맛으로 선택할 수 있으며, 하얀 해물 짬뽕은 깔끔한 국물이 일품이다.",Unknown,064-794-9555,09:00~21:00 (라스트오더 20:00),빨간해물짬뽕,탕수육 / 고기짬뽕 / 사천해물짜장면 / 고기짬뽕밥 / 잡탕밥 등,가능 / 요금 (무료),연중무휴,있음,가능,"부대시설: 단체석, 주차장, 화장실 | 화장실: 있음",50,130,FD,음식,FD02,외국식,FD020100,중식,20,100,20,10,10,0,45,30,60,observed,0.8813,0.8958,0.6988,0.8477,blend,중식
2844094,39,음식점,화고 흑돼지 신시가지점,제주특별자치도 서귀포시 신서로32번길 20 (강정동),63566,126.5061996473,33.2533795283,"화고 흑돼지 신시가지점은 제주 서귀포시 제주월드컵경기장 인근에 위치한 숙성 흑돼지 전문 구이 식당이다. '화고'는 볏짚을 의미하는 말로, 이곳의 가장 큰 특징은 흑돼지를 초벌할 때 보리 볏짚을 이용해 구워내는 독특한 방식에 있다. 덕분에 고기에서는 잡내 없이 참숯향과 볏짚의 고소한 향이 어우러지며, 육즙 가득하고 풍미 깊은 숙성 흑돼지를 맛볼 수 있다. 신선한 재료와 정성스러운 조리법으로 제주 도민은 물론 여행객들 사이에서도 꾸준한 인기를 끌고 있다. 점심 시간에는 김치찌개와 공깃밥이 포함된 알찬 구성의 점심 세트도 제공된다. 주변에 함께 둘러보기 좋은 여행지로는 법환포구와 고근산이 있다.",https://www.instagram.com/hwago_jeju,0507-1358-6124,11:00~24:00,숙성흑돼지근고기,숙성제주가브리살 / 숙성제주항정살 / 2인숙성흑돼지 등,가능,연중무휴,있음,Unknown,화장실: 있음,50,130,FD,음식,FD01,한식,FD010100,관광식당,20,100,20,0,10,0,60,45,75,observed,0.9008,0.9286,0.7534,0.816,blend,"고기·구이,한식"
2877950,39,음식점,환영키친,제주특별자치도 제주시 송당2길 2,63355,126.7818624665,33.4714903929,"환영키친은 작은 마을 송당리에 제주 돌집의 고즈넉한 분위기의 양식집이다. 오너셰프가 혼자 운영하는 식당으로 해물짬뽕파스타가 유명한 곳이다. 딱새우와 갖가지 해물들이 들어가며 매콤한 짬뽕의 맛과 토마토 파스타 맛이 어우러졌다. 수제로 만든 함박패티와 소스로 정성껏 요리한 함박스테이크, 새우를 올리브유에 튀겨 빵과 같이 찍어먹는 감바스 알 아히요 등 다양한 양식을 맛볼 수 있다. 또 환영키친의 시그니처 칵테일인 제주마티니, 새콤달콤의 절정인 매실토닉 등 환영키친에서만 마실 수 있는 술도 준비되어 있다. 이곳은 소형견 출입이 가능하며 예스 키즈존으로 아이가 있는 가족들도 외식하기 좋은 식당이다.",https://www.instagram.com/__welcome.kitchen,0507-1323-4631,- 12:30~20:00 / - 준비시간 15:00~17:30 / - 마지막 주문 19:00,해물짬뽕파스타,함박스테이크 / 감바스 알 아히요 / 까르보나라 등,가능,매주 화요일,있음,Unknown,화장실: 있음,50,110,FD,음식,FD02,외국식,FD020300,서양식,20,100,40,0,0,0,45,30,60,blend,0.7215,0.5,0.1813,0.7706,blend,양식·세계음식
686399,39,음식점,황금어장,제주특별자치도 제주시 사장길 14,63133,126.4953440010,33.4843838081,"황금어장은 2대째 제주 향토음식의 전통을 이어오고 있는 향토음식 전문점이다. 갈치구이와 갈치조림을 대표 메뉴로 선보이며, 갈치호박국, 옥돔미역국, 성게국, 고등어조림, 전복물회 등 다양한 제주 향토요리를 맛볼 수 있다. 또한 계절에 따라 제주 바다에서 잡히는 다양한 어종을 활용한 생선요리를 제공해 제주의 식문화를 경험할 수 있는 것이 특징이다. 코스요리도 마련되어 있으며, 넓고 쾌적한 실내와 주차시설을 갖추고 있어 편리하게 이용할 수 있다.",Unknown,0507-1422-8990,09:00~21:00 (마지막 주문 20:00),황금어장 스페셜,고등어조림 / 전복물회 / 제주옥돔구이 등,가능,연중무휴,Unknown,Unknown,Unknown,50,110,FD,음식,FD01,한식,FD010100,관광식당,20,100,20,70,10,0,60,45,75,blend,0.804,0.75,0.1813,0.816,blend,"제주 향토음식,해산물 요리,회·물회·초밥,한식"
4057215,39,음식점,회수다옥,제주특별자치도 서귀포시 1100로 453-38 (회수동),63551,126.4508562411,33.2862605200,"제주 흙으로 빚은 그릇과 현무암 돌담 테이블이 놓인 고요한 공간에서 팽주가 직접 우려낸 제주 차 한 잔을 음미할 수 있는 곳이다. 회수다옥은 물이 돌아 흐른다는 의미의 옛 지명 도래물에서 영감을 받아 2024년 서귀포 회수동에 문을 연 로컬 프리미엄 티 하우스다. 30년 넘은 구옥을 개조해 제주 고유의 주거 형태를 보존한 채 현대적으로 재구성한 실내외 공간을 갖추고 있다. 대표 메뉴인 제주 티 프리미엄 맡김차림은 계절에 맞는 제주 유기농 잎차·꽃차와 제주 식재료로 만든 다과를 코스로 즐기는 메뉴로, 팽주가 각 차의 특징과 음용 방법을 안내한다. 차와 다과는 시기에 따라 구성이 달라지며 모두 제주산 원물을 사용한다.",Unknown,064-739-2794,09:30~17:30 (마지막 주문 17:00),제주 프리미엄 티 맡김차림,수제차 / 프리미엄 차 / 수제 레어치즈케이크,가능,연중무휴,Unknown,Unknown,Unknown,50,130,FD,음식,FD05,카페/ 찻집,FD050200,찻집,60,80,80,60,50,10,60,45,75,category,0.8266,,0.0,0.8266,category,
2893702,39,음식점,회춘 애월점,제주특별자치도 제주시 가문동길 80 1층,63050,126.3907765945,33.4890710908,"회춘 애월점은 제주시 애월읍 가문동 포구 인근 바닷가에 있는 브런치 카페이다. 외부에 대나무 오솔길이 있으며 초록 대문과 하얀 외벽, 노출 벽돌, 루프탑 등 독특한 이미지로 사진 찍을 곳이 많고 내부에는 바다가 보이는 좌식 자리가 있다. 외부 좌석은 반려견과 동반할 수 있어 편리하다. 아이스 아메리카노의 경우 돌하르방 모양의 커피얼음을 넣어주어 인기고 블루치즈크림뇨끼, 부라타프렌치토스트, 샥슈카&깜바뉴브레드 등 다양한 브런치 메뉴가 있다. 주변 여행지로 가문동 포구, 구엄리 포구, 구엄리 돌 염전 등이 있다.",https://www.instagram.com/choon_aewol,010-2530-2021,10:00~18:00 (17:00 라스트오더),아이스아메리카노,브런치플레터 / 블루치즈크림뇨끼 / 화춘아포카토 / 쇼콜라라떼 / 딸기라떼 등,가능 / 요금 (무료),매주 수요일,"있음 (남, 녀 구분)",Unknown,"화장실: 있음 (남, 녀 구분)",50,110,FD,음식,FD05,카페/ 찻집,FD050100,카페,70,90,80,0,10,0,75,60,90,blend,0.8351,0.875,0.1813,0.8263,blend,
2804378,39,음식점,효은디저트,제주특별자치도 서귀포시 안덕면 화순해안로 189,63530,126.3388976667,33.2455333133,"제주 서귀포시에 위치한 효은디저트는 산방산을 배경으로 자리 잡은 아담한 디저트 카페로, 지역 특산물인 한라봉을 활용한 수제 디저트로 유명하다. 이곳의 대표 메뉴인 한라봉 양갱은 직접 하루에 200개만 한정 생산되며, 오전 중으로 품절될 정도로 큰 인기를 얻고 있다. 양갱 외에도 한라봉 오란다, 한라산돌 찰떡빵이 또 다른 시그니처 메뉴로 손꼽힌다. 카페 내부는 아기자기하고 포근한 분위기를 자아내어 친구나 아이와 함께 방문하면 예쁜 사진을 남기기 좋고, 제주 여행의 여유를 느끼며 잠시 쉬어가기에도 제격이다.",https://www.instagram.com/jeju_hyoeun,0507-1417-8902,11:00~20:00,한라봉양갱,한라봉오란다 / 한라산돌 찰떡빵 / 한라봉 에이드 등,가능,매주 화요일,있음,가능,화장실: 있음,50,130,FD,음식,FD05,카페/ 찻집,FD050100,카페,40,90,80,10,10,20,60,45,75,category,0.8263,,0.0,0.8263,category,
2860575,39,음식점,효퇴국수국밥,제주특별자치도 제주시 서사로 122-1,63183,126.5196123300,33.5015661986,효퇴국수국밥은 제주시 서사라 사거리 근처에 있다. 1대 창업주의 육수 기법을 그대로 전수받아 2대째 운영하고 있으며 고기국수 맛집으로 알려져 있다. 주문과 동심에 면을 삶고 다른 국숫집과 달리 유부가 고명으로 올라간다. 최근 몇 년 사이에는 백종원 단골집으로 유명세를 타면서 대기 줄이 길어졌다. 게다가 점심시간만 운영하므로 방문 전 영업시간을 반드시 체크해야 한다.,Unknown,064-721-8779,11:00~15:00 (마지막 주문 14:30),고기국수,따로국밥 / 보쌈 / 멸고국수 / 비빔국수 등,불가능,매주 일요일,있음,Unknown,화장실: 있음,50,110,FD,음식,FD01,한식,FD010100,관광식당,0,90,10,20,0,0,60,45,75,observed,0.8485,0.875,0.5507,0.816,blend,"제주 향토음식,한식,면 요리"
2854417,39,음식점,훈남횟집,제주특별자치도 제주시 조천읍 함덕13길 7,63333,126.6678651887,33.5421279676,"훈남횟집은 제주 함덕해수욕장 주차장 바로 앞에 위치한 신선한 회 전문 식당으로, 갓 잡은 해산물을 맛볼 수 있는 곳이다. 이곳의 대표 메뉴는 모둠회와 고등어회로, 특히 고등어회는 주문 즉시 잡아 바로 손질해 제공할 만큼 신선하게 제공된다. 딱새우 튀김, 알밥, 콘치즈 등이 기본 반찬으로 나와 다양한 맛의 조합을 즐길 수 있다. 넉넉한 양과 가성비 덕분에 현지 도민은 물론 여행객들 사이에서도 인기를 끌고 있으며, 청결한 실내와 친절한 서비스 또한 좋은 평가를 받고 있다. 식사 후에는 바로 앞에 펼쳐진 함덕해수욕장에서 산책을 하거나, 인근의 서우봉 산책로를 따라 여유로운 시간을 보내기에도 좋다.",https://www.instagram.com/hoon_nam_hwoetjip,064-783-0083,12:00~23:30 (준비시간 15:00~17:00),고등어회,모듬회 / 훈남볶음우동 / 냉동한치물회 등,가능,연중무휴,있음,Unknown,화장실: 있음,50,110,FD,음식,FD01,한식,FD010100,관광식당,60,90,40,0,10,0,90,60,120,observed,0.7699,0.75,0.6988,0.816,blend,회·물회·초밥
2811459,39,음식점,훈데르트윈즈,제주특별자치도 제주시 우도해안길 32-2,63365,126.9552580701,33.4921103615,훈데르트윈즈는 성산일출봉을 화룡점정으로 시시각각 변하는 우도의 바다를 두 눈에 담을 수 있는 우도 최고의 뷰 카페이다. 전면 통창으로 이루어져 있어 어느 자리에 앉아도 탁 트인 바다뷰를 감상할 수 있다. 카페 내부에선 훈데르트바서 오리지널 굿즈샵도 운영하고 있다. 인테리어와 뷰 모두 훌륭해 데이트 코스로도 유명하며 땅콩을 이용한 땅콩소프트아이스크림 등 다양한 메뉴가 준비되어 있다.,http://www.hundertwasserpark.co.kr,064-766-6020,09:30~18:00 (마지막 주문 17:30),땅콩소프트아이스크림,땅콩아이스크림라떼 / 땅콩 빙수 / 우도 땅콩크림빵 / 아메리카노 등,가능,연중무휴,있음,Unknown,화장실: 있음,50,110,FD,음식,FD05,카페/ 찻집,FD050100,카페,70,80,90,10,20,20,60,45,75,observed,0.8749,0.8958,0.6988,0.8263,blend,
2785320,39,음식점,휴일로,제주특별자치도 서귀포시 안덕면 난드르로 49-65,63533,126.3665955587,33.2322657684,"제주 서귀포 디저트 카페 휴일로는 앞마당이 바다라고 해도 과언이 아닐 정도로 멋진 위치에 자리하고 있다. 넓은 야외공간은 휴양지처럼 예쁘게 꾸며져 해안도로 드라이브 중에 들르는 여행객들도 상당하다. 또한 휴일로는 비주얼이 뛰어난 시그니쳐 메뉴 한라산 케이크로도 유명하며 커피나 음료 메뉴는 물론 크림브륄레, 비스킷슈, 크로아상 등 디저트 종류도 다양해 선택의 폭이 넓다.",https://www.instagram.com/hueilot,010-7577-4965,- 10:00~19:00 / - 마지막 주문 18:30,휴라떼,아메리카노 / 카페라떼 / 바닐라라떼 등,가능,Unknown,있음,Unknown,화장실: 있음,50,130,FD,음식,FD05,카페/ 찻집,FD050100,카페,70,90,90,0,10,10,60,45,75,observed,0.9168,0.9464,0.7534,0.8263,blend,
1019491,39,음식점,흑돈가 제주,제주특별자치도 제주시 한라대학로 11,63088,126.4735529330,33.4800372929,"‘KBS 고향이 보인다’, ‘SBS 맛대맛’, ‘일본 남해방송’등 국내외 TV 프로그램에서 여러차례 소개된 제주도의 소문난 맛집인 제주 흑돈가는 제주 청정 흑돼지 전문점으로 참숯을 사용한 직화구이로 흑돼지의 담백하고 고소한 맛을 살려준다. 흑돈가에서는 최고 품질의 제주 청정 흑돼지만을 사용하며, 깔끔하고 세련된 실내공간은 그 맛을 더욱 돋보이게 한다.",https://www.instagram.com/heukdonga2006,064-747-0088,- 11:20~23:00 / - 준비시간 15:00~17:00 / - 마지막 주문 21:30,흑돼지 생구이,흑돼지 백반 / 흑돼지 양념구이 / 흑돼지 김치전골백반 등,가능,연중무휴,"남녀개별, 업소내 위치",모든 카드 사용 가능,"화장실: 남녀개별, 업소내 위치",50,110,FD,음식,FD01,한식,FD010100,관광식당,0,100,30,10,10,0,60,45,75,blend,0.804,0.75,0.1813,0.816,blend,"고기·구이,한식"
2894407,39,음식점,흑돼지해물삼합,제주특별자치도 서귀포시 태평로482번길 50,63595,126.5703303734,33.2456869486,"흑돼지 해물삼합은 서귀포시 서귀동 서복전시관 근처에 있는 구이 전문점이다. 숙성 흑돼지와 해산물을 한 번에 맛볼 수 있는 구성으로 모두 직접 구워주어 맛있는 타이밍을 놓치지 않고 즐길 수 있다. 흑돼지와 함께 뿔소라, 문어, 키조개, 새우, 전복, 버섯, 야채, 김치를 푸짐하게 올려 함께 굽는다. 차림새 대비 가성비도 좋은 편이다. 메인 메뉴의 경우 금어기 문어와 새우를 제외하고는 모두 제주산이며 기본 반찬도 깔끔하다. 주변 여행지로 정방폭포, 천지연폭포 등이 있다.",https://www.instagram.com/blackpighi,0507-1469-3833,12:00~22:00 (마지막 주문 21:30),흑돼지해물삼합,흑돼지항정살 / 흑돼지가브리살 / 흑돼지삼겹살 등,가능,연중무휴,있음,Unknown,화장실: 있음,50,130,FD,음식,FD01,한식,FD010100,관광식당,20,90,20,10,30,0,60,45,75,blend,0.7942,0.75,0.3297,0.816,blend,"제주 향토음식,고기·구이,해산물 요리,한식"
2899428,39,음식점,흑본오겹 함덕점,제주특별자치도 제주시 신북로 454,63333,126.6587242813,33.5436693167,"흑본오겹 함덕점은 제주시 조천읍 함덕해수욕장 근처에 있는 직화구이 전문점이다. 최상급 제주 흑돼지와 제주산 생고기만을 제공하고 있으며 황동 불판을 사용하여 불순물이 묻어나지 않고 열전도율이 높아 빠르고 맛있게 고기를 굽는다. 최고급 비장탄 숯을 사용하는 직화구이 방식이고 80여 가지 미네랄 성분을 함유한 히말라야 핑크 솔트를 쓴다. 대표 메뉴는 제주생갈비, 제주꽃목살, 흑돼지오겹살, 등겹살, 아구살 등이 있고 묵사발, 꼬시래기 라면도 있다. 함덕 맛집으로 소문나면서 제주공항점도 오픈하였다. 주변 여행지로 서우봉, 함덕해수욕장이 있다.",http://www.instagram.com/bone_blackpork,064-726-7786,13:00~22:00 (마지막 주문 21:00),제주생갈비,제주꽃목살 / 흑돼지오겹살 / 등겹살 등,가능,매주 월요일,있음,Unknown,화장실: 있음,50,110,FD,음식,FD01,한식,FD010100,관광식당,20,90,20,10,10,0,60,45,75,blend,0.8494,1.0,0.1813,0.816,blend,"고기·구이,한식"
